trades,total_return_pct,cagr_pct,sharpe,sortino,calmar,max_dd_pct,max_dd_bars,profit_factor,win_rate_pct,avg_trade_pct,avg_win_loss,expectancy,composite,strategy,symbol,timeframe,category
174,-16.93,-5.47,-0.3283,-0.9584,-0.2013,-27.18,88,0.8369,32.18,-0.08,1.7635,-9.7293,21.44,S01_Hanging_Man_Short,1000LUNC_USDT_USDT,1H,Pattern
272,-34.03,-9.94,-1.1053,-3.1791,-0.2486,-39.99,262,0.758,30.15,-0.18,1.7563,-12.5104,17.31,S01_Hanging_Man_Short,ANKR_USDT_USDT,1H,Pattern
206,-43.2,-13.22,-1.75,-5.5285,-0.2978,-44.4,205,0.5909,24.76,-0.3,1.7959,-20.9726,15.22,S01_Hanging_Man_Short,CHZ_USDT_USDT,1H,Pattern
206,-16.31,-4.36,-0.5917,-1.6506,-0.177,-24.62,89,0.8703,31.55,-0.14,1.8878,-7.9167,22.12,S01_Hanging_Man_Short,CRV_USDT_USDT,1H,Pattern
315,-27.02,-7.86,-1.0234,-2.7565,-0.2748,-28.61,300,0.7412,31.75,-0.1,1.5935,-8.5764,20.95,S01_Hanging_Man_Short,JST_USDT_USDT,1H,Pattern
224,-17.06,-5.14,-0.68,-1.892,-0.2318,-22.18,211,0.8531,31.25,-0.12,1.8768,-7.6151,22.81,S01_Hanging_Man_Short,ONT_USDT_USDT,1H,Pattern
120,-31.56,-10.47,-1.4481,-4.3269,-0.2906,-36.01,115,0.5908,23.33,-0.4,1.9411,-26.303,17.53,S01_Hanging_Man_Short,OP_USDT_USDT,1H,Pattern
310,-29.62,-8.76,-0.448,-1.4375,-0.2746,-31.91,308,0.7264,33.23,-0.06,1.4599,-9.5564,20.17,S01_Hanging_Man_Short,SUN_USDT_USDT,1H,Pattern
242,-44.71,-13.8,-2.5417,-8.1001,-0.2954,-46.71,236,0.4131,21.9,-0.23,1.4731,-18.4761,14.12,S01_Hanging_Man_Short,TRX_USDT_USDT,1H,Pattern
151,7.02,2.19,0.5295,2.019,0.1035,-21.14,64,1.0672,34.44,0.14,2.0318,4.65,30.07,S01_Hanging_Man_Short,APT_USDT_USDT,1H,Pattern
175,2.19,0.55,0.0582,0.178,0.0298,-18.45,66,1.0199,35.43,0.01,1.8589,1.2502,25.46,S01_Hanging_Man_Short,AVAX_USDT_USDT,1H,Pattern
212,-33.09,-9.57,-0.8315,-2.9261,-0.2892,-33.09,212,0.7323,26.89,-0.2,1.9912,-15.6088,18.91,S01_Hanging_Man_Short,DYDX_USDT_USDT,1H,Pattern
273,-24.81,-6.91,-0.577,-1.91,-0.2231,-30.97,243,0.8449,29.3,-0.11,2.0384,-9.0886,19.89,S01_Hanging_Man_Short,FLOW_USDT_USDT,1H,Pattern
196,-24.84,-6.9,-1.012,-2.8285,-0.2156,-32.0,175,0.7658,31.12,-0.19,1.6948,-12.6715,19.85,S01_Hanging_Man_Short,MANA_USDT_USDT,1H,Pattern
201,-3.14,-0.85,0.1975,0.7475,-0.0386,-22.01,113,0.973,35.32,0.05,1.7815,-1.5604,25.42,S01_Hanging_Man_Short,MINA_USDT_USDT,1H,Pattern
179,-34.69,-12.79,-1.4259,-3.2539,-0.3059,-41.81,166,0.6143,26.26,-0.27,1.7251,-19.378,16.21,S01_Hanging_Man_Short,TWT_USDT_USDT,1H,Pattern
282,-28.98,-8.22,-0.7832,-2.1571,-0.2667,-30.82,247,0.8252,30.14,-0.16,1.9126,-10.2762,20.06,S01_Hanging_Man_Short,ZEN_USDT_USDT,1H,Pattern
254,-39.04,-12.4,-1.3849,-3.9773,-0.2956,-41.93,253,0.6751,27.95,-0.22,1.7401,-15.3713,16.41,S01_Hanging_Man_Short,ZRX_USDT_USDT,1H,Pattern
355,22.68,5.28,0.0755,0.206,0.3133,-16.86,112,1.097,35.77,0.01,1.9693,6.3893,28.62,S01_Hanging_Man_Short,ALICE_USDT_USDT,1H,Pattern
191,-33.83,-9.89,-2.0211,-6.1287,-0.2924,-33.83,191,0.5137,26.7,-0.22,1.4103,-17.7114,18.67,S01_Hanging_Man_Short,BTC_USDT_USDT,1H,Pattern
169,-34.46,-10.07,-1.744,-5.9355,-0.2857,-35.25,167,0.5556,26.63,-0.26,1.531,-20.3934,18.23,S01_Hanging_Man_Short,ETH_USDT_USDT,1H,Pattern
224,-33.89,-9.84,-1.4818,-4.6789,-0.2641,-37.24,201,0.6457,27.23,-0.18,1.7255,-15.1299,17.72,S01_Hanging_Man_Short,BNB_USDT_USDT,1H,Pattern
451,-17.49,-4.89,-0.3466,-0.9751,-0.1823,-26.81,428,0.8824,38.8,-0.03,1.3917,-3.8771,22.5,S01_Hanging_Man_Short,1000BTT_USDT_USDT,1H,Pattern
213,13.05,3.39,0.592,2.042,0.1768,-19.17,58,1.091,35.68,0.15,1.9667,6.1249,32.13,S01_Hanging_Man_Short,AGLD_USDT_USDT,1H,Pattern
226,-22.43,-6.16,-0.6272,-1.9185,-0.2311,-26.67,201,0.8104,30.53,-0.12,1.844,-9.9261,21.36,S01_Hanging_Man_Short,ATOM_USDT_USDT,1H,Pattern
27,8.65,2.65,0.4574,1.8538,0.5801,-4.57,13,1.4841,40.74,0.59,2.1587,32.0457,32.69,S01_Hanging_Man_Short,1000LUNC_USDT_USDT,4H,Pattern
48,-9.67,-2.62,-0.1881,-0.5187,-0.1895,-13.82,42,0.7363,27.08,-0.19,1.9823,-20.1541,19.39,S01_Hanging_Man_Short,ANKR_USDT_USDT,4H,Pattern
59,-8.52,-2.22,-0.3424,-1.1065,-0.1669,-13.32,20,0.807,28.81,-0.27,1.9939,-14.4337,25.12,S01_Hanging_Man_Short,CHZ_USDT_USDT,4H,Pattern
45,7.5,1.84,0.5691,2.7427,0.2835,-6.5,15,1.2439,40.0,0.7,1.8658,16.6632,32.34,S01_Hanging_Man_Short,CRV_USDT_USDT,4H,Pattern
59,-27.76,-8.13,-0.7779,-3.701,-0.2888,-28.14,57,0.328,15.25,-0.45,1.8223,-47.0471,18.74,S01_Hanging_Man_Short,JST_USDT_USDT,4H,Pattern
47,9.58,2.72,0.6477,2.9986,0.2385,-11.42,30,1.2864,40.43,0.53,1.8957,20.381,32.06,S01_Hanging_Man_Short,ONT_USDT_USDT,4H,Pattern
35,-1.12,-0.33,-0.225,-0.6977,-0.0248,-13.16,15,0.9587,31.43,-0.24,2.0917,-3.1922,18.04,S01_Hanging_Man_Short,OP_USDT_USDT,4H,Pattern
45,3.69,1.03,0.2641,0.8768,0.0953,-10.79,36,1.1246,33.33,0.18,2.2492,8.2091,24.9,S01_Hanging_Man_Short,SUN_USDT_USDT,4H,Pattern
62,-6.68,-1.76,0.1221,0.5657,-0.1383,-12.7,54,0.8028,27.42,0.06,2.1252,-10.7786,26.33,S01_Hanging_Man_Short,TRX_USDT_USDT,4H,Pattern
28,4.98,1.53,0.5595,2.1919,0.2656,-5.76,16,1.2676,39.29,0.75,1.959,17.7857,29.59,S01_Hanging_Man_Short,APT_USDT_USDT,4H,Pattern
41,15.78,3.84,0.5941,3.0713,0.8234,-4.67,12,1.5974,41.46,0.65,2.2551,38.485,38.93,S01_Hanging_Man_Short,AVAX_USDT_USDT,4H,Pattern
34,-11.52,-3.12,-0.7287,-1.4259,-0.2711,-11.52,34,0.5729,20.59,-0.92,2.2096,-33.8913,16.82,S01_Hanging_Man_Short,DYDX_USDT_USDT,4H,Pattern
50,2.03,0.51,0.3285,1.2587,0.0543,-9.39,23,1.057,34.0,0.34,2.0518,4.0563,31.12,S01_Hanging_Man_Short,FLOW_USDT_USDT,4H,Pattern
35,0.91,0.23,0.0614,0.2728,0.0207,-10.97,34,1.0389,34.29,0.06,1.9912,2.6054,20.15,S01_Hanging_Man_Short,MANA_USDT_USDT,4H,Pattern
35,12.45,3.23,0.9237,4.236,0.346,-9.33,24,1.5611,42.86,1.03,2.0815,35.5798,36.58,S01_Hanging_Man_Short,MINA_USDT_USDT,4H,Pattern
37,-4.41,-1.47,-0.4113,-1.3063,-0.1449,-10.18,34,0.8381,29.73,-0.36,1.981,-11.9302,19.03,S01_Hanging_Man_Short,TWT_USDT_USDT,4H,Pattern
56,11.41,2.83,0.2786,1.0022,0.2954,-9.56,35,1.2994,37.5,0.26,2.1657,20.3829,34.49,S01_Hanging_Man_Short,ZEN_USDT_USDT,4H,Pattern
47,-3.07,-0.85,-0.1847,-0.6271,-0.0997,-8.51,43,0.9126,29.79,-0.15,2.1512,-6.5297,21.2,S01_Hanging_Man_Short,ZRX_USDT_USDT,4H,Pattern
67,4.79,1.19,0.3915,1.6839,0.0948,-12.54,55,1.0944,34.33,0.36,2.0937,7.1486,31.4,S01_Hanging_Man_Short,ALICE_USDT_USDT,4H,Pattern
35,0.77,0.2,0.1873,0.6299,0.0216,-9.28,14,1.0357,34.29,0.12,1.985,2.1906,21.9,S01_Hanging_Man_Short,BTC_USDT_USDT,4H,Pattern
32,-4.62,-1.18,-0.2993,-0.9917,-0.0873,-13.52,20,0.799,28.12,-0.21,2.0418,-14.4363,16.96,S01_Hanging_Man_Short,ETH_USDT_USDT,4H,Pattern
57,-14.16,-3.75,-0.5962,-1.9152,-0.2335,-16.05,49,0.6465,24.56,-0.29,1.9856,-24.8382,23.69,S01_Hanging_Man_Short,BNB_USDT_USDT,4H,Pattern
70,4.59,1.18,0.1838,0.3677,0.2749,-4.3,16,1.1174,34.29,0.09,2.1416,6.5592,33.16,S01_Hanging_Man_Short,1000BTT_USDT_USDT,4H,Pattern
38,14.07,3.64,0.6848,3.3841,0.585,-6.23,10,1.5436,42.11,0.86,2.1224,37.0274,36.97,S01_Hanging_Man_Short,AGLD_USDT_USDT,4H,Pattern
41,-2.34,-0.6,0.2006,0.9063,-0.0584,-10.19,41,0.9187,31.71,0.18,1.9787,-5.7115,21.98,S01_Hanging_Man_Short,ATOM_USDT_USDT,4H,Pattern
8,-1.69,-0.53,-0.3114,-1.2631,-0.1027,-5.12,7,0.7311,25.0,-1.08,2.1933,-21.1364,17.04,S01_Hanging_Man_Short,1000LUNC_USDT_USDT,1D,Pattern
6,3.08,0.86,0.133,0.2014,0.8182,-1.05,1,1.9844,50.0,1.13,1.9844,51.2521,36.0,S01_Hanging_Man_Short,ANKR_USDT_USDT,1D,Pattern
6,-2.41,-0.92,-0.7227,-3.8555,-0.226,-4.06,4,0.5338,16.67,-2.73,2.6692,-40.098,16.16,S01_Hanging_Man_Short,CHZ_USDT_USDT,1D,Pattern
6,4.82,1.82,0.514,5.2502,0.8913,-2.04,2,2.5177,50.0,4.21,2.5177,80.2509,44.0,S01_Hanging_Man_Short,CRV_USDT_USDT,1D,Pattern
12,-6.67,-2.1,-0.5089,-3.2437,-0.2642,-7.93,12,0.3397,16.67,-1.45,1.6983,-55.5472,15.0,S01_Hanging_Man_Short,JST_USDT_USDT,1D,Pattern
11,2.56,0.74,0.2344,1.6795,0.1231,-6.04,9,1.3444,36.36,1.04,2.3526,23.2885,24.13,S01_Hanging_Man_Short,ONT_USDT_USDT,1D,Pattern
4,-0.84,-0.3,-0.1566,-1.3379,-0.0987,-3.05,3,0.7307,25.0,-1.24,2.1921,-20.9676,17.66,S01_Hanging_Man_Short,OP_USDT_USDT,1D,Pattern
2,0.53,0.16,-0.0349,0.0,0.1598,-1.03,1,1.5169,50.0,-0.33,1.5169,26.5272,26.78,S01_Hanging_Man_Short,SUN_USDT_USDT,1D,Pattern
7,-0.67,-0.37,-0.0885,-0.3658,-0.0718,-5.19,5,0.877,28.57,-0.21,2.1926,-9.5463,17.53,S01_Hanging_Man_Short,TRX_USDT_USDT,1D,Pattern
6,0.72,0.23,0.1608,1.2443,0.0555,-4.07,4,1.1689,33.33,1.07,2.3377,12.0191,21.79,S01_Hanging_Man_Short,APT_USDT_USDT,1D,Pattern
5,1.53,0.41,0.3355,3.5507,0.1988,-2.06,2,1.4809,40.0,3.08,2.2214,30.654,28.38,S01_Hanging_Man_Short,AVAX_USDT_USDT,1D,Pattern
1,-1.04,-0.37,0.0,0.0,-0.3603,-1.04,1,0.0,0.0,-3.68,0.0,-104.0423,14.69,S01_Hanging_Man_Short,DYDX_USDT_USDT,1D,Pattern
9,2.76,0.7,0.4262,2.3075,0.1383,-5.07,7,1.5217,44.44,2.38,1.9021,30.6113,28.93,S01_Hanging_Man_Short,FLOW_USDT_USDT,1D,Pattern
5,-1.65,-0.62,-0.4404,-2.8436,-0.2005,-3.07,5,0.5964,20.0,-1.94,2.3856,-33.0514,16.94,S01_Hanging_Man_Short,MANA_USDT_USDT,1D,Pattern
5,5.32,1.59,0.6944,25.0856,0.7731,-2.05,2,3.5449,60.0,5.45,2.3633,106.3676,50.05,S01_Hanging_Man_Short,MINA_USDT_USDT,1D,Pattern
3,4.3,1.43,0.5438,0.0,1.3917,-1.03,1,5.1808,66.67,5.14,2.5904,143.4418,53.93,S01_Hanging_Man_Short,TWT_USDT_USDT,1D,Pattern
6,6.5,2.11,0.9973,13.6014,2.0083,-1.05,1,3.9672,66.67,6.84,1.9836,108.2881,62.57,S01_Hanging_Man_Short,ZEN_USDT_USDT,1D,Pattern
3,0.02,0.03,-0.2455,-0.9984,0.0144,-2.05,2,1.0109,33.33,-0.96,2.0218,0.7598,19.32,S01_Hanging_Man_Short,ZRX_USDT_USDT,1D,Pattern
6,-0.2,-0.08,0.1825,1.2418,-0.0373,-2.06,2,0.9515,33.33,1.04,1.9029,-3.3625,20.97,S01_Hanging_Man_Short,ALICE_USDT_USDT,1D,Pattern
6,-0.16,-0.05,-0.1569,-0.9893,-0.011,-4.16,6,0.9606,33.33,-0.44,1.9212,-2.7332,18.51,S01_Hanging_Man_Short,BTC_USDT_USDT,1D,Pattern
7,-4.66,-1.3,-0.5372,-4.9229,-0.2539,-5.12,7,0.239,14.29,-1.75,1.4339,-66.5254,15.5,S01_Hanging_Man_Short,ETH_USDT_USDT,1D,Pattern
4,-0.64,-0.25,-0.0646,-0.4475,-0.121,-2.09,2,0.794,25.0,-0.32,2.382,-16.1199,17.94,S01_Hanging_Man_Short,BNB_USDT_USDT,1D,Pattern
5,4.69,1.66,1.0373,3.7629,1.4559,-1.14,1,3.1566,60.0,7.94,2.1044,93.8991,58.31,S01_Hanging_Man_Short,1000BTT_USDT_USDT,1D,Pattern
6,1.03,0.38,-0.0715,-0.5198,0.1882,-2.02,2,1.2491,33.33,-0.57,2.4982,17.2195,22.28,S01_Hanging_Man_Short,AGLD_USDT_USDT,1D,Pattern
7,1.44,0.52,0.4261,2.0689,0.2506,-2.07,4,1.345,42.86,1.97,1.7934,20.624,29.02,S01_Hanging_Man_Short,ATOM_USDT_USDT,1D,Pattern
151,-23.27,-7.7,-0.6551,-1.7117,-0.2513,-30.63,148,0.7202,27.15,-0.16,1.9323,-15.4137,19.69,S02_Inverted_Hammer_Long,1000LUNC_USDT_USDT,1H,Pattern
254,-16.72,-4.5,-0.2949,-0.9407,-0.2419,-18.58,206,0.8819,30.31,-0.06,2.0273,-6.5836,23.76,S02_Inverted_Hammer_Long,ANKR_USDT_USDT,1H,Pattern
170,-25.0,-6.95,-0.7247,-2.7008,-0.2493,-27.89,170,0.731,30.59,-0.15,1.6588,-14.7066,21.0,S02_Inverted_Hammer_Long,CHZ_USDT_USDT,1H,Pattern
226,-49.51,-15.72,-1.3352,-4.6409,-0.3068,-51.23,224,0.5724,23.89,-0.31,1.8231,-21.908,13.41,S02_Inverted_Hammer_Long,CRV_USDT_USDT,1H,Pattern
251,-16.01,-4.44,-0.6725,-1.3808,-0.1627,-27.28,162,0.8363,34.66,-0.09,1.5765,-6.3788,21.77,S02_Inverted_Hammer_Long,JST_USDT_USDT,1H,Pattern
174,-30.52,-9.77,-1.4679,-3.9833,-0.3127,-31.26,165,0.6616,29.31,-0.26,1.5956,-17.5395,19.81,S02_Inverted_Hammer_Long,ONT_USDT_USDT,1H,Pattern
142,-8.9,-2.57,-0.1098,-0.3187,-0.1569,-16.4,124,0.9041,32.39,-0.04,1.8869,-6.2708,24.71,S02_Inverted_Hammer_Long,OP_USDT_USDT,1H,Pattern
294,-32.68,-9.83,-1.0896,-2.2831,-0.2347,-41.87,264,0.7503,30.27,-0.16,1.7283,-11.1151,16.76,S02_Inverted_Hammer_Long,SUN_USDT_USDT,1H,Pattern
162,-15.68,-4.19,-0.4384,-1.4004,-0.2279,-18.37,111,0.7306,34.57,-0.07,1.3829,-9.6808,24.43,S02_Inverted_Hammer_Long,TRX_USDT_USDT,1H,Pattern
133,7.17,2.19,0.2478,0.7835,0.281,-7.81,69,1.089,35.34,0.07,1.9926,5.3939,32.72,S02_Inverted_Hammer_Long,APT_USDT_USDT,1H,Pattern
146,-17.15,-4.68,-0.6132,-1.764,-0.1567,-29.87,135,0.7968,28.77,-0.17,1.9731,-11.749,20.15,S02_Inverted_Hammer_Long,AVAX_USDT_USDT,1H,Pattern
173,-33.61,-9.76,-0.9852,-3.0729,-0.265,-36.83,156,0.6735,26.01,-0.27,1.9156,-19.429,17.67,S02_Inverted_Hammer_Long,DYDX_USDT_USDT,1H,Pattern
261,-10.91,-2.87,-0.0055,-0.0208,-0.1233,-23.3,166,0.9348,31.42,-0.0,2.0405,-4.1783,22.5,S02_Inverted_Hammer_Long,FLOW_USDT_USDT,1H,Pattern
193,-33.75,-9.8,-1.3013,-3.0091,-0.2576,-38.04,191,0.6499,26.42,-0.29,1.8095,-17.4864,17.36,S02_Inverted_Hammer_Long,MANA_USDT_USDT,1H,Pattern
224,-34.8,-10.84,-1.1251,-2.9855,-0.299,-36.26,224,0.7168,28.57,-0.25,1.7921,-15.534,18.2,S02_Inverted_Hammer_Long,MINA_USDT_USDT,1H,Pattern
166,-16.73,-5.72,-0.5734,-1.7133,-0.22,-25.99,156,0.8072,32.53,-0.11,1.6742,-10.0785,21.85,S02_Inverted_Hammer_Long,TWT_USDT_USDT,1H,Pattern
274,-39.52,-11.87,-0.7348,-2.7941,-0.2472,-48.02,215,0.7258,26.28,-0.15,2.0364,-14.4225,14.35,S02_Inverted_Hammer_Long,ZEN_USDT_USDT,1H,Pattern
196,-29.3,-8.82,-0.8855,-2.6553,-0.2636,-33.48,179,0.7325,29.59,-0.19,1.7428,-14.9482,19.18,S02_Inverted_Hammer_Long,ZRX_USDT_USDT,1H,Pattern
318,-26.26,-7.38,-0.7536,-2.1434,-0.2748,-26.84,318,0.8465,29.56,-0.14,2.0171,-8.2575,21.17,S02_Inverted_Hammer_Long,ALICE_USDT_USDT,1H,Pattern
149,-29.8,-8.49,-1.948,-5.4883,-0.2801,-30.3,149,0.4651,25.5,-0.24,1.3585,-19.9982,19.55,S02_Inverted_Hammer_Long,BTC_USDT_USDT,1H,Pattern
135,-19.19,-5.21,-1.0025,-2.3193,-0.2516,-20.72,117,0.6981,29.63,-0.2,1.6581,-14.2121,23.02,S02_Inverted_Hammer_Long,ETH_USDT_USDT,1H,Pattern
159,-29.81,-8.51,-1.5652,-3.7975,-0.2817,-30.22,159,0.5561,27.04,-0.24,1.5002,-18.7479,19.8,S02_Inverted_Hammer_Long,BNB_USDT_USDT,1H,Pattern
414,-23.98,-6.89,-0.7876,-2.1724,-0.2039,-33.81,377,0.8244,34.78,-0.06,1.5457,-5.7924,19.82,S02_Inverted_Hammer_Long,1000BTT_USDT_USDT,1H,Pattern
236,2.54,0.68,-0.0657,-0.1488,0.0482,-14.15,77,1.0171,34.32,-0.02,1.9463,1.0769,26.11,S02_Inverted_Hammer_Long,AGLD_USDT_USDT,1H,Pattern
194,-31.37,-9.0,-0.6736,-2.3296,-0.2697,-33.39,194,0.7007,26.8,-0.15,1.9135,-16.1692,18.81,S02_Inverted_Hammer_Long,ATOM_USDT_USDT,1H,Pattern
22,-3.18,-1.0,-0.4475,-2.1277,-0.1735,-5.74,12,0.8129,27.27,-0.55,2.1678,-14.4513,17.51,S02_Inverted_Hammer_Long,1000LUNC_USDT_USDT,4H,Pattern
45,-13.77,-3.67,-0.8609,-2.2619,-0.2431,-15.11,45,0.5977,22.22,-0.71,2.0921,-30.5995,17.81,S02_Inverted_Hammer_Long,ANKR_USDT_USDT,4H,Pattern
30,18.57,4.93,0.9414,3.2539,0.786,-6.28,9,2.0763,50.0,1.17,2.0763,61.9138,44.65,S02_Inverted_Hammer_Long,CHZ_USDT_USDT,4H,Pattern
36,-9.92,-2.77,-0.5783,-1.8062,-0.215,-12.86,21,0.6599,22.22,-0.66,2.3095,-27.5638,16.98,S02_Inverted_Hammer_Long,CRV_USDT_USDT,4H,Pattern
35,-1.44,-0.38,-0.1056,-0.2324,-0.0505,-7.58,26,0.938,34.29,-0.09,1.7979,-4.108,20.12,S02_Inverted_Hammer_Long,JST_USDT_USDT,4H,Pattern
25,0.92,0.26,0.4021,2.0722,0.0332,-7.9,12,1.0525,32.0,0.67,2.2365,3.6792,22.67,S02_Inverted_Hammer_Long,ONT_USDT_USDT,4H,Pattern
22,-7.66,-2.38,-0.796,-1.4836,-0.1771,-13.42,22,0.541,22.73,-1.34,1.8392,-34.84,14.55,S02_Inverted_Hammer_Long,OP_USDT_USDT,4H,Pattern
57,11.13,2.79,0.5156,1.4437,0.5448,-5.12,11,1.3277,40.35,0.39,1.9626,19.5254,40.47,S02_Inverted_Hammer_Long,SUN_USDT_USDT,4H,Pattern
32,-10.0,-2.63,-0.6938,-1.0853,-0.1698,-15.47,32,0.4841,21.88,-0.57,1.7291,-31.2458,15.48,S02_Inverted_Hammer_Long,TRX_USDT_USDT,4H,Pattern
17,-2.0,-0.65,-0.1728,-0.6632,-0.0811,-7.99,14,0.8365,29.41,-0.23,2.0076,-11.7406,16.8,S02_Inverted_Hammer_Long,APT_USDT_USDT,4H,Pattern
21,-4.64,-1.22,-0.0767,-0.4829,-0.1974,-6.16,19,0.7276,23.81,-0.13,2.3284,-22.0778,16.72,S02_Inverted_Hammer_Long,AVAX_USDT_USDT,4H,Pattern
27,-5.42,-1.59,-0.2648,-0.8568,-0.1917,-8.3,21,0.7402,25.93,-0.38,2.1148,-20.0757,17.38,S02_Inverted_Hammer_Long,DYDX_USDT_USDT,4H,Pattern
35,-13.88,-3.71,-0.7496,-2.283,-0.2206,-16.8,31,0.5215,20.0,-0.74,2.0859,-39.6714,15.32,S02_Inverted_Hammer_Long,FLOW_USDT_USDT,4H,Pattern
29,-9.56,-2.56,-0.7411,-2.6395,-0.1965,-13.03,13,0.6058,20.69,-0.76,2.3223,-32.9759,15.55,S02_Inverted_Hammer_Long,MANA_USDT_USDT,4H,Pattern
35,-1.12,-0.31,-0.0869,-0.2813,-0.0301,-10.47,30,0.9584,28.57,-0.1,2.3959,-3.1944,18.44,S02_Inverted_Hammer_Long,MINA_USDT_USDT,4H,Pattern
22,-0.99,-0.33,0.2614,1.6265,-0.0636,-5.17,11,0.9384,31.82,0.34,2.0109,-4.4831,20.94,S02_Inverted_Hammer_Long,TWT_USDT_USDT,4H,Pattern
40,-15.07,-4.01,-1.2925,-3.8906,-0.2156,-18.58,40,0.5129,20.0,-1.07,2.0515,-37.6646,15.62,S02_Inverted_Hammer_Long,ZEN_USDT_USDT,4H,Pattern
32,-1.98,-0.53,-0.1069,-0.3633,-0.0637,-8.4,20,0.9182,31.25,-0.12,2.0199,-6.1962,18.94,S02_Inverted_Hammer_Long,ZRX_USDT_USDT,4H,Pattern
37,-11.97,-3.19,-0.3985,-1.7199,-0.239,-13.36,28,0.5801,24.32,-0.46,1.8047,-32.3481,17.3,S02_Inverted_Hammer_Long,ALICE_USDT_USDT,4H,Pattern
21,-6.68,-1.76,-0.853,-2.2267,-0.1562,-11.24,21,0.5221,23.81,-0.47,1.6708,-31.8102,15.19,S02_Inverted_Hammer_Long,BTC_USDT_USDT,4H,Pattern
17,-7.46,-1.96,-0.8579,-2.4235,-0.2011,-9.77,17,0.4558,17.65,-0.68,2.1271,-43.8624,14.59,S02_Inverted_Hammer_Long,ETH_USDT_USDT,4H,Pattern
29,-17.08,-4.66,-1.803,-3.2471,-0.2727,-17.08,29,0.2721,13.79,-1.0,1.7008,-58.888,13.35,S02_Inverted_Hammer_Long,BNB_USDT_USDT,4H,Pattern
55,-1.72,-0.46,0.3344,1.9526,-0.0362,-12.61,39,0.9466,32.73,0.18,1.9459,-3.1183,29.24,S02_Inverted_Hammer_Long,1000BTT_USDT_USDT,4H,Pattern
47,1.34,0.36,0.174,0.6299,0.0435,-8.37,30,1.0394,31.91,0.2,2.2173,2.8462,23.87,S02_Inverted_Hammer_Long,AGLD_USDT_USDT,4H,Pattern
23,3.73,0.92,0.3611,2.6322,0.2884,-3.2,6,1.2229,34.78,0.59,2.293,16.2335,26.72,S02_Inverted_Hammer_Long,ATOM_USDT_USDT,4H,Pattern
4,6.21,1.95,1.1266,0.0,1.8925,-1.03,1,6.7184,75.0,9.66,2.2395,155.1342,63.57,S02_Inverted_Hammer_Long,1000LUNC_USDT_USDT,1D,Pattern
3,-0.42,-0.11,-0.1192,-0.2809,-0.056,-2.05,2,0.7984,33.33,-1.06,1.5967,-14.0283,19.15,S02_Inverted_Hammer_Long,ANKR_USDT_USDT,1D,Pattern
2,1.06,0.27,0.1099,0.0,0.2595,-1.02,1,2.0408,50.0,1.79,2.0408,53.1648,32.47,S02_Inverted_Hammer_Long,CHZ_USDT_USDT,1D,Pattern
2,1.51,0.5,0.4272,0.0,0.4887,-1.03,1,2.463,50.0,12.0,2.463,75.5584,40.33,S02_Inverted_Hammer_Long,CRV_USDT_USDT,1D,Pattern
2,1.16,0.46,-0.1081,0.0,0.4561,-1.01,1,2.1491,50.0,-1.45,2.1491,58.228,33.5,S02_Inverted_Hammer_Long,JST_USDT_USDT,1D,Pattern
4,-1.37,-0.66,-0.5681,-2.3587,-0.3248,-2.04,4,0.5507,25.0,-3.03,1.6521,-34.2766,17.96,S02_Inverted_Hammer_Long,ONT_USDT_USDT,1D,Pattern
0,0.0,0.0,0.0,0.0,0.0,0.0,0,0.0,0.0,0.0,0.0,0.0,0.0,S02_Inverted_Hammer_Long,OP_USDT_USDT,1D,Pattern
3,0.73,0.46,-0.9935,-5.2867,0.2271,-2.01,2,1.3604,33.33,-6.17,2.7209,24.196,23.37,S02_Inverted_Hammer_Long,SUN_USDT_USDT,1D,Pattern
5,0.53,0.13,0.1366,1.0371,0.0414,-3.21,4,1.1648,40.0,0.4,1.7471,10.5703,22.63,S02_Inverted_Hammer_Long,TRX_USDT_USDT,1D,Pattern
0,0.0,0.0,0.0,0.0,0.0,0.0,0,0.0,0.0,0.0,0.0,0.0,0.0,S02_Inverted_Hammer_Long,APT_USDT_USDT,1D,Pattern
3,-3.04,-1.15,-5.6049,-5.6049,-0.3786,-3.04,3,0.0,0.0,-5.7,0.0,-101.458,14.09,S02_Inverted_Hammer_Long,AVAX_USDT_USDT,1D,Pattern
5,-0.68,-0.17,-0.163,-0.8304,-0.0834,-2.04,2,0.7782,40.0,-1.28,1.1673,-13.5555,20.1,S02_Inverted_Hammer_Long,DYDX_USDT_USDT,1D,Pattern
3,-3.05,-0.77,-2.1689,-2.1689,-0.2533,-3.05,3,0.0,0.0,-5.95,0.0,-101.5123,14.09,S02_Inverted_Hammer_Long,FLOW_USDT_USDT,1D,Pattern
3,-0.06,-0.01,0.0672,1.1152,-0.0073,-2.04,2,0.9723,33.33,0.84,1.9445,-1.925,19.82,S02_Inverted_Hammer_Long,MANA_USDT_USDT,1D,Pattern
7,-4.06,-1.12,-0.7014,-1.4179,-0.2223,-5.02,5,0.3324,14.29,-4.65,1.9946,-57.9839,15.53,S02_Inverted_Hammer_Long,MINA_USDT_USDT,1D,Pattern
3,4.45,2.73,0.816,0.0,2.6285,-1.04,1,5.1619,66.67,4.39,2.581,148.3559,64.9,S02_Inverted_Hammer_Long,TWT_USDT_USDT,1D,Pattern
3,-3.01,-0.78,-3.6009,-3.6009,-0.2601,-3.01,3,0.0,0.0,-9.7,0.0,-100.4205,14.1,S02_Inverted_Hammer_Long,ZEN_USDT_USDT,1D,Pattern
3,4.05,1.1,0.4185,0.0,1.0795,-1.02,1,4.7823,66.67,4.89,2.3911,135.0985,50.6,S02_Inverted_Hammer_Long,ZRX_USDT_USDT,1D,Pattern
4,-4.03,-1.23,-2.7654,-2.7654,-0.3042,-4.03,4,0.0,0.0,-6.68,0.0,-100.7017,13.79,S02_Inverted_Hammer_Long,ALICE_USDT_USDT,1D,Pattern
0,0.0,0.0,0.0,0.0,0.0,0.0,0,0.0,0.0,0.0,0.0,0.0,0.0,S02_Inverted_Hammer_Long,BTC_USDT_USDT,1D,Pattern
5,3.82,1.03,0.4537,1.8308,0.9849,-1.04,1,2.7702,60.0,2.97,1.8468,76.3208,47.64,S02_Inverted_Hammer_Long,ETH_USDT_USDT,1D,Pattern
2,0.71,0.2,0.3147,0.0,0.1862,-1.06,1,1.6569,50.0,3.52,1.6569,35.4802,31.14,S02_Inverted_Hammer_Long,BNB_USDT_USDT,1D,Pattern
10,-7.02,-2.37,-1.5171,-2.5005,-0.3377,-7.02,10,0.2332,10.0,-2.72,2.0985,-70.2106,14.32,S02_Inverted_Hammer_Long,1000BTT_USDT_USDT,1D,Pattern
2,0.9,0.56,0.3524,0.0,0.5409,-1.03,1,1.8768,50.0,4.02,1.8768,45.0781,35.54,S02_Inverted_Hammer_Long,AGLD_USDT_USDT,1D,Pattern
4,-4.05,-1.06,-1.5292,-1.5292,-0.2617,-4.05,4,0.0,0.0,-6.58,0.0,-101.3372,13.78,S02_Inverted_Hammer_Long,ATOM_USDT_USDT,1D,Pattern
609,-49.81,-18.8,-1.3285,-1.8622,-0.3387,-55.52,534,0.7874,48.93,-0.43,0.8218,-8.1797,16.99,S03_Three_White_Soldiers,1000LUNC_USDT_USDT,1H,Pattern
727,-43.54,-13.32,-0.8351,-1.2832,-0.299,-44.57,714,0.8596,50.76,-0.22,0.834,-5.9885,18.88,S03_Three_White_Soldiers,ANKR_USDT_USDT,1H,Pattern
793,-55.08,-18.14,-0.4933,-0.9129,-0.2985,-60.79,576,0.8252,50.32,-0.12,0.8149,-6.946,17.19,S03_Three_White_Soldiers,CHZ_USDT_USDT,1H,Pattern
743,-43.91,-13.48,-0.2648,-0.506,-0.2679,-50.3,622,0.8522,51.41,-0.08,0.8054,-5.9097,17.34,S03_Three_White_Soldiers,CRV_USDT_USDT,1H,Pattern
810,-46.88,-15.17,-0.7715,-0.9355,-0.3105,-48.85,773,0.8268,54.07,-0.14,0.7022,-5.7881,18.07,S03_Three_White_Soldiers,JST_USDT_USDT,1H,Pattern
704,-39.55,-13.15,-0.8056,-1.097,-0.3024,-43.48,678,0.8531,51.28,-0.19,0.8105,-5.6179,19.28,S03_Three_White_Soldiers,ONT_USDT_USDT,1H,Pattern
731,-57.63,-21.35,-1.4018,-2.3515,-0.3549,-60.16,731,0.7785,48.56,-0.41,0.8246,-7.8832,16.94,S03_Three_White_Soldiers,OP_USDT_USDT,1H,Pattern
777,-46.69,-15.1,-0.2025,-0.2588,-0.302,-49.98,758,0.8192,51.48,-0.04,0.7721,-6.009,17.36,S03_Three_White_Soldiers,SUN_USDT_USDT,1H,Pattern
928,-43.23,-13.2,-0.6957,-0.9111,-0.27,-48.91,927,0.8449,55.39,-0.08,0.6806,-4.6579,18.24,S03_Three_White_Soldiers,TRX_USDT_USDT,1H,Pattern
692,-41.42,-15.41,-0.7448,-1.1894,-0.3452,-44.65,625,0.8454,51.3,-0.19,0.8026,-5.9861,18.93,S03_Three_White_Soldiers,APT_USDT_USDT,1H,Pattern
860,-48.02,-15.1,-0.6026,-1.0198,-0.2997,-50.38,860,0.8287,51.86,-0.14,0.7693,-5.584,17.41,S03_Three_White_Soldiers,AVAX_USDT_USDT,1H,Pattern
749,-57.59,-19.31,-1.4312,-2.4123,-0.3247,-59.49,693,0.7795,48.46,-0.42,0.8288,-7.6894,16.92,S03_Three_White_Soldiers,DYDX_USDT_USDT,1H,Pattern
728,-47.32,-14.82,-1.0758,-1.7278,-0.3039,-48.78,678,0.8402,50.69,-0.27,0.8174,-6.4999,17.61,S03_Three_White_Soldiers,FLOW_USDT_USDT,1H,Pattern
808,-73.48,-28.25,-1.9553,-3.0087,-0.3757,-75.2,779,0.6996,46.78,-0.48,0.7959,-9.0938,16.68,S03_Three_White_Soldiers,MANA_USDT_USDT,1H,Pattern
715,-63.99,-23.93,-1.6755,-2.4003,-0.3739,-63.99,715,0.723,47.55,-0.51,0.7974,-8.9495,16.79,S03_Three_White_Soldiers,MINA_USDT_USDT,1H,Pattern
574,-61.51,-26.37,-1.5128,-2.6083,-0.4258,-61.95,571,0.6875,45.82,-0.33,0.813,-10.7162,16.55,S03_Three_White_Soldiers,TWT_USDT_USDT,1H,Pattern
744,-66.56,-23.97,-0.3239,-0.5488,-0.3382,-70.89,706,0.7432,48.79,-0.1,0.78,-8.9464,16.97,S03_Three_White_Soldiers,ZEN_USDT_USDT,1H,Pattern
767,-14.03,-3.94,-0.083,-0.1069,-0.1682,-23.43,337,0.9612,54.5,-0.02,0.8025,-1.8292,25.76,S03_Three_White_Soldiers,ZRX_USDT_USDT,1H,Pattern
641,-46.32,-14.41,-1.4325,-2.1907,-0.2839,-50.77,621,0.7966,49.3,-0.46,0.8193,-7.2255,17.04,S03_Three_White_Soldiers,ALICE_USDT_USDT,1H,Pattern
865,-59.98,-20.48,-0.848,-1.4243,-0.3335,-61.41,865,0.7631,53.18,-0.1,0.6719,-6.9346,17.6,S03_Three_White_Soldiers,BTC_USDT_USDT,1H,Pattern
802,-51.0,-16.34,-0.2224,-0.3871,-0.3081,-53.03,771,0.8068,52.87,-0.04,0.7193,-6.3585,17.55,S03_Three_White_Soldiers,ETH_USDT_USDT,1H,Pattern
849,-54.04,-17.67,-0.5418,-0.8978,-0.3171,-55.74,824,0.8119,52.65,-0.08,0.7302,-6.3653,17.52,S03_Three_White_Soldiers,BNB_USDT_USDT,1H,Pattern
618,-40.82,-12.75,-0.8319,-0.9775,-0.2603,-48.96,618,0.7993,52.27,-0.18,0.73,-6.6044,17.78,S03_Three_White_Soldiers,1000BTT_USDT_USDT,1H,Pattern
836,-38.0,-12.15,-0.2811,-0.4454,-0.2942,-41.29,832,0.8927,52.99,-0.08,0.792,-4.5458,20.18,S03_Three_White_Soldiers,AGLD_USDT_USDT,1H,Pattern
837,-57.17,-19.14,-1.1216,-1.9199,-0.3307,-57.87,836,0.8058,49.22,-0.24,0.8312,-6.8301,17.03,S03_Three_White_Soldiers,ATOM_USDT_USDT,1H,Pattern
166,-21.59,-7.09,-0.7586,-1.1226,-0.3176,-22.31,165,0.7392,43.98,-0.85,0.9417,-13.0071,24.59,S03_Three_White_Soldiers,1000LUNC_USDT_USDT,4H,Pattern
219,-3.13,-0.79,-0.1741,-0.2748,-0.0646,-12.29,77,0.9725,49.77,-0.16,0.9815,-1.4306,28.42,S03_Three_White_Soldiers,ANKR_USDT_USDT,4H,Pattern
208,-0.42,-0.11,-0.0402,-0.0818,-0.0089,-11.9,105,0.9959,52.4,-0.04,0.9046,-0.2021,28.92,S03_Three_White_Soldiers,CHZ_USDT_USDT,4H,Pattern
204,-18.12,-4.89,-0.2504,-0.4729,-0.1896,-25.77,180,0.8246,47.06,-0.26,0.9277,-8.8846,23.99,S03_Three_White_Soldiers,CRV_USDT_USDT,4H,Pattern
225,16.28,4.0,-0.3164,-0.3291,0.4381,-9.13,70,1.1514,57.33,-0.23,0.8568,7.2338,34.51,S03_Three_White_Soldiers,JST_USDT_USDT,4H,Pattern
188,-7.45,-2.15,-0.5375,-0.9301,-0.1472,-14.61,183,0.9185,50.0,-0.44,0.9185,-3.9636,27.76,S03_Three_White_Soldiers,ONT_USDT_USDT,4H,Pattern
185,-3.57,-1.01,0.1485,0.2886,-0.081,-12.44,80,0.9618,52.97,0.15,0.8539,-1.9271,30.32,S03_Three_White_Soldiers,OP_USDT_USDT,4H,Pattern
217,12.56,3.16,1.1026,2.0856,0.3072,-10.29,57,1.1135,56.22,0.72,0.8671,5.788,43.87,S03_Three_White_Soldiers,SUN_USDT_USDT,4H,Pattern
244,-2.76,-0.7,-0.3819,-0.362,-0.0497,-14.06,107,0.9758,54.92,-0.22,0.8011,-1.1322,28.63,S03_Three_White_Soldiers,TRX_USDT_USDT,4H,Pattern
169,6.15,1.89,0.1933,0.3735,0.1702,-11.11,93,1.0757,53.25,0.19,0.9442,3.6369,32.91,S03_Three_White_Soldiers,APT_USDT_USDT,4H,Pattern
223,-17.98,-4.85,-0.1761,-0.3643,-0.2057,-23.59,204,0.8277,48.88,-0.14,0.8657,-8.0647,24.91,S03_Three_White_Soldiers,AVAX_USDT_USDT,4H,Pattern
204,-24.71,-6.85,-0.9192,-1.6499,-0.2635,-26.01,136,0.7599,45.1,-1.02,0.9251,-12.1113,23.64,S03_Three_White_Soldiers,DYDX_USDT_USDT,4H,Pattern
193,-25.24,-7.03,-0.8705,-1.5158,-0.2317,-30.33,183,0.7282,44.56,-0.8,0.906,-13.0789,22.27,S03_Three_White_Soldiers,FLOW_USDT_USDT,4H,Pattern
204,-20.95,-5.72,-0.5672,-1.0843,-0.2241,-25.53,204,0.7775,48.04,-0.5,0.841,-10.27,24.2,S03_Three_White_Soldiers,MANA_USDT_USDT,4H,Pattern
180,-30.14,-9.16,-0.9326,-1.6071,-0.2915,-31.42,160,0.6672,42.78,-1.02,0.8924,-16.7454,21.69,S03_Three_White_Soldiers,MINA_USDT_USDT,4H,Pattern
144,-15.13,-5.12,-0.4336,-0.7697,-0.2903,-17.65,68,0.8048,45.83,-0.35,0.9511,-10.5053,26.25,S03_Three_White_Soldiers,TWT_USDT_USDT,4H,Pattern
201,15.36,3.65,0.5171,0.8288,0.2498,-14.6,134,1.1756,56.72,0.56,0.8971,7.6421,36.88,S03_Three_White_Soldiers,ZEN_USDT_USDT,4H,Pattern
230,-9.15,-2.52,-0.2551,-0.3747,-0.1697,-14.84,128,0.9191,50.0,-0.24,0.9191,-3.9774,27.69,S03_Three_White_Soldiers,ZRX_USDT_USDT,4H,Pattern
213,-23.25,-6.44,-0.7841,-1.2461,-0.2418,-26.62,190,0.7822,45.07,-0.84,0.9534,-10.9158,23.45,S03_Three_White_Soldiers,ALICE_USDT_USDT,4H,Pattern
247,10.68,2.57,0.2034,0.3657,0.1521,-16.91,185,1.104,58.3,0.09,0.7897,4.3245,32.08,S03_Three_White_Soldiers,BTC_USDT_USDT,4H,Pattern
228,-6.47,-1.67,0.0653,0.1288,-0.092,-18.16,214,0.9374,53.07,0.04,0.8289,-2.8385,27.79,S03_Three_White_Soldiers,ETH_USDT_USDT,4H,Pattern
241,1.75,0.43,-0.0184,-0.0295,0.0288,-15.08,195,1.0147,55.19,-0.01,0.824,0.7243,28.66,S03_Three_White_Soldiers,BNB_USDT_USDT,4H,Pattern
201,-25.87,-7.49,-0.2669,-0.4599,-0.2707,-27.66,196,0.7318,46.27,-0.17,0.8499,-12.8722,23.31,S03_Three_White_Soldiers,1000BTT_USDT_USDT,4H,Pattern
228,14.78,3.8,0.3705,0.58,0.2135,-17.82,47,1.1197,56.14,0.41,0.8747,6.4803,33.7,S03_Three_White_Soldiers,AGLD_USDT_USDT,4H,Pattern
211,-19.85,-5.41,-1.1499,-1.9531,-0.2062,-26.24,211,0.791,47.87,-0.92,0.8615,-9.4083,23.97,S03_Three_White_Soldiers,ATOM_USDT_USDT,4H,Pattern
36,-0.05,-0.02,0.2331,0.339,-0.002,-7.85,11,0.9971,52.78,1.21,0.8921,-0.1426,25.18,S03_Three_White_Soldiers,1000LUNC_USDT_USDT,1D,Pattern
42,7.21,1.82,0.2707,0.5293,0.4243,-4.29,13,1.3782,57.14,1.31,1.0336,17.157,33.92,S03_Three_White_Soldiers,ANKR_USDT_USDT,1D,Pattern
39,6.39,1.6,0.5954,1.1,0.3938,-4.05,17,1.3691,58.97,2.6,0.9524,16.3913,36.72,S03_Three_White_Soldiers,CHZ_USDT_USDT,1D,Pattern
30,8.31,2.14,0.8195,3.4798,0.9314,-2.3,8,1.7952,66.67,4.99,0.8976,27.711,45.87,S03_Three_White_Soldiers,CRV_USDT_USDT,1D,Pattern
39,10.8,2.7,0.7087,1.6202,0.6777,-3.99,15,1.7548,64.1,2.17,0.9827,27.6968,43.39,S03_Three_White_Soldiers,JST_USDT_USDT,1D,Pattern
48,6.94,2.09,0.0742,0.1506,0.4207,-4.97,13,1.2923,54.17,0.28,1.0934,14.4577,31.65,S03_Three_White_Soldiers,ONT_USDT_USDT,1D,Pattern
36,2.16,0.65,0.4899,0.8373,0.195,-3.33,22,1.147,61.11,2.68,0.7299,6.0131,32.7,S03_Three_White_Soldiers,OP_USDT_USDT,1D,Pattern
35,11.85,3.0,0.5772,0.6438,0.9899,-3.03,6,1.8935,65.71,2.34,0.9879,33.8463,45.05,S03_Three_White_Soldiers,SUN_USDT_USDT,1D,Pattern
35,14.97,3.98,0.2935,0.209,1.7906,-2.22,8,2.4582,74.29,1.05,0.8509,42.7825,52.64,S03_Three_White_Soldiers,TRX_USDT_USDT,1D,Pattern
34,2.77,0.89,0.3723,0.7867,0.1362,-6.53,10,1.1855,58.82,1.8,0.8299,8.1578,29.8,S03_Three_White_Soldiers,APT_USDT_USDT,1D,Pattern
39,1.46,0.38,0.3782,1.1076,0.1272,-3.01,15,1.0833,56.41,1.63,0.8371,3.7486,30.58,S03_Three_White_Soldiers,AVAX_USDT_USDT,1D,Pattern
31,-0.72,-0.19,-0.1975,-0.4028,-0.0285,-6.63,23,0.9569,48.39,-1.28,1.0207,-2.3089,21.76,S03_Three_White_Soldiers,DYDX_USDT_USDT,1D,Pattern
41,-2.28,-0.6,-0.0664,-0.1537,-0.0697,-8.61,29,0.8933,48.78,-0.29,0.938,-5.5573,22.88,S03_Three_White_Soldiers,FLOW_USDT_USDT,1D,Pattern
46,0.22,0.06,0.0247,0.0401,0.0097,-5.87,30,1.01,54.35,0.11,0.8484,0.4689,25.72,S03_Three_White_Soldiers,MANA_USDT_USDT,1D,Pattern
39,5.43,1.47,0.3604,0.8323,0.3701,-3.98,10,1.3245,58.97,1.8,0.9214,13.9335,33.9,S03_Three_White_Soldiers,MINA_USDT_USDT,1D,Pattern
31,1.0,0.33,-0.0296,-0.0642,0.0681,-4.88,11,1.0645,51.61,-0.11,0.9979,3.2384,23.68,S03_Three_White_Soldiers,TWT_USDT_USDT,1D,Pattern
38,6.92,1.69,0.4267,0.7673,0.5091,-3.32,12,1.4611,60.53,2.39,0.9529,18.2107,36.77,S03_Three_White_Soldiers,ZEN_USDT_USDT,1D,Pattern
44,-0.45,-0.12,0.1452,0.2506,-0.0223,-5.58,24,0.9793,52.27,0.69,0.8942,-1.0147,26.24,S03_Three_White_Soldiers,ZRX_USDT_USDT,1D,Pattern
40,-4.2,-1.12,-0.2445,-0.4514,-0.1602,-6.96,38,0.8077,45.0,-1.3,0.9872,-10.5041,22.67,S03_Three_White_Soldiers,ALICE_USDT_USDT,1D,Pattern
37,9.98,2.55,0.957,2.3286,0.6377,-4.0,10,1.8606,70.27,2.08,0.7872,26.9613,46.91,S03_Three_White_Soldiers,BTC_USDT_USDT,1D,Pattern
38,9.33,2.28,1.2185,3.4777,1.1281,-2.02,6,1.7217,68.42,3.46,0.7946,24.562,52.29,S03_Three_White_Soldiers,ETH_USDT_USDT,1D,Pattern
42,18.37,4.57,1.2917,2.8794,2.9109,-1.57,6,2.4421,73.81,2.95,0.8666,43.7497,71.33,S03_Three_White_Soldiers,BNB_USDT_USDT,1D,Pattern
27,6.84,1.73,1.8624,6.3168,0.5872,-2.95,6,1.7958,70.37,5.47,0.7561,25.3188,53.79,S03_Three_White_Soldiers,1000BTT_USDT_USDT,1D,Pattern
37,0.55,0.15,0.1654,0.4202,0.0264,-5.6,12,1.0306,51.35,0.82,0.9764,1.4773,25.55,S03_Three_White_Soldiers,AGLD_USDT_USDT,1D,Pattern
34,7.02,1.78,0.2882,0.6386,0.4469,-3.99,8,1.4713,58.82,1.3,1.0299,20.6537,33.93,S03_Three_White_Soldiers,ATOM_USDT_USDT,1D,Pattern
59,-12.88,-4.17,-0.9307,-1.9794,-0.2862,-14.57,55,0.648,30.51,-0.34,1.476,-21.8311,24.99,S04_Tweezer_Tops_Short,1000LUNC_USDT_USDT,1H,Pattern
118,9.85,2.38,0.2091,0.6306,0.3008,-7.93,51,1.1541,44.07,0.05,1.4649,8.351,34.17,S04_Tweezer_Tops_Short,ANKR_USDT_USDT,1H,Pattern
133,-20.41,-5.59,-0.7157,-1.8902,-0.2169,-25.78,91,0.7275,36.09,-0.18,1.2883,-15.3436,22.42,S04_Tweezer_Tops_Short,CHZ_USDT_USDT,1H,Pattern
98,-11.3,-2.97,-0.2264,-0.6421,-0.1657,-17.9,76,0.811,35.71,-0.09,1.4598,-11.5289,24.73,S04_Tweezer_Tops_Short,CRV_USDT_USDT,1H,Pattern
222,-15.61,-4.32,-0.7526,-1.2405,-0.2196,-19.67,218,0.8079,38.29,-0.1,1.3022,-7.0321,24.57,S04_Tweezer_Tops_Short,JST_USDT_USDT,1H,Pattern
156,-22.26,-6.96,-0.9745,-2.5522,-0.283,-24.59,156,0.7283,35.9,-0.19,1.3005,-14.2718,22.75,S04_Tweezer_Tops_Short,ONT_USDT_USDT,1H,Pattern
89,-17.03,-5.16,-0.9947,-2.0886,-0.2392,-21.58,89,0.6863,32.58,-0.38,1.4199,-19.1393,23.18,S04_Tweezer_Tops_Short,OP_USDT_USDT,1H,Pattern
178,-25.83,-7.48,-0.9247,-2.9208,-0.2654,-28.18,175,0.6281,33.71,-0.13,1.2353,-14.5121,21.36,S04_Tweezer_Tops_Short,SUN_USDT_USDT,1H,Pattern
380,-55.36,-18.31,-3.3637,-7.7757,-0.33,-55.46,380,0.4442,31.58,-0.21,0.9624,-14.568,14.51,S04_Tweezer_Tops_Short,TRX_USDT_USDT,1H,Pattern
82,-20.41,-7.19,-0.7131,-2.4798,-0.3521,-20.41,82,0.5863,32.93,-0.23,1.1944,-24.8952,23.58,S04_Tweezer_Tops_Short,APT_USDT_USDT,1H,Pattern
139,-7.67,-1.98,0.1506,0.4419,-0.0805,-24.62,86,0.9108,40.29,0.04,1.3499,-5.5206,24.87,S04_Tweezer_Tops_Short,AVAX_USDT_USDT,1H,Pattern
109,-8.96,-2.32,-0.3591,-1.0261,-0.1569,-14.81,83,0.8609,38.53,-0.13,1.3733,-8.2166,26.06,S04_Tweezer_Tops_Short,DYDX_USDT_USDT,1H,Pattern
128,5.7,1.42,-0.0075,-0.0188,0.1222,-11.64,80,1.0886,44.53,-0.0,1.356,4.4493,29.35,S04_Tweezer_Tops_Short,FLOW_USDT_USDT,1H,Pattern
116,-25.37,-7.06,-1.0955,-3.2049,-0.27,-26.15,113,0.6048,31.9,-0.28,1.2913,-21.871,21.71,S04_Tweezer_Tops_Short,MANA_USDT_USDT,1H,Pattern
93,-7.57,-2.09,-0.4924,-1.1868,-0.1661,-12.6,72,0.8617,39.78,-0.16,1.3042,-8.139,26.9,S04_Tweezer_Tops_Short,MINA_USDT_USDT,1H,Pattern
77,9.47,3.0,0.4862,1.2442,0.3478,-8.64,41,1.2736,49.35,0.13,1.3071,12.3033,38.69,S04_Tweezer_Tops_Short,TWT_USDT_USDT,1H,Pattern
94,-4.03,-1.03,-0.2881,-0.5389,-0.0987,-10.44,52,0.9273,40.43,-0.12,1.3666,-4.2832,27.64,S04_Tweezer_Tops_Short,ZEN_USDT_USDT,1H,Pattern
153,-28.13,-8.6,-1.0227,-2.5886,-0.2736,-31.44,138,0.6656,32.03,-0.22,1.4128,-18.3832,20.14,S04_Tweezer_Tops_Short,ZRX_USDT_USDT,1H,Pattern
102,-18.84,-5.18,-0.6055,-2.0596,-0.2377,-21.81,96,0.7007,33.33,-0.22,1.4014,-18.4689,23.22,S04_Tweezer_Tops_Short,ALICE_USDT_USDT,1H,Pattern
228,-36.13,-10.67,-1.7869,-5.409,-0.2902,-36.77,207,0.6052,33.33,-0.2,1.2104,-15.8465,18.73,S04_Tweezer_Tops_Short,BTC_USDT_USDT,1H,Pattern
183,-45.1,-14.17,-2.1314,-6.2125,-0.3078,-46.05,181,0.4893,27.87,-0.35,1.2663,-24.6445,15.17,S04_Tweezer_Tops_Short,ETH_USDT_USDT,1H,Pattern
210,-37.61,-11.15,-1.7718,-3.9224,-0.2776,-40.14,204,0.5574,34.29,-0.24,1.0684,-17.9074,17.86,S04_Tweezer_Tops_Short,BNB_USDT_USDT,1H,Pattern
183,-20.32,-5.75,-0.4637,-1.3183,-0.2828,-20.32,183,0.7321,37.7,-0.07,1.2096,-11.1049,24.29,S04_Tweezer_Tops_Short,1000BTT_USDT_USDT,1H,Pattern
82,-6.33,-1.76,-0.1244,-0.3704,-0.1315,-13.37,61,0.8648,40.24,-0.04,1.2841,-7.7177,26.74,S04_Tweezer_Tops_Short,AGLD_USDT_USDT,1H,Pattern
146,-24.89,-6.92,-0.8423,-2.6609,-0.2543,-27.22,146,0.6807,34.93,-0.19,1.268,-17.0458,21.82,S04_Tweezer_Tops_Short,ATOM_USDT_USDT,1H,Pattern
6,4.52,1.45,0.7536,3.3728,0.6602,-2.2,3,2.9602,66.67,1.44,1.4801,75.386,50.5,S04_Tweezer_Tops_Short,1000LUNC_USDT_USDT,4H,Pattern
18,2.55,0.7,0.4252,1.948,0.1405,-4.98,12,1.2245,44.44,0.69,1.5306,14.1593,26.73,S04_Tweezer_Tops_Short,ANKR_USDT_USDT,4H,Pattern
14,-6.16,-1.68,-0.4428,-1.3607,-0.1815,-9.25,12,0.4708,21.43,-0.66,1.7263,-43.9657,15.29,S04_Tweezer_Tops_Short,CHZ_USDT_USDT,4H,Pattern
9,-3.56,-1.02,-0.553,-1.355,-0.1626,-6.28,6,0.5261,22.22,-1.16,1.8413,-39.5378,16.29,S04_Tweezer_Tops_Short,CRV_USDT_USDT,4H,Pattern
27,-0.58,-0.15,-0.2119,-0.4289,-0.025,-6.01,15,0.9602,40.74,-0.14,1.3966,-2.1314,20.18,S04_Tweezer_Tops_Short,JST_USDT_USDT,4H,Pattern
24,-1.96,-0.64,0.3315,1.5398,-0.0954,-6.67,17,0.8789,37.5,0.33,1.4649,-8.1621,22.34,S04_Tweezer_Tops_Short,ONT_USDT_USDT,4H,Pattern
15,-12.73,-4.06,-1.3285,-1.9795,-0.3122,-13.02,13,0.0951,6.67,-2.4,1.3319,-84.8825,12.05,S04_Tweezer_Tops_Short,OP_USDT_USDT,4H,Pattern
21,2.65,0.78,-0.1773,-0.6266,0.2432,-3.21,10,1.2078,42.86,-0.13,1.6103,12.599,23.5,S04_Tweezer_Tops_Short,SUN_USDT_USDT,4H,Pattern
54,-6.87,-1.77,-0.5293,-1.4129,-0.1541,-11.52,54,0.75,37.04,-0.17,1.275,-12.7155,26.84,S04_Tweezer_Tops_Short,TRX_USDT_USDT,4H,Pattern
9,-1.57,-0.58,-0.2338,-0.5226,-0.1671,-3.45,6,0.7545,33.33,-0.44,1.509,-17.4442,18.73,S04_Tweezer_Tops_Short,APT_USDT_USDT,4H,Pattern
16,1.54,0.39,0.3638,1.6397,0.1264,-3.11,5,1.1582,43.75,0.7,1.4891,9.6324,25.99,S04_Tweezer_Tops_Short,AVAX_USDT_USDT,4H,Pattern
17,-1.23,-0.32,-0.1834,-0.6662,-0.0525,-6.16,9,0.894,35.29,-0.3,1.639,-7.2243,18.19,S04_Tweezer_Tops_Short,DYDX_USDT_USDT,4H,Pattern
16,6.34,1.65,0.2918,0.9248,0.5285,-3.13,4,1.7263,50.0,0.5,1.7263,39.6411,33.09,S04_Tweezer_Tops_Short,FLOW_USDT_USDT,4H,Pattern
9,-2.64,-0.75,-0.4847,-1.9726,-0.2344,-3.2,5,0.647,22.22,-0.83,2.2646,-29.2988,17.22,S04_Tweezer_Tops_Short,MANA_USDT_USDT,4H,Pattern
11,-0.91,-0.29,0.0973,0.345,-0.0503,-5.68,10,0.8719,36.36,0.26,1.5258,-8.2384,19.46,S04_Tweezer_Tops_Short,MINA_USDT_USDT,4H,Pattern
9,-2.66,-0.95,-0.313,-1.1226,-0.3577,-2.66,9,0.5808,33.33,-0.55,1.1617,-29.5893,18.96,S04_Tweezer_Tops_Short,TWT_USDT_USDT,4H,Pattern
13,-5.3,-1.52,-0.3866,-1.3855,-0.2125,-7.16,11,0.4814,23.08,-0.63,1.6045,-40.7589,16.15,S04_Tweezer_Tops_Short,ZEN_USDT_USDT,4H,Pattern
9,-0.8,-0.23,-0.193,-0.2094,-0.0712,-3.2,5,0.8531,44.44,-0.53,1.0664,-8.8735,20.39,S04_Tweezer_Tops_Short,ZRX_USDT_USDT,4H,Pattern
16,-4.11,-1.24,-0.2146,-0.7263,-0.1912,-6.5,10,0.6446,31.25,-0.33,1.4182,-25.7048,17.51,S04_Tweezer_Tops_Short,ALICE_USDT_USDT,4H,Pattern
44,-15.22,-4.36,-1.1816,-3.8971,-0.2383,-18.29,44,0.5099,25.0,-0.49,1.5298,-34.5864,17.08,S04_Tweezer_Tops_Short,BTC_USDT_USDT,4H,Pattern
29,-22.74,-6.62,-3.1112,-4.3002,-0.2913,-22.74,29,0.1162,6.9,-1.55,1.5691,-78.4031,10.66,S04_Tweezer_Tops_Short,ETH_USDT_USDT,4H,Pattern
33,-11.73,-3.27,-1.1278,-2.4398,-0.2555,-12.79,33,0.4933,24.24,-0.7,1.5414,-35.5347,16.79,S04_Tweezer_Tops_Short,BNB_USDT_USDT,4H,Pattern
12,-6.19,-1.83,-1.0846,-1.6741,-0.2868,-6.39,8,0.2945,25.0,-0.83,0.8834,-51.5604,16.65,S04_Tweezer_Tops_Short,1000BTT_USDT_USDT,4H,Pattern
11,6.71,2.05,0.5326,3.9262,0.6598,-3.11,4,2.2723,54.55,1.18,1.8936,61.0041,41.13,S04_Tweezer_Tops_Short,AGLD_USDT_USDT,4H,Pattern
22,-1.43,-0.39,0.0951,0.3843,-0.0667,-5.9,17,0.9035,36.36,0.12,1.5812,-6.4816,19.71,S04_Tweezer_Tops_Short,ATOM_USDT_USDT,4H,Pattern
0,0.0,0.0,0.0,0.0,0.0,0.0,0,0.0,0.0,0.0,0.0,0.0,0.0,S04_Tweezer_Tops_Short,1000LUNC_USDT_USDT,1D,Pattern
0,0.0,0.0,0.0,0.0,0.0,0.0,0,0.0,0.0,0.0,0.0,0.0,0.0,S04_Tweezer_Tops_Short,ANKR_USDT_USDT,1D,Pattern
0,0.0,0.0,0.0,0.0,0.0,0.0,0,0.0,0.0,0.0,0.0,0.0,0.0,S04_Tweezer_Tops_Short,CHZ_USDT_USDT,1D,Pattern
1,1.6,0.72,0.0,0.0,0.0,0.0,0,999.0,100.0,14.03,0.0,159.5996,40.0,S04_Tweezer_Tops_Short,CRV_USDT_USDT,1D,Pattern
3,-3.14,-1.15,-3.4726,-3.4726,-0.365,-3.14,3,0.0,0.0,-2.76,0.0,-104.6333,14.06,S04_Tweezer_Tops_Short,JST_USDT_USDT,1D,Pattern
1,0.87,0.34,0.0,0.0,0.0,0.0,0,999.0,100.0,11.51,0.0,86.7653,40.0,S04_Tweezer_Tops_Short,ONT_USDT_USDT,1D,Pattern
1,1.49,2.37,0.0,0.0,0.0,0.0,0,999.0,100.0,11.37,0.0,148.9952,40.0,S04_Tweezer_Tops_Short,OP_USDT_USDT,1D,Pattern
1,-1.06,-0.33,0.0,0.0,-0.3128,-1.06,1,0.0,0.0,-2.72,0.0,-105.5155,14.68,S04_Tweezer_Tops_Short,SUN_USDT_USDT,1D,Pattern
4,3.17,0.86,0.9172,0.0,0.7876,-1.09,1,3.8347,75.0,2.82,1.2782,79.3179,54.1,S04_Tweezer_Tops_Short,TRX_USDT_USDT,1D,Pattern
0,0.0,0.0,0.0,0.0,0.0,0.0,0,0.0,0.0,0.0,0.0,0.0,0.0,S04_Tweezer_Tops_Short,APT_USDT_USDT,1D,Pattern
1,-1.01,-0.54,0.0,0.0,-0.536,-1.01,1,0.0,0.0,-25.66,0.0,-100.6341,14.7,S04_Tweezer_Tops_Short,AVAX_USDT_USDT,1D,Pattern
0,0.0,0.0,0.0,0.0,0.0,0.0,0,0.0,0.0,0.0,0.0,0.0,0.0,S04_Tweezer_Tops_Short,DYDX_USDT_USDT,1D,Pattern
3,-0.97,-0.48,-0.1661,-1.8989,-0.2386,-2.03,3,0.5231,33.33,-1.61,1.0461,-32.2001,19.15,S04_Tweezer_Tops_Short,FLOW_USDT_USDT,1D,Pattern
0,0.0,0.0,0.0,0.0,0.0,0.0,0,0.0,0.0,0.0,0.0,0.0,0.0,S04_Tweezer_Tops_Short,MANA_USDT_USDT,1D,Pattern
0,0.0,0.0,0.0,0.0,0.0,0.0,0,0.0,0.0,0.0,0.0,0.0,0.0,S04_Tweezer_Tops_Short,MINA_USDT_USDT,1D,Pattern
0,0.0,0.0,0.0,0.0,0.0,0.0,0,0.0,0.0,0.0,0.0,0.0,0.0,S04_Tweezer_Tops_Short,TWT_USDT_USDT,1D,Pattern
0,0.0,0.0,0.0,0.0,0.0,0.0,0,0.0,0.0,0.0,0.0,0.0,0.0,S04_Tweezer_Tops_Short,ZEN_USDT_USDT,1D,Pattern
1,-1.01,-0.38,0.0,0.0,-0.3735,-1.01,1,0.0,0.0,-10.63,0.0,-101.421,14.7,S04_Tweezer_Tops_Short,ZRX_USDT_USDT,1D,Pattern
0,0.0,0.0,0.0,0.0,0.0,0.0,0,0.0,0.0,0.0,0.0,0.0,0.0,S04_Tweezer_Tops_Short,ALICE_USDT_USDT,1D,Pattern
4,-4.15,-1.25,-6.1462,-6.1462,-0.3021,-4.15,4,0.0,0.0,-2.8,0.0,-103.812,13.75,S04_Tweezer_Tops_Short,BTC_USDT_USDT,1D,Pattern
2,0.64,0.29,0.1407,0.0,0.2801,-1.03,1,1.6177,50.0,1.29,1.6177,31.823,29.74,S04_Tweezer_Tops_Short,ETH_USDT_USDT,1D,Pattern
0,0.0,0.0,0.0,0.0,0.0,0.0,0,0.0,0.0,0.0,0.0,0.0,0.0,S04_Tweezer_Tops_Short,BNB_USDT_USDT,1D,Pattern
3,0.32,0.16,-0.1012,-0.1861,0.0762,-2.09,2,1.1496,33.33,-0.69,2.2992,10.6624,20.77,S04_Tweezer_Tops_Short,1000BTT_USDT_USDT,1D,Pattern
2,0.05,0.02,0.151,0.0,0.0222,-1.02,1,1.0473,50.0,1.94,1.0473,2.4148,23.85,S04_Tweezer_Tops_Short,AGLD_USDT_USDT,1D,Pattern
1,-1.03,-0.36,0.0,0.0,-0.3448,-1.03,1,0.0,0.0,-4.85,0.0,-103.0583,14.69,S04_Tweezer_Tops_Short,ATOM_USDT_USDT,1D,Pattern
0,0.0,0.0,0.0,0.0,0.0,0.0,0,0.0,0.0,0.0,0.0,0.0,0.0,S05_Bearish_Engulfing,1000LUNC_USDT_USDT,1H,Pattern
0,0.0,0.0,0.0,0.0,0.0,0.0,0,0.0,0.0,0.0,0.0,0.0,0.0,S05_Bearish_Engulfing,ANKR_USDT_USDT,1H,Pattern
0,0.0,0.0,0.0,0.0,0.0,0.0,0,0.0,0.0,0.0,0.0,0.0,0.0,S05_Bearish_Engulfing,CHZ_USDT_USDT,1H,Pattern
0,0.0,0.0,0.0,0.0,0.0,0.0,0,0.0,0.0,0.0,0.0,0.0,0.0,S05_Bearish_Engulfing,CRV_USDT_USDT,1H,Pattern
0,0.0,0.0,0.0,0.0,0.0,0.0,0,0.0,0.0,0.0,0.0,0.0,0.0,S05_Bearish_Engulfing,JST_USDT_USDT,1H,Pattern
0,0.0,0.0,0.0,0.0,0.0,0.0,0,0.0,0.0,0.0,0.0,0.0,0.0,S05_Bearish_Engulfing,ONT_USDT_USDT,1H,Pattern
0,0.0,0.0,0.0,0.0,0.0,0.0,0,0.0,0.0,0.0,0.0,0.0,0.0,S05_Bearish_Engulfing,OP_USDT_USDT,1H,Pattern
0,0.0,0.0,0.0,0.0,0.0,0.0,0,0.0,0.0,0.0,0.0,0.0,0.0,S05_Bearish_Engulfing,SUN_USDT_USDT,1H,Pattern
0,0.0,0.0,0.0,0.0,0.0,0.0,0,0.0,0.0,0.0,0.0,0.0,0.0,S05_Bearish_Engulfing,TRX_USDT_USDT,1H,Pattern
0,0.0,0.0,0.0,0.0,0.0,0.0,0,0.0,0.0,0.0,0.0,0.0,0.0,S05_Bearish_Engulfing,APT_USDT_USDT,1H,Pattern
0,0.0,0.0,0.0,0.0,0.0,0.0,0,0.0,0.0,0.0,0.0,0.0,0.0,S05_Bearish_Engulfing,AVAX_USDT_USDT,1H,Pattern
0,0.0,0.0,0.0,0.0,0.0,0.0,0,0.0,0.0,0.0,0.0,0.0,0.0,S05_Bearish_Engulfing,DYDX_USDT_USDT,1H,Pattern
0,0.0,0.0,0.0,0.0,0.0,0.0,0,0.0,0.0,0.0,0.0,0.0,0.0,S05_Bearish_Engulfing,FLOW_USDT_USDT,1H,Pattern
0,0.0,0.0,0.0,0.0,0.0,0.0,0,0.0,0.0,0.0,0.0,0.0,0.0,S05_Bearish_Engulfing,MANA_USDT_USDT,1H,Pattern
0,0.0,0.0,0.0,0.0,0.0,0.0,0,0.0,0.0,0.0,0.0,0.0,0.0,S05_Bearish_Engulfing,MINA_USDT_USDT,1H,Pattern
0,0.0,0.0,0.0,0.0,0.0,0.0,0,0.0,0.0,0.0,0.0,0.0,0.0,S05_Bearish_Engulfing,TWT_USDT_USDT,1H,Pattern
0,0.0,0.0,0.0,0.0,0.0,0.0,0,0.0,0.0,0.0,0.0,0.0,0.0,S05_Bearish_Engulfing,ZEN_USDT_USDT,1H,Pattern
0,0.0,0.0,0.0,0.0,0.0,0.0,0,0.0,0.0,0.0,0.0,0.0,0.0,S05_Bearish_Engulfing,ZRX_USDT_USDT,1H,Pattern
0,0.0,0.0,0.0,0.0,0.0,0.0,0,0.0,0.0,0.0,0.0,0.0,0.0,S05_Bearish_Engulfing,ALICE_USDT_USDT,1H,Pattern
0,0.0,0.0,0.0,0.0,0.0,0.0,0,0.0,0.0,0.0,0.0,0.0,0.0,S05_Bearish_Engulfing,BTC_USDT_USDT,1H,Pattern
0,0.0,0.0,0.0,0.0,0.0,0.0,0,0.0,0.0,0.0,0.0,0.0,0.0,S05_Bearish_Engulfing,ETH_USDT_USDT,1H,Pattern
0,0.0,0.0,0.0,0.0,0.0,0.0,0,0.0,0.0,0.0,0.0,0.0,0.0,S05_Bearish_Engulfing,BNB_USDT_USDT,1H,Pattern
0,0.0,0.0,0.0,0.0,0.0,0.0,0,0.0,0.0,0.0,0.0,0.0,0.0,S05_Bearish_Engulfing,1000BTT_USDT_USDT,1H,Pattern
0,0.0,0.0,0.0,0.0,0.0,0.0,0,0.0,0.0,0.0,0.0,0.0,0.0,S05_Bearish_Engulfing,AGLD_USDT_USDT,1H,Pattern
0,0.0,0.0,0.0,0.0,0.0,0.0,0,0.0,0.0,0.0,0.0,0.0,0.0,S05_Bearish_Engulfing,ATOM_USDT_USDT,1H,Pattern
0,0.0,0.0,0.0,0.0,0.0,0.0,0,0.0,0.0,0.0,0.0,0.0,0.0,S05_Bearish_Engulfing,1000LUNC_USDT_USDT,4H,Pattern
0,0.0,0.0,0.0,0.0,0.0,0.0,0,0.0,0.0,0.0,0.0,0.0,0.0,S05_Bearish_Engulfing,ANKR_USDT_USDT,4H,Pattern
0,0.0,0.0,0.0,0.0,0.0,0.0,0,0.0,0.0,0.0,0.0,0.0,0.0,S05_Bearish_Engulfing,CHZ_USDT_USDT,4H,Pattern
0,0.0,0.0,0.0,0.0,0.0,0.0,0,0.0,0.0,0.0,0.0,0.0,0.0,S05_Bearish_Engulfing,CRV_USDT_USDT,4H,Pattern
0,0.0,0.0,0.0,0.0,0.0,0.0,0,0.0,0.0,0.0,0.0,0.0,0.0,S05_Bearish_Engulfing,JST_USDT_USDT,4H,Pattern
0,0.0,0.0,0.0,0.0,0.0,0.0,0,0.0,0.0,0.0,0.0,0.0,0.0,S05_Bearish_Engulfing,ONT_USDT_USDT,4H,Pattern
0,0.0,0.0,0.0,0.0,0.0,0.0,0,0.0,0.0,0.0,0.0,0.0,0.0,S05_Bearish_Engulfing,OP_USDT_USDT,4H,Pattern
0,0.0,0.0,0.0,0.0,0.0,0.0,0,0.0,0.0,0.0,0.0,0.0,0.0,S05_Bearish_Engulfing,SUN_USDT_USDT,4H,Pattern
0,0.0,0.0,0.0,0.0,0.0,0.0,0,0.0,0.0,0.0,0.0,0.0,0.0,S05_Bearish_Engulfing,TRX_USDT_USDT,4H,Pattern
0,0.0,0.0,0.0,0.0,0.0,0.0,0,0.0,0.0,0.0,0.0,0.0,0.0,S05_Bearish_Engulfing,APT_USDT_USDT,4H,Pattern
0,0.0,0.0,0.0,0.0,0.0,0.0,0,0.0,0.0,0.0,0.0,0.0,0.0,S05_Bearish_Engulfing,AVAX_USDT_USDT,4H,Pattern
0,0.0,0.0,0.0,0.0,0.0,0.0,0,0.0,0.0,0.0,0.0,0.0,0.0,S05_Bearish_Engulfing,DYDX_USDT_USDT,4H,Pattern
0,0.0,0.0,0.0,0.0,0.0,0.0,0,0.0,0.0,0.0,0.0,0.0,0.0,S05_Bearish_Engulfing,FLOW_USDT_USDT,4H,Pattern
0,0.0,0.0,0.0,0.0,0.0,0.0,0,0.0,0.0,0.0,0.0,0.0,0.0,S05_Bearish_Engulfing,MANA_USDT_USDT,4H,Pattern
0,0.0,0.0,0.0,0.0,0.0,0.0,0,0.0,0.0,0.0,0.0,0.0,0.0,S05_Bearish_Engulfing,MINA_USDT_USDT,4H,Pattern
0,0.0,0.0,0.0,0.0,0.0,0.0,0,0.0,0.0,0.0,0.0,0.0,0.0,S05_Bearish_Engulfing,TWT_USDT_USDT,4H,Pattern
0,0.0,0.0,0.0,0.0,0.0,0.0,0,0.0,0.0,0.0,0.0,0.0,0.0,S05_Bearish_Engulfing,ZEN_USDT_USDT,4H,Pattern
0,0.0,0.0,0.0,0.0,0.0,0.0,0,0.0,0.0,0.0,0.0,0.0,0.0,S05_Bearish_Engulfing,ZRX_USDT_USDT,4H,Pattern
0,0.0,0.0,0.0,0.0,0.0,0.0,0,0.0,0.0,0.0,0.0,0.0,0.0,S05_Bearish_Engulfing,ALICE_USDT_USDT,4H,Pattern
0,0.0,0.0,0.0,0.0,0.0,0.0,0,0.0,0.0,0.0,0.0,0.0,0.0,S05_Bearish_Engulfing,BTC_USDT_USDT,4H,Pattern
0,0.0,0.0,0.0,0.0,0.0,0.0,0,0.0,0.0,0.0,0.0,0.0,0.0,S05_Bearish_Engulfing,ETH_USDT_USDT,4H,Pattern
0,0.0,0.0,0.0,0.0,0.0,0.0,0,0.0,0.0,0.0,0.0,0.0,0.0,S05_Bearish_Engulfing,BNB_USDT_USDT,4H,Pattern
0,0.0,0.0,0.0,0.0,0.0,0.0,0,0.0,0.0,0.0,0.0,0.0,0.0,S05_Bearish_Engulfing,1000BTT_USDT_USDT,4H,Pattern
0,0.0,0.0,0.0,0.0,0.0,0.0,0,0.0,0.0,0.0,0.0,0.0,0.0,S05_Bearish_Engulfing,AGLD_USDT_USDT,4H,Pattern
0,0.0,0.0,0.0,0.0,0.0,0.0,0,0.0,0.0,0.0,0.0,0.0,0.0,S05_Bearish_Engulfing,ATOM_USDT_USDT,4H,Pattern
0,0.0,0.0,0.0,0.0,0.0,0.0,0,0.0,0.0,0.0,0.0,0.0,0.0,S05_Bearish_Engulfing,1000LUNC_USDT_USDT,1D,Pattern
0,0.0,0.0,0.0,0.0,0.0,0.0,0,0.0,0.0,0.0,0.0,0.0,0.0,S05_Bearish_Engulfing,ANKR_USDT_USDT,1D,Pattern
0,0.0,0.0,0.0,0.0,0.0,0.0,0,0.0,0.0,0.0,0.0,0.0,0.0,S05_Bearish_Engulfing,CHZ_USDT_USDT,1D,Pattern
0,0.0,0.0,0.0,0.0,0.0,0.0,0,0.0,0.0,0.0,0.0,0.0,0.0,S05_Bearish_Engulfing,CRV_USDT_USDT,1D,Pattern
0,0.0,0.0,0.0,0.0,0.0,0.0,0,0.0,0.0,0.0,0.0,0.0,0.0,S05_Bearish_Engulfing,JST_USDT_USDT,1D,Pattern
0,0.0,0.0,0.0,0.0,0.0,0.0,0,0.0,0.0,0.0,0.0,0.0,0.0,S05_Bearish_Engulfing,ONT_USDT_USDT,1D,Pattern
0,0.0,0.0,0.0,0.0,0.0,0.0,0,0.0,0.0,0.0,0.0,0.0,0.0,S05_Bearish_Engulfing,OP_USDT_USDT,1D,Pattern
0,0.0,0.0,0.0,0.0,0.0,0.0,0,0.0,0.0,0.0,0.0,0.0,0.0,S05_Bearish_Engulfing,SUN_USDT_USDT,1D,Pattern
0,0.0,0.0,0.0,0.0,0.0,0.0,0,0.0,0.0,0.0,0.0,0.0,0.0,S05_Bearish_Engulfing,TRX_USDT_USDT,1D,Pattern
0,0.0,0.0,0.0,0.0,0.0,0.0,0,0.0,0.0,0.0,0.0,0.0,0.0,S05_Bearish_Engulfing,APT_USDT_USDT,1D,Pattern
0,0.0,0.0,0.0,0.0,0.0,0.0,0,0.0,0.0,0.0,0.0,0.0,0.0,S05_Bearish_Engulfing,AVAX_USDT_USDT,1D,Pattern
0,0.0,0.0,0.0,0.0,0.0,0.0,0,0.0,0.0,0.0,0.0,0.0,0.0,S05_Bearish_Engulfing,DYDX_USDT_USDT,1D,Pattern
0,0.0,0.0,0.0,0.0,0.0,0.0,0,0.0,0.0,0.0,0.0,0.0,0.0,S05_Bearish_Engulfing,FLOW_USDT_USDT,1D,Pattern
0,0.0,0.0,0.0,0.0,0.0,0.0,0,0.0,0.0,0.0,0.0,0.0,0.0,S05_Bearish_Engulfing,MANA_USDT_USDT,1D,Pattern
0,0.0,0.0,0.0,0.0,0.0,0.0,0,0.0,0.0,0.0,0.0,0.0,0.0,S05_Bearish_Engulfing,MINA_USDT_USDT,1D,Pattern
0,0.0,0.0,0.0,0.0,0.0,0.0,0,0.0,0.0,0.0,0.0,0.0,0.0,S05_Bearish_Engulfing,TWT_USDT_USDT,1D,Pattern
0,0.0,0.0,0.0,0.0,0.0,0.0,0,0.0,0.0,0.0,0.0,0.0,0.0,S05_Bearish_Engulfing,ZEN_USDT_USDT,1D,Pattern
0,0.0,0.0,0.0,0.0,0.0,0.0,0,0.0,0.0,0.0,0.0,0.0,0.0,S05_Bearish_Engulfing,ZRX_USDT_USDT,1D,Pattern
0,0.0,0.0,0.0,0.0,0.0,0.0,0,0.0,0.0,0.0,0.0,0.0,0.0,S05_Bearish_Engulfing,ALICE_USDT_USDT,1D,Pattern
0,0.0,0.0,0.0,0.0,0.0,0.0,0,0.0,0.0,0.0,0.0,0.0,0.0,S05_Bearish_Engulfing,BTC_USDT_USDT,1D,Pattern
0,0.0,0.0,0.0,0.0,0.0,0.0,0,0.0,0.0,0.0,0.0,0.0,0.0,S05_Bearish_Engulfing,ETH_USDT_USDT,1D,Pattern
0,0.0,0.0,0.0,0.0,0.0,0.0,0,0.0,0.0,0.0,0.0,0.0,0.0,S05_Bearish_Engulfing,BNB_USDT_USDT,1D,Pattern
0,0.0,0.0,0.0,0.0,0.0,0.0,0,0.0,0.0,0.0,0.0,0.0,0.0,S05_Bearish_Engulfing,1000BTT_USDT_USDT,1D,Pattern
0,0.0,0.0,0.0,0.0,0.0,0.0,0,0.0,0.0,0.0,0.0,0.0,0.0,S05_Bearish_Engulfing,AGLD_USDT_USDT,1D,Pattern
0,0.0,0.0,0.0,0.0,0.0,0.0,0,0.0,0.0,0.0,0.0,0.0,0.0,S05_Bearish_Engulfing,ATOM_USDT_USDT,1D,Pattern
0,0.0,0.0,0.0,0.0,0.0,0.0,0,0.0,0.0,0.0,0.0,0.0,0.0,S06_Bullish_Engulfing,1000LUNC_USDT_USDT,1H,Pattern
0,0.0,0.0,0.0,0.0,0.0,0.0,0,0.0,0.0,0.0,0.0,0.0,0.0,S06_Bullish_Engulfing,ANKR_USDT_USDT,1H,Pattern
0,0.0,0.0,0.0,0.0,0.0,0.0,0,0.0,0.0,0.0,0.0,0.0,0.0,S06_Bullish_Engulfing,CHZ_USDT_USDT,1H,Pattern
0,0.0,0.0,0.0,0.0,0.0,0.0,0,0.0,0.0,0.0,0.0,0.0,0.0,S06_Bullish_Engulfing,CRV_USDT_USDT,1H,Pattern
0,0.0,0.0,0.0,0.0,0.0,0.0,0,0.0,0.0,0.0,0.0,0.0,0.0,S06_Bullish_Engulfing,JST_USDT_USDT,1H,Pattern
0,0.0,0.0,0.0,0.0,0.0,0.0,0,0.0,0.0,0.0,0.0,0.0,0.0,S06_Bullish_Engulfing,ONT_USDT_USDT,1H,Pattern
0,0.0,0.0,0.0,0.0,0.0,0.0,0,0.0,0.0,0.0,0.0,0.0,0.0,S06_Bullish_Engulfing,OP_USDT_USDT,1H,Pattern
0,0.0,0.0,0.0,0.0,0.0,0.0,0,0.0,0.0,0.0,0.0,0.0,0.0,S06_Bullish_Engulfing,SUN_USDT_USDT,1H,Pattern
0,0.0,0.0,0.0,0.0,0.0,0.0,0,0.0,0.0,0.0,0.0,0.0,0.0,S06_Bullish_Engulfing,TRX_USDT_USDT,1H,Pattern
0,0.0,0.0,0.0,0.0,0.0,0.0,0,0.0,0.0,0.0,0.0,0.0,0.0,S06_Bullish_Engulfing,APT_USDT_USDT,1H,Pattern
0,0.0,0.0,0.0,0.0,0.0,0.0,0,0.0,0.0,0.0,0.0,0.0,0.0,S06_Bullish_Engulfing,AVAX_USDT_USDT,1H,Pattern
0,0.0,0.0,0.0,0.0,0.0,0.0,0,0.0,0.0,0.0,0.0,0.0,0.0,S06_Bullish_Engulfing,DYDX_USDT_USDT,1H,Pattern
0,0.0,0.0,0.0,0.0,0.0,0.0,0,0.0,0.0,0.0,0.0,0.0,0.0,S06_Bullish_Engulfing,FLOW_USDT_USDT,1H,Pattern
0,0.0,0.0,0.0,0.0,0.0,0.0,0,0.0,0.0,0.0,0.0,0.0,0.0,S06_Bullish_Engulfing,MANA_USDT_USDT,1H,Pattern
0,0.0,0.0,0.0,0.0,0.0,0.0,0,0.0,0.0,0.0,0.0,0.0,0.0,S06_Bullish_Engulfing,MINA_USDT_USDT,1H,Pattern
0,0.0,0.0,0.0,0.0,0.0,0.0,0,0.0,0.0,0.0,0.0,0.0,0.0,S06_Bullish_Engulfing,TWT_USDT_USDT,1H,Pattern
0,0.0,0.0,0.0,0.0,0.0,0.0,0,0.0,0.0,0.0,0.0,0.0,0.0,S06_Bullish_Engulfing,ZEN_USDT_USDT,1H,Pattern
0,0.0,0.0,0.0,0.0,0.0,0.0,0,0.0,0.0,0.0,0.0,0.0,0.0,S06_Bullish_Engulfing,ZRX_USDT_USDT,1H,Pattern
0,0.0,0.0,0.0,0.0,0.0,0.0,0,0.0,0.0,0.0,0.0,0.0,0.0,S06_Bullish_Engulfing,ALICE_USDT_USDT,1H,Pattern
0,0.0,0.0,0.0,0.0,0.0,0.0,0,0.0,0.0,0.0,0.0,0.0,0.0,S06_Bullish_Engulfing,BTC_USDT_USDT,1H,Pattern
0,0.0,0.0,0.0,0.0,0.0,0.0,0,0.0,0.0,0.0,0.0,0.0,0.0,S06_Bullish_Engulfing,ETH_USDT_USDT,1H,Pattern
0,0.0,0.0,0.0,0.0,0.0,0.0,0,0.0,0.0,0.0,0.0,0.0,0.0,S06_Bullish_Engulfing,BNB_USDT_USDT,1H,Pattern
0,0.0,0.0,0.0,0.0,0.0,0.0,0,0.0,0.0,0.0,0.0,0.0,0.0,S06_Bullish_Engulfing,1000BTT_USDT_USDT,1H,Pattern
0,0.0,0.0,0.0,0.0,0.0,0.0,0,0.0,0.0,0.0,0.0,0.0,0.0,S06_Bullish_Engulfing,AGLD_USDT_USDT,1H,Pattern
0,0.0,0.0,0.0,0.0,0.0,0.0,0,0.0,0.0,0.0,0.0,0.0,0.0,S06_Bullish_Engulfing,ATOM_USDT_USDT,1H,Pattern
0,0.0,0.0,0.0,0.0,0.0,0.0,0,0.0,0.0,0.0,0.0,0.0,0.0,S06_Bullish_Engulfing,1000LUNC_USDT_USDT,4H,Pattern
0,0.0,0.0,0.0,0.0,0.0,0.0,0,0.0,0.0,0.0,0.0,0.0,0.0,S06_Bullish_Engulfing,ANKR_USDT_USDT,4H,Pattern
0,0.0,0.0,0.0,0.0,0.0,0.0,0,0.0,0.0,0.0,0.0,0.0,0.0,S06_Bullish_Engulfing,CHZ_USDT_USDT,4H,Pattern
0,0.0,0.0,0.0,0.0,0.0,0.0,0,0.0,0.0,0.0,0.0,0.0,0.0,S06_Bullish_Engulfing,CRV_USDT_USDT,4H,Pattern
0,0.0,0.0,0.0,0.0,0.0,0.0,0,0.0,0.0,0.0,0.0,0.0,0.0,S06_Bullish_Engulfing,JST_USDT_USDT,4H,Pattern
0,0.0,0.0,0.0,0.0,0.0,0.0,0,0.0,0.0,0.0,0.0,0.0,0.0,S06_Bullish_Engulfing,ONT_USDT_USDT,4H,Pattern
0,0.0,0.0,0.0,0.0,0.0,0.0,0,0.0,0.0,0.0,0.0,0.0,0.0,S06_Bullish_Engulfing,OP_USDT_USDT,4H,Pattern
0,0.0,0.0,0.0,0.0,0.0,0.0,0,0.0,0.0,0.0,0.0,0.0,0.0,S06_Bullish_Engulfing,SUN_USDT_USDT,4H,Pattern
0,0.0,0.0,0.0,0.0,0.0,0.0,0,0.0,0.0,0.0,0.0,0.0,0.0,S06_Bullish_Engulfing,TRX_USDT_USDT,4H,Pattern
0,0.0,0.0,0.0,0.0,0.0,0.0,0,0.0,0.0,0.0,0.0,0.0,0.0,S06_Bullish_Engulfing,APT_USDT_USDT,4H,Pattern
0,0.0,0.0,0.0,0.0,0.0,0.0,0,0.0,0.0,0.0,0.0,0.0,0.0,S06_Bullish_Engulfing,AVAX_USDT_USDT,4H,Pattern
0,0.0,0.0,0.0,0.0,0.0,0.0,0,0.0,0.0,0.0,0.0,0.0,0.0,S06_Bullish_Engulfing,DYDX_USDT_USDT,4H,Pattern
0,0.0,0.0,0.0,0.0,0.0,0.0,0,0.0,0.0,0.0,0.0,0.0,0.0,S06_Bullish_Engulfing,FLOW_USDT_USDT,4H,Pattern
0,0.0,0.0,0.0,0.0,0.0,0.0,0,0.0,0.0,0.0,0.0,0.0,0.0,S06_Bullish_Engulfing,MANA_USDT_USDT,4H,Pattern
0,0.0,0.0,0.0,0.0,0.0,0.0,0,0.0,0.0,0.0,0.0,0.0,0.0,S06_Bullish_Engulfing,MINA_USDT_USDT,4H,Pattern
0,0.0,0.0,0.0,0.0,0.0,0.0,0,0.0,0.0,0.0,0.0,0.0,0.0,S06_Bullish_Engulfing,TWT_USDT_USDT,4H,Pattern
0,0.0,0.0,0.0,0.0,0.0,0.0,0,0.0,0.0,0.0,0.0,0.0,0.0,S06_Bullish_Engulfing,ZEN_USDT_USDT,4H,Pattern
0,0.0,0.0,0.0,0.0,0.0,0.0,0,0.0,0.0,0.0,0.0,0.0,0.0,S06_Bullish_Engulfing,ZRX_USDT_USDT,4H,Pattern
0,0.0,0.0,0.0,0.0,0.0,0.0,0,0.0,0.0,0.0,0.0,0.0,0.0,S06_Bullish_Engulfing,ALICE_USDT_USDT,4H,Pattern
0,0.0,0.0,0.0,0.0,0.0,0.0,0,0.0,0.0,0.0,0.0,0.0,0.0,S06_Bullish_Engulfing,BTC_USDT_USDT,4H,Pattern
0,0.0,0.0,0.0,0.0,0.0,0.0,0,0.0,0.0,0.0,0.0,0.0,0.0,S06_Bullish_Engulfing,ETH_USDT_USDT,4H,Pattern
0,0.0,0.0,0.0,0.0,0.0,0.0,0,0.0,0.0,0.0,0.0,0.0,0.0,S06_Bullish_Engulfing,BNB_USDT_USDT,4H,Pattern
0,0.0,0.0,0.0,0.0,0.0,0.0,0,0.0,0.0,0.0,0.0,0.0,0.0,S06_Bullish_Engulfing,1000BTT_USDT_USDT,4H,Pattern
0,0.0,0.0,0.0,0.0,0.0,0.0,0,0.0,0.0,0.0,0.0,0.0,0.0,S06_Bullish_Engulfing,AGLD_USDT_USDT,4H,Pattern
0,0.0,0.0,0.0,0.0,0.0,0.0,0,0.0,0.0,0.0,0.0,0.0,0.0,S06_Bullish_Engulfing,ATOM_USDT_USDT,4H,Pattern
0,0.0,0.0,0.0,0.0,0.0,0.0,0,0.0,0.0,0.0,0.0,0.0,0.0,S06_Bullish_Engulfing,1000LUNC_USDT_USDT,1D,Pattern
0,0.0,0.0,0.0,0.0,0.0,0.0,0,0.0,0.0,0.0,0.0,0.0,0.0,S06_Bullish_Engulfing,ANKR_USDT_USDT,1D,Pattern
0,0.0,0.0,0.0,0.0,0.0,0.0,0,0.0,0.0,0.0,0.0,0.0,0.0,S06_Bullish_Engulfing,CHZ_USDT_USDT,1D,Pattern
0,0.0,0.0,0.0,0.0,0.0,0.0,0,0.0,0.0,0.0,0.0,0.0,0.0,S06_Bullish_Engulfing,CRV_USDT_USDT,1D,Pattern
0,0.0,0.0,0.0,0.0,0.0,0.0,0,0.0,0.0,0.0,0.0,0.0,0.0,S06_Bullish_Engulfing,JST_USDT_USDT,1D,Pattern
0,0.0,0.0,0.0,0.0,0.0,0.0,0,0.0,0.0,0.0,0.0,0.0,0.0,S06_Bullish_Engulfing,ONT_USDT_USDT,1D,Pattern
0,0.0,0.0,0.0,0.0,0.0,0.0,0,0.0,0.0,0.0,0.0,0.0,0.0,S06_Bullish_Engulfing,OP_USDT_USDT,1D,Pattern
0,0.0,0.0,0.0,0.0,0.0,0.0,0,0.0,0.0,0.0,0.0,0.0,0.0,S06_Bullish_Engulfing,SUN_USDT_USDT,1D,Pattern
0,0.0,0.0,0.0,0.0,0.0,0.0,0,0.0,0.0,0.0,0.0,0.0,0.0,S06_Bullish_Engulfing,TRX_USDT_USDT,1D,Pattern
0,0.0,0.0,0.0,0.0,0.0,0.0,0,0.0,0.0,0.0,0.0,0.0,0.0,S06_Bullish_Engulfing,APT_USDT_USDT,1D,Pattern
0,0.0,0.0,0.0,0.0,0.0,0.0,0,0.0,0.0,0.0,0.0,0.0,0.0,S06_Bullish_Engulfing,AVAX_USDT_USDT,1D,Pattern
0,0.0,0.0,0.0,0.0,0.0,0.0,0,0.0,0.0,0.0,0.0,0.0,0.0,S06_Bullish_Engulfing,DYDX_USDT_USDT,1D,Pattern
0,0.0,0.0,0.0,0.0,0.0,0.0,0,0.0,0.0,0.0,0.0,0.0,0.0,S06_Bullish_Engulfing,FLOW_USDT_USDT,1D,Pattern
0,0.0,0.0,0.0,0.0,0.0,0.0,0,0.0,0.0,0.0,0.0,0.0,0.0,S06_Bullish_Engulfing,MANA_USDT_USDT,1D,Pattern
0,0.0,0.0,0.0,0.0,0.0,0.0,0,0.0,0.0,0.0,0.0,0.0,0.0,S06_Bullish_Engulfing,MINA_USDT_USDT,1D,Pattern
0,0.0,0.0,0.0,0.0,0.0,0.0,0,0.0,0.0,0.0,0.0,0.0,0.0,S06_Bullish_Engulfing,TWT_USDT_USDT,1D,Pattern
0,0.0,0.0,0.0,0.0,0.0,0.0,0,0.0,0.0,0.0,0.0,0.0,0.0,S06_Bullish_Engulfing,ZEN_USDT_USDT,1D,Pattern
0,0.0,0.0,0.0,0.0,0.0,0.0,0,0.0,0.0,0.0,0.0,0.0,0.0,S06_Bullish_Engulfing,ZRX_USDT_USDT,1D,Pattern
0,0.0,0.0,0.0,0.0,0.0,0.0,0,0.0,0.0,0.0,0.0,0.0,0.0,S06_Bullish_Engulfing,ALICE_USDT_USDT,1D,Pattern
0,0.0,0.0,0.0,0.0,0.0,0.0,0,0.0,0.0,0.0,0.0,0.0,0.0,S06_Bullish_Engulfing,BTC_USDT_USDT,1D,Pattern
0,0.0,0.0,0.0,0.0,0.0,0.0,0,0.0,0.0,0.0,0.0,0.0,0.0,S06_Bullish_Engulfing,ETH_USDT_USDT,1D,Pattern
0,0.0,0.0,0.0,0.0,0.0,0.0,0,0.0,0.0,0.0,0.0,0.0,0.0,S06_Bullish_Engulfing,BNB_USDT_USDT,1D,Pattern
0,0.0,0.0,0.0,0.0,0.0,0.0,0,0.0,0.0,0.0,0.0,0.0,0.0,S06_Bullish_Engulfing,1000BTT_USDT_USDT,1D,Pattern
0,0.0,0.0,0.0,0.0,0.0,0.0,0,0.0,0.0,0.0,0.0,0.0,0.0,S06_Bullish_Engulfing,AGLD_USDT_USDT,1D,Pattern
0,0.0,0.0,0.0,0.0,0.0,0.0,0,0.0,0.0,0.0,0.0,0.0,0.0,S06_Bullish_Engulfing,ATOM_USDT_USDT,1D,Pattern
0,0.0,0.0,0.0,0.0,0.0,0.0,0,0.0,0.0,0.0,0.0,0.0,0.0,S07_Three_Black_Crows,1000LUNC_USDT_USDT,1H,Pattern
0,0.0,0.0,0.0,0.0,0.0,0.0,0,0.0,0.0,0.0,0.0,0.0,0.0,S07_Three_Black_Crows,ANKR_USDT_USDT,1H,Pattern
0,0.0,0.0,0.0,0.0,0.0,0.0,0,0.0,0.0,0.0,0.0,0.0,0.0,S07_Three_Black_Crows,CHZ_USDT_USDT,1H,Pattern
0,0.0,0.0,0.0,0.0,0.0,0.0,0,0.0,0.0,0.0,0.0,0.0,0.0,S07_Three_Black_Crows,CRV_USDT_USDT,1H,Pattern
0,0.0,0.0,0.0,0.0,0.0,0.0,0,0.0,0.0,0.0,0.0,0.0,0.0,S07_Three_Black_Crows,JST_USDT_USDT,1H,Pattern
0,0.0,0.0,0.0,0.0,0.0,0.0,0,0.0,0.0,0.0,0.0,0.0,0.0,S07_Three_Black_Crows,ONT_USDT_USDT,1H,Pattern
0,0.0,0.0,0.0,0.0,0.0,0.0,0,0.0,0.0,0.0,0.0,0.0,0.0,S07_Three_Black_Crows,OP_USDT_USDT,1H,Pattern
0,0.0,0.0,0.0,0.0,0.0,0.0,0,0.0,0.0,0.0,0.0,0.0,0.0,S07_Three_Black_Crows,SUN_USDT_USDT,1H,Pattern
0,0.0,0.0,0.0,0.0,0.0,0.0,0,0.0,0.0,0.0,0.0,0.0,0.0,S07_Three_Black_Crows,TRX_USDT_USDT,1H,Pattern
0,0.0,0.0,0.0,0.0,0.0,0.0,0,0.0,0.0,0.0,0.0,0.0,0.0,S07_Three_Black_Crows,APT_USDT_USDT,1H,Pattern
0,0.0,0.0,0.0,0.0,0.0,0.0,0,0.0,0.0,0.0,0.0,0.0,0.0,S07_Three_Black_Crows,AVAX_USDT_USDT,1H,Pattern
0,0.0,0.0,0.0,0.0,0.0,0.0,0,0.0,0.0,0.0,0.0,0.0,0.0,S07_Three_Black_Crows,DYDX_USDT_USDT,1H,Pattern
0,0.0,0.0,0.0,0.0,0.0,0.0,0,0.0,0.0,0.0,0.0,0.0,0.0,S07_Three_Black_Crows,FLOW_USDT_USDT,1H,Pattern
0,0.0,0.0,0.0,0.0,0.0,0.0,0,0.0,0.0,0.0,0.0,0.0,0.0,S07_Three_Black_Crows,MANA_USDT_USDT,1H,Pattern
0,0.0,0.0,0.0,0.0,0.0,0.0,0,0.0,0.0,0.0,0.0,0.0,0.0,S07_Three_Black_Crows,MINA_USDT_USDT,1H,Pattern
0,0.0,0.0,0.0,0.0,0.0,0.0,0,0.0,0.0,0.0,0.0,0.0,0.0,S07_Three_Black_Crows,TWT_USDT_USDT,1H,Pattern
0,0.0,0.0,0.0,0.0,0.0,0.0,0,0.0,0.0,0.0,0.0,0.0,0.0,S07_Three_Black_Crows,ZEN_USDT_USDT,1H,Pattern
0,0.0,0.0,0.0,0.0,0.0,0.0,0,0.0,0.0,0.0,0.0,0.0,0.0,S07_Three_Black_Crows,ZRX_USDT_USDT,1H,Pattern
0,0.0,0.0,0.0,0.0,0.0,0.0,0,0.0,0.0,0.0,0.0,0.0,0.0,S07_Three_Black_Crows,ALICE_USDT_USDT,1H,Pattern
0,0.0,0.0,0.0,0.0,0.0,0.0,0,0.0,0.0,0.0,0.0,0.0,0.0,S07_Three_Black_Crows,BTC_USDT_USDT,1H,Pattern
0,0.0,0.0,0.0,0.0,0.0,0.0,0,0.0,0.0,0.0,0.0,0.0,0.0,S07_Three_Black_Crows,ETH_USDT_USDT,1H,Pattern
0,0.0,0.0,0.0,0.0,0.0,0.0,0,0.0,0.0,0.0,0.0,0.0,0.0,S07_Three_Black_Crows,BNB_USDT_USDT,1H,Pattern
0,0.0,0.0,0.0,0.0,0.0,0.0,0,0.0,0.0,0.0,0.0,0.0,0.0,S07_Three_Black_Crows,1000BTT_USDT_USDT,1H,Pattern
0,0.0,0.0,0.0,0.0,0.0,0.0,0,0.0,0.0,0.0,0.0,0.0,0.0,S07_Three_Black_Crows,AGLD_USDT_USDT,1H,Pattern
0,0.0,0.0,0.0,0.0,0.0,0.0,0,0.0,0.0,0.0,0.0,0.0,0.0,S07_Three_Black_Crows,ATOM_USDT_USDT,1H,Pattern
0,0.0,0.0,0.0,0.0,0.0,0.0,0,0.0,0.0,0.0,0.0,0.0,0.0,S07_Three_Black_Crows,1000LUNC_USDT_USDT,4H,Pattern
0,0.0,0.0,0.0,0.0,0.0,0.0,0,0.0,0.0,0.0,0.0,0.0,0.0,S07_Three_Black_Crows,ANKR_USDT_USDT,4H,Pattern
0,0.0,0.0,0.0,0.0,0.0,0.0,0,0.0,0.0,0.0,0.0,0.0,0.0,S07_Three_Black_Crows,CHZ_USDT_USDT,4H,Pattern
0,0.0,0.0,0.0,0.0,0.0,0.0,0,0.0,0.0,0.0,0.0,0.0,0.0,S07_Three_Black_Crows,CRV_USDT_USDT,4H,Pattern
0,0.0,0.0,0.0,0.0,0.0,0.0,0,0.0,0.0,0.0,0.0,0.0,0.0,S07_Three_Black_Crows,JST_USDT_USDT,4H,Pattern
0,0.0,0.0,0.0,0.0,0.0,0.0,0,0.0,0.0,0.0,0.0,0.0,0.0,S07_Three_Black_Crows,ONT_USDT_USDT,4H,Pattern
0,0.0,0.0,0.0,0.0,0.0,0.0,0,0.0,0.0,0.0,0.0,0.0,0.0,S07_Three_Black_Crows,OP_USDT_USDT,4H,Pattern
0,0.0,0.0,0.0,0.0,0.0,0.0,0,0.0,0.0,0.0,0.0,0.0,0.0,S07_Three_Black_Crows,SUN_USDT_USDT,4H,Pattern
0,0.0,0.0,0.0,0.0,0.0,0.0,0,0.0,0.0,0.0,0.0,0.0,0.0,S07_Three_Black_Crows,TRX_USDT_USDT,4H,Pattern
0,0.0,0.0,0.0,0.0,0.0,0.0,0,0.0,0.0,0.0,0.0,0.0,0.0,S07_Three_Black_Crows,APT_USDT_USDT,4H,Pattern
0,0.0,0.0,0.0,0.0,0.0,0.0,0,0.0,0.0,0.0,0.0,0.0,0.0,S07_Three_Black_Crows,AVAX_USDT_USDT,4H,Pattern
0,0.0,0.0,0.0,0.0,0.0,0.0,0,0.0,0.0,0.0,0.0,0.0,0.0,S07_Three_Black_Crows,DYDX_USDT_USDT,4H,Pattern
0,0.0,0.0,0.0,0.0,0.0,0.0,0,0.0,0.0,0.0,0.0,0.0,0.0,S07_Three_Black_Crows,FLOW_USDT_USDT,4H,Pattern
0,0.0,0.0,0.0,0.0,0.0,0.0,0,0.0,0.0,0.0,0.0,0.0,0.0,S07_Three_Black_Crows,MANA_USDT_USDT,4H,Pattern
0,0.0,0.0,0.0,0.0,0.0,0.0,0,0.0,0.0,0.0,0.0,0.0,0.0,S07_Three_Black_Crows,MINA_USDT_USDT,4H,Pattern
0,0.0,0.0,0.0,0.0,0.0,0.0,0,0.0,0.0,0.0,0.0,0.0,0.0,S07_Three_Black_Crows,TWT_USDT_USDT,4H,Pattern
0,0.0,0.0,0.0,0.0,0.0,0.0,0,0.0,0.0,0.0,0.0,0.0,0.0,S07_Three_Black_Crows,ZEN_USDT_USDT,4H,Pattern
0,0.0,0.0,0.0,0.0,0.0,0.0,0,0.0,0.0,0.0,0.0,0.0,0.0,S07_Three_Black_Crows,ZRX_USDT_USDT,4H,Pattern
0,0.0,0.0,0.0,0.0,0.0,0.0,0,0.0,0.0,0.0,0.0,0.0,0.0,S07_Three_Black_Crows,ALICE_USDT_USDT,4H,Pattern
0,0.0,0.0,0.0,0.0,0.0,0.0,0,0.0,0.0,0.0,0.0,0.0,0.0,S07_Three_Black_Crows,BTC_USDT_USDT,4H,Pattern
0,0.0,0.0,0.0,0.0,0.0,0.0,0,0.0,0.0,0.0,0.0,0.0,0.0,S07_Three_Black_Crows,ETH_USDT_USDT,4H,Pattern
0,0.0,0.0,0.0,0.0,0.0,0.0,0,0.0,0.0,0.0,0.0,0.0,0.0,S07_Three_Black_Crows,BNB_USDT_USDT,4H,Pattern
0,0.0,0.0,0.0,0.0,0.0,0.0,0,0.0,0.0,0.0,0.0,0.0,0.0,S07_Three_Black_Crows,1000BTT_USDT_USDT,4H,Pattern
0,0.0,0.0,0.0,0.0,0.0,0.0,0,0.0,0.0,0.0,0.0,0.0,0.0,S07_Three_Black_Crows,AGLD_USDT_USDT,4H,Pattern
0,0.0,0.0,0.0,0.0,0.0,0.0,0,0.0,0.0,0.0,0.0,0.0,0.0,S07_Three_Black_Crows,ATOM_USDT_USDT,4H,Pattern
0,0.0,0.0,0.0,0.0,0.0,0.0,0,0.0,0.0,0.0,0.0,0.0,0.0,S07_Three_Black_Crows,1000LUNC_USDT_USDT,1D,Pattern
0,0.0,0.0,0.0,0.0,0.0,0.0,0,0.0,0.0,0.0,0.0,0.0,0.0,S07_Three_Black_Crows,ANKR_USDT_USDT,1D,Pattern
0,0.0,0.0,0.0,0.0,0.0,0.0,0,0.0,0.0,0.0,0.0,0.0,0.0,S07_Three_Black_Crows,CHZ_USDT_USDT,1D,Pattern
0,0.0,0.0,0.0,0.0,0.0,0.0,0,0.0,0.0,0.0,0.0,0.0,0.0,S07_Three_Black_Crows,CRV_USDT_USDT,1D,Pattern
0,0.0,0.0,0.0,0.0,0.0,0.0,0,0.0,0.0,0.0,0.0,0.0,0.0,S07_Three_Black_Crows,JST_USDT_USDT,1D,Pattern
0,0.0,0.0,0.0,0.0,0.0,0.0,0,0.0,0.0,0.0,0.0,0.0,0.0,S07_Three_Black_Crows,ONT_USDT_USDT,1D,Pattern
0,0.0,0.0,0.0,0.0,0.0,0.0,0,0.0,0.0,0.0,0.0,0.0,0.0,S07_Three_Black_Crows,OP_USDT_USDT,1D,Pattern
0,0.0,0.0,0.0,0.0,0.0,0.0,0,0.0,0.0,0.0,0.0,0.0,0.0,S07_Three_Black_Crows,SUN_USDT_USDT,1D,Pattern
0,0.0,0.0,0.0,0.0,0.0,0.0,0,0.0,0.0,0.0,0.0,0.0,0.0,S07_Three_Black_Crows,TRX_USDT_USDT,1D,Pattern
0,0.0,0.0,0.0,0.0,0.0,0.0,0,0.0,0.0,0.0,0.0,0.0,0.0,S07_Three_Black_Crows,APT_USDT_USDT,1D,Pattern
0,0.0,0.0,0.0,0.0,0.0,0.0,0,0.0,0.0,0.0,0.0,0.0,0.0,S07_Three_Black_Crows,AVAX_USDT_USDT,1D,Pattern
0,0.0,0.0,0.0,0.0,0.0,0.0,0,0.0,0.0,0.0,0.0,0.0,0.0,S07_Three_Black_Crows,DYDX_USDT_USDT,1D,Pattern
0,0.0,0.0,0.0,0.0,0.0,0.0,0,0.0,0.0,0.0,0.0,0.0,0.0,S07_Three_Black_Crows,FLOW_USDT_USDT,1D,Pattern
0,0.0,0.0,0.0,0.0,0.0,0.0,0,0.0,0.0,0.0,0.0,0.0,0.0,S07_Three_Black_Crows,MANA_USDT_USDT,1D,Pattern
0,0.0,0.0,0.0,0.0,0.0,0.0,0,0.0,0.0,0.0,0.0,0.0,0.0,S07_Three_Black_Crows,MINA_USDT_USDT,1D,Pattern
0,0.0,0.0,0.0,0.0,0.0,0.0,0,0.0,0.0,0.0,0.0,0.0,0.0,S07_Three_Black_Crows,TWT_USDT_USDT,1D,Pattern
0,0.0,0.0,0.0,0.0,0.0,0.0,0,0.0,0.0,0.0,0.0,0.0,0.0,S07_Three_Black_Crows,ZEN_USDT_USDT,1D,Pattern
0,0.0,0.0,0.0,0.0,0.0,0.0,0,0.0,0.0,0.0,0.0,0.0,0.0,S07_Three_Black_Crows,ZRX_USDT_USDT,1D,Pattern
0,0.0,0.0,0.0,0.0,0.0,0.0,0,0.0,0.0,0.0,0.0,0.0,0.0,S07_Three_Black_Crows,ALICE_USDT_USDT,1D,Pattern
0,0.0,0.0,0.0,0.0,0.0,0.0,0,0.0,0.0,0.0,0.0,0.0,0.0,S07_Three_Black_Crows,BTC_USDT_USDT,1D,Pattern
0,0.0,0.0,0.0,0.0,0.0,0.0,0,0.0,0.0,0.0,0.0,0.0,0.0,S07_Three_Black_Crows,ETH_USDT_USDT,1D,Pattern
0,0.0,0.0,0.0,0.0,0.0,0.0,0,0.0,0.0,0.0,0.0,0.0,0.0,S07_Three_Black_Crows,BNB_USDT_USDT,1D,Pattern
0,0.0,0.0,0.0,0.0,0.0,0.0,0,0.0,0.0,0.0,0.0,0.0,0.0,S07_Three_Black_Crows,1000BTT_USDT_USDT,1D,Pattern
0,0.0,0.0,0.0,0.0,0.0,0.0,0,0.0,0.0,0.0,0.0,0.0,0.0,S07_Three_Black_Crows,AGLD_USDT_USDT,1D,Pattern
0,0.0,0.0,0.0,0.0,0.0,0.0,0,0.0,0.0,0.0,0.0,0.0,0.0,S07_Three_Black_Crows,ATOM_USDT_USDT,1D,Pattern
92,-5.9,-1.83,-0.2385,-0.3159,-0.135,-13.56,66,0.8822,39.13,-0.13,1.3724,-6.4101,26.52,S08_Shooting_Star_Short,1000LUNC_USDT_USDT,1H,Pattern
140,-11.94,-3.14,-0.1784,-0.315,-0.1522,-20.61,129,0.824,37.14,-0.06,1.3945,-8.5275,24.12,S08_Shooting_Star_Short,ANKR_USDT_USDT,1H,Pattern
124,-23.51,-6.5,-0.9521,-1.8722,-0.2055,-31.64,117,0.6648,31.45,-0.31,1.4489,-18.9628,20.0,S08_Shooting_Star_Short,CHZ_USDT_USDT,1H,Pattern
120,-26.76,-7.52,-1.0325,-1.8479,-0.2807,-26.77,120,0.6282,30.83,-0.47,1.4093,-22.3011,21.37,S08_Shooting_Star_Short,CRV_USDT_USDT,1H,Pattern
189,-26.9,-7.83,-0.4938,-0.6808,-0.2615,-29.95,168,0.6148,34.92,-0.12,1.1458,-14.2307,21.0,S08_Shooting_Star_Short,JST_USDT_USDT,1H,Pattern
137,-28.84,-9.25,-0.9904,-1.9471,-0.2726,-33.92,132,0.5675,29.93,-0.23,1.3288,-21.0528,19.1,S08_Shooting_Star_Short,ONT_USDT_USDT,1H,Pattern
90,-5.17,-1.48,-0.0314,-0.0817,-0.0903,-16.42,39,0.9088,40.0,-0.01,1.3631,-5.743,25.79,S08_Shooting_Star_Short,OP_USDT_USDT,1H,Pattern
180,-37.69,-11.65,-0.4855,-0.7196,-0.3011,-38.69,180,0.4698,32.22,-0.15,0.9882,-20.937,18.0,S08_Shooting_Star_Short,SUN_USDT_USDT,1H,Pattern
169,-21.56,-6.0,-0.629,-1.2662,-0.256,-23.43,144,0.648,34.91,-0.11,1.2082,-12.7546,22.96,S08_Shooting_Star_Short,TRX_USDT_USDT,1H,Pattern
83,-8.27,-2.67,-0.1964,-0.5236,-0.1921,-13.88,81,0.8354,36.14,-0.08,1.4758,-9.9658,26.0,S08_Shooting_Star_Short,APT_USDT_USDT,1H,Pattern
127,-9.87,-2.57,-0.157,-0.421,-0.0997,-25.8,122,0.8498,38.58,-0.05,1.3528,-7.775,22.77,S08_Shooting_Star_Short,AVAX_USDT_USDT,1H,Pattern
109,-8.64,-2.32,0.1303,0.3804,-0.0957,-24.21,93,0.8732,36.7,0.05,1.5063,-7.9237,24.28,S08_Shooting_Star_Short,DYDX_USDT_USDT,1H,Pattern
131,-29.81,-8.51,-1.1717,-2.4799,-0.2823,-30.13,131,0.5711,30.53,-0.38,1.2993,-22.7559,20.32,S08_Shooting_Star_Short,FLOW_USDT_USDT,1H,Pattern
112,-24.25,-6.76,-0.7627,-1.5702,-0.2506,-26.96,112,0.5806,31.25,-0.27,1.2774,-21.6481,21.38,S08_Shooting_Star_Short,MANA_USDT_USDT,1H,Pattern
105,-24.95,-7.43,-0.3009,-0.7771,-0.2911,-25.54,103,0.5781,31.43,-0.11,1.2614,-23.7633,21.83,S08_Shooting_Star_Short,MINA_USDT_USDT,1H,Pattern
74,-9.31,-3.09,-1.0366,-1.389,-0.2615,-11.83,70,0.7662,39.19,-0.41,1.1889,-12.5769,27.05,S08_Shooting_Star_Short,TWT_USDT_USDT,1H,Pattern
149,-38.88,-11.67,-1.0166,-1.6754,-0.2719,-42.92,141,0.5302,28.86,-0.35,1.3069,-26.0953,16.25,S08_Shooting_Star_Short,ZEN_USDT_USDT,1H,Pattern
136,-38.12,-12.0,-1.7055,-2.6634,-0.3147,-38.12,136,0.4804,26.47,-0.56,1.3344,-28.0304,17.35,S08_Shooting_Star_Short,ZRX_USDT_USDT,1H,Pattern
142,-41.35,-12.7,-0.9823,-2.0375,-0.2883,-44.04,130,0.4773,28.87,-0.35,1.1758,-29.1166,15.91,S08_Shooting_Star_Short,ALICE_USDT_USDT,1H,Pattern
113,-21.27,-5.94,-1.3035,-3.4506,-0.2697,-22.02,113,0.5708,35.4,-0.21,1.0416,-18.819,23.45,S08_Shooting_Star_Short,BTC_USDT_USDT,1H,Pattern
131,-23.68,-6.54,-1.2609,-2.4318,-0.2406,-27.2,109,0.6348,35.11,-0.26,1.173,-18.0736,21.86,S08_Shooting_Star_Short,ETH_USDT_USDT,1H,Pattern
117,-10.29,-2.68,-0.3585,-0.8686,-0.1882,-14.26,103,0.7839,42.74,-0.06,1.0505,-8.7948,26.83,S08_Shooting_Star_Short,BNB_USDT_USDT,1H,Pattern
142,-31.36,-9.34,-0.9142,-1.4243,-0.2904,-32.15,132,0.4355,26.06,-0.23,1.2359,-22.0829,19.08,S08_Shooting_Star_Short,1000BTT_USDT_USDT,1H,Pattern
143,6.51,1.73,-0.1708,-0.2058,0.2302,-7.51,57,1.0854,45.45,-0.09,1.3025,4.5547,31.42,S08_Shooting_Star_Short,AGLD_USDT_USDT,1H,Pattern
108,-27.47,-7.78,-1.1435,-3.2157,-0.2473,-31.47,100,0.5554,27.78,-0.32,1.4439,-25.4393,19.53,S08_Shooting_Star_Short,ATOM_USDT_USDT,1H,Pattern
23,-5.47,-1.71,-0.0871,-0.1756,-0.1981,-8.65,14,0.6265,39.13,-0.18,0.9745,-23.7719,18.5,S08_Shooting_Star_Short,1000LUNC_USDT_USDT,4H,Pattern
35,5.52,1.4,0.5956,1.5785,0.1833,-7.64,29,1.266,45.71,0.9,1.5034,15.7756,30.91,S08_Shooting_Star_Short,ANKR_USDT_USDT,4H,Pattern
25,-6.28,-1.61,-0.2874,-0.5377,-0.1506,-10.69,23,0.6353,32.0,-0.45,1.35,-25.1103,17.2,S08_Shooting_Star_Short,CHZ_USDT_USDT,4H,Pattern
22,-2.93,-0.75,-0.4729,-0.8151,-0.1041,-7.17,22,0.8078,31.82,-0.92,1.7311,-13.3342,17.73,S08_Shooting_Star_Short,CRV_USDT_USDT,4H,Pattern
34,-1.36,-0.36,0.1943,0.226,-0.0688,-5.3,27,0.9118,50.0,0.29,0.9118,-4.0073,24.83,S08_Shooting_Star_Short,JST_USDT_USDT,4H,Pattern
20,16.07,4.74,2.0166,3.3083,2.3021,-2.06,7,3.8816,75.0,2.55,1.2939,80.3399,74.9,S08_Shooting_Star_Short,ONT_USDT_USDT,4H,Pattern
17,-1.92,-0.59,-0.3939,-1.0654,-0.0825,-7.11,15,0.8332,35.29,-0.62,1.5275,-11.3221,17.91,S08_Shooting_Star_Short,OP_USDT_USDT,4H,Pattern
34,2.82,0.73,0.7384,1.0313,0.1077,-6.77,19,1.1996,58.82,0.93,0.8397,8.2833,33.31,S08_Shooting_Star_Short,SUN_USDT_USDT,4H,Pattern
30,1.22,0.31,0.0326,0.0555,0.0794,-3.85,8,1.0832,46.67,0.03,1.238,4.0814,23.66,S08_Shooting_Star_Short,TRX_USDT_USDT,4H,Pattern
14,-1.71,-0.59,0.4546,1.5265,-0.1088,-5.4,9,0.8043,42.86,0.75,1.0724,-12.1817,24.05,S08_Shooting_Star_Short,APT_USDT_USDT,4H,Pattern
18,-4.3,-1.12,-0.0283,-0.0959,-0.2447,-4.57,18,0.6602,33.33,-0.04,1.3204,-23.8974,18.39,S08_Shooting_Star_Short,AVAX_USDT_USDT,4H,Pattern
24,-19.09,-5.53,-3.0243,-4.0083,-0.2899,-19.09,24,0.0953,8.33,-2.94,1.0481,-79.544,11.13,S08_Shooting_Star_Short,DYDX_USDT_USDT,4H,Pattern
21,4.12,1.23,0.0356,0.0518,0.2966,-4.16,8,1.3868,52.38,0.07,1.2607,19.6291,26.64,S08_Shooting_Star_Short,FLOW_USDT_USDT,4H,Pattern
23,-4.22,-1.14,-0.1184,-0.3048,-0.1773,-6.44,17,0.7255,34.78,-0.12,1.3604,-18.3451,18.54,S08_Shooting_Star_Short,MANA_USDT_USDT,4H,Pattern
17,-1.31,-0.39,0.5661,3.0687,-0.0591,-6.51,11,0.8794,41.18,1.0,1.2563,-7.7238,24.59,S08_Shooting_Star_Short,MINA_USDT_USDT,4H,Pattern
13,-4.17,-1.71,-0.4725,-0.9718,-0.2775,-6.15,10,0.5619,30.77,-0.74,1.2643,-32.0948,17.55,S08_Shooting_Star_Short,TWT_USDT_USDT,4H,Pattern
23,-4.77,-1.47,0.1281,0.2246,-0.2017,-7.28,22,0.6707,39.13,0.24,1.0433,-20.7503,20.19,S08_Shooting_Star_Short,ZEN_USDT_USDT,4H,Pattern
25,1.18,0.36,0.3275,0.7542,0.0665,-5.34,11,1.0848,48.0,0.58,1.1752,4.718,25.44,S08_Shooting_Star_Short,ZRX_USDT_USDT,4H,Pattern
25,-7.48,-2.14,-0.3799,-0.9899,-0.2693,-7.95,25,0.594,28.0,-0.57,1.5273,-29.9333,17.45,S08_Shooting_Star_Short,ALICE_USDT_USDT,4H,Pattern
29,-13.51,-3.63,-1.1152,-1.1521,-0.269,-13.51,29,0.3074,20.69,-1.16,1.1785,-46.5747,15.4,S08_Shooting_Star_Short,BTC_USDT_USDT,4H,Pattern
27,-3.08,-0.81,-0.1106,-0.461,-0.1109,-7.34,24,0.838,29.63,-0.08,1.9902,-11.3941,18.2,S08_Shooting_Star_Short,ETH_USDT_USDT,4H,Pattern
24,-6.44,-1.68,-0.2971,-0.8317,-0.2157,-7.77,24,0.5884,33.33,-0.24,1.1768,-26.8399,18.1,S08_Shooting_Star_Short,BNB_USDT_USDT,4H,Pattern
25,2.34,0.63,1.1948,3.9499,0.1822,-3.47,19,1.2275,52.0,1.22,1.1331,9.3505,37.09,S08_Shooting_Star_Short,1000BTT_USDT_USDT,4H,Pattern
31,-3.62,-1.01,0.453,1.1971,-0.1349,-7.52,28,0.7923,45.16,0.87,0.962,-11.6796,25.56,S08_Shooting_Star_Short,AGLD_USDT_USDT,4H,Pattern
27,1.13,0.32,0.3846,1.2573,0.0444,-7.16,13,1.0662,40.74,0.49,1.5509,4.188,24.48,S08_Shooting_Star_Short,ATOM_USDT_USDT,4H,Pattern
0,0.0,0.0,0.0,0.0,0.0,0.0,0,0.0,0.0,0.0,0.0,0.0,0.0,S08_Shooting_Star_Short,1000LUNC_USDT_USDT,1D,Pattern
2,-0.05,-0.01,0.1057,0.0,-0.013,-1.02,1,0.9545,50.0,2.49,0.9545,-2.3322,22.9,S08_Shooting_Star_Short,ANKR_USDT_USDT,1D,Pattern
3,1.14,0.53,0.5693,0.0,0.5227,-1.02,1,2.0901,66.67,5.3,1.045,37.8674,41.57,S08_Shooting_Star_Short,CHZ_USDT_USDT,1D,Pattern
2,-2.03,-0.93,-5.0254,-5.0254,-0.4591,-2.03,2,0.0,0.0,-6.71,0.0,-101.7355,14.39,S08_Shooting_Star_Short,CRV_USDT_USDT,1D,Pattern
5,1.63,0.58,0.1308,0.0,0.581,-1.01,1,2.5746,80.0,1.54,0.6437,32.5294,41.69,S08_Shooting_Star_Short,JST_USDT_USDT,1D,Pattern
2,-0.27,-0.21,-0.2445,0.0,-0.2028,-1.01,2,0.7364,50.0,-2.78,0.7364,-13.3373,21.84,S08_Shooting_Star_Short,ONT_USDT_USDT,1D,Pattern
3,-3.01,-0.97,-4.7573,-4.7573,-0.322,-3.01,3,0.0,0.0,-11.32,0.0,-100.3478,14.1,S08_Shooting_Star_Short,OP_USDT_USDT,1D,Pattern
9,5.83,1.68,1.1104,53.6838,0.7561,-2.22,6,2.8669,66.67,5.11,1.4335,64.7666,54.01,S08_Shooting_Star_Short,SUN_USDT_USDT,1D,Pattern
7,-4.01,-1.63,-0.3951,-0.7846,-0.4063,-4.01,7,0.2326,28.57,-1.14,0.5814,-57.2223,17.88,S08_Shooting_Star_Short,TRX_USDT_USDT,1D,Pattern
1,-1.01,-0.72,0.0,0.0,-0.7075,-1.01,1,0.0,0.0,-12.53,0.0,-101.2157,14.7,S08_Shooting_Star_Short,APT_USDT_USDT,1D,Pattern
3,-1.16,-0.75,-0.148,-0.633,-0.367,-2.05,3,0.4314,33.33,-0.85,0.8629,-38.8093,19.15,S08_Shooting_Star_Short,AVAX_USDT_USDT,1D,Pattern
3,-3.02,-1.04,-3.1705,-3.1705,-0.3448,-3.02,3,0.0,0.0,-8.74,0.0,-100.7846,14.09,S08_Shooting_Star_Short,DYDX_USDT_USDT,1D,Pattern
3,-1.12,-0.53,0.0051,0.0198,-0.4733,-1.12,3,0.4554,33.33,0.05,0.9107,-37.2486,19.48,S08_Shooting_Star_Short,FLOW_USDT_USDT,1D,Pattern
3,-0.34,-0.1,-0.3895,-2.7977,-0.0503,-2.02,2,0.8364,33.33,-4.37,1.6728,-11.1992,19.16,S08_Shooting_Star_Short,MANA_USDT_USDT,1D,Pattern
3,-1.26,-0.51,-0.0915,-0.7888,-0.4047,-1.26,3,0.3814,33.33,-0.96,0.7629,-42.0114,19.38,S08_Shooting_Star_Short,MINA_USDT_USDT,1D,Pattern
1,-1.01,-0.5,0.0,0.0,-0.4889,-1.01,1,0.0,0.0,-11.11,0.0,-101.3625,14.7,S08_Shooting_Star_Short,TWT_USDT_USDT,1D,Pattern
2,0.25,0.06,0.1073,0.0,0.0627,-1.02,1,1.2375,50.0,1.74,1.2375,12.2988,25.11,S08_Shooting_Star_Short,ZEN_USDT_USDT,1D,Pattern
7,2.76,1.09,0.515,1.7941,1.075,-1.01,2,2.3635,71.43,3.99,0.9454,39.4161,47.24,S08_Shooting_Star_Short,ZRX_USDT_USDT,1D,Pattern
2,-0.21,-0.07,0.2109,0.0,-0.0694,-1.02,2,0.7998,50.0,3.45,0.7998,-10.2514,23.94,S08_Shooting_Star_Short,ALICE_USDT_USDT,1D,Pattern
4,-1.98,-0.53,-0.4473,-0.6137,-0.2525,-2.1,4,0.3734,25.0,-1.95,1.1202,-49.5917,17.94,S08_Shooting_Star_Short,BTC_USDT_USDT,1D,Pattern
3,-0.72,-0.21,0.0497,231.3911,-0.1015,-2.07,3,0.6532,33.33,0.37,1.3065,-23.9422,19.64,S08_Shooting_Star_Short,ETH_USDT_USDT,1D,Pattern
4,-1.39,-0.39,-0.3349,-0.677,-0.1252,-3.09,3,0.5582,25.0,-1.9,1.6747,-34.7118,17.64,S08_Shooting_Star_Short,BNB_USDT_USDT,1D,Pattern
5,-2.01,-0.59,0.2381,1.4298,-0.1937,-3.07,3,0.3537,40.0,1.87,0.5305,-40.1286,22.17,S08_Shooting_Star_Short,1000BTT_USDT_USDT,1D,Pattern
2,1.59,1.83,3.1481,0.0,0.0,0.0,0,999.0,100.0,16.06,0.0,79.6007,70.0,S08_Shooting_Star_Short,AGLD_USDT_USDT,1D,Pattern
1,0.63,0.33,0.0,0.0,0.0,0.0,0,999.0,100.0,9.36,0.0,62.8238,40.0,S08_Shooting_Star_Short,ATOM_USDT_USDT,1D,Pattern
140,-10.19,-3.19,-1.0664,-1.7188,-0.2812,-11.36,140,0.7156,27.14,-0.59,1.9208,-7.2754,25.47,S09_EMA_Cross_Long,1000LUNC_USDT_USDT,1H,Trend
141,-13.61,-3.6,-1.4814,-3.0723,-0.262,-13.74,139,0.6091,29.08,-0.73,1.4857,-9.6525,25.03,S09_EMA_Cross_Long,ANKR_USDT_USDT,1H,Trend
136,-8.01,-2.08,-0.606,-1.3559,-0.2422,-8.57,136,0.7561,33.09,-0.31,1.5291,-5.8923,27.15,S09_EMA_Cross_Long,CHZ_USDT_USDT,1H,Trend
127,1.01,0.25,0.1495,0.2948,0.0415,-6.13,91,1.0368,39.37,0.1,1.5967,0.7957,30.83,S09_EMA_Cross_Long,CRV_USDT_USDT,1H,Trend
140,5.25,1.34,0.0238,0.0483,0.2661,-5.04,67,1.1599,39.29,0.01,1.7926,3.7515,32.31,S09_EMA_Cross_Long,JST_USDT_USDT,1H,Trend
135,-2.46,-0.7,-0.1459,-0.3722,-0.1037,-6.76,62,0.9185,37.78,-0.07,1.5129,-1.824,28.37,S09_EMA_Cross_Long,ONT_USDT_USDT,1H,Trend
103,-7.35,-2.13,-0.7904,-1.826,-0.2903,-7.35,103,0.694,27.18,-0.55,1.8589,-7.135,26.68,S09_EMA_Cross_Long,OP_USDT_USDT,1H,Trend
122,-0.13,-0.03,0.2383,0.5369,-0.0044,-7.53,115,0.9963,37.7,0.12,1.6461,-0.105,30.51,S09_EMA_Cross_Long,SUN_USDT_USDT,1H,Trend
121,-10.04,-2.64,-1.1177,-1.7046,-0.2397,-11.03,104,0.6458,30.58,-0.3,1.4661,-8.2989,26.06,S09_EMA_Cross_Long,TRX_USDT_USDT,1H,Trend
98,0.84,0.27,-0.1081,-0.2402,0.0641,-4.17,54,1.0409,32.65,-0.06,2.1468,0.853,29.15,S09_EMA_Cross_Long,APT_USDT_USDT,1H,Trend
138,-14.14,-3.78,-0.8724,-1.7828,-0.2383,-15.87,114,0.6045,31.88,-0.46,1.2914,-10.2451,24.79,S09_EMA_Cross_Long,AVAX_USDT_USDT,1H,Trend
136,-11.68,-3.06,-1.112,-2.634,-0.2263,-13.52,110,0.6544,27.94,-0.67,1.6878,-8.5872,24.94,S09_EMA_Cross_Long,DYDX_USDT_USDT,1H,Trend
142,-12.8,-3.38,-1.0759,-2.0276,-0.2556,-13.2,140,0.6476,32.39,-0.58,1.3514,-9.0139,25.67,S09_EMA_Cross_Long,FLOW_USDT_USDT,1H,Trend
144,-14.31,-3.79,-1.5423,-3.1133,-0.25,-15.16,144,0.5746,29.86,-0.67,1.3496,-9.9377,24.72,S09_EMA_Cross_Long,MANA_USDT_USDT,1H,Trend
130,-13.33,-3.77,-1.3453,-2.8419,-0.2826,-13.33,130,0.5776,29.23,-0.67,1.3984,-10.2529,25.18,S09_EMA_Cross_Long,MINA_USDT_USDT,1H,Trend
96,-7.15,-2.36,-0.8597,-1.8724,-0.2443,-9.67,84,0.7039,32.29,-0.41,1.4759,-7.4509,26.71,S09_EMA_Cross_Long,TWT_USDT_USDT,1H,Trend
132,-14.95,-4.11,-1.9291,-3.9241,-0.2747,-14.96,129,0.5372,23.48,-0.96,1.7503,-11.3277,23.87,S09_EMA_Cross_Long,ZEN_USDT_USDT,1H,Trend
119,4.77,1.25,0.4476,1.1162,0.2953,-4.24,47,1.1924,39.5,0.26,1.8266,4.0107,37.26,S09_EMA_Cross_Long,ZRX_USDT_USDT,1H,Trend
127,-1.19,-0.3,-0.3409,-0.7888,-0.0458,-6.56,98,0.9617,35.43,-0.2,1.7525,-0.9357,28.09,S09_EMA_Cross_Long,ALICE_USDT_USDT,1H,Trend
137,-13.32,-3.55,-1.786,-3.554,-0.2655,-13.36,126,0.6079,27.74,-0.46,1.5836,-9.7255,24.95,S09_EMA_Cross_Long,BTC_USDT_USDT,1H,Trend
151,-12.57,-3.34,-1.0139,-2.0736,-0.2658,-12.57,151,0.6539,29.8,-0.42,1.5402,-8.3242,25.49,S09_EMA_Cross_Long,ETH_USDT_USDT,1H,Trend
143,-5.96,-1.55,-0.9515,-1.7483,-0.1551,-10.0,113,0.8106,36.36,-0.31,1.4185,-4.1711,27.2,S09_EMA_Cross_Long,BNB_USDT_USDT,1H,Trend
169,-8.21,-2.21,-0.3231,-0.6321,-0.1703,-13.0,134,0.8202,37.87,-0.09,1.3457,-4.8607,26.51,S09_EMA_Cross_Long,1000BTT_USDT_USDT,1H,Trend
128,-10.68,-3.08,-1.0317,-2.3167,-0.2107,-14.6,104,0.6928,31.25,-0.69,1.5243,-8.3426,25.08,S09_EMA_Cross_Long,AGLD_USDT_USDT,1H,Trend
145,-8.99,-2.34,-0.3902,-0.8371,-0.26,-8.99,145,0.738,33.79,-0.21,1.4458,-6.2025,27.13,S09_EMA_Cross_Long,ATOM_USDT_USDT,1H,Trend
23,-3.54,-1.08,-0.9053,-1.4896,-0.2725,-3.98,21,0.4282,26.09,-1.79,1.2133,-15.4069,18.03,S09_EMA_Cross_Long,1000LUNC_USDT_USDT,4H,Trend
40,1.99,0.51,0.2122,0.7995,0.2292,-2.24,12,1.204,42.5,0.44,1.629,4.981,28.91,S09_EMA_Cross_Long,ANKR_USDT_USDT,4H,Trend
35,4.29,1.07,0.5302,1.4756,0.3789,-2.81,26,1.6118,40.0,1.18,2.4177,12.268,34.79,S09_EMA_Cross_Long,CHZ_USDT_USDT,4H,Trend
29,-4.24,-1.12,-0.5033,-1.2468,-0.1999,-5.59,22,0.436,20.69,-1.33,1.6712,-14.6346,17.78,S09_EMA_Cross_Long,CRV_USDT_USDT,4H,Trend
37,-3.46,-0.96,-0.0742,-0.2102,-0.2295,-4.18,29,0.6705,32.43,-0.09,1.3969,-9.3518,21.21,S09_EMA_Cross_Long,JST_USDT_USDT,4H,Trend
24,-2.52,-0.73,-0.3741,-1.3703,-0.2267,-3.21,23,0.6183,33.33,-0.73,1.2367,-10.4989,19.47,S09_EMA_Cross_Long,ONT_USDT_USDT,4H,Trend
31,0.89,0.26,0.7775,2.9396,0.0733,-3.53,21,1.1501,38.71,1.9,1.821,2.8847,30.69,S09_EMA_Cross_Long,OP_USDT_USDT,4H,Trend
32,3.57,0.93,0.0769,0.1443,0.2737,-3.41,22,1.4388,46.88,0.13,1.6307,11.1529,28.56,S09_EMA_Cross_Long,SUN_USDT_USDT,4H,Trend
32,-0.05,-0.01,0.29,0.8926,-0.0042,-2.75,13,0.9937,43.75,0.25,1.2776,-0.1428,25.33,S09_EMA_Cross_Long,TRX_USDT_USDT,4H,Trend
23,-2.15,-0.69,-0.4551,-1.1331,-0.1666,-4.15,22,0.6181,26.09,-1.06,1.7513,-9.3686,17.98,S09_EMA_Cross_Long,APT_USDT_USDT,4H,Trend
38,0.32,0.08,-0.0685,-0.1706,0.0365,-2.2,25,1.0362,31.58,-0.14,2.2452,0.8307,22.37,S09_EMA_Cross_Long,AVAX_USDT_USDT,4H,Trend
28,3.14,0.79,0.3229,0.8006,0.5435,-1.46,16,1.7095,42.86,0.93,2.2793,11.206,34.19,S09_EMA_Cross_Long,DYDX_USDT_USDT,4H,Trend
32,1.45,0.37,0.2964,0.8462,0.1767,-2.11,10,1.2015,46.88,0.67,1.3617,4.532,28.72,S09_EMA_Cross_Long,FLOW_USDT_USDT,4H,Trend
38,-3.29,-0.84,-0.7675,-1.7503,-0.1966,-4.25,28,0.6752,31.58,-1.28,1.4629,-8.6643,21.24,S09_EMA_Cross_Long,MANA_USDT_USDT,4H,Trend
31,1.07,0.3,0.4975,1.7111,0.0814,-3.68,22,1.1458,38.71,1.06,1.8141,3.4653,27.87,S09_EMA_Cross_Long,MINA_USDT_USDT,4H,Trend
24,-2.94,-0.97,-0.7012,-2.096,-0.2381,-4.09,24,0.5886,25.0,-1.3,1.7658,-12.2396,18.01,S09_EMA_Cross_Long,TWT_USDT_USDT,4H,Trend
31,-0.53,-0.13,-0.0546,-0.1331,-0.032,-4.19,23,0.9326,35.48,-0.13,1.6957,-1.7181,20.65,S09_EMA_Cross_Long,ZEN_USDT_USDT,4H,Trend
24,0.22,0.06,-0.0747,-0.2037,0.0298,-1.94,10,1.0373,45.83,-0.17,1.2259,0.9013,22.11,S09_EMA_Cross_Long,ZRX_USDT_USDT,4H,Trend
32,-0.23,-0.06,0.2119,0.9684,-0.0234,-2.51,15,0.9686,40.62,0.58,1.4157,-0.7168,24.17,S09_EMA_Cross_Long,ALICE_USDT_USDT,4H,Trend
40,-4.28,-1.13,-1.1357,-2.3674,-0.2436,-4.62,40,0.581,27.5,-0.95,1.5317,-10.6994,20.87,S09_EMA_Cross_Long,BTC_USDT_USDT,4H,Trend
36,-5.24,-1.34,-0.7198,-1.497,-0.2181,-6.16,29,0.4764,27.78,-0.98,1.2386,-14.5512,19.79,S09_EMA_Cross_Long,ETH_USDT_USDT,4H,Trend
29,1.72,0.44,0.4062,0.9317,0.2209,-2.01,11,1.3428,48.28,0.6,1.4388,5.9467,30.9,S09_EMA_Cross_Long,BNB_USDT_USDT,4H,Trend
35,-5.27,-1.4,-1.2072,-1.8314,-0.2163,-6.48,28,0.5082,28.57,-1.59,1.2704,-15.061,19.64,S09_EMA_Cross_Long,1000BTT_USDT_USDT,4H,Trend
27,6.04,1.63,0.4505,1.394,0.7785,-2.1,6,2.0654,44.44,1.51,2.5817,22.3583,39.57,S09_EMA_Cross_Long,AGLD_USDT_USDT,4H,Trend
38,1.99,0.5,0.302,1.0694,0.183,-2.73,16,1.2376,39.47,0.55,1.8976,5.2241,28.84,S09_EMA_Cross_Long,ATOM_USDT_USDT,4H,Trend
6,-2.6,-0.81,-0.5276,-2.3463,-0.2649,-3.06,6,0.1492,16.67,-6.29,0.7459,-43.3316,16.46,S09_EMA_Cross_Long,1000LUNC_USDT_USDT,1D,Trend
3,0.37,0.14,0.1693,0.0,0.3326,-0.43,1,1.8464,66.67,2.61,0.9232,12.3472,34.65,S09_EMA_Cross_Long,ANKR_USDT_USDT,1D,Trend
6,-1.25,-0.46,-0.3424,-1.9996,-0.244,-1.88,6,0.503,33.33,-2.85,1.0059,-20.8506,19.2,S09_EMA_Cross_Long,CHZ_USDT_USDT,1D,Trend
6,0.31,0.12,0.0409,0.1348,0.1549,-0.76,2,1.2712,33.33,0.34,2.5424,5.1824,23.01,S09_EMA_Cross_Long,CRV_USDT_USDT,1D,Trend
6,0.78,0.21,0.2156,0.5533,0.1239,-1.7,4,1.4474,33.33,1.79,2.8947,12.9894,25.59,S09_EMA_Cross_Long,JST_USDT_USDT,1D,Trend
2,0.35,0.16,0.015,0.0,0.4848,-0.32,1,2.073,50.0,0.26,2.073,17.4085,33.48,S09_EMA_Cross_Long,ONT_USDT_USDT,1D,Trend
5,0.89,0.31,0.4507,3.3224,0.3409,-0.9,3,1.9784,40.0,9.37,2.9676,17.8689,34.56,S09_EMA_Cross_Long,OP_USDT_USDT,1D,Trend
8,2.33,0.65,-0.1506,-0.6816,1.0688,-0.6,2,2.2925,50.0,-1.34,2.2925,29.0661,38.78,S09_EMA_Cross_Long,SUN_USDT_USDT,1D,Trend
5,1.16,0.31,0.1979,0.6971,0.8601,-0.36,1,2.6217,60.0,1.72,1.7478,23.1299,43.34,S09_EMA_Cross_Long,TRX_USDT_USDT,1D,Trend
2,0.2,0.12,0.3079,0.0,0.3478,-0.33,1,1.6112,50.0,6.91,1.6112,10.2162,32.02,S09_EMA_Cross_Long,APT_USDT_USDT,1D,Trend
5,-0.3,-0.11,-0.3277,-0.9694,-0.0876,-1.28,2,0.8143,40.0,-4.02,1.2214,-5.9522,20.33,S09_EMA_Cross_Long,AVAX_USDT_USDT,1D,Trend
4,-0.17,-0.05,-0.1643,-0.6017,-0.0493,-1.08,3,0.8418,25.0,-2.4,2.5255,-4.2964,18.25,S09_EMA_Cross_Long,DYDX_USDT_USDT,1D,Trend
6,-1.47,-0.44,-0.6993,-1.9652,-0.2793,-1.59,4,0.2508,16.67,-6.97,1.2538,-24.5746,16.9,S09_EMA_Cross_Long,FLOW_USDT_USDT,1D,Trend
5,-0.86,-0.34,-0.4338,-1.4029,-0.3913,-0.86,5,0.4058,20.0,-3.86,1.6233,-17.2874,17.6,S09_EMA_Cross_Long,MANA_USDT_USDT,1D,Trend
3,-1.0,-0.28,-23.3274,-23.3274,-0.279,-1.0,3,0.0,0.0,-11.75,0.0,-33.4608,14.7,S09_EMA_Cross_Long,MINA_USDT_USDT,1D,Trend
6,-1.03,-0.39,-0.7196,-6.7539,-0.1873,-2.08,6,0.5032,33.33,-4.67,1.0065,-17.2153,19.14,S09_EMA_Cross_Long,TWT_USDT_USDT,1D,Trend
4,-0.67,-0.18,-0.2594,-1.3093,-0.144,-1.24,4,0.4612,25.0,-3.96,1.3835,-16.669,18.2,S09_EMA_Cross_Long,ZEN_USDT_USDT,1D,Trend
3,-0.07,-0.03,-0.2596,-2.1363,-0.0411,-0.74,2,0.9051,33.33,-3.39,1.8101,-2.3571,19.54,S09_EMA_Cross_Long,ZRX_USDT_USDT,1D,Trend
4,-1.73,-0.52,-4.7387,-4.7387,-0.3012,-1.73,4,0.0,0.0,-14.34,0.0,-43.3481,14.48,S09_EMA_Cross_Long,ALICE_USDT_USDT,1D,Trend
3,-0.47,-0.18,-0.9614,-0.9614,-0.3879,-0.47,3,0.0,0.0,-3.56,0.0,-15.6702,14.86,S09_EMA_Cross_Long,BTC_USDT_USDT,1D,Trend
7,-2.27,-0.83,-0.4916,-2.1675,-0.3328,-2.5,5,0.2114,14.29,-3.66,1.2685,-32.4372,16.29,S09_EMA_Cross_Long,ETH_USDT_USDT,1D,Trend
4,-0.48,-0.19,-0.3915,-0.7797,-0.2822,-0.66,2,0.6321,25.0,-2.99,1.8964,-12.0822,18.37,S09_EMA_Cross_Long,BNB_USDT_USDT,1D,Trend
6,1.53,0.48,0.2855,7.9949,0.753,-0.63,2,3.3588,66.67,2.34,1.6794,25.4673,47.21,S09_EMA_Cross_Long,1000BTT_USDT_USDT,1D,Trend
4,-0.27,-0.11,-0.1483,-1.1534,-0.0997,-1.14,2,0.8197,25.0,-2.4,2.4591,-6.6492,18.23,S09_EMA_Cross_Long,AGLD_USDT_USDT,1D,Trend
2,-0.44,-0.16,-0.4378,0.0,-0.3245,-0.49,2,0.1094,50.0,-3.02,0.1094,-21.8742,22.0,S09_EMA_Cross_Long,ATOM_USDT_USDT,1D,Trend
98,-5.16,-1.62,-0.8579,-2.0256,-0.1416,-11.43,90,0.8043,29.59,-0.58,1.9137,-5.2604,25.8,S10_EMA_Cross_Short,1000LUNC_USDT_USDT,1H,Trend
113,0.64,0.16,-0.2448,-0.5255,0.0216,-7.35,48,1.0232,37.17,-0.17,1.7296,0.563,28.42,S10_EMA_Cross_Short,ANKR_USDT_USDT,1H,Trend
98,5.06,1.25,0.7454,1.9398,0.2175,-5.74,56,1.2334,38.78,0.53,1.9475,5.1666,39.47,S10_EMA_Cross_Short,CHZ_USDT_USDT,1H,Trend
101,-7.03,-1.81,-1.1265,-2.5632,-0.1743,-10.38,93,0.7594,28.71,-0.85,1.8855,-6.9596,25.99,S10_EMA_Cross_Short,CRV_USDT_USDT,1H,Trend
205,-10.47,-2.84,-0.2959,-0.4979,-0.2363,-12.01,181,0.7622,37.07,-0.1,1.2938,-5.1082,26.69,S10_EMA_Cross_Short,JST_USDT_USDT,1H,Trend
95,-3.54,-1.01,0.4215,1.2732,-0.0937,-10.78,68,0.8575,35.79,0.3,1.5384,-3.7217,31.09,S10_EMA_Cross_Short,ONT_USDT_USDT,1H,Trend
78,5.22,1.43,0.1315,0.2352,0.4964,-2.88,28,1.3538,44.87,0.1,1.6633,6.6895,37.82,S10_EMA_Cross_Short,OP_USDT_USDT,1H,Trend
151,-7.28,-1.95,-0.4918,-0.8495,-0.2041,-9.53,115,0.7704,35.76,-0.21,1.3838,-4.8196,27.25,S10_EMA_Cross_Short,SUN_USDT_USDT,1H,Trend
119,-10.97,-2.87,-1.2748,-2.0544,-0.2266,-12.66,114,0.6396,30.25,-0.43,1.4745,-9.2167,25.52,S10_EMA_Cross_Short,TRX_USDT_USDT,1H,Trend
79,-10.16,-3.41,-1.7217,-3.7175,-0.3315,-10.29,79,0.5321,22.78,-0.98,1.8032,-12.8666,25.17,S10_EMA_Cross_Short,APT_USDT_USDT,1H,Trend
106,4.54,1.12,-0.0566,-0.1435,0.2133,-5.24,53,1.1841,38.68,-0.03,1.8773,4.2809,31.76,S10_EMA_Cross_Short,AVAX_USDT_USDT,1H,Trend
94,-8.09,-2.11,-0.6545,-1.1993,-0.1622,-13.01,83,0.696,32.98,-0.59,1.4144,-8.6073,25.81,S10_EMA_Cross_Short,DYDX_USDT_USDT,1H,Trend
113,-6.64,-1.71,-0.6618,-1.3145,-0.1987,-8.59,112,0.7778,34.51,-0.42,1.4759,-5.8791,27.35,S10_EMA_Cross_Short,FLOW_USDT_USDT,1H,Trend
93,-9.46,-2.46,-1.3807,-2.8629,-0.2253,-10.91,87,0.6115,25.81,-0.86,1.758,-10.1764,25.42,S10_EMA_Cross_Short,MANA_USDT_USDT,1H,Trend
108,-10.72,-3.0,-0.9318,-2.0849,-0.2785,-10.76,104,0.5941,29.63,-0.59,1.4111,-9.9235,26.01,S10_EMA_Cross_Short,MINA_USDT_USDT,1H,Trend
83,-3.68,-1.2,-0.4928,-1.0129,-0.1594,-7.56,82,0.8155,33.73,-0.27,1.6019,-4.4281,27.55,S10_EMA_Cross_Short,TWT_USDT_USDT,1H,Trend
100,-1.7,-0.43,-0.6238,-1.1358,-0.0517,-8.28,93,0.9297,35.0,-0.46,1.7266,-1.6986,27.52,S10_EMA_Cross_Short,ZEN_USDT_USDT,1H,Trend
103,-6.02,-1.64,-0.2729,-0.5683,-0.19,-8.62,98,0.7498,33.01,-0.21,1.5217,-5.8488,27.13,S10_EMA_Cross_Short,ZRX_USDT_USDT,1H,Trend
91,15.0,3.58,0.8116,1.7691,1.1872,-3.01,36,1.883,43.96,0.81,2.4008,16.4863,53.03,S10_EMA_Cross_Short,ALICE_USDT_USDT,1H,Trend
108,-9.73,-2.53,-1.1393,-2.5462,-0.26,-9.73,108,0.6335,27.78,-0.39,1.647,-9.0109,26.05,S10_EMA_Cross_Short,BTC_USDT_USDT,1H,Trend
118,-11.68,-3.06,-1.3268,-2.3869,-0.2326,-13.16,82,0.6452,31.36,-0.52,1.4125,-9.9021,25.53,S10_EMA_Cross_Short,ETH_USDT_USDT,1H,Trend
101,-16.1,-4.3,-1.6467,-3.2167,-0.2356,-18.25,98,0.4506,22.77,-0.63,1.5281,-15.9392,22.78,S10_EMA_Cross_Short,BNB_USDT_USDT,1H,Trend
165,-9.21,-2.56,-0.5642,-0.7239,-0.2035,-12.57,156,0.7862,37.58,-0.21,1.306,-5.5806,26.6,S10_EMA_Cross_Short,1000BTT_USDT_USDT,1H,Trend
134,-4.78,-1.32,0.1345,0.3205,-0.1837,-7.16,122,0.8298,35.82,0.11,1.4867,-3.5646,29.31,S10_EMA_Cross_Short,AGLD_USDT_USDT,1H,Trend
79,-0.45,-0.11,-0.0921,-0.2153,-0.0155,-7.31,75,0.9785,40.51,-0.07,1.4372,-0.5727,28.59,S10_EMA_Cross_Short,ATOM_USDT_USDT,1H,Trend
20,-0.23,-0.07,0.3925,1.2162,-0.0327,-2.18,20,0.9517,35.0,1.01,1.7675,-1.1669,23.27,S10_EMA_Cross_Short,1000LUNC_USDT_USDT,4H,Trend
33,-0.1,-0.02,0.1461,0.3921,-0.0067,-3.68,32,0.988,36.36,0.42,1.729,-0.2905,22.72,S10_EMA_Cross_Short,ANKR_USDT_USDT,4H,Trend
23,0.24,0.06,-0.1614,-0.3038,0.0242,-2.54,18,1.0458,39.13,-0.4,1.6268,1.0647,20.83,S10_EMA_Cross_Short,CHZ_USDT_USDT,4H,Trend
14,-0.0,-0.0,-0.1499,-0.2828,-0.0004,-2.3,5,0.999,42.86,-0.66,1.332,-0.0239,20.43,S10_EMA_Cross_Short,CRV_USDT_USDT,4H,Trend
52,-1.65,-0.44,-0.3233,-0.805,-0.0782,-5.63,52,0.8338,26.92,-0.42,2.2632,-3.1742,27.16,S10_EMA_Cross_Short,JST_USDT_USDT,4H,Trend
24,5.03,1.53,1.1026,4.8076,0.8873,-1.72,7,2.3405,54.17,2.72,1.9804,20.9535,49.88,S10_EMA_Cross_Short,ONT_USDT_USDT,4H,Trend
17,4.9,1.42,0.9342,1.6789,1.8487,-0.77,2,3.076,58.82,3.92,2.1532,28.8042,59.84,S10_EMA_Cross_Short,OP_USDT_USDT,4H,Trend
48,0.08,0.02,-0.2202,-0.4013,0.0078,-2.6,36,1.0076,41.67,-0.29,1.4107,0.1607,24.95,S10_EMA_Cross_Short,SUN_USDT_USDT,4H,Trend
30,-4.18,-1.08,-1.0715,-2.074,-0.209,-5.18,30,0.5007,20.0,-0.98,2.0029,-13.9202,17.97,S10_EMA_Cross_Short,TRX_USDT_USDT,4H,Trend
11,0.56,0.19,0.197,0.4391,0.0993,-1.93,7,1.2487,36.36,0.63,2.1852,5.1202,24.11,S10_EMA_Cross_Short,APT_USDT_USDT,4H,Trend
26,1.55,0.39,0.6205,1.8276,0.2581,-1.51,8,1.3088,38.46,1.66,2.0941,5.9435,31.28,S10_EMA_Cross_Short,AVAX_USDT_USDT,4H,Trend
24,5.57,1.46,0.982,3.0873,1.3573,-1.08,4,2.6178,54.17,3.37,2.215,23.2062,54.08,S10_EMA_Cross_Short,DYDX_USDT_USDT,4H,Trend
22,0.42,0.13,0.0385,0.1008,0.0639,-1.96,12,1.0925,36.36,0.11,1.9119,1.9237,21.44,S10_EMA_Cross_Short,FLOW_USDT_USDT,4H,Trend
20,1.72,0.45,0.3877,0.749,0.2321,-1.95,13,1.366,50.0,1.34,1.366,8.5804,29.73,S10_EMA_Cross_Short,MANA_USDT_USDT,4H,Trend
18,1.66,0.53,0.4886,1.5576,0.2799,-1.9,7,1.4645,50.0,1.75,1.4645,9.2435,31.81,S10_EMA_Cross_Short,MINA_USDT_USDT,4H,Trend
24,4.04,1.3,0.7755,2.1791,0.5548,-2.35,10,1.7427,45.83,1.92,2.0595,16.8286,38.53,S10_EMA_Cross_Short,TWT_USDT_USDT,4H,Trend
29,-3.59,-0.94,-0.8386,-1.813,-0.2046,-4.6,27,0.524,27.59,-2.27,1.3755,-12.3815,19.06,S10_EMA_Cross_Short,ZEN_USDT_USDT,4H,Trend
26,2.43,0.66,0.5657,1.5904,0.4693,-1.42,10,1.5958,46.15,1.57,1.8617,9.3642,35.42,S10_EMA_Cross_Short,ZRX_USDT_USDT,4H,Trend
27,5.65,1.41,0.6794,1.4604,1.1937,-1.18,5,2.5646,48.15,2.25,2.7619,20.9177,49.18,S10_EMA_Cross_Short,ALICE_USDT_USDT,4H,Trend
31,1.76,0.46,0.1158,0.2154,0.2035,-2.25,19,1.2814,38.71,0.15,2.0289,5.6881,26.31,S10_EMA_Cross_Short,BTC_USDT_USDT,4H,Trend
24,0.87,0.23,0.0895,0.2256,0.085,-2.7,19,1.1487,41.67,0.19,1.6082,3.6137,23.39,S10_EMA_Cross_Short,ETH_USDT_USDT,4H,Trend
16,2.6,0.68,0.4211,0.5219,0.9545,-0.71,5,2.0451,56.25,0.92,1.5906,16.2266,41.23,S10_EMA_Cross_Short,BNB_USDT_USDT,4H,Trend
37,3.72,0.97,0.5808,1.044,0.3645,-2.65,16,1.6768,54.05,0.92,1.4253,10.0582,38.07,S10_EMA_Cross_Short,1000BTT_USDT_USDT,4H,Trend
41,-0.91,-0.25,-0.2534,-0.6228,-0.0858,-2.97,29,0.8886,34.15,-0.67,1.7138,-2.2135,22.49,S10_EMA_Cross_Short,AGLD_USDT_USDT,4H,Trend
16,1.22,0.32,0.1723,0.3752,0.194,-1.64,8,1.459,43.75,0.51,1.8759,7.6133,27.22,S10_EMA_Cross_Short,ATOM_USDT_USDT,4H,Trend
6,1.07,0.32,0.8745,10.5908,0.9433,-0.34,3,3.6121,50.0,15.71,3.6121,17.8948,52.07,S10_EMA_Cross_Short,1000LUNC_USDT_USDT,1D,Trend
6,1.25,0.4,0.0103,0.0485,0.4784,-0.84,2,1.9318,50.0,0.22,1.9318,20.8983,32.17,S10_EMA_Cross_Short,ANKR_USDT_USDT,1D,Trend
4,-0.35,-0.11,0.2448,0.9021,-0.1178,-0.95,4,0.6362,25.0,5.67,1.9086,-8.6818,20.73,S10_EMA_Cross_Short,CHZ_USDT_USDT,1D,Trend
1,0.27,0.07,0.0,0.0,0.0,0.0,0,999.0,100.0,8.16,0.0,27.4999,40.0,S10_EMA_Cross_Short,CRV_USDT_USDT,1D,Trend
9,3.04,1.02,0.5819,1.4732,1.7047,-0.6,4,4.9276,66.67,5.79,2.4638,33.7394,56.53,S10_EMA_Cross_Short,JST_USDT_USDT,1D,Trend
3,-0.47,-0.18,-0.8341,-0.8341,-0.3842,-0.47,3,0.0,0.0,-10.93,0.0,-15.5673,14.86,S10_EMA_Cross_Short,ONT_USDT_USDT,1D,Trend
6,0.68,0.26,-0.0047,-0.0341,0.2898,-0.89,2,1.434,33.33,-0.07,2.8679,11.2541,24.68,S10_EMA_Cross_Short,OP_USDT_USDT,1D,Trend
13,-0.02,-0.01,-0.1923,-0.5447,-0.0024,-2.69,12,0.9909,30.77,-1.27,2.2296,-0.1895,18.59,S10_EMA_Cross_Short,SUN_USDT_USDT,1D,Trend
8,-0.86,-0.23,-0.6151,-1.2378,-0.1457,-1.6,8,0.5961,25.0,-3.04,1.7884,-10.7081,18.09,S10_EMA_Cross_Short,TRX_USDT_USDT,1D,Trend
3,0.75,0.25,0.6536,0.0,1.4787,-0.17,1,5.5255,66.67,11.8,2.7628,25.1151,55.87,S10_EMA_Cross_Short,APT_USDT_USDT,1D,Trend
4,-0.65,-0.22,-1.0903,-1.3054,-0.3133,-0.69,3,0.0581,25.0,-6.84,0.1743,-16.1946,18.37,S10_EMA_Cross_Short,AVAX_USDT_USDT,1D,Trend
2,0.73,0.22,0.6002,0.0,0.0,0.0,0,999.0,100.0,29.47,0.0,36.6219,46.0,S10_EMA_Cross_Short,DYDX_USDT_USDT,1D,Trend
5,0.51,0.17,0.745,6.3675,0.2749,-0.6,3,1.8336,40.0,15.2,2.7504,10.2775,36.07,S10_EMA_Cross_Short,FLOW_USDT_USDT,1D,Trend
3,2.08,0.69,0.4699,0.0,3.2178,-0.21,1,10.5473,66.67,10.45,5.2737,69.3188,64.16,S10_EMA_Cross_Short,MANA_USDT_USDT,1D,Trend
4,1.97,0.52,2.3838,0.0,0.0,0.0,0,999.0,100.0,29.68,0.0,49.3248,63.84,S10_EMA_Cross_Short,MINA_USDT_USDT,1D,Trend
5,1.67,0.9,0.0626,1.5879,1.3353,-0.67,1,2.854,60.0,0.5,1.9026,33.4664,46.8,S10_EMA_Cross_Short,TWT_USDT_USDT,1D,Trend
2,-0.01,-0.0,0.0465,0.0,-0.0273,-0.07,2,0.904,50.0,0.23,0.904,-0.3296,22.59,S10_EMA_Cross_Short,ZEN_USDT_USDT,1D,Trend
5,2.87,0.96,1.2963,0.0,3.7919,-0.25,1,12.2865,80.0,21.85,3.0716,57.4457,72.89,S10_EMA_Cross_Short,ZRX_USDT_USDT,1D,Trend
3,-0.57,-0.15,-1.2744,-1.2744,-0.2601,-0.57,3,0.0,0.0,-15.88,0.0,-18.9888,14.83,S10_EMA_Cross_Short,ALICE_USDT_USDT,1D,Trend
2,-0.78,-0.21,-1.8188,-1.8188,-0.2628,-0.78,2,0.0,0.0,-5.92,0.0,-39.2372,14.76,S10_EMA_Cross_Short,BTC_USDT_USDT,1D,Trend
4,-0.12,-0.04,-0.3062,-7.4776,-0.0606,-0.67,1,0.8982,50.0,-3.3,0.8982,-3.0754,21.94,S10_EMA_Cross_Short,ETH_USDT_USDT,1D,Trend
2,-0.55,-0.29,-2.5498,-2.5498,-0.5159,-0.55,2,0.0,0.0,-6.93,0.0,-27.6848,14.83,S10_EMA_Cross_Short,BNB_USDT_USDT,1D,Trend
5,-0.05,-0.02,0.2871,2.1529,-0.0248,-0.62,2,0.9481,40.0,3.58,1.4221,-1.0248,23.4,S10_EMA_Cross_Short,1000BTT_USDT_USDT,1D,Trend
11,-2.52,-0.95,-1.2514,-2.1335,-0.378,-2.52,11,0.161,27.27,-9.26,0.4292,-22.9355,18.14,S10_EMA_Cross_Short,AGLD_USDT_USDT,1D,Trend
1,-0.17,-0.06,0.0,0.0,-0.3319,-0.17,1,0.0,0.0,-9.15,0.0,-16.687,14.95,S10_EMA_Cross_Short,ATOM_USDT_USDT,1D,Trend
74,-0.4,-0.12,0.4324,1.0396,-0.0096,-12.51,55,0.9918,35.14,1.56,1.831,-0.534,30.59,S11_Supertrend,1000LUNC_USDT_USDT,1H,Trend
286,-37.79,-11.2,-0.6821,-1.8593,-0.2348,-47.68,245,0.7887,29.37,-0.75,1.8965,-13.2139,14.89,S11_Supertrend,ANKR_USDT_USDT,1H,Trend
252,-15.57,-4.15,-0.1935,-0.6296,-0.1449,-28.61,204,0.906,32.54,-0.23,1.8782,-6.1799,21.07,S11_Supertrend,CHZ_USDT_USDT,1H,Trend
295,-9.5,-2.47,-0.3119,-1.013,-0.0779,-31.66,176,0.9568,33.56,-0.39,1.8943,-3.219,20.3,S11_Supertrend,CRV_USDT_USDT,1H,Trend
201,-30.98,-9.19,-0.4655,-1.2123,-0.2559,-35.91,199,0.7366,29.35,-0.49,1.7727,-15.4145,18.42,S11_Supertrend,JST_USDT_USDT,1H,Trend
271,26.34,6.77,0.5567,1.8363,0.3172,-21.34,94,1.1362,38.01,0.58,1.8531,9.7211,32.73,S11_Supertrend,ONT_USDT_USDT,1H,Trend
263,-9.79,-2.83,-0.4767,-1.4206,-0.1007,-28.14,260,0.9379,33.46,-0.59,1.8652,-3.722,21.34,S11_Supertrend,OP_USDT_USDT,1H,Trend
220,-6.07,-1.62,0.1545,0.3707,-0.0614,-26.31,205,0.9576,34.55,0.18,1.8144,-2.7603,23.59,S11_Supertrend,SUN_USDT_USDT,1H,Trend
246,25.15,5.77,1.0738,2.795,0.3032,-19.04,116,1.1385,39.84,0.77,1.7193,10.2235,38.78,S11_Supertrend,TRX_USDT_USDT,1H,Trend
211,-18.63,-6.24,-0.6079,-2.04,-0.1952,-31.96,210,0.8551,31.28,-0.73,1.8787,-8.83,19.88,S11_Supertrend,APT_USDT_USDT,1H,Trend
310,-10.17,-2.65,-0.3398,-0.9732,-0.0792,-33.45,309,0.943,33.87,-0.34,1.8412,-3.2811,19.8,S11_Supertrend,AVAX_USDT_USDT,1H,Trend
283,1.69,0.42,0.2736,1.0743,0.0157,-26.6,195,1.0092,34.98,0.37,1.8757,0.5954,24.93,S11_Supertrend,DYDX_USDT_USDT,1H,Trend
254,-31.25,-8.96,-0.3717,-1.1453,-0.1946,-46.03,201,0.8023,29.92,-0.46,1.8791,-12.3012,15.46,S11_Supertrend,FLOW_USDT_USDT,1H,Trend
253,-2.14,-0.54,-0.1902,-0.4927,-0.0313,-17.25,150,0.9872,34.78,-0.22,1.851,-0.8471,24.79,S11_Supertrend,MANA_USDT_USDT,1H,Trend
232,-27.21,-8.15,-0.6462,-1.6847,-0.2576,-31.65,231,0.8034,30.17,-0.84,1.8592,-11.7292,19.81,S11_Supertrend,MINA_USDT_USDT,1H,Trend
99,-5.67,-1.85,0.0206,0.0611,-0.1004,-18.46,70,0.9182,33.33,0.04,1.8364,-5.7272,24.43,S11_Supertrend,TWT_USDT_USDT,1H,Trend
274,-7.01,-1.8,-0.0324,-0.07,-0.0745,-24.16,226,0.965,33.94,-0.04,1.8781,-2.557,22.6,S11_Supertrend,ZEN_USDT_USDT,1H,Trend
291,-10.82,-3.0,-0.5443,-1.4517,-0.1102,-27.22,216,0.9461,33.68,-0.59,1.8633,-3.7185,21.65,S11_Supertrend,ZRX_USDT_USDT,1H,Trend
296,-19.1,-5.16,-0.3241,-1.1817,-0.1379,-37.45,283,0.8934,32.43,-0.39,1.8613,-6.4515,18.4,S11_Supertrend,ALICE_USDT_USDT,1H,Trend
250,-32.98,-9.53,-0.688,-1.9727,-0.2374,-40.14,245,0.763,30.4,-0.44,1.7468,-13.1936,17.3,S11_Supertrend,BTC_USDT_USDT,1H,Trend
258,-11.28,-2.95,-0.2417,-0.6894,-0.1544,-19.11,244,0.9328,33.72,-0.2,1.8334,-4.3731,24.08,S11_Supertrend,ETH_USDT_USDT,1H,Trend
227,-22.78,-6.26,0.0355,0.1084,-0.2157,-29.03,211,0.8479,31.72,0.03,1.8254,-10.036,21.18,S11_Supertrend,BNB_USDT_USDT,1H,Trend
218,18.02,4.4,0.3518,0.8466,0.2633,-16.71,128,1.1276,38.07,0.35,1.834,8.2662,31.66,S11_Supertrend,1000BTT_USDT_USDT,1H,Trend
252,34.83,8.43,0.2426,0.5031,0.8879,-9.49,45,1.187,38.89,0.35,1.8653,13.8233,37.46,S11_Supertrend,AGLD_USDT_USDT,1H,Trend
284,-21.44,-5.86,-0.8327,-2.3288,-0.1631,-35.91,267,0.8777,32.04,-0.81,1.8616,-7.5501,18.8,S11_Supertrend,ATOM_USDT_USDT,1H,Trend
1,1.41,0.42,0.0,0.0,0.0,0.0,0,999.0,100.0,84.88,0.0,141.2346,40.0,S11_Supertrend,1000LUNC_USDT_USDT,4H,Trend
77,37.2,8.23,1.4148,6.1987,0.8293,-9.93,34,1.7468,48.05,6.07,1.8884,48.3066,54.16,S11_Supertrend,ANKR_USDT_USDT,4H,Trend
60,10.91,2.65,0.3069,1.1061,0.6466,-4.09,13,1.2781,40.0,1.53,1.9171,18.1794,38.95,S11_Supertrend,CHZ_USDT_USDT,4H,Trend
89,-21.61,-5.91,-0.7277,-2.558,-0.221,-26.75,81,0.6644,24.72,-2.99,2.0233,-24.2858,20.51,S11_Supertrend,CRV_USDT_USDT,4H,Trend
57,-1.46,-0.38,-0.1473,-0.4205,-0.0385,-9.9,32,0.9617,33.33,-0.51,1.9235,-2.5597,26.79,S11_Supertrend,JST_USDT_USDT,4H,Trend
64,10.21,2.76,0.4452,1.4587,0.3448,-8.0,24,1.2545,39.06,1.88,1.957,15.9455,36.84,S11_Supertrend,ONT_USDT_USDT,4H,Trend
62,-1.62,-0.45,-0.2993,-0.8078,-0.0569,-7.98,23,0.9609,33.87,-1.42,1.8759,-2.6087,27.44,S11_Supertrend,OP_USDT_USDT,4H,Trend
69,9.16,2.3,0.1034,0.2533,0.263,-8.76,35,1.2133,39.13,0.36,1.8874,13.2759,32.35,S11_Supertrend,SUN_USDT_USDT,4H,Trend
83,-16.89,-4.52,-0.9582,-1.4956,-0.2094,-21.59,76,0.7128,27.71,-2.07,1.8595,-20.3437,22.48,S11_Supertrend,TRX_USDT_USDT,4H,Trend
48,2.93,0.91,0.3487,1.6693,0.1028,-8.81,21,1.0897,37.5,1.62,1.8162,6.1005,27.22,S11_Supertrend,APT_USDT_USDT,4H,Trend
79,31.5,7.09,0.9979,3.5768,1.4119,-5.02,15,1.6328,45.57,3.91,1.9503,39.8679,54.14,S11_Supertrend,AVAX_USDT_USDT,4H,Trend
65,-5.46,-1.4,-0.031,-0.1089,-0.0896,-15.57,38,0.8826,30.77,-0.16,1.9857,-8.404,24.72,S11_Supertrend,DYDX_USDT_USDT,4H,Trend
75,13.82,3.33,0.4286,1.7685,0.3365,-9.89,34,1.2875,40.0,1.75,1.9313,18.4284,36.43,S11_Supertrend,FLOW_USDT_USDT,4H,Trend
67,7.01,1.71,0.2955,0.9126,0.1918,-8.91,34,1.1625,37.31,1.38,1.953,10.4598,33.11,S11_Supertrend,MANA_USDT_USDT,4H,Trend
68,-11.92,-3.34,-0.8704,-2.3954,-0.1818,-18.38,67,0.7433,27.94,-3.5,1.9169,-17.5239,23.48,S11_Supertrend,MINA_USDT_USDT,4H,Trend
9,1.9,0.61,0.4023,4.0662,0.3014,-2.01,4,1.3767,44.44,5.23,1.7209,21.1544,29.6,S11_Supertrend,TWT_USDT_USDT,4H,Trend
64,18.68,4.38,0.5502,1.6285,0.6214,-7.04,31,1.4673,43.75,3.25,1.8866,29.1855,42.29,S11_Supertrend,ZEN_USDT_USDT,4H,Trend
41,2.98,0.79,0.0195,0.0696,0.096,-8.18,27,1.1138,36.59,0.14,1.9305,7.2732,22.96,S11_Supertrend,ZRX_USDT_USDT,4H,Trend
87,24.3,5.66,0.4451,1.069,0.7066,-8.01,22,1.4413,42.53,2.05,1.9477,27.936,41.14,S11_Supertrend,ALICE_USDT_USDT,4H,Trend
75,-8.18,-2.11,-0.3581,-1.2183,-0.1197,-17.66,70,0.8451,30.67,-0.74,1.9107,-10.9121,24.08,S11_Supertrend,BTC_USDT_USDT,4H,Trend
81,1.19,0.3,0.2729,1.17,0.0194,-15.28,56,1.0212,34.57,0.8,1.933,1.4699,28.37,S11_Supertrend,ETH_USDT_USDT,4H,Trend
74,-6.35,-1.63,-0.6237,-1.5865,-0.1359,-11.97,51,0.8775,32.43,-1.66,1.8281,-8.5763,26.04,S11_Supertrend,BNB_USDT_USDT,4H,Trend
38,-1.01,-0.26,0.4744,1.3314,-0.0356,-7.4,19,0.9598,34.21,3.11,1.8458,-2.6569,25.41,S11_Supertrend,1000BTT_USDT_USDT,4H,Trend
73,0.25,0.07,-0.2853,-0.489,0.0053,-12.45,48,1.0049,34.25,-1.52,1.9294,0.337,26.23,S11_Supertrend,AGLD_USDT_USDT,4H,Trend
70,5.05,1.24,0.0286,0.1151,0.1397,-8.87,48,1.1124,37.14,0.11,1.8826,7.2126,29.7,S11_Supertrend,ATOM_USDT_USDT,4H,Trend
1,1.32,0.4,0.0,0.0,0.0,0.0,0,999.0,100.0,76.79,0.0,132.3626,40.0,S11_Supertrend,1000LUNC_USDT_USDT,1D,Trend
2,0.97,0.26,0.2297,0.0,0.2552,-1.01,1,1.966,50.0,26.21,1.966,48.5525,33.09,S11_Supertrend,ANKR_USDT_USDT,1D,Trend
5,-2.01,-0.51,-0.1596,-0.6773,-0.1716,-2.95,3,0.4958,20.0,-7.47,1.9831,-40.1989,16.97,S11_Supertrend,CHZ_USDT_USDT,1D,Trend
1,1.36,0.34,0.0,0.0,0.0,0.0,0,999.0,100.0,89.09,0.0,135.6764,40.0,S11_Supertrend,CRV_USDT_USDT,1D,Trend
1,0.73,0.19,0.0,0.0,0.0,0.0,0,999.0,100.0,36.53,0.0,72.5419,40.0,S11_Supertrend,JST_USDT_USDT,1D,Trend
11,-1.18,-0.33,-0.2855,-0.6204,-0.0669,-4.97,11,0.8287,27.27,-7.26,2.2099,-10.7402,17.41,S11_Supertrend,ONT_USDT_USDT,1D,Trend
9,-0.14,-0.04,-0.0828,-0.2275,-0.0137,-2.98,4,0.9773,33.33,-2.62,1.9545,-1.5302,18.87,S11_Supertrend,OP_USDT_USDT,1D,Trend
14,-3.13,-0.82,-0.586,-1.3653,-0.1374,-5.99,13,0.6851,28.57,-10.53,1.7126,-22.3689,17.28,S11_Supertrend,SUN_USDT_USDT,1D,Trend
14,0.64,0.17,-0.4589,-0.8437,0.0334,-4.94,13,1.0709,35.71,-5.31,1.9276,4.5418,19.37,S11_Supertrend,TRX_USDT_USDT,1D,Trend
4,1.23,0.38,-0.022,-0.0373,0.192,-2.0,3,1.617,50.0,-1.61,1.617,30.808,27.45,S11_Supertrend,APT_USDT_USDT,1D,Trend
11,-5.38,-1.37,-0.599,-2.5583,-0.2001,-6.87,11,0.3902,18.18,-14.89,1.7557,-48.9209,15.54,S11_Supertrend,AVAX_USDT_USDT,1D,Trend
3,-0.04,-0.01,0.0526,0.3756,-0.0053,-2.0,3,0.98,33.33,4.74,1.9601,-1.3293,19.69,S11_Supertrend,DYDX_USDT_USDT,1D,Trend
11,3.87,1.01,0.2558,0.9358,0.5045,-2.0,3,1.622,45.45,7.22,1.9464,35.1753,31.48,S11_Supertrend,FLOW_USDT_USDT,1D,Trend
3,1.96,0.49,0.3911,0.0,0.4842,-1.0,1,2.9496,66.67,31.83,1.4748,65.243,45.98,S11_Supertrend,MANA_USDT_USDT,1D,Trend
1,1.5,0.4,0.0,0.0,0.0,0.0,0,999.0,100.0,94.34,0.0,149.9949,40.0,S11_Supertrend,MINA_USDT_USDT,1D,Trend
1,0.9,0.29,0.0,0.0,0.0,0.0,0,999.0,100.0,49.51,0.0,89.8994,40.0,S11_Supertrend,TWT_USDT_USDT,1D,Trend
1,1.61,0.4,0.0,0.0,0.0,0.0,0,999.0,100.0,76.37,0.0,161.4892,40.0,S11_Supertrend,ZEN_USDT_USDT,1D,Trend
2,0.33,0.09,0.1457,0.0,0.0875,-1.0,1,1.3295,50.0,18.04,1.3295,16.5404,26.35,S11_Supertrend,ZRX_USDT_USDT,1D,Trend
1,1.88,0.47,0.0,0.0,0.0,0.0,0,999.0,100.0,97.88,0.0,187.599,40.0,S11_Supertrend,ALICE_USDT_USDT,1D,Trend
15,-8.85,-2.36,-1.1576,-3.7902,-0.2217,-10.62,15,0.2904,13.33,-10.22,1.8878,-58.9984,13.72,S11_Supertrend,BTC_USDT_USDT,1D,Trend
10,0.79,0.2,0.0855,0.304,0.0641,-3.06,7,1.1278,40.0,1.7,1.6917,7.8675,22.04,S11_Supertrend,ETH_USDT_USDT,1D,Trend
11,2.64,0.65,0.0833,0.2857,0.2181,-3.0,8,1.4291,45.45,1.21,1.7149,24.0335,26.1,S11_Supertrend,BNB_USDT_USDT,1D,Trend
11,13.11,3.25,1.1641,4.9414,3.2168,-1.01,1,5.1852,72.73,22.2,1.9445,119.1726,71.34,S11_Supertrend,1000BTT_USDT_USDT,1D,Trend
7,-1.76,-0.48,-0.6154,-1.3029,-0.1579,-3.03,7,0.6458,28.57,-30.67,1.6146,-25.0729,18.17,S11_Supertrend,AGLD_USDT_USDT,1D,Trend
1,1.82,0.45,0.0,0.0,0.0,0.0,0,999.0,100.0,92.84,0.0,181.6295,40.0,S11_Supertrend,ATOM_USDT_USDT,1D,Trend
920,-22.12,-7.28,-0.7343,-1.1955,-0.212,-34.32,845,0.9034,39.46,-0.19,1.3862,-2.4048,20.34,S12_Donchian_Breakout,1000LUNC_USDT_USDT,1H,Trend
1179,-53.45,-17.43,-1.8511,-3.1663,-0.3069,-56.81,1127,0.8038,36.81,-0.39,1.3798,-4.5335,15.26,S12_Donchian_Breakout,ANKR_USDT_USDT,1H,Trend
1175,-37.96,-11.26,-0.9818,-1.7602,-0.2609,-43.14,1069,0.8551,38.04,-0.22,1.3926,-3.2303,17.49,S12_Donchian_Breakout,CHZ_USDT_USDT,1H,Trend
1194,-34.56,-10.07,-0.8901,-1.6515,-0.2172,-46.34,962,0.8875,37.19,-0.22,1.4991,-2.8946,16.41,S12_Donchian_Breakout,CRV_USDT_USDT,1H,Trend
1253,-58.64,-20.52,-1.4708,-2.276,-0.3306,-62.07,1246,0.7692,39.43,-0.22,1.1819,-4.6796,15.63,S12_Donchian_Breakout,JST_USDT_USDT,1H,Trend
1125,-29.64,-9.39,-0.8916,-1.5341,-0.2125,-44.19,1118,0.8833,39.47,-0.17,1.3548,-2.6345,17.38,S12_Donchian_Breakout,ONT_USDT_USDT,1H,Trend
1055,-31.87,-10.17,-0.9884,-1.8525,-0.2982,-34.11,913,0.88,37.35,-0.24,1.4764,-3.0211,20.1,S12_Donchian_Breakout,OP_USDT_USDT,1H,Trend
1125,25.09,5.99,-0.0339,-0.0492,0.2767,-21.65,692,1.0843,44.44,-0.01,1.3554,2.23,27.33,S12_Donchian_Breakout,SUN_USDT_USDT,1H,Trend
1260,-44.99,-13.89,-1.1512,-1.6558,-0.2824,-49.17,1200,0.8422,40.4,-0.14,1.2426,-3.5707,16.02,S12_Donchian_Breakout,TRX_USDT_USDT,1H,Trend
952,-43.27,-16.24,-1.2516,-2.3506,-0.3632,-44.73,930,0.8115,36.76,-0.28,1.3958,-4.5453,16.83,S12_Donchian_Breakout,APT_USDT_USDT,1H,Trend
1274,-16.9,-4.53,-0.4623,-0.8976,-0.1856,-24.4,944,0.953,39.72,-0.09,1.4465,-1.3267,23.35,S12_Donchian_Breakout,AVAX_USDT_USDT,1H,Trend
1127,-50.16,-15.99,-1.3474,-2.6451,-0.3078,-51.94,1071,0.7918,35.58,-0.34,1.4336,-4.4507,15.08,S12_Donchian_Breakout,DYDX_USDT_USDT,1H,Trend
1189,-41.83,-12.68,-0.8398,-1.4433,-0.2754,-46.06,1135,0.8602,38.02,-0.19,1.4025,-3.5182,16.61,S12_Donchian_Breakout,FLOW_USDT_USDT,1H,Trend
1231,-51.75,-16.66,-1.5551,-2.7631,-0.309,-53.93,1188,0.7935,36.8,-0.31,1.3628,-4.2035,15.26,S12_Donchian_Breakout,MANA_USDT_USDT,1H,Trend
1090,-58.71,-21.09,-1.9877,-3.3488,-0.356,-59.24,1087,0.7186,34.86,-0.49,1.3427,-5.3866,14.98,S12_Donchian_Breakout,MINA_USDT_USDT,1H,Trend
815,-56.95,-23.68,-2.606,-4.0969,-0.3924,-60.35,740,0.7023,33.62,-0.54,1.3868,-6.9874,14.8,S12_Donchian_Breakout,TWT_USDT_USDT,1H,Trend
1165,-49.55,-15.75,-0.8641,-1.5491,-0.2735,-57.59,1115,0.7994,36.65,-0.22,1.3816,-4.2533,15.24,S12_Donchian_Breakout,ZEN_USDT_USDT,1H,Trend
1228,-36.18,-11.25,-0.6239,-1.0805,-0.2622,-42.92,1158,0.8829,38.93,-0.14,1.3853,-2.9459,17.69,S12_Donchian_Breakout,ZRX_USDT_USDT,1H,Trend
1145,-38.28,-11.37,-0.8318,-1.5327,-0.2297,-49.51,1089,0.8579,37.55,-0.21,1.4264,-3.3428,15.51,S12_Donchian_Breakout,ALICE_USDT_USDT,1H,Trend
1181,-58.61,-19.8,-1.5983,-2.9915,-0.3359,-58.96,1180,0.7689,38.02,-0.18,1.2535,-4.963,15.43,S12_Donchian_Breakout,BTC_USDT_USDT,1H,Trend
1196,-45.61,-14.15,-0.6976,-1.3097,-0.2887,-49.01,1044,0.8312,37.96,-0.11,1.3585,-3.8135,15.72,S12_Donchian_Breakout,ETH_USDT_USDT,1H,Trend
1191,-65.54,-23.39,-2.12,-3.488,-0.3483,-67.16,1128,0.7187,36.02,-0.28,1.2766,-5.5026,15.15,S12_Donchian_Breakout,BNB_USDT_USDT,1H,Trend
1212,-30.35,-8.97,-0.6499,-0.9708,-0.2105,-42.62,1091,0.8867,40.35,-0.1,1.3109,-2.5037,17.98,S12_Donchian_Breakout,1000BTT_USDT_USDT,1H,Trend
1155,-17.2,-4.98,-0.2397,-0.3894,-0.2133,-23.35,1122,0.9436,41.39,-0.07,1.3364,-1.4891,23.91,S12_Donchian_Breakout,AGLD_USDT_USDT,1H,Trend
1215,-51.18,-16.43,-1.2783,-2.3537,-0.2968,-55.37,1162,0.8,37.61,-0.25,1.3269,-4.2122,15.37,S12_Donchian_Breakout,ATOM_USDT_USDT,1H,Trend
218,-6.86,-2.12,-0.5197,-0.8228,-0.1685,-12.6,104,0.8958,38.07,-0.57,1.457,-3.1456,26.66,S12_Donchian_Breakout,1000LUNC_USDT_USDT,4H,Trend
303,6.52,1.6,0.0496,0.096,0.1338,-11.92,189,1.0761,40.59,0.04,1.5749,2.1523,29.18,S12_Donchian_Breakout,ANKR_USDT_USDT,4H,Trend
298,17.56,4.13,0.3176,0.6232,0.5192,-7.96,66,1.2013,40.94,0.27,1.7331,5.8935,36.61,S12_Donchian_Breakout,CHZ_USDT_USDT,4H,Trend
297,-9.5,-2.47,-0.1408,-0.3019,-0.1507,-16.36,206,0.8895,37.37,-0.14,1.4906,-3.1974,25.43,S12_Donchian_Breakout,CRV_USDT_USDT,4H,Trend
279,-14.25,-3.92,-0.7343,-1.1792,-0.2119,-18.49,270,0.8163,38.71,-0.49,1.2925,-5.1077,24.98,S12_Donchian_Breakout,JST_USDT_USDT,4H,Trend
291,-22.07,-6.75,-1.4414,-2.5109,-0.2756,-24.5,277,0.7487,34.36,-1.1,1.43,-7.5857,22.56,S12_Donchian_Breakout,ONT_USDT_USDT,4H,Trend
270,4.6,1.27,-0.2578,-0.4737,0.1853,-6.88,110,1.0629,39.63,-0.24,1.6191,1.7042,30.31,S12_Donchian_Breakout,OP_USDT_USDT,4H,Trend
306,0.14,0.04,-0.0147,-0.024,0.0031,-11.44,169,1.0016,42.16,-0.01,1.3743,0.0447,27.62,S12_Donchian_Breakout,SUN_USDT_USDT,4H,Trend
309,-4.29,-1.09,-0.3917,-0.4809,-0.0686,-15.9,281,0.9509,41.75,-0.2,1.3268,-1.3879,26.19,S12_Donchian_Breakout,TRX_USDT_USDT,4H,Trend
237,-8.17,-2.63,-0.212,-0.3821,-0.1851,-14.21,195,0.8812,37.55,-0.2,1.4654,-3.4491,26.1,S12_Donchian_Breakout,APT_USDT_USDT,4H,Trend
345,24.32,5.64,0.3752,0.7752,0.9991,-5.65,112,1.2408,42.03,0.3,1.7115,7.0485,41.53,S12_Donchian_Breakout,AVAX_USDT_USDT,4H,Trend
283,-6.24,-1.6,-0.1492,-0.325,-0.1242,-12.88,190,0.9215,36.75,-0.15,1.586,-2.2039,26.38,S12_Donchian_Breakout,DYDX_USDT_USDT,4H,Trend
311,3.13,0.78,-0.0682,-0.1291,0.0837,-9.29,172,1.035,39.87,-0.05,1.5609,1.0069,28.73,S12_Donchian_Breakout,FLOW_USDT_USDT,4H,Trend
327,8.08,1.97,-0.1326,-0.2669,0.1698,-11.57,160,1.0882,40.67,-0.1,1.5873,2.4707,29.13,S12_Donchian_Breakout,MANA_USDT_USDT,4H,Trend
273,10.64,2.76,-0.0078,-0.0134,0.4708,-5.86,95,1.1327,42.49,-0.01,1.533,3.8964,33.45,S12_Donchian_Breakout,MINA_USDT_USDT,4H,Trend
206,-14.96,-5.07,-1.0294,-1.7224,-0.2883,-17.59,198,0.7778,35.92,-0.87,1.3875,-7.2614,24.85,S12_Donchian_Breakout,TWT_USDT_USDT,4H,Trend
312,-8.74,-2.26,-0.2674,-0.5528,-0.1904,-11.88,227,0.9041,36.22,-0.25,1.5922,-2.8028,26.61,S12_Donchian_Breakout,ZEN_USDT_USDT,4H,Trend
282,3.48,0.91,0.279,0.5472,0.1236,-7.39,92,1.0446,40.78,0.26,1.5169,1.2347,32.56,S12_Donchian_Breakout,ZRX_USDT_USDT,4H,Trend
288,10.48,2.52,0.2943,0.5994,0.3367,-7.5,145,1.1358,40.97,0.28,1.6364,3.6376,34.81,S12_Donchian_Breakout,ALICE_USDT_USDT,4H,Trend
311,16.09,3.84,0.191,0.3465,0.6144,-6.25,63,1.1778,45.34,0.08,1.42,5.1724,36.94,S12_Donchian_Breakout,BTC_USDT_USDT,4H,Trend
316,5.76,1.42,0.1182,0.2087,0.2124,-6.66,198,1.0645,43.99,0.07,1.3555,1.8221,32.37,S12_Donchian_Breakout,ETH_USDT_USDT,4H,Trend
294,1.8,0.45,-0.3564,-0.5742,0.0465,-9.65,264,1.0206,42.86,-0.21,1.3608,0.6139,28.69,S12_Donchian_Breakout,BNB_USDT_USDT,4H,Trend
323,-7.02,-1.87,-0.5092,-0.7431,-0.1278,-14.66,302,0.9211,38.08,-0.31,1.4978,-2.1734,26.04,S12_Donchian_Breakout,1000BTT_USDT_USDT,4H,Trend
292,18.15,4.66,0.1351,0.2063,0.4173,-11.17,80,1.1879,44.86,0.16,1.46,6.2154,33.6,S12_Donchian_Breakout,AGLD_USDT_USDT,4H,Trend
295,-6.91,-1.77,-0.4498,-0.7901,-0.0967,-18.35,295,0.912,38.31,-0.34,1.4688,-2.3415,24.97,S12_Donchian_Breakout,ATOM_USDT_USDT,4H,Trend
36,-4.18,-1.31,-0.2211,-0.529,-0.2521,-5.18,36,0.6862,38.89,-1.31,1.0783,-11.5984,21.67,S12_Donchian_Breakout,1000LUNC_USDT_USDT,1D,Trend
51,3.4,0.84,-0.3509,-0.688,0.2828,-2.98,22,1.2251,37.25,-1.81,2.0633,6.6649,33.0,S12_Donchian_Breakout,ANKR_USDT_USDT,1D,Trend
57,5.14,1.26,-0.0285,-0.0441,0.2758,-4.57,14,1.2801,43.86,-0.15,1.6385,9.0142,33.83,S12_Donchian_Breakout,CHZ_USDT_USDT,1D,Trend
52,1.05,0.26,0.0575,0.1008,0.0531,-4.94,32,1.0771,42.31,0.32,1.4687,2.0146,31.07,S12_Donchian_Breakout,CRV_USDT_USDT,1D,Trend
40,4.76,1.24,0.3596,0.8332,0.2975,-4.16,22,1.427,52.5,1.49,1.2911,11.903,33.37,S12_Donchian_Breakout,JST_USDT_USDT,1D,Trend
39,-2.0,-0.56,-0.5545,-1.2638,-0.1576,-3.58,11,0.8361,35.9,-2.46,1.493,-5.1346,22.22,S12_Donchian_Breakout,ONT_USDT_USDT,1D,Trend
48,-2.02,-0.57,-0.3884,-0.9029,-0.1429,-3.98,19,0.882,37.5,-2.39,1.47,-4.2103,23.83,S12_Donchian_Breakout,OP_USDT_USDT,1D,Trend
47,2.37,0.64,0.6004,1.5791,0.1495,-4.25,29,1.2069,42.55,1.97,1.6293,5.0409,32.86,S12_Donchian_Breakout,SUN_USDT_USDT,1D,Trend
51,2.49,0.64,-0.6476,-0.7914,0.1424,-4.49,21,1.1536,39.22,-1.86,1.7881,4.8823,31.36,S12_Donchian_Breakout,TRX_USDT_USDT,1D,Trend
36,-0.46,-0.14,0.265,0.6578,-0.0406,-3.56,20,0.9507,44.44,1.41,1.1884,-1.2757,25.6,S12_Donchian_Breakout,APT_USDT_USDT,1D,Trend
52,5.42,1.33,0.8002,1.949,0.319,-4.18,24,1.43,50.0,3.68,1.43,10.4273,44.24,S12_Donchian_Breakout,AVAX_USDT_USDT,1D,Trend
45,-1.86,-0.47,-0.1393,-0.3653,-0.0839,-5.59,29,0.8631,37.78,-0.84,1.4216,-4.1316,22.89,S12_Donchian_Breakout,DYDX_USDT_USDT,1D,Trend
58,9.81,2.37,0.8435,1.9094,0.7626,-3.11,22,1.7011,51.72,3.83,1.5877,16.9062,50.23,S12_Donchian_Breakout,FLOW_USDT_USDT,1D,Trend
60,6.86,1.67,0.5814,1.8945,0.5431,-3.08,12,1.4514,46.67,2.38,1.6587,11.4307,43.56,S12_Donchian_Breakout,MANA_USDT_USDT,1D,Trend
49,3.46,0.92,0.5856,1.5978,0.3477,-2.63,33,1.2529,46.94,3.05,1.4164,7.0655,35.82,S12_Donchian_Breakout,MINA_USDT_USDT,1D,Trend
36,3.17,1.01,0.1617,0.3591,0.349,-2.89,11,1.2808,50.0,0.82,1.2808,8.8154,29.99,S12_Donchian_Breakout,TWT_USDT_USDT,1D,Trend
48,-5.94,-1.57,-0.9027,-1.4897,-0.2649,-5.94,48,0.5639,31.25,-4.36,1.2406,-12.3692,22.35,S12_Donchian_Breakout,ZEN_USDT_USDT,1D,Trend
49,-5.45,-1.48,-0.5851,-1.164,-0.2713,-5.45,49,0.6325,28.57,-2.9,1.5812,-11.1322,22.28,S12_Donchian_Breakout,ZRX_USDT_USDT,1D,Trend
42,0.33,0.09,-0.4508,-0.8925,0.0197,-4.37,15,1.0271,40.48,-2.54,1.5104,0.7887,23.47,S12_Donchian_Breakout,ALICE_USDT_USDT,1D,Trend
57,-2.44,-0.63,-0.1603,-0.3904,-0.1556,-4.04,52,0.8715,38.6,-0.38,1.3864,-4.2857,29.3,S12_Donchian_Breakout,BTC_USDT_USDT,1D,Trend
62,0.86,0.22,-0.0275,-0.0863,0.0453,-4.79,45,1.0445,37.1,-0.09,1.7711,1.3881,29.5,S12_Donchian_Breakout,ETH_USDT_USDT,1D,Trend
45,8.11,2.01,0.3661,0.7579,0.4859,-4.14,12,1.6581,55.56,1.32,1.3265,18.0308,37.7,S12_Donchian_Breakout,BNB_USDT_USDT,1D,Trend
50,3.19,0.82,0.2466,0.4962,0.2643,-3.11,20,1.2824,42.0,0.82,1.7709,6.3841,36.41,S12_Donchian_Breakout,1000BTT_USDT_USDT,1D,Trend
42,2.07,0.56,0.022,0.042,0.2466,-2.26,17,1.1889,45.24,0.15,1.4392,4.926,27.73,S12_Donchian_Breakout,AGLD_USDT_USDT,1D,Trend
48,2.11,0.53,0.1334,0.3608,0.1672,-3.14,13,1.1542,41.67,0.6,1.6159,4.3968,28.28,S12_Donchian_Breakout,ATOM_USDT_USDT,1D,Trend
1023,-54.11,-20.97,-0.5281,-1.2426,-0.3822,-54.86,1016,0.8829,39.78,-0.15,1.3363,-5.289,15.68,S13_Hull_MA_Trend,1000LUNC_USDT_USDT,1H,Trend
1327,-49.13,-15.56,-0.1753,-0.4915,-0.2481,-62.72,1223,0.931,40.92,-0.04,1.3443,-3.7027,15.85,S13_Hull_MA_Trend,ANKR_USDT_USDT,1H,Trend
1371,-71.31,-26.83,-0.7192,-2.1584,-0.3651,-73.49,1368,0.8606,39.31,-0.16,1.3284,-5.2016,15.62,S13_Hull_MA_Trend,CHZ_USDT_USDT,1H,Trend
1335,-51.57,-16.59,-0.423,-1.3396,-0.2633,-63.02,1335,0.8974,40.3,-0.11,1.3295,-3.8632,15.76,S13_Hull_MA_Trend,CRV_USDT_USDT,1H,Trend
1385,-49.89,-16.44,0.0839,0.1998,-0.2465,-66.71,1036,0.9202,42.53,0.01,1.2436,-3.6024,16.91,S13_Hull_MA_Trend,JST_USDT_USDT,1H,Trend
1294,-66.98,-26.68,-0.7455,-2.1893,-0.3635,-73.41,1292,0.8554,39.8,-0.15,1.2938,-5.1764,15.69,S13_Hull_MA_Trend,ONT_USDT_USDT,1H,Trend
1131,-17.58,-5.25,0.2334,0.6641,-0.1143,-45.97,879,0.9686,41.73,0.07,1.3524,-1.5547,19.51,S13_Hull_MA_Trend,OP_USDT_USDT,1H,Trend
1223,-53.29,-17.96,-0.3784,-0.7713,-0.278,-64.59,978,0.9102,41.86,-0.08,1.2639,-4.3576,15.98,S13_Hull_MA_Trend,SUN_USDT_USDT,1H,Trend
1328,-76.39,-30.31,-0.4018,-0.87,-0.3908,-77.55,1296,0.8276,41.27,-0.05,1.178,-5.752,15.9,S13_Hull_MA_Trend,TRX_USDT_USDT,1H,Trend
1017,-50.73,-19.84,-0.3895,-1.1869,-0.3208,-61.85,999,0.8699,39.82,-0.1,1.3145,-4.9877,15.69,S13_Hull_MA_Trend,APT_USDT_USDT,1H,Trend
1396,-57.38,-19.21,-0.2889,-0.8781,-0.2692,-71.38,989,0.9104,40.4,-0.07,1.3431,-4.1102,15.77,S13_Hull_MA_Trend,AVAX_USDT_USDT,1H,Trend
1314,-58.37,-19.69,-0.615,-1.7565,-0.3044,-64.67,1275,0.8944,39.73,-0.17,1.357,-4.442,15.68,S13_Hull_MA_Trend,DYDX_USDT_USDT,1H,Trend
1290,-72.75,-27.76,-0.9737,-2.5821,-0.3607,-76.97,1249,0.8573,38.84,-0.23,1.3502,-5.6393,15.55,S13_Hull_MA_Trend,FLOW_USDT_USDT,1H,Trend
1315,-56.66,-18.87,-0.2466,-0.6932,-0.2696,-70.01,1249,0.8843,40.38,-0.06,1.3056,-4.3085,15.77,S13_Hull_MA_Trend,MANA_USDT_USDT,1H,Trend
1225,-55.76,-19.62,-0.4356,-1.1773,-0.2957,-66.34,1225,0.8734,40.08,-0.11,1.3056,-4.5521,15.73,S13_Hull_MA_Trend,MINA_USDT_USDT,1H,Trend
927,-59.94,-25.43,-0.8716,-2.5738,-0.4038,-62.97,914,0.8541,39.27,-0.19,1.321,-6.4664,15.61,S13_Hull_MA_Trend,TWT_USDT_USDT,1H,Trend
1300,-71.05,-26.66,-1.0282,-2.6091,-0.355,-75.1,1222,0.878,38.85,-0.28,1.3822,-5.4651,15.55,S13_Hull_MA_Trend,ZEN_USDT_USDT,1H,Trend
1281,-27.28,-8.12,-0.0556,-0.1507,-0.1526,-53.21,671,0.958,41.92,-0.01,1.3272,-2.1299,15.99,S13_Hull_MA_Trend,ZRX_USDT_USDT,1H,Trend
1290,-66.1,-23.71,-0.4388,-1.353,-0.3154,-75.17,1267,0.8466,39.07,-0.12,1.3203,-5.1237,15.58,S13_Hull_MA_Trend,ALICE_USDT_USDT,1H,Trend
1259,-88.41,-41.68,-2.0841,-6.0861,-0.4694,-88.79,1257,0.7343,37.73,-0.27,1.212,-7.0226,15.39,S13_Hull_MA_Trend,BTC_USDT_USDT,1H,Trend
1309,-72.4,-27.53,-0.7645,-2.2559,-0.3735,-73.71,1282,0.8567,39.88,-0.13,1.2916,-5.5307,15.7,S13_Hull_MA_Trend,ETH_USDT_USDT,1H,Trend
1254,-51.59,-16.6,-0.0834,-0.2405,-0.2544,-65.25,1120,0.9201,42.11,-0.01,1.2652,-4.1142,16.02,S13_Hull_MA_Trend,BNB_USDT_USDT,1H,Trend
1088,-30.41,-9.0,0.2095,0.4777,-0.2665,-33.75,1064,0.9437,43.2,0.04,1.2408,-2.7955,23.14,S13_Hull_MA_Trend,1000BTT_USDT_USDT,1H,Trend
1229,-30.7,-9.45,-0.0291,-0.0829,-0.1674,-56.47,1117,0.9442,41.33,-0.01,1.3401,-2.4978,15.9,S13_Hull_MA_Trend,AGLD_USDT_USDT,1H,Trend
1337,-73.0,-27.93,-0.5296,-1.5943,-0.347,-80.48,1209,0.8667,39.19,-0.11,1.3447,-5.4598,15.6,S13_Hull_MA_Trend,ATOM_USDT_USDT,1H,Trend
205,24.14,6.75,0.8851,2.8142,0.4364,-15.47,87,1.1995,45.85,1.16,1.4164,11.778,40.17,S13_Hull_MA_Trend,1000LUNC_USDT_USDT,4H,Trend
307,-23.94,-6.62,-0.6661,-2.0943,-0.2557,-25.88,278,0.8624,37.79,-0.65,1.42,-7.799,22.63,S13_Hull_MA_Trend,ANKR_USDT_USDT,4H,Trend
324,17.65,4.16,0.3544,1.0583,0.3525,-11.79,131,1.0924,43.52,0.34,1.4178,5.4475,34.27,S13_Hull_MA_Trend,CHZ_USDT_USDT,4H,Trend
314,-13.21,-3.48,-0.5921,-1.7565,-0.1006,-34.63,254,0.9242,39.49,-0.67,1.4161,-4.2082,20.25,S13_Hull_MA_Trend,CRV_USDT_USDT,4H,Trend
289,1.78,0.46,0.2,0.5345,0.0265,-17.36,239,1.0109,42.56,0.14,1.3644,0.6171,28.13,S13_Hull_MA_Trend,JST_USDT_USDT,4H,Trend
301,8.69,2.36,0.3865,1.3602,0.1214,-19.44,164,1.0481,42.86,0.34,1.3974,2.8854,30.32,S13_Hull_MA_Trend,ONT_USDT_USDT,4H,Trend
277,22.23,5.76,0.4749,1.3479,0.2374,-24.26,185,1.1414,44.4,0.56,1.4291,8.0235,31.46,S13_Hull_MA_Trend,OP_USDT_USDT,4H,Trend
291,-10.19,-2.76,-0.1549,-0.3524,-0.1383,-19.93,260,0.9376,40.55,-0.13,1.3746,-3.5022,24.81,S13_Hull_MA_Trend,SUN_USDT_USDT,4H,Trend
286,-18.88,-5.1,-0.7671,-1.2838,-0.2044,-24.95,284,0.8785,40.21,-0.43,1.3063,-6.6001,23.26,S13_Hull_MA_Trend,TRX_USDT_USDT,4H,Trend
256,-15.12,-4.99,-0.5707,-1.8517,-0.2003,-24.93,249,0.8964,38.67,-0.57,1.4215,-5.9063,23.05,S13_Hull_MA_Trend,APT_USDT_USDT,4H,Trend
334,-22.23,-6.1,-0.5522,-1.5379,-0.1775,-34.36,285,0.8809,38.62,-0.5,1.3999,-6.6571,20.21,S13_Hull_MA_Trend,AVAX_USDT_USDT,4H,Trend
309,-21.87,-5.99,-0.5813,-1.8882,-0.2084,-28.73,304,0.8757,38.19,-0.68,1.4175,-7.077,21.84,S13_Hull_MA_Trend,DYDX_USDT_USDT,4H,Trend
315,8.48,2.06,0.0137,0.0451,0.103,-20.03,257,1.0447,42.54,0.01,1.4111,2.6906,26.23,S13_Hull_MA_Trend,FLOW_USDT_USDT,4H,Trend
297,-20.72,-5.64,-0.6963,-2.1133,-0.2081,-27.13,285,0.8746,38.38,-0.68,1.404,-6.9775,22.35,S13_Hull_MA_Trend,MANA_USDT_USDT,4H,Trend
260,-10.42,-2.9,-0.1531,-0.428,-0.16,-18.15,155,0.9348,39.62,-0.17,1.4248,-4.0094,25.21,S13_Hull_MA_Trend,MINA_USDT_USDT,4H,Trend
200,8.63,2.69,0.2308,0.7148,0.2555,-10.53,85,1.0694,43.5,0.22,1.389,4.3134,32.59,S13_Hull_MA_Trend,TWT_USDT_USDT,4H,Trend
293,-17.29,-4.64,-0.5305,-1.3638,-0.2207,-21.01,276,0.9007,38.91,-0.64,1.4143,-5.9003,24.26,S13_Hull_MA_Trend,ZEN_USDT_USDT,4H,Trend
290,-6.19,-1.69,0.271,0.9722,-0.0867,-19.43,179,0.9654,40.69,0.29,1.4072,-2.1354,27.69,S13_Hull_MA_Trend,ZRX_USDT_USDT,4H,Trend
302,-37.28,-11.01,-1.0059,-2.8678,-0.2778,-39.65,288,0.7713,35.1,-1.13,1.4262,-12.3428,18.12,S13_Hull_MA_Trend,ALICE_USDT_USDT,4H,Trend
334,-25.59,-7.13,-0.8256,-2.523,-0.2206,-32.31,328,0.8538,38.92,-0.4,1.3399,-7.6621,20.87,S13_Hull_MA_Trend,BTC_USDT_USDT,4H,Trend
321,-33.27,-9.62,-1.2648,-3.5499,-0.2336,-41.21,320,0.8052,37.07,-0.83,1.3668,-10.3643,17.93,S13_Hull_MA_Trend,ETH_USDT_USDT,4H,Trend
319,-20.27,-5.51,-0.4766,-1.3636,-0.1826,-30.18,179,0.8891,39.5,-0.29,1.3618,-6.3552,21.59,S13_Hull_MA_Trend,BNB_USDT_USDT,4H,Trend
278,8.17,2.06,-0.0679,-0.1407,0.1234,-16.71,262,1.0485,43.53,-0.05,1.3604,2.9385,27.39,S13_Hull_MA_Trend,1000BTT_USDT_USDT,4H,Trend
278,-28.3,-8.62,-0.8365,-2.183,-0.2602,-33.12,254,0.8235,36.33,-1.01,1.4431,-10.1815,20.26,S13_Hull_MA_Trend,AGLD_USDT_USDT,4H,Trend
309,-1.01,-0.25,0.0115,0.0315,-0.0096,-26.47,211,0.9948,41.42,0.01,1.4067,-0.3276,23.09,S13_Hull_MA_Trend,ATOM_USDT_USDT,4H,Trend
31,12.75,3.69,0.9498,4.1699,1.8353,-2.01,5,1.9207,58.06,7.76,1.3872,41.1412,53.16,S13_Hull_MA_Trend,1000LUNC_USDT_USDT,1D,Trend
46,8.92,2.16,0.3125,1.0308,0.2741,-7.88,21,1.3599,47.83,1.97,1.4835,19.3947,31.45,S13_Hull_MA_Trend,ANKR_USDT_USDT,1D,Trend
50,21.1,4.91,0.9852,3.1214,1.3937,-3.52,10,1.8556,56.0,6.46,1.458,42.2016,57.5,S13_Hull_MA_Trend,CHZ_USDT_USDT,1D,Trend
53,-6.82,-1.75,-0.3731,-1.4409,-0.1981,-8.84,47,0.7965,35.85,-2.54,1.4254,-12.8699,27.47,S13_Hull_MA_Trend,CRV_USDT_USDT,1D,Trend
31,-6.22,-1.66,-0.21,-0.6036,-0.2114,-7.84,18,0.6993,32.26,-1.38,1.4685,-20.0785,19.09,S13_Hull_MA_Trend,JST_USDT_USDT,1D,Trend
41,13.45,3.6,0.8827,3.9725,0.6588,-5.46,11,1.69,53.66,5.38,1.4596,32.7931,42.92,S13_Hull_MA_Trend,ONT_USDT_USDT,1D,Trend
42,-6.67,-1.91,-0.5079,-1.3751,-0.1758,-10.85,38,0.7432,33.33,-3.83,1.4864,-15.8721,20.17,S13_Hull_MA_Trend,OP_USDT_USDT,1D,Trend
36,-0.07,-0.02,-0.2404,-0.5709,-0.0023,-7.9,33,0.9966,41.67,-1.47,1.3952,-0.1964,21.25,S13_Hull_MA_Trend,SUN_USDT_USDT,1D,Trend
52,-13.8,-3.65,-0.3249,-0.9249,-0.1856,-19.65,44,0.6184,30.77,-0.99,1.3914,-26.5336,23.5,S13_Hull_MA_Trend,TRX_USDT_USDT,1D,Trend
36,-0.94,-0.3,-0.0219,-0.1071,-0.0318,-9.31,34,0.9551,38.89,-0.15,1.5009,-2.6234,20.43,S13_Hull_MA_Trend,APT_USDT_USDT,1D,Trend
59,8.8,2.13,0.2456,0.9255,0.185,-11.53,18,1.248,47.46,1.38,1.3818,14.9187,33.87,S13_Hull_MA_Trend,AVAX_USDT_USDT,1D,Trend
45,-7.04,-1.81,-0.3208,-1.3586,-0.1371,-13.21,37,0.7589,33.33,-2.6,1.5178,-15.6543,19.97,S13_Hull_MA_Trend,DYDX_USDT_USDT,1D,Trend
45,6.09,1.49,0.4738,1.9105,0.2848,-5.23,27,1.2402,46.67,3.21,1.4174,13.5238,32.7,S13_Hull_MA_Trend,FLOW_USDT_USDT,1D,Trend
47,3.1,0.77,0.165,0.5797,0.085,-9.01,43,1.1191,42.55,1.04,1.5107,6.5875,25.99,S13_Hull_MA_Trend,MANA_USDT_USDT,1D,Trend
45,2.45,0.65,0.0711,0.2178,0.1151,-5.64,30,1.094,42.22,0.51,1.4971,5.4348,25.69,S13_Hull_MA_Trend,MINA_USDT_USDT,1D,Trend
26,-2.92,-0.95,-0.2794,-1.309,-0.1201,-7.88,25,0.8145,38.46,-1.88,1.3032,-11.2435,19.13,S13_Hull_MA_Trend,TWT_USDT_USDT,1D,Trend
51,21.92,5.08,1.0452,3.7214,1.6966,-3.0,10,1.9065,56.86,7.37,1.4463,42.9877,60.79,S13_Hull_MA_Trend,ZEN_USDT_USDT,1D,Trend
37,10.28,2.64,0.67,2.1331,0.4471,-5.9,25,1.5574,51.35,5.34,1.4754,27.7888,37.26,S13_Hull_MA_Trend,ZRX_USDT_USDT,1D,Trend
55,-5.0,-1.28,-0.2968,-0.8551,-0.1278,-9.98,26,0.8558,36.36,-1.98,1.4976,-9.0971,27.2,S13_Hull_MA_Trend,ALICE_USDT_USDT,1D,Trend
52,4.7,1.15,0.0117,0.0381,0.114,-10.12,31,1.1542,44.23,0.03,1.4553,9.0314,30.32,S13_Hull_MA_Trend,BTC_USDT_USDT,1D,Trend
57,0.02,0.0,0.1742,0.709,0.0004,-10.27,39,1.0005,40.35,0.69,1.479,0.0295,29.43,S13_Hull_MA_Trend,ETH_USDT_USDT,1D,Trend
53,-5.92,-1.51,-0.3145,-1.0621,-0.1314,-11.53,44,0.8229,35.85,-1.13,1.4726,-11.1635,26.66,S13_Hull_MA_Trend,BNB_USDT_USDT,1D,Trend
49,-7.75,-2.08,-0.1896,-0.654,-0.1973,-10.52,46,0.7538,34.69,-0.8,1.419,-15.824,21.63,S13_Hull_MA_Trend,1000BTT_USDT_USDT,1D,Trend
38,-4.97,-1.37,-0.4618,-1.3835,-0.1424,-9.62,33,0.79,34.21,-4.01,1.5191,-13.0784,20.0,S13_Hull_MA_Trend,AGLD_USDT_USDT,1D,Trend
45,-7.29,-1.88,-0.2743,-0.8582,-0.1507,-12.46,31,0.7507,33.33,-1.6,1.5013,-16.206,20.19,S13_Hull_MA_Trend,ATOM_USDT_USDT,1D,Trend
160,4.82,1.43,0.6094,1.7744,0.0795,-18.01,99,1.0447,36.25,1.12,1.8372,3.011,31.73,S14_PSAR_EMA,1000LUNC_USDT_USDT,1H,Trend
664,-28.19,-7.95,-0.3797,-0.8138,-0.1683,-47.25,499,0.9417,34.19,-0.18,1.8129,-4.2462,15.71,S14_PSAR_EMA,ANKR_USDT_USDT,1H,Trend
683,17.91,4.21,0.2845,0.6285,0.1446,-29.1,220,1.0318,36.6,0.13,1.7871,2.6224,25.55,S14_PSAR_EMA,CHZ_USDT_USDT,1H,Trend
721,-31.93,-9.18,-0.1399,-0.359,-0.1514,-60.59,544,0.9377,33.7,-0.07,1.8445,-4.4292,14.81,S14_PSAR_EMA,CRV_USDT_USDT,1H,Trend
416,-37.27,-11.42,-0.6737,-1.3039,-0.241,-47.38,384,0.8303,32.93,-0.37,1.691,-8.9582,15.49,S14_PSAR_EMA,JST_USDT_USDT,1H,Trend
630,-44.74,-15.31,-0.3798,-0.945,-0.3017,-50.73,600,0.8651,32.86,-0.15,1.7679,-7.1012,14.69,S14_PSAR_EMA,ONT_USDT_USDT,1H,Trend
613,-31.52,-10.03,-0.4663,-1.0995,-0.2348,-42.7,613,0.9058,33.61,-0.26,1.7897,-5.1424,16.99,S14_PSAR_EMA,OP_USDT_USDT,1H,Trend
574,-44.75,-14.3,-0.6119,-1.2632,-0.2926,-48.87,574,0.8348,33.62,-0.27,1.648,-7.7953,15.14,S14_PSAR_EMA,SUN_USDT_USDT,1H,Trend
666,-46.31,-14.41,-0.9226,-1.6684,-0.2838,-50.78,642,0.8547,35.14,-0.24,1.5779,-6.9534,15.02,S14_PSAR_EMA,TRX_USDT_USDT,1H,Trend
471,4.84,1.49,-0.2233,-0.5523,0.0434,-34.29,437,1.0177,36.09,-0.11,1.8019,1.0281,20.29,S14_PSAR_EMA,APT_USDT_USDT,1H,Trend
464,60.04,12.48,0.3084,0.5483,0.6152,-20.29,137,1.1677,39.22,0.17,1.8093,12.9388,32.96,S14_PSAR_EMA,AVAX_USDT_USDT,1H,Trend
692,-32.26,-9.28,-0.524,-1.2692,-0.2065,-44.97,455,0.9237,33.67,-0.29,1.8197,-4.6617,16.32,S14_PSAR_EMA,DYDX_USDT_USDT,1H,Trend
637,-35.72,-10.47,0.202,0.5458,-0.2024,-51.71,539,0.9074,33.44,0.11,1.8063,-5.6073,16.8,S14_PSAR_EMA,FLOW_USDT_USDT,1H,Trend
670,-9.99,-2.6,0.2712,0.7234,-0.0738,-35.23,495,0.9778,35.52,0.12,1.7749,-1.4911,22.22,S14_PSAR_EMA,MANA_USDT_USDT,1H,Trend
529,4.84,1.28,0.9186,2.9069,0.0314,-40.58,510,1.0142,36.11,0.54,1.7948,0.9159,27.49,S14_PSAR_EMA,MINA_USDT_USDT,1H,Trend
455,-1.56,-0.5,0.6733,1.9613,-0.0187,-26.95,438,0.9946,35.82,0.33,1.7817,-0.3428,28.77,S14_PSAR_EMA,TWT_USDT_USDT,1H,Trend
496,-6.99,-1.8,0.3638,1.1104,-0.0732,-24.57,449,0.9783,35.28,0.26,1.7945,-1.4101,26.31,S14_PSAR_EMA,ZEN_USDT_USDT,1H,Trend
640,46.5,10.7,0.2721,0.5932,0.4912,-21.78,247,1.087,38.12,0.13,1.7642,7.266,30.56,S14_PSAR_EMA,ZRX_USDT_USDT,1H,Trend
703,-30.19,-8.6,-0.4018,-1.0309,-0.1882,-45.7,645,0.9262,34.0,-0.19,1.7982,-4.2947,16.15,S14_PSAR_EMA,ALICE_USDT_USDT,1H,Trend
552,-40.56,-12.2,-0.4527,-1.1388,-0.2605,-46.83,541,0.8541,34.24,-0.13,1.6404,-7.3477,15.84,S14_PSAR_EMA,BTC_USDT_USDT,1H,Trend
621,-31.23,-8.94,-0.5491,-1.3765,-0.2071,-43.17,602,0.9073,34.62,-0.19,1.7134,-5.0285,16.99,S14_PSAR_EMA,ETH_USDT_USDT,1H,Trend
455,-6.87,-1.76,-0.1678,-0.2971,-0.059,-29.91,229,0.9783,36.26,-0.06,1.7194,-1.5089,21.21,S14_PSAR_EMA,BNB_USDT_USDT,1H,Trend
552,-32.15,-9.59,-0.249,-0.5295,-0.214,-44.83,512,0.8807,34.6,-0.09,1.6646,-5.8243,16.49,S14_PSAR_EMA,1000BTT_USDT_USDT,1H,Trend
582,-53.44,-18.72,-1.2894,-2.1659,-0.3422,-54.72,556,0.8324,31.1,-0.76,1.8441,-9.1825,14.44,S14_PSAR_EMA,AGLD_USDT_USDT,1H,Trend
690,-57.56,-19.3,-0.7838,-1.9844,-0.3104,-62.16,554,0.8453,31.74,-0.33,1.818,-8.3414,14.53,S14_PSAR_EMA,ATOM_USDT_USDT,1H,Trend
68,1.32,0.4,-0.1222,-0.2986,0.0396,-10.02,27,1.0285,35.29,-0.4,1.8857,1.9409,27.51,S14_PSAR_EMA,1000LUNC_USDT_USDT,4H,Trend
189,45.57,9.87,0.2941,0.6476,0.9441,-10.46,37,1.3281,41.27,0.52,1.89,24.1129,39.46,S14_PSAR_EMA,ANKR_USDT_USDT,4H,Trend
152,27.7,6.31,0.5635,1.5193,0.5618,-11.23,53,1.2582,40.13,1.14,1.8769,18.2267,38.68,S14_PSAR_EMA,CHZ_USDT_USDT,4H,Trend
163,-19.47,-5.28,-0.7946,-1.9949,-0.2247,-23.48,111,0.8169,30.06,-1.66,1.9005,-11.9436,22.25,S14_PSAR_EMA,CRV_USDT_USDT,4H,Trend
140,-6.69,-1.78,-0.4878,-1.0915,-0.0995,-17.93,136,0.9264,33.57,-0.7,1.833,-4.7765,24.42,S14_PSAR_EMA,JST_USDT_USDT,4H,Trend
167,2.98,0.83,-0.0837,-0.2006,0.0618,-13.39,102,1.0279,35.33,-0.13,1.8816,1.786,26.65,S14_PSAR_EMA,ONT_USDT_USDT,4H,Trend
174,-18.08,-5.41,-0.6959,-1.7242,-0.2173,-24.91,173,0.8327,31.03,-1.26,1.8503,-10.3907,21.96,S14_PSAR_EMA,OP_USDT_USDT,4H,Trend
125,5.15,1.31,-0.075,-0.1506,0.1001,-13.14,81,1.064,36.8,-0.16,1.8274,4.1224,27.46,S14_PSAR_EMA,SUN_USDT_USDT,4H,Trend
176,-16.3,-4.35,-1.1447,-1.7229,-0.1847,-23.56,176,0.8481,32.39,-1.19,1.7706,-9.2594,22.56,S14_PSAR_EMA,TRX_USDT_USDT,4H,Trend
113,16.7,4.94,0.6754,1.5946,0.3673,-13.46,88,1.2324,38.94,1.62,1.9326,14.7777,37.47,S14_PSAR_EMA,APT_USDT_USDT,4H,Trend
114,36.17,8.03,0.9845,3.3033,0.9865,-8.14,27,1.4621,43.86,2.79,1.8715,31.7239,48.71,S14_PSAR_EMA,AVAX_USDT_USDT,4H,Trend
210,-14.64,-3.88,-0.4486,-1.1814,-0.1711,-22.69,210,0.8849,31.9,-0.79,1.8886,-6.9699,22.75,S14_PSAR_EMA,DYDX_USDT_USDT,4H,Trend
194,8.22,2.0,0.0934,0.2495,0.1504,-13.31,87,1.0621,36.08,0.16,1.8814,4.2374,28.56,S14_PSAR_EMA,FLOW_USDT_USDT,4H,Trend
167,2.51,0.62,0.0573,0.1465,0.0265,-23.45,155,1.0237,35.33,0.1,1.8738,1.5008,23.94,S14_PSAR_EMA,MANA_USDT_USDT,4H,Trend
130,25.75,6.33,1.1564,4.0863,0.8242,-7.68,39,1.301,40.77,2.7,1.8901,19.811,47.84,S14_PSAR_EMA,MINA_USDT_USDT,4H,Trend
95,11.41,3.54,0.6352,2.2613,0.553,-6.4,29,1.1767,38.95,1.4,1.8446,12.0126,40.01,S14_PSAR_EMA,TWT_USDT_USDT,4H,Trend
191,-20.93,-5.71,-0.6621,-1.5088,-0.2175,-26.23,180,0.8288,30.37,-1.2,1.9006,-10.9585,21.47,S14_PSAR_EMA,ZEN_USDT_USDT,4H,Trend
172,-11.02,-3.06,-0.7529,-1.6623,-0.1391,-22.0,166,0.8979,32.56,-1.45,1.8599,-6.4073,23.05,S14_PSAR_EMA,ZRX_USDT_USDT,4H,Trend
160,2.74,0.68,-0.3795,-0.672,0.0345,-19.66,143,1.0278,35.62,-0.78,1.8572,1.7103,24.63,S14_PSAR_EMA,ALICE_USDT_USDT,4H,Trend
138,20.77,4.83,0.0326,0.0778,0.5374,-9.0,27,1.2232,39.86,0.04,1.8459,15.0499,33.58,S14_PSAR_EMA,BTC_USDT_USDT,4H,Trend
164,-9.44,-2.45,-0.4183,-1.1469,-0.142,-17.25,144,0.9131,32.93,-0.54,1.8601,-5.7544,24.53,S14_PSAR_EMA,ETH_USDT_USDT,4H,Trend
129,-5.01,-1.28,-0.43,-0.9834,-0.0572,-22.35,120,0.9365,34.11,-0.62,1.8091,-3.8861,23.17,S14_PSAR_EMA,BNB_USDT_USDT,4H,Trend
111,13.54,3.36,0.4312,0.9734,0.3193,-10.51,53,1.1855,38.74,0.95,1.8747,12.2019,35.21,S14_PSAR_EMA,1000BTT_USDT_USDT,4H,Trend
142,24.32,6.07,0.3104,0.5285,0.6759,-8.98,39,1.2535,39.44,0.88,1.925,17.1241,37.45,S14_PSAR_EMA,AGLD_USDT_USDT,4H,Trend
168,11.22,2.7,0.3059,0.7831,0.1569,-17.23,41,1.0922,36.9,0.5,1.8673,6.677,29.9,S14_PSAR_EMA,ATOM_USDT_USDT,4H,Trend
15,-3.2,-1.0,-0.4172,-1.2037,-0.1981,-5.05,15,0.7045,26.67,-6.41,1.9374,-21.3483,17.3,S14_PSAR_EMA,1000LUNC_USDT_USDT,1D,Trend
22,-2.52,-0.64,-0.2344,-0.8403,-0.091,-7.0,20,0.8288,31.82,-3.16,1.7759,-11.4556,17.78,S14_PSAR_EMA,ANKR_USDT_USDT,1D,Trend
12,3.12,0.77,0.2005,0.8818,0.3761,-2.05,7,1.4579,41.67,4.63,2.0411,25.9653,28.28,S14_PSAR_EMA,CHZ_USDT_USDT,1D,Trend
28,-11.29,-2.95,-1.1282,-3.046,-0.2074,-14.23,26,0.4663,21.43,-10.93,1.7097,-40.3229,15.12,S14_PSAR_EMA,CRV_USDT_USDT,1D,Trend
12,-6.11,-1.63,-1.1299,-1.7733,-0.2078,-7.83,12,0.3749,16.67,-8.55,1.8745,-50.9405,15.03,S14_PSAR_EMA,JST_USDT_USDT,1D,Trend
13,-2.7,-0.76,-0.5177,-0.8834,-0.1507,-5.07,13,0.6958,30.77,-9.28,1.5655,-20.7928,17.87,S14_PSAR_EMA,ONT_USDT_USDT,1D,Trend
29,12.76,3.41,0.5829,1.9229,0.4969,-6.86,10,1.7968,48.28,6.41,1.9252,44.0035,36.46,S14_PSAR_EMA,OP_USDT_USDT,1D,Trend
15,-4.2,-1.11,-0.7669,-1.3846,-0.2135,-5.2,15,0.6162,26.67,-7.1,1.6946,-28.0126,17.25,S14_PSAR_EMA,SUN_USDT_USDT,1D,Trend
29,2.31,0.57,0.1324,0.4182,0.0591,-9.7,22,1.1296,37.93,0.79,1.8484,7.9714,21.7,S14_PSAR_EMA,TRX_USDT_USDT,1D,Trend
18,21.6,6.3,1.8716,12.6802,3.1369,-2.01,4,5.0081,72.22,23.79,1.9262,119.9836,78.11,S14_PSAR_EMA,APT_USDT_USDT,1D,Trend
19,-3.01,-0.76,-0.4387,-1.3511,-0.1095,-6.96,16,0.771,31.58,-5.31,1.6706,-15.8352,17.42,S14_PSAR_EMA,AVAX_USDT_USDT,1D,Trend
30,-4.19,-1.06,-0.3787,-1.2367,-0.0923,-11.53,28,0.7913,30.0,-4.66,1.8464,-13.9632,17.49,S14_PSAR_EMA,DYDX_USDT_USDT,1D,Trend
25,4.59,1.14,0.3899,1.7552,0.3669,-3.1,16,1.3006,40.0,4.79,1.9509,18.3403,29.22,S14_PSAR_EMA,FLOW_USDT_USDT,1D,Trend
2,3.86,0.95,1.7886,0.0,0.0,0.0,0,999.0,100.0,67.88,0.0,193.0559,57.89,S14_PSAR_EMA,MANA_USDT_USDT,1D,Trend
18,4.46,1.17,0.1238,0.2834,0.3855,-3.05,12,1.4426,44.44,1.97,1.8033,24.7603,27.56,S14_PSAR_EMA,MINA_USDT_USDT,1D,Trend
25,-4.45,-1.59,-0.4637,-1.8028,-0.1652,-9.65,18,0.7487,28.0,-3.1,1.9251,-17.8117,16.94,S14_PSAR_EMA,TWT_USDT_USDT,1D,Trend
8,-4.55,-1.16,-1.4772,-2.1887,-0.2546,-4.55,8,0.2969,12.5,-23.64,2.0786,-56.8169,15.42,S14_PSAR_EMA,ZEN_USDT_USDT,1D,Trend
9,4.5,1.18,0.4621,1.7809,0.3934,-2.99,4,2.1234,55.56,12.43,1.6987,49.973,37.71,S14_PSAR_EMA,ZRX_USDT_USDT,1D,Trend
25,-5.86,-1.5,-0.4106,-1.5774,-0.152,-9.86,23,0.672,28.0,-4.78,1.728,-23.4221,16.88,S14_PSAR_EMA,ALICE_USDT_USDT,1D,Trend
34,-9.63,-2.5,-0.6391,-1.8615,-0.1835,-13.63,32,0.6006,23.53,-3.03,1.9519,-28.3177,16.61,S14_PSAR_EMA,BTC_USDT_USDT,1D,Trend
27,-1.65,-0.42,0.0368,0.1612,-0.0596,-6.98,23,0.9077,33.33,0.33,1.8155,-6.1213,19.2,S14_PSAR_EMA,ETH_USDT_USDT,1D,Trend
23,1.86,0.46,-0.2741,-0.4349,0.1009,-4.58,16,1.1348,34.78,-2.34,2.1278,8.0946,20.78,S14_PSAR_EMA,BNB_USDT_USDT,1D,Trend
22,4.13,1.06,0.2829,0.7258,0.3245,-3.26,18,1.3012,40.91,2.68,1.8795,18.7644,27.45,S14_PSAR_EMA,1000BTT_USDT_USDT,1D,Trend
29,8.66,2.28,0.2803,0.844,0.5647,-4.03,10,1.5198,44.83,3.54,1.8705,29.8737,32.16,S14_PSAR_EMA,AGLD_USDT_USDT,1D,Trend
23,2.2,0.55,0.3694,1.4706,0.1085,-5.03,20,1.1541,39.13,4.22,1.7953,9.56,25.15,S14_PSAR_EMA,ATOM_USDT_USDT,1D,Trend
188,1.44,0.43,0.0233,0.1125,0.0192,-22.57,141,1.0188,13.83,0.0,6.3481,0.7648,20.71,S15_BB_Bounce_Long,1000LUNC_USDT_USDT,1H,MeanRev
234,-33.08,-9.56,-1.2122,-5.2671,-0.2781,-34.37,166,0.5954,8.97,-0.17,6.0395,-14.1362,15.97,S15_BB_Bounce_Long,ANKR_USDT_USDT,1H,MeanRev
253,-57.33,-19.25,-3.5648,-9.6778,-0.3358,-57.33,253,0.2746,6.32,-0.34,4.0679,-22.6616,10.9,S15_BB_Bounce_Long,CHZ_USDT_USDT,1H,MeanRev
284,-44.56,-13.73,-1.1038,-5.2069,-0.276,-49.75,284,0.5431,8.45,-0.19,5.883,-15.6911,11.28,S15_BB_Bounce_Long,CRV_USDT_USDT,1H,MeanRev
258,-32.63,-9.91,-1.6168,-6.7903,-0.3036,-32.63,258,0.5419,9.3,-0.15,5.2835,-12.6489,16.54,S15_BB_Bounce_Long,JST_USDT_USDT,1H,MeanRev
201,-34.85,-11.39,-1.6703,-6.0146,-0.2805,-40.61,168,0.54,8.46,-0.21,5.8447,-17.3398,14.02,S15_BB_Bounce_Long,ONT_USDT_USDT,1H,MeanRev
238,-38.92,-12.85,-1.0831,-4.5323,-0.2427,-52.97,204,0.6411,7.98,-0.21,7.3899,-16.3542,11.14,S15_BB_Bounce_Long,OP_USDT_USDT,1H,MeanRev
306,-46.16,-14.94,-2.5094,-9.34,-0.314,-47.57,286,0.4745,9.15,-0.2,4.7112,-15.0848,12.04,S15_BB_Bounce_Long,SUN_USDT_USDT,1H,MeanRev
272,-28.52,-8.06,-1.238,-4.921,-0.2587,-31.15,245,0.5634,11.03,-0.12,4.5448,-10.4847,17.23,S15_BB_Bounce_Long,TRX_USDT_USDT,1H,MeanRev
235,-15.63,-5.17,-0.3811,-1.8863,-0.1801,-28.7,235,0.823,11.91,-0.06,6.0845,-6.6491,18.09,S15_BB_Bounce_Long,APT_USDT_USDT,1H,MeanRev
208,-43.82,-13.43,-1.89,-7.9156,-0.2711,-49.55,202,0.3904,5.29,-0.28,6.9924,-21.0666,10.89,S15_BB_Bounce_Long,AVAX_USDT_USDT,1H,MeanRev
274,-60.65,-20.83,-2.615,-8.3172,-0.3427,-60.79,274,0.3736,7.3,-0.36,4.7452,-22.1342,11.04,S15_BB_Bounce_Long,DYDX_USDT_USDT,1H,MeanRev
227,-0.81,-0.2,0.0622,0.3521,-0.0181,-11.26,198,0.9912,12.78,0.01,6.7674,-0.3574,24.07,S15_BB_Bounce_Long,FLOW_USDT_USDT,1H,MeanRev
250,-31.23,-8.97,-0.97,-4.4039,-0.2533,-35.42,240,0.6568,9.2,-0.15,6.4825,-12.4926,15.69,S15_BB_Bounce_Long,MANA_USDT_USDT,1H,MeanRev
247,-17.66,-5.07,-0.4022,-1.7153,-0.1346,-37.65,190,0.8247,11.34,-0.07,6.4505,-7.1479,15.32,S15_BB_Bounce_Long,MINA_USDT_USDT,1H,MeanRev
197,-30.88,-11.17,-1.545,-6.2035,-0.3221,-34.67,189,0.5219,9.14,-0.19,5.1899,-15.6732,15.9,S15_BB_Bounce_Long,TWT_USDT_USDT,1H,MeanRev
263,-41.75,-12.7,-1.4182,-4.9293,-0.2903,-43.75,263,0.5929,10.27,-0.22,5.1822,-15.8733,13.34,S15_BB_Bounce_Long,ZEN_USDT_USDT,1H,MeanRev
239,-21.37,-6.23,-0.6353,-3.0849,-0.1617,-38.5,215,0.7601,10.88,-0.1,6.2273,-8.9419,15.0,S15_BB_Bounce_Long,ZRX_USDT_USDT,1H,MeanRev
263,-16.89,-4.52,-0.3279,-1.5577,-0.1212,-37.31,217,0.8536,11.03,-0.06,6.8877,-6.4226,15.38,S15_BB_Bounce_Long,ALICE_USDT_USDT,1H,MeanRev
217,-29.6,-8.51,-2.0509,-7.7872,-0.2603,-32.67,203,0.4681,9.22,-0.16,4.6109,-13.6393,16.51,S15_BB_Bounce_Long,BTC_USDT_USDT,1H,MeanRev
228,-23.8,-6.6,-0.6951,-4.226,-0.2196,-30.04,169,0.6734,9.65,-0.11,6.3053,-10.4405,17.37,S15_BB_Bounce_Long,ETH_USDT_USDT,1H,MeanRev
208,-29.76,-8.48,-1.4614,-6.8325,-0.2673,-31.74,181,0.4968,8.17,-0.17,5.5816,-14.3053,16.65,S15_BB_Bounce_Long,BNB_USDT_USDT,1H,MeanRev
237,-27.91,-8.15,-1.4288,-5.5581,-0.2918,-27.95,237,0.5903,11.39,-0.14,4.591,-11.7752,18.24,S15_BB_Bounce_Long,1000BTT_USDT_USDT,1H,MeanRev
243,-3.66,-1.01,0.1762,0.9398,-0.0329,-30.66,207,0.9657,11.93,0.04,7.1265,-1.5049,19.27,S15_BB_Bounce_Long,AGLD_USDT_USDT,1H,MeanRev
241,-46.23,-14.4,-2.162,-7.9887,-0.3056,-47.11,241,0.3967,6.22,-0.26,5.9763,-19.1823,11.76,S15_BB_Bounce_Long,ATOM_USDT_USDT,1H,MeanRev
76,-17.86,-5.77,-0.8058,-2.1378,-0.3234,-17.86,76,0.5932,6.58,-0.4,8.4231,-23.4937,20.58,S15_BB_Bounce_Long,1000LUNC_USDT_USDT,4H,MeanRev
75,-4.42,-1.13,-0.236,-0.9485,-0.0596,-18.92,42,0.9039,10.67,-0.12,7.5703,-5.8904,20.85,S15_BB_Bounce_Long,ANKR_USDT_USDT,4H,MeanRev
79,-22.49,-6.24,-0.9913,-3.6245,-0.2302,-27.08,74,0.573,7.59,-0.42,6.9716,-28.4665,17.96,S15_BB_Bounce_Long,CHZ_USDT_USDT,4H,MeanRev
78,-29.57,-8.48,-1.2536,-4.2612,-0.2868,-29.57,78,0.4356,6.41,-0.58,6.3597,-37.9087,17.05,S15_BB_Bounce_Long,CRV_USDT_USDT,4H,MeanRev
79,3.87,1.0,0.1981,1.5012,0.0592,-16.86,42,1.0846,8.86,0.11,11.156,4.9046,24.22,S15_BB_Bounce_Long,JST_USDT_USDT,4H,MeanRev
61,-14.79,-4.44,-0.7742,-2.9874,-0.1934,-22.96,38,0.6334,9.84,-0.31,5.8065,-24.247,19.52,S15_BB_Bounce_Long,ONT_USDT_USDT,4H,MeanRev
52,-22.16,-6.82,-1.6496,-2.8597,-0.3078,-22.16,52,0.3285,5.77,-0.76,5.3648,-42.6149,19.18,S15_BB_Bounce_Long,OP_USDT_USDT,4H,MeanRev
90,1.65,0.44,0.2827,1.3462,0.0307,-14.32,64,1.0373,13.33,0.12,6.7423,1.8315,25.92,S15_BB_Bounce_Long,SUN_USDT_USDT,4H,MeanRev
51,3.38,0.85,0.1773,1.0552,0.0892,-9.49,30,1.1461,11.76,0.1,8.5959,6.6259,27.3,S15_BB_Bounce_Long,TRX_USDT_USDT,4H,MeanRev
79,-28.71,-10.14,-1.2494,-5.0575,-0.3514,-28.85,79,0.4395,6.33,-0.48,6.5044,-36.3358,17.25,S15_BB_Bounce_Long,APT_USDT_USDT,4H,MeanRev
60,-22.17,-6.27,-1.1434,-3.8952,-0.2091,-30.0,51,0.49,6.67,-0.51,6.8603,-36.9442,16.95,S15_BB_Bounce_Long,AVAX_USDT_USDT,4H,MeanRev
83,-31.75,-9.19,-0.9036,-3.5618,-0.2655,-34.61,83,0.4436,7.23,-0.55,5.6925,-38.2471,15.65,S15_BB_Bounce_Long,DYDX_USDT_USDT,4H,MeanRev
86,-34.61,-10.13,-1.7161,-4.8264,-0.2928,-34.61,86,0.3223,4.65,-0.57,6.607,-40.2445,15.28,S15_BB_Bounce_Long,FLOW_USDT_USDT,4H,MeanRev
74,-13.89,-3.69,-0.5191,-1.8841,-0.1484,-24.88,66,0.6897,8.11,-0.27,7.8167,-18.77,18.69,S15_BB_Bounce_Long,MANA_USDT_USDT,4H,MeanRev
72,-29.15,-8.81,-1.0834,-3.9596,-0.3024,-29.15,72,0.3875,5.56,-0.51,6.5869,-40.4865,17.05,S15_BB_Bounce_Long,MINA_USDT_USDT,4H,MeanRev
55,-23.66,-8.53,-1.6428,-6.0171,-0.3605,-23.66,55,0.2579,5.45,-0.48,4.4698,-43.0208,18.68,S15_BB_Bounce_Long,TWT_USDT_USDT,4H,MeanRev
68,-7.81,-2.04,-0.1647,-0.8224,-0.1107,-18.39,47,0.8184,7.35,-0.12,10.3116,-11.4849,20.53,S15_BB_Bounce_Long,ZEN_USDT_USDT,4H,MeanRev
64,-31.78,-9.71,-2.2883,-5.6212,-0.2761,-35.17,62,0.2477,4.69,-0.73,5.0356,-49.6512,15.12,S15_BB_Bounce_Long,ZRX_USDT_USDT,4H,MeanRev
77,-16.47,-4.45,-0.5155,-2.1049,-0.1891,-23.52,41,0.6978,9.09,-0.27,6.9777,-21.3845,19.24,S15_BB_Bounce_Long,ALICE_USDT_USDT,4H,MeanRev
77,-25.14,-7.06,-2.181,-6.1844,-0.2807,-25.14,77,0.2382,3.9,-0.37,5.875,-32.653,18.01,S15_BB_Bounce_Long,BTC_USDT_USDT,4H,MeanRev
56,-17.1,-4.63,-0.5621,-2.6278,-0.2707,-17.1,56,0.3899,5.36,-0.26,6.8875,-30.5421,20.63,S15_BB_Bounce_Long,ETH_USDT_USDT,4H,MeanRev
56,-22.34,-6.18,-1.7714,-4.5861,-0.2444,-25.28,56,0.2382,3.57,-0.48,6.4321,-39.8907,17.93,S15_BB_Bounce_Long,BNB_USDT_USDT,4H,MeanRev
94,-21.33,-6.08,-0.527,-2.4454,-0.285,-21.33,94,0.4613,8.51,-0.18,4.9589,-22.6965,19.82,S15_BB_Bounce_Long,1000BTT_USDT_USDT,4H,MeanRev
66,-24.36,-7.28,-1.3513,-4.3585,-0.243,-29.98,60,0.4528,6.06,-0.56,7.018,-36.9043,16.87,S15_BB_Bounce_Long,AGLD_USDT_USDT,4H,MeanRev
83,-24.52,-6.87,-0.8621,-3.1203,-0.2801,-24.52,83,0.4854,7.23,-0.35,6.2289,-29.5363,18.68,S15_BB_Bounce_Long,ATOM_USDT_USDT,4H,MeanRev
11,-8.96,-3.31,-2.5422,-2.5422,-0.3696,-8.96,11,0.0,0.0,-2.34,0.0,-81.4269,12.31,S15_BB_Bounce_Long,1000LUNC_USDT_USDT,1D,MeanRev
18,2.53,0.66,0.1137,0.7553,0.0641,-10.35,12,1.178,11.11,0.29,9.4244,14.0367,16.38,S15_BB_Bounce_Long,ANKR_USDT_USDT,1D,MeanRev
8,-6.86,-1.85,-1.9523,-1.9523,-0.2697,-6.86,8,0.0,0.0,-1.77,0.0,-85.8088,12.94,S15_BB_Bounce_Long,CHZ_USDT_USDT,1D,MeanRev
14,9.08,2.21,0.1288,0.3899,0.2377,-9.29,12,1.8851,21.43,0.59,6.9121,64.8519,24.79,S15_BB_Bounce_Long,CRV_USDT_USDT,1D,MeanRev
18,19.45,5.01,0.256,0.4967,1.2314,-4.07,9,2.8093,33.33,0.62,5.6186,108.0477,42.88,S15_BB_Bounce_Long,JST_USDT_USDT,1D,MeanRev
9,-8.05,-2.47,-2.5303,-2.5303,-0.3072,-8.05,9,0.0,0.0,-2.14,0.0,-89.3997,12.59,S15_BB_Bounce_Long,ONT_USDT_USDT,1D,MeanRev
8,23.45,9.04,0.6021,11.3944,1.759,-5.14,5,4.5565,25.0,5.02,13.6694,293.1845,49.78,S15_BB_Bounce_Long,OP_USDT_USDT,1D,MeanRev
13,2.79,0.72,-0.2931,-0.6515,0.1081,-6.65,8,1.291,7.69,-0.77,15.4924,21.4232,17.01,S15_BB_Bounce_Long,SUN_USDT_USDT,1D,MeanRev
13,43.31,9.53,1.0435,7.1472,4.4242,-2.15,2,8.4915,46.15,3.97,9.9068,333.1565,66.38,S15_BB_Bounce_Long,TRX_USDT_USDT,1D,MeanRev
11,-3.31,-1.25,-0.2526,-1.007,-0.133,-9.39,11,0.6472,9.09,-0.75,6.4716,-30.1215,13.48,S15_BB_Bounce_Long,APT_USDT_USDT,1D,MeanRev
13,43.04,9.94,0.5589,8.1315,1.2019,-8.27,8,4.8202,23.08,3.73,16.0674,331.0484,44.42,S15_BB_Bounce_Long,AVAX_USDT_USDT,1D,MeanRev
8,-1.67,-0.44,-0.2631,-0.8322,-0.0727,-6.11,8,0.7649,12.5,-1.63,5.3543,-20.9227,14.95,S15_BB_Bounce_Long,DYDX_USDT_USDT,1D,MeanRev
15,1.19,0.32,-0.776,-2.2435,0.025,-12.69,13,1.0888,6.67,-2.14,15.2435,7.9228,12.98,S15_BB_Bounce_Long,FLOW_USDT_USDT,1D,MeanRev
9,-8.08,-2.21,-1.7542,-1.7542,-0.2731,-8.08,9,0.0,0.0,-2.11,0.0,-89.7676,12.58,S15_BB_Bounce_Long,MANA_USDT_USDT,1D,MeanRev
17,-4.15,-1.32,-1.0694,-2.0584,-0.122,-10.83,13,0.6917,5.88,-1.52,11.068,-24.3926,12.59,S15_BB_Bounce_Long,MINA_USDT_USDT,1D,MeanRev
11,-10.05,-4.0,-4.006,-4.006,-0.3983,-10.05,11,0.0,0.0,-2.18,0.0,-91.3743,11.98,S15_BB_Bounce_Long,TWT_USDT_USDT,1D,MeanRev
16,-14.52,-5.74,-3.5465,-3.5465,-0.3951,-14.52,16,0.0,0.0,-2.84,0.0,-90.7325,10.64,S15_BB_Bounce_Long,ZEN_USDT_USDT,1D,MeanRev
18,14.11,3.82,0.4306,2.4826,0.4842,-7.9,11,2.0944,22.22,1.37,7.3303,78.405,31.55,S15_BB_Bounce_Long,ZRX_USDT_USDT,1D,MeanRev
22,18.7,4.42,0.3435,2.5457,0.4514,-9.8,14,2.0049,18.18,1.82,9.022,85.0094,28.97,S15_BB_Bounce_Long,ALICE_USDT_USDT,1D,MeanRev
6,2.39,0.62,0.3626,4.6606,0.44,-1.4,3,1.9182,16.67,1.28,9.591,39.8815,30.41,S15_BB_Bounce_Long,BTC_USDT_USDT,1D,MeanRev
6,3.03,0.86,0.1914,0.7005,0.2399,-3.57,5,1.8486,16.67,0.94,9.2429,50.5097,26.19,S15_BB_Bounce_Long,ETH_USDT_USDT,1D,MeanRev
8,10.07,2.8,0.6018,4.2408,0.7102,-3.94,4,2.861,37.5,2.65,4.7684,125.9183,43.89,S15_BB_Bounce_Long,BNB_USDT_USDT,1D,MeanRev
25,26.66,6.34,0.6607,6.1337,1.0777,-5.88,6,2.2496,20.0,1.7,8.9985,106.6379,40.09,S15_BB_Bounce_Long,1000BTT_USDT_USDT,1D,MeanRev
11,-10.98,-3.34,-4.3031,-4.3031,-0.3038,-10.98,11,0.0,0.0,-3.29,0.0,-99.8186,11.71,S15_BB_Bounce_Long,AGLD_USDT_USDT,1D,MeanRev
4,-4.18,-1.12,-1.291,-1.291,-0.2692,-4.18,4,0.0,0.0,-2.53,0.0,-104.4108,13.75,S15_BB_Bounce_Long,ATOM_USDT_USDT,1D,MeanRev
181,-15.86,-5.11,-0.6473,-3.362,-0.2449,-20.86,181,0.7391,12.71,-0.09,5.0771,-8.764,20.56,S16_BB_Bounce_Short,1000LUNC_USDT_USDT,1H,MeanRev
269,-12.51,-3.3,-0.1921,-0.9585,-0.098,-33.65,228,0.8739,12.64,-0.03,6.0402,-4.652,16.71,S16_BB_Bounce_Short,ANKR_USDT_USDT,1H,MeanRev
311,-19.56,-5.31,-0.4703,-2.4737,-0.2212,-23.98,294,0.8399,12.22,-0.06,6.034,-6.2885,19.55,S16_BB_Bounce_Short,CHZ_USDT_USDT,1H,MeanRev
332,-52.63,-17.09,-1.6449,-6.9956,-0.31,-55.14,320,0.5726,8.73,-0.22,5.9826,-15.8538,11.25,S16_BB_Bounce_Short,CRV_USDT_USDT,1H,MeanRev
303,-40.51,-12.72,-2.6664,-10.7798,-0.3084,-41.26,303,0.4291,10.56,-0.17,3.6342,-13.3698,14.13,S16_BB_Bounce_Short,JST_USDT_USDT,1H,MeanRev
265,-23.51,-7.26,-0.8063,-4.1209,-0.2293,-31.66,265,0.7162,12.45,-0.1,5.0353,-8.8715,17.28,S16_BB_Bounce_Short,ONT_USDT_USDT,1H,MeanRev
247,-42.27,-14.24,-1.5562,-6.2961,-0.3369,-42.27,247,0.537,9.72,-0.22,4.9894,-17.1136,13.71,S16_BB_Bounce_Short,OP_USDT_USDT,1H,MeanRev
290,-44.69,-14.37,-3.0375,-9.7549,-0.311,-46.19,283,0.4126,8.62,-0.2,4.3734,-15.4119,12.38,S16_BB_Bounce_Short,SUN_USDT_USDT,1H,MeanRev
421,-55.76,-18.46,-5.0893,-18.6251,-0.3303,-55.87,421,0.2771,7.13,-0.19,3.6121,-13.2446,11.02,S16_BB_Bounce_Short,TRX_USDT_USDT,1H,MeanRev
230,-35.17,-12.69,-1.3001,-5.3468,-0.3603,-35.21,230,0.591,10.43,-0.17,5.0728,-15.2917,15.93,S16_BB_Bounce_Short,APT_USDT_USDT,1H,MeanRev
285,-58.94,-20.0,-2.8077,-9.6636,-0.3353,-59.65,285,0.3058,5.26,-0.31,5.5045,-20.6811,10.75,S16_BB_Bounce_Short,AVAX_USDT_USDT,1H,MeanRev
338,-48.91,-15.5,-1.3783,-5.9463,-0.2876,-53.88,299,0.6342,9.17,-0.19,6.2805,-14.4718,11.31,S16_BB_Bounce_Short,DYDX_USDT_USDT,1H,MeanRev
308,-43.28,-13.58,-1.788,-7.3742,-0.3138,-43.28,308,0.5619,10.39,-0.18,4.8463,-14.0515,13.5,S16_BB_Bounce_Short,FLOW_USDT_USDT,1H,MeanRev
324,-28.34,-8.0,-0.8141,-3.8373,-0.2325,-34.4,213,0.7691,12.04,-0.1,5.6204,-8.7482,16.4,S16_BB_Bounce_Short,MANA_USDT_USDT,1H,MeanRev
258,-35.11,-10.97,-1.0466,-5.6971,-0.2503,-43.83,255,0.6372,9.69,-0.15,5.939,-13.6079,13.23,S16_BB_Bounce_Short,MINA_USDT_USDT,1H,MeanRev
240,-31.87,-11.67,-1.4448,-6.8157,-0.324,-36.0,147,0.6032,10.0,-0.16,5.4289,-13.2791,15.63,S16_BB_Bounce_Short,TWT_USDT_USDT,1H,MeanRev
291,-51.53,-16.61,-2.121,-7.6494,-0.3207,-51.8,291,0.4806,7.9,-0.25,5.5996,-17.7083,11.13,S16_BB_Bounce_Short,ZEN_USDT_USDT,1H,MeanRev
254,-2.74,-0.74,-0.007,-0.0388,-0.0453,-16.26,127,0.97,13.39,-0.0,6.2766,-1.0772,22.03,S16_BB_Bounce_Short,ZRX_USDT_USDT,1H,MeanRev
328,4.27,1.05,0.2078,1.2252,0.04,-26.3,260,1.0283,15.55,0.03,5.5852,1.3008,21.89,S16_BB_Bounce_Short,ALICE_USDT_USDT,1H,MeanRev
299,-43.2,-13.2,-3.4542,-13.4295,-0.3056,-43.2,299,0.3195,7.69,-0.19,3.8335,-14.4466,13.14,S16_BB_Bounce_Short,BTC_USDT_USDT,1H,MeanRev
286,-39.9,-12.03,-2.1764,-9.6072,-0.2787,-43.16,281,0.4528,8.74,-0.18,4.7275,-13.9519,13.3,S16_BB_Bounce_Short,ETH_USDT_USDT,1H,MeanRev
328,-33.69,-9.79,-1.5802,-7.705,-0.2588,-37.81,314,0.5827,10.67,-0.12,4.8783,-10.2719,15.18,S16_BB_Bounce_Short,BNB_USDT_USDT,1H,MeanRev
209,-18.84,-5.3,-0.8049,-4.9734,-0.2059,-25.76,117,0.706,11.0,-0.1,5.7098,-9.0139,18.84,S16_BB_Bounce_Short,1000BTT_USDT_USDT,1H,MeanRev
257,-39.21,-12.62,-1.4548,-6.1461,-0.3171,-39.79,257,0.5359,8.17,-0.19,6.0224,-15.2574,14.23,S16_BB_Bounce_Short,AGLD_USDT_USDT,1H,MeanRev
327,-52.37,-16.97,-2.3871,-7.7597,-0.324,-52.37,327,0.4496,9.17,-0.23,4.451,-16.0166,11.31,S16_BB_Bounce_Short,ATOM_USDT_USDT,1H,MeanRev
62,-7.49,-2.51,-0.385,-1.589,-0.1303,-19.28,36,0.7933,9.68,-0.15,7.4045,-12.0803,20.6,S16_BB_Bounce_Short,1000LUNC_USDT_USDT,4H,MeanRev
81,-11.76,-3.32,-0.5154,-1.9574,-0.1345,-24.71,81,0.7411,9.88,-0.21,6.7623,-14.5148,19.0,S16_BB_Bounce_Short,ANKR_USDT_USDT,4H,MeanRev
63,-31.81,-9.27,-2.0922,-5.3643,-0.2913,-31.81,63,0.1609,3.17,-0.66,4.9069,-50.4943,15.91,S16_BB_Bounce_Short,CHZ_USDT_USDT,4H,MeanRev
81,4.68,1.16,0.2727,1.3203,0.1194,-9.69,37,1.0912,16.05,0.15,5.708,5.7768,28.59,S16_BB_Bounce_Short,CRV_USDT_USDT,4H,MeanRev
76,5.2,1.33,0.2415,1.7901,0.1345,-9.87,56,1.1439,11.84,0.11,8.5158,6.8427,28.12,S16_BB_Bounce_Short,JST_USDT_USDT,4H,MeanRev
92,-27.86,-9.18,-1.563,-5.0785,-0.3053,-30.08,70,0.4253,6.52,-0.38,6.0961,-30.2806,16.91,S16_BB_Bounce_Short,ONT_USDT_USDT,4H,MeanRev
63,-24.36,-7.88,-1.1675,-4.3654,-0.2802,-28.11,63,0.3583,4.76,-0.5,7.1663,-38.6678,17.25,S16_BB_Bounce_Short,OP_USDT_USDT,4H,MeanRev
81,-19.72,-5.89,-0.8952,-3.6515,-0.2628,-22.43,80,0.5214,6.17,-0.28,7.926,-24.35,19.15,S16_BB_Bounce_Short,SUN_USDT_USDT,4H,MeanRev
117,-16.16,-4.46,-0.7251,-3.7956,-0.1946,-22.94,115,0.6441,8.55,-0.14,6.8915,-13.8129,19.34,S16_BB_Bounce_Short,TRX_USDT_USDT,4H,MeanRev
68,-26.6,-9.72,-0.8541,-4.046,-0.3395,-28.65,68,0.3739,5.88,-0.4,5.9828,-39.1166,17.25,S16_BB_Bounce_Short,APT_USDT_USDT,4H,MeanRev
80,-17.03,-4.57,-0.2801,-1.3695,-0.2265,-20.17,80,0.6278,8.75,-0.14,6.5467,-21.284,20.2,S16_BB_Bounce_Short,AVAX_USDT_USDT,4H,MeanRev
90,-27.0,-7.85,-0.5189,-2.6502,-0.2655,-29.56,81,0.5343,10.0,-0.25,4.8088,-30.0041,17.56,S16_BB_Bounce_Short,DYDX_USDT_USDT,4H,MeanRev
63,-11.73,-3.32,-0.5939,-2.3035,-0.139,-23.87,59,0.6804,9.52,-0.26,6.4634,-18.6226,19.2,S16_BB_Bounce_Short,FLOW_USDT_USDT,4H,MeanRev
93,-21.6,-5.9,-0.7031,-3.1758,-0.2372,-24.9,93,0.5962,8.6,-0.27,6.3346,-23.2206,18.76,S16_BB_Bounce_Short,MANA_USDT_USDT,4H,MeanRev
63,25.1,6.2,0.5678,3.4626,0.5353,-11.58,52,1.5913,19.05,0.38,6.763,39.8355,37.93,S16_BB_Bounce_Short,MINA_USDT_USDT,4H,MeanRev
80,-22.2,-8.1,-1.4165,-4.3975,-0.3225,-25.12,80,0.5316,11.25,-0.38,4.1941,-27.7472,19.07,S16_BB_Bounce_Short,TWT_USDT_USDT,4H,MeanRev
59,-7.09,-1.88,-0.2807,-1.2489,-0.1904,-9.87,59,0.8067,10.17,-0.16,7.1261,-12.0174,23.49,S16_BB_Bounce_Short,ZEN_USDT_USDT,4H,MeanRev
77,4.52,1.27,0.1527,0.6255,0.0795,-15.95,44,1.1032,14.29,0.08,6.6193,5.8741,25.09,S16_BB_Bounce_Short,ZRX_USDT_USDT,4H,MeanRev
84,3.55,0.95,0.1715,0.9701,0.059,-16.09,77,1.0625,14.29,0.1,6.3752,4.2243,24.79,S16_BB_Bounce_Short,ALICE_USDT_USDT,4H,MeanRev
79,-17.39,-4.77,-1.136,-4.5413,-0.2562,-18.64,61,0.4644,6.33,-0.24,6.8738,-22.0101,20.31,S16_BB_Bounce_Short,BTC_USDT_USDT,4H,MeanRev
99,-3.27,-0.84,-0.1193,-0.5467,-0.0971,-8.67,37,0.929,15.15,-0.03,5.2026,-3.3076,24.56,S16_BB_Bounce_Short,ETH_USDT_USDT,4H,MeanRev
90,-5.02,-1.28,-0.1902,-1.0003,-0.1068,-12.01,90,0.8627,14.44,-0.05,5.1098,-5.5828,23.46,S16_BB_Bounce_Short,BNB_USDT_USDT,4H,MeanRev
48,-3.93,-1.09,-0.2634,-1.0531,-0.1477,-7.37,26,0.8027,10.42,-0.09,6.9032,-8.1963,18.94,S16_BB_Bounce_Short,1000BTT_USDT_USDT,4H,MeanRev
63,1.41,0.41,0.2704,1.7474,0.0239,-17.38,31,1.0341,12.7,0.17,7.1094,2.2436,24.72,S16_BB_Bounce_Short,AGLD_USDT_USDT,4H,MeanRev
84,0.08,0.02,0.1334,0.779,0.0012,-17.05,58,1.0016,14.29,0.07,6.0095,0.0971,23.28,S16_BB_Bounce_Short,ATOM_USDT_USDT,4H,MeanRev
2,-1.43,-0.66,-1.1021,-1.1021,-0.4618,-1.43,2,0.0,0.0,-0.8,0.0,-71.3439,14.57,S16_BB_Bounce_Short,1000LUNC_USDT_USDT,1D,MeanRev
14,-5.57,-1.61,-0.3969,-1.1907,-0.1738,-9.25,14,0.4455,7.14,-0.71,5.7919,-39.7526,13.24,S16_BB_Bounce_Short,ANKR_USDT_USDT,1D,MeanRev
7,-2.53,-0.64,-0.0415,-0.2364,-0.1992,-3.23,3,0.5709,14.29,-0.13,3.4256,-36.1285,16.07,S16_BB_Bounce_Short,CHZ_USDT_USDT,1D,MeanRev
6,-5.02,-1.51,-1.4857,-1.4857,-0.3004,-5.02,6,0.0,0.0,-1.81,0.0,-83.6133,13.49,S16_BB_Bounce_Short,CRV_USDT_USDT,1D,MeanRev
10,-3.16,-0.83,-0.3464,-1.7454,-0.1902,-4.37,5,0.6295,10.0,-0.47,5.6653,-31.6114,15.12,S16_BB_Bounce_Short,JST_USDT_USDT,1D,MeanRev
10,-4.79,-1.57,-0.1662,-0.8101,-0.3275,-4.79,10,0.4401,10.0,-0.33,3.9605,-47.9307,14.99,S16_BB_Bounce_Short,ONT_USDT_USDT,1D,MeanRev
7,-7.15,-2.35,-2.6202,-2.6202,-0.3282,-7.15,7,0.0,0.0,-1.66,0.0,-102.1335,12.86,S16_BB_Bounce_Short,OP_USDT_USDT,1D,MeanRev
7,-5.33,-1.59,-2.2539,-2.2539,-0.2984,-5.33,7,0.0,0.0,-0.99,0.0,-76.0969,13.4,S16_BB_Bounce_Short,SUN_USDT_USDT,1D,MeanRev
20,-4.47,-1.35,-0.4111,-1.5112,-0.1614,-8.37,16,0.6671,10.0,-0.3,6.004,-22.3459,13.92,S16_BB_Bounce_Short,TRX_USDT_USDT,1D,MeanRev
7,9.56,3.63,0.0642,0.37,0.6108,-5.94,6,2.3806,14.29,0.28,14.2838,136.5743,30.33,S16_BB_Bounce_Short,APT_USDT_USDT,1D,MeanRev
23,3.84,1.02,0.1102,0.5126,0.1811,-5.65,7,1.2083,13.04,0.21,8.055,16.6893,19.54,S16_BB_Bounce_Short,AVAX_USDT_USDT,1D,MeanRev
16,-7.64,-2.17,-0.0447,-0.2506,-0.1791,-12.13,15,0.401,6.25,-0.12,6.0144,-47.7343,12.25,S16_BB_Bounce_Short,DYDX_USDT_USDT,1D,MeanRev
13,-11.22,-3.31,-3.5491,-3.5491,-0.2953,-11.22,13,0.0,0.0,-1.94,0.0,-86.3141,11.63,S16_BB_Bounce_Short,FLOW_USDT_USDT,1D,MeanRev
12,-2.84,-0.81,-0.368,-1.7915,-0.0768,-10.57,11,0.7528,8.33,-0.69,8.2806,-23.6613,13.02,S16_BB_Bounce_Short,MANA_USDT_USDT,1D,MeanRev
9,-7.71,-2.42,-2.4724,-2.4724,-0.314,-7.71,9,0.0,0.0,-1.72,0.0,-85.707,12.69,S16_BB_Bounce_Short,MINA_USDT_USDT,1D,MeanRev
12,-4.16,-1.49,-0.3824,-1.5017,-0.1536,-9.73,11,0.5971,8.33,-0.58,6.5677,-34.675,13.27,S16_BB_Bounce_Short,TWT_USDT_USDT,1D,MeanRev
11,0.33,0.09,0.1098,0.7118,0.0112,-7.6,9,1.0378,9.09,0.41,10.3784,2.9793,15.47,S16_BB_Bounce_Short,ZEN_USDT_USDT,1D,MeanRev
9,-7.2,-2.24,-2.1748,-2.1748,-0.3113,-7.2,9,0.0,0.0,-1.32,0.0,-80.0318,12.84,S16_BB_Bounce_Short,ZRX_USDT_USDT,1D,MeanRev
18,-4.56,-1.38,0.1359,0.7923,-0.2075,-6.66,10,0.6807,11.11,0.31,5.4458,-25.3379,15.95,S16_BB_Bounce_Short,ALICE_USDT_USDT,1D,MeanRev
15,-4.63,-1.25,-0.2743,-1.5388,-0.1801,-6.95,9,0.5898,6.67,-0.32,8.2569,-30.834,13.87,S16_BB_Bounce_Short,BTC_USDT_USDT,1D,MeanRev
9,1.72,0.48,0.1427,0.8748,0.1292,-3.74,5,1.3206,11.11,0.3,10.5651,19.068,20.16,S16_BB_Bounce_Short,ETH_USDT_USDT,1D,MeanRev
13,-11.22,-3.3,-4.2291,-4.2291,-0.2944,-11.22,13,0.0,0.0,-1.21,0.0,-86.2771,11.64,S16_BB_Bounce_Short,BNB_USDT_USDT,1D,MeanRev
4,-3.55,-1.06,-1.442,-1.442,-0.2993,-3.55,4,0.0,0.0,-1.39,0.0,-88.7747,13.93,S16_BB_Bounce_Short,1000BTT_USDT_USDT,1D,MeanRev
11,0.64,0.2,0.149,0.8481,0.0276,-7.17,9,1.085,9.09,0.49,10.8496,5.8502,16.46,S16_BB_Bounce_Short,AGLD_USDT_USDT,1D,MeanRev
18,-6.55,-1.9,-0.1952,-0.8428,-0.2273,-8.38,11,0.4909,5.56,-0.36,8.3461,-36.4045,13.28,S16_BB_Bounce_Short,ATOM_USDT_USDT,1D,MeanRev
20,11.1,3.68,1.3232,9.0208,1.694,-2.17,6,3.4775,80.0,1.55,0.8694,55.5206,63.87,S17_RSI_Extreme,1000LUNC_USDT_USDT,1H,MeanRev
22,-8.94,-2.39,-0.8074,-2.6688,-0.2672,-8.94,22,0.4115,31.82,-1.07,0.8817,-40.6546,17.2,S17_RSI_Extreme,ANKR_USDT_USDT,1H,MeanRev
19,3.73,0.94,0.4602,1.1557,0.3935,-2.38,8,1.4897,63.16,0.71,0.869,19.6071,34.21,S17_RSI_Extreme,CHZ_USDT_USDT,1H,MeanRev
18,3.02,0.83,0.3123,0.6346,0.2663,-3.1,6,1.4101,61.11,0.58,0.8973,16.7954,30.77,S17_RSI_Extreme,CRV_USDT_USDT,1H,MeanRev
34,0.29,0.08,0.3307,0.5129,0.015,-5.07,21,1.0184,55.88,0.27,0.804,0.8607,27.34,S17_RSI_Extreme,JST_USDT_USDT,1H,MeanRev
32,-2.76,-0.87,-0.365,-1.3717,-0.0878,-9.93,28,0.8319,50.0,-0.31,0.8319,-8.6253,21.16,S17_RSI_Extreme,ONT_USDT_USDT,1H,MeanRev
30,2.46,0.74,0.65,2.2832,0.1822,-4.06,25,1.1787,56.67,1.1,0.9014,8.1998,32.6,S17_RSI_Extreme,OP_USDT_USDT,1H,MeanRev
34,0.55,0.15,0.0934,0.1302,0.0169,-8.59,22,1.0343,55.88,0.11,0.8165,1.6244,24.04,S17_RSI_Extreme,SUN_USDT_USDT,1H,MeanRev
44,-9.81,-2.58,-0.6181,-1.7497,-0.2298,-11.22,40,0.5773,43.18,-0.22,0.7595,-22.2892,21.8,S17_RSI_Extreme,TRX_USDT_USDT,1H,MeanRev
23,-0.38,-0.13,0.0053,0.0246,-0.018,-7.21,14,0.9666,52.17,0.01,0.8861,-1.6578,20.84,S17_RSI_Extreme,APT_USDT_USDT,1H,MeanRev
40,-10.2,-2.7,-0.8214,-1.7235,-0.2289,-11.8,28,0.5821,40.0,-0.84,0.8731,-25.4928,20.51,S17_RSI_Extreme,AVAX_USDT_USDT,1H,MeanRev
30,4.25,1.05,0.1664,0.4099,0.4273,-2.46,14,1.3388,60.0,0.25,0.8925,14.1601,31.55,S17_RSI_Extreme,DYDX_USDT_USDT,1H,MeanRev
35,2.66,0.67,0.0414,0.0845,0.1327,-5.06,25,1.1681,57.14,0.05,0.8761,7.5943,26.7,S17_RSI_Extreme,FLOW_USDT_USDT,1H,MeanRev
30,-2.26,-0.61,-0.3066,-0.6746,-0.125,-4.86,27,0.8578,50.0,-0.33,0.8578,-7.5418,22.35,S17_RSI_Extreme,MANA_USDT_USDT,1H,MeanRev
18,0.79,0.23,0.1226,0.4043,0.0714,-3.27,8,1.0939,55.56,0.18,0.8751,4.3631,24.36,S17_RSI_Extreme,MINA_USDT_USDT,1H,MeanRev
13,4.03,1.31,0.2018,0.2833,0.5959,-2.19,6,1.9528,69.23,0.31,0.8679,30.9939,37.37,S17_RSI_Extreme,TWT_USDT_USDT,1H,MeanRev
23,-2.21,-0.62,0.0619,0.1742,-0.0733,-8.47,22,0.8189,47.83,0.11,0.8933,-9.6041,20.41,S17_RSI_Extreme,ZEN_USDT_USDT,1H,MeanRev
36,-2.14,-0.61,-0.081,-0.1853,-0.0742,-8.2,35,0.8817,50.0,-0.12,0.8817,-5.952,22.35,S17_RSI_Extreme,ZRX_USDT_USDT,1H,MeanRev
27,5.48,1.37,0.7093,3.2013,0.3237,-4.23,12,1.5107,62.96,0.94,0.8886,20.3129,36.97,S17_RSI_Extreme,ALICE_USDT_USDT,1H,MeanRev
34,-2.09,-0.56,-0.2,-0.5025,-0.0663,-8.46,31,0.8785,52.94,-0.12,0.7809,-6.1515,22.36,S17_RSI_Extreme,BTC_USDT_USDT,1H,MeanRev
44,-5.36,-1.4,-0.2243,-0.8726,-0.2291,-6.09,41,0.7779,47.73,-0.17,0.852,-12.1804,23.99,S17_RSI_Extreme,ETH_USDT_USDT,1H,MeanRev
23,-0.44,-0.11,0.1357,0.271,-0.0401,-2.78,16,0.9601,52.17,0.12,0.8801,-1.9327,23.48,S17_RSI_Extreme,BNB_USDT_USDT,1H,MeanRev
40,-10.1,-2.74,-0.813,-1.9863,-0.2436,-11.26,39,0.5701,42.5,-0.44,0.7713,-25.2513,21.03,S17_RSI_Extreme,1000BTT_USDT_USDT,1H,MeanRev
31,3.42,0.93,0.122,0.2314,0.1737,-5.34,27,1.2542,58.06,0.21,0.9058,11.0166,27.81,S17_RSI_Extreme,AGLD_USDT_USDT,1H,MeanRev
22,0.21,0.05,0.1315,0.4108,0.0121,-4.37,10,1.0195,54.55,0.16,0.8496,0.9543,23.36,S17_RSI_Extreme,ATOM_USDT_USDT,1H,MeanRev
5,-3.12,-1.45,-0.3915,-2.4632,-0.3568,-4.06,4,0.2394,20.0,-1.79,0.9578,-62.3938,16.64,S17_RSI_Extreme,1000LUNC_USDT_USDT,4H,MeanRev
6,1.75,0.47,0.3141,1.5792,0.2283,-2.04,4,1.8418,66.67,1.52,0.9209,29.2109,34.89,S17_RSI_Extreme,ANKR_USDT_USDT,4H,MeanRev
5,2.84,0.85,0.9426,0.0,0.8197,-1.03,1,3.6391,80.0,3.35,0.9098,56.7047,54.58,S17_RSI_Extreme,CHZ_USDT_USDT,4H,MeanRev
6,-2.16,-0.67,-0.5158,-4.0042,-0.2219,-3.04,3,0.4703,33.33,-2.45,0.9406,-36.0544,18.85,S17_RSI_Extreme,CRV_USDT_USDT,4H,MeanRev
9,-1.58,-0.42,-0.1057,-0.3613,-0.1705,-2.48,8,0.7,44.44,-0.25,0.8751,-17.587,20.6,S17_RSI_Extreme,JST_USDT_USDT,4H,MeanRev
7,2.73,0.88,0.9393,10.4204,0.7675,-1.14,3,2.2638,71.43,3.26,0.9055,39.0713,48.65,S17_RSI_Extreme,ONT_USDT_USDT,4H,MeanRev
7,-1.23,-0.37,-0.2693,-0.6163,-0.1192,-3.11,7,0.6963,42.86,-1.29,0.9284,-17.5512,20.19,S17_RSI_Extreme,OP_USDT_USDT,4H,MeanRev
14,-2.84,-0.79,-0.3531,-0.8995,-0.1826,-4.31,7,0.6588,42.86,-0.62,0.8784,-20.3049,19.83,S17_RSI_Extreme,SUN_USDT_USDT,4H,MeanRev
7,-3.58,-1.38,-0.8394,-1.9975,-0.3844,-3.58,7,0.3303,28.57,-1.01,0.8258,-51.1975,18.01,S17_RSI_Extreme,TRX_USDT_USDT,4H,MeanRev
3,0.9,0.28,0.1945,0.0,0.276,-1.02,2,1.8687,66.67,1.43,0.9343,29.8714,34.52,S17_RSI_Extreme,APT_USDT_USDT,4H,MeanRev
5,0.76,0.23,0.3945,2.4217,0.1999,-1.16,4,1.3593,60.0,1.49,0.9062,15.1221,31.2,S17_RSI_Extreme,AVAX_USDT_USDT,4H,MeanRev
6,1.82,0.68,0.3549,5.9868,0.6201,-1.09,4,1.8746,66.67,1.69,0.9373,30.2627,38.44,S17_RSI_Extreme,DYDX_USDT_USDT,4H,MeanRev
5,0.81,0.2,0.2583,4.4315,0.099,-2.05,2,1.3823,60.0,1.26,0.9215,16.1232,29.07,S17_RSI_Extreme,FLOW_USDT_USDT,4H,MeanRev
8,3.76,0.98,0.8533,2.0732,0.4765,-2.05,4,2.7839,75.0,3.53,0.928,47.0279,49.47,S17_RSI_Extreme,MANA_USDT_USDT,4H,MeanRev
1,0.96,0.28,0.0,0.0,0.0,0.0,0,999.0,100.0,5.18,0.0,96.2,40.0,S17_RSI_Extreme,MINA_USDT_USDT,4H,MeanRev
2,-0.05,-0.05,0.1251,0.0,-0.0527,-1.02,2,0.9468,50.0,0.95,0.9468,-2.7173,23.09,S17_RSI_Extreme,TWT_USDT_USDT,4H,MeanRev
3,0.88,0.89,0.2264,0.0,0.8691,-1.02,2,1.8565,66.67,0.86,0.9283,29.1928,38.7,S17_RSI_Extreme,ZEN_USDT_USDT,4H,MeanRev
2,1.95,0.74,1.8539,0.0,0.0,0.0,0,999.0,100.0,7.47,0.0,97.5567,58.54,S17_RSI_Extreme,ZRX_USDT_USDT,4H,MeanRev
5,0.84,0.22,0.0079,0.0535,0.2078,-1.08,4,1.4101,60.0,0.05,0.94,16.8317,27.79,S17_RSI_Extreme,ALICE_USDT_USDT,4H,MeanRev
19,-9.75,-2.69,-1.2734,-3.6913,-0.2564,-10.49,16,0.3146,26.32,-1.5,0.8808,-51.2904,15.61,S17_RSI_Extreme,BTC_USDT_USDT,4H,MeanRev
15,-3.67,-1.05,-0.2904,-1.3982,-0.1693,-6.17,9,0.6063,40.0,-0.58,0.9095,-24.4529,18.86,S17_RSI_Extreme,ETH_USDT_USDT,4H,MeanRev
15,-5.68,-1.55,-0.7846,-2.2585,-0.2722,-5.68,15,0.4432,33.33,-1.3,0.8864,-37.8981,18.06,S17_RSI_Extreme,BNB_USDT_USDT,4H,MeanRev
12,-0.72,-0.19,0.3765,3.8429,-0.0465,-4.13,5,0.8868,50.0,1.3,0.8868,-6.0233,24.67,S17_RSI_Extreme,1000BTT_USDT_USDT,4H,MeanRev
6,-0.17,-0.05,-0.2438,-1.1696,-0.0241,-2.08,5,0.9435,50.0,-1.59,0.9435,-2.8739,21.52,S17_RSI_Extreme,AGLD_USDT_USDT,4H,MeanRev
4,1.8,0.65,0.4353,0.0,0.6343,-1.03,2,2.7431,75.0,1.43,0.9144,44.9466,46.35,S17_RSI_Extreme,ATOM_USDT_USDT,4H,MeanRev
1,-1.01,-0.68,0.0,0.0,-0.6775,-1.01,1,0.0,0.0,-17.36,0.0,-100.8986,14.7,S17_RSI_Extreme,1000LUNC_USDT_USDT,1D,MeanRev
0,0.0,0.0,0.0,0.0,0.0,0.0,0,0.0,0.0,0.0,0.0,0.0,0.0,S17_RSI_Extreme,ANKR_USDT_USDT,1D,MeanRev
1,0.99,0.96,0.0,0.0,0.0,0.0,0,999.0,100.0,18.09,0.0,98.8228,40.0,S17_RSI_Extreme,CHZ_USDT_USDT,1D,MeanRev
1,0.98,0.57,0.0,0.0,0.0,0.0,0,999.0,100.0,12.7,0.0,98.367,40.0,S17_RSI_Extreme,CRV_USDT_USDT,1D,MeanRev
0,0.0,0.0,0.0,0.0,0.0,0.0,0,0.0,0.0,0.0,0.0,0.0,0.0,S17_RSI_Extreme,JST_USDT_USDT,1D,MeanRev
0,0.0,0.0,0.0,0.0,0.0,0.0,0,0.0,0.0,0.0,0.0,0.0,0.0,S17_RSI_Extreme,ONT_USDT_USDT,1D,MeanRev
1,0.99,2.53,0.0,0.0,0.0,0.0,0,999.0,100.0,19.74,0.0,98.9131,40.0,S17_RSI_Extreme,OP_USDT_USDT,1D,MeanRev
1,0.97,0.41,0.0,0.0,0.0,0.0,0,999.0,100.0,6.55,0.0,96.9562,40.0,S17_RSI_Extreme,SUN_USDT_USDT,1D,MeanRev
0,0.0,0.0,0.0,0.0,0.0,0.0,0,0.0,0.0,0.0,0.0,0.0,0.0,S17_RSI_Extreme,TRX_USDT_USDT,1D,MeanRev
0,0.0,0.0,0.0,0.0,0.0,0.0,0,0.0,0.0,0.0,0.0,0.0,0.0,S17_RSI_Extreme,APT_USDT_USDT,1D,MeanRev
2,-0.03,-0.02,0.0552,0.0,-0.0154,-1.01,2,0.9695,50.0,1.26,0.9695,-1.5416,22.39,S17_RSI_Extreme,AVAX_USDT_USDT,1D,MeanRev
0,0.0,0.0,0.0,0.0,0.0,0.0,0,0.0,0.0,0.0,0.0,0.0,0.0,S17_RSI_Extreme,DYDX_USDT_USDT,1D,MeanRev
2,-0.03,-0.02,0.1321,0.0,-0.0211,-1.01,1,0.9661,50.0,2.31,0.9661,-1.7338,23.16,S17_RSI_Extreme,FLOW_USDT_USDT,1D,MeanRev
0,0.0,0.0,0.0,0.0,0.0,0.0,0,0.0,0.0,0.0,0.0,0.0,0.0,S17_RSI_Extreme,MANA_USDT_USDT,1D,MeanRev
1,0.99,3.57,0.0,0.0,0.0,0.0,0,999.0,100.0,32.61,0.0,99.3062,40.0,S17_RSI_Extreme,MINA_USDT_USDT,1D,MeanRev
1,-1.01,-1.05,0.0,0.0,-1.0374,-1.01,1,0.0,0.0,-11.97,0.0,-101.2691,14.7,S17_RSI_Extreme,TWT_USDT_USDT,1D,MeanRev
1,-1.01,-0.71,0.0,0.0,-0.7035,-1.01,1,0.0,0.0,-13.92,0.0,-100.9302,14.7,S17_RSI_Extreme,ZEN_USDT_USDT,1D,MeanRev
0,0.0,0.0,0.0,0.0,0.0,0.0,0,0.0,0.0,0.0,0.0,0.0,0.0,S17_RSI_Extreme,ZRX_USDT_USDT,1D,MeanRev
0,0.0,0.0,0.0,0.0,0.0,0.0,0,0.0,0.0,0.0,0.0,0.0,0.0,S17_RSI_Extreme,ALICE_USDT_USDT,1D,MeanRev
0,0.0,0.0,0.0,0.0,0.0,0.0,0,0.0,0.0,0.0,0.0,0.0,0.0,S17_RSI_Extreme,BTC_USDT_USDT,1D,MeanRev
0,0.0,0.0,0.0,0.0,0.0,0.0,0,0.0,0.0,0.0,0.0,0.0,0.0,S17_RSI_Extreme,ETH_USDT_USDT,1D,MeanRev
1,0.98,0.97,0.0,0.0,0.0,0.0,0,999.0,100.0,13.33,0.0,98.4391,40.0,S17_RSI_Extreme,BNB_USDT_USDT,1D,MeanRev
3,-1.05,-0.31,-0.2908,-2.3376,-0.1552,-2.01,3,0.4786,33.33,-4.41,0.9571,-34.9783,19.16,S17_RSI_Extreme,1000BTT_USDT_USDT,1D,MeanRev
1,0.98,0.39,0.0,0.0,0.0,0.0,0,999.0,100.0,10.89,0.0,98.2801,40.0,S17_RSI_Extreme,AGLD_USDT_USDT,1D,MeanRev
0,0.0,0.0,0.0,0.0,0.0,0.0,0,0.0,0.0,0.0,0.0,0.0,0.0,S17_RSI_Extreme,ATOM_USDT_USDT,1D,MeanRev
929,-41.85,-15.11,-0.2853,-0.4883,-0.3254,-46.43,892,0.87,59.31,-0.08,0.5968,-4.5045,19.54,S18_ZScore_Reversion,1000LUNC_USDT_USDT,1H,MeanRev
1132,-52.52,-17.0,-0.433,-0.8449,-0.3185,-53.37,1131,0.8505,58.92,-0.11,0.5929,-4.6392,18.42,S18_ZScore_Reversion,ANKR_USDT_USDT,1H,MeanRev
1092,-48.16,-15.16,-0.7091,-1.3284,-0.3003,-50.47,941,0.8728,59.25,-0.18,0.6003,-4.41,18.46,S18_ZScore_Reversion,CHZ_USDT_USDT,1H,MeanRev
1049,-55.6,-18.38,-1.0367,-2.0338,-0.3245,-56.65,1047,0.8075,57.67,-0.33,0.5926,-5.3007,18.24,S18_ZScore_Reversion,CRV_USDT_USDT,1H,MeanRev
1124,-74.26,-29.75,-0.8929,-1.2966,-0.3919,-75.92,895,0.7882,57.56,-0.16,0.5811,-6.6071,18.22,S18_ZScore_Reversion,JST_USDT_USDT,1H,MeanRev
991,-53.56,-19.36,-0.8158,-1.6504,-0.3421,-56.59,894,0.8377,58.53,-0.18,0.5936,-5.4047,18.36,S18_ZScore_Reversion,ONT_USDT_USDT,1H,MeanRev
930,-54.02,-19.49,-1.1276,-2.0259,-0.3432,-56.79,910,0.8129,57.31,-0.36,0.6055,-5.8087,18.19,S18_ZScore_Reversion,OP_USDT_USDT,1H,MeanRev
1092,-72.4,-28.44,-0.9946,-1.3619,-0.3726,-76.34,755,0.8048,57.33,-0.21,0.5991,-6.6303,18.19,S18_ZScore_Reversion,SUN_USDT_USDT,1H,MeanRev
1133,-88.19,-41.45,-1.8713,-2.85,-0.469,-88.37,1131,0.6941,54.63,-0.25,0.5763,-7.7842,17.8,S18_ZScore_Reversion,TRX_USDT_USDT,1H,MeanRev
824,-47.0,-17.99,-0.7165,-1.2666,-0.366,-49.16,824,0.8088,57.89,-0.2,0.5883,-5.7039,18.52,S18_ZScore_Reversion,APT_USDT_USDT,1H,MeanRev
1062,-73.06,-27.97,-1.4788,-2.5435,-0.3765,-74.3,1062,0.7369,55.37,-0.39,0.594,-6.8793,17.91,S18_ZScore_Reversion,AVAX_USDT_USDT,1H,MeanRev
1005,-22.15,-6.07,-0.113,-0.208,-0.2222,-27.32,980,0.9364,60.8,-0.04,0.6038,-2.2037,25.49,S18_ZScore_Reversion,DYDX_USDT_USDT,1H,MeanRev
1072,-66.79,-24.15,-1.2148,-2.3121,-0.3566,-67.71,1071,0.765,56.62,-0.33,0.5861,-6.2307,18.09,S18_ZScore_Reversion,FLOW_USDT_USDT,1H,MeanRev
1071,-62.15,-21.58,-1.1935,-2.2424,-0.3305,-65.29,1005,0.787,57.42,-0.31,0.5836,-5.8028,18.2,S18_ZScore_Reversion,MANA_USDT_USDT,1H,MeanRev
1002,-34.5,-10.71,-0.1795,-0.3227,-0.2911,-36.79,958,0.9027,60.08,-0.05,0.5998,-3.4429,22.55,S18_ZScore_Reversion,MINA_USDT_USDT,1H,MeanRev
824,-19.56,-6.75,-0.0663,-0.1237,-0.273,-24.71,816,0.9327,61.65,-0.01,0.5802,-2.3739,26.39,S18_ZScore_Reversion,TWT_USDT_USDT,1H,MeanRev
1073,-47.84,-15.03,-0.898,-1.5691,-0.3055,-49.19,1069,0.8574,58.9,-0.27,0.5983,-4.4586,18.66,S18_ZScore_Reversion,ZEN_USDT_USDT,1H,MeanRev
1076,-51.29,-17.42,-0.6811,-1.173,-0.3041,-57.28,1072,0.8342,58.83,-0.18,0.5838,-4.7668,18.4,S18_ZScore_Reversion,ZRX_USDT_USDT,1H,MeanRev
1057,-47.93,-15.06,-0.6246,-1.3402,-0.297,-50.72,1044,0.8662,58.66,-0.19,0.6105,-4.5345,18.38,S18_ZScore_Reversion,ALICE_USDT_USDT,1H,MeanRev
1154,-83.95,-36.76,-2.2656,-4.3506,-0.4353,-84.45,1151,0.6482,55.72,-0.29,0.5151,-7.2745,17.96,S18_ZScore_Reversion,BTC_USDT_USDT,1H,MeanRev
1065,-77.89,-31.48,-2.0121,-3.9869,-0.3992,-78.85,1063,0.6951,55.49,-0.36,0.5575,-7.3132,17.93,S18_ZScore_Reversion,ETH_USDT_USDT,1H,MeanRev
1126,-76.2,-30.17,-1.5538,-2.8525,-0.3921,-76.95,1126,0.7255,57.1,-0.24,0.545,-6.7678,18.16,S18_ZScore_Reversion,BNB_USDT_USDT,1H,MeanRev
1050,-76.68,-31.51,-1.4308,-2.1463,-0.4049,-77.82,1028,0.7211,56.1,-0.27,0.5644,-7.3031,18.01,S18_ZScore_Reversion,1000BTT_USDT_USDT,1H,MeanRev
1070,-65.03,-24.76,-1.1878,-2.2908,-0.3499,-70.76,942,0.7791,56.45,-0.36,0.6011,-6.0777,18.06,S18_ZScore_Reversion,AGLD_USDT_USDT,1H,MeanRev
1038,-57.72,-19.38,-1.0281,-1.8093,-0.3044,-63.66,982,0.8101,58.09,-0.25,0.5844,-5.5611,18.3,S18_ZScore_Reversion,ATOM_USDT_USDT,1H,MeanRev
230,-8.21,-2.55,0.0784,0.1658,-0.1524,-16.76,192,0.9153,59.13,0.09,0.6326,-3.5683,29.2,S18_ZScore_Reversion,1000LUNC_USDT_USDT,4H,MeanRev
281,-18.81,-5.09,-0.2481,-0.5333,-0.2252,-22.6,259,0.8297,56.94,-0.26,0.6275,-6.6935,26.36,S18_ZScore_Reversion,ANKR_USDT_USDT,4H,MeanRev
283,-27.04,-7.59,-0.3848,-1.037,-0.2638,-28.76,283,0.753,54.77,-0.38,0.6218,-9.5563,24.2,S18_ZScore_Reversion,CHZ_USDT_USDT,4H,MeanRev
247,-4.41,-1.12,-0.0122,-0.0248,-0.0678,-16.53,224,0.9531,59.92,-0.02,0.6376,-1.7837,28.6,S18_ZScore_Reversion,CRV_USDT_USDT,4H,MeanRev
287,-4.36,-1.15,0.0494,0.0721,-0.0578,-19.91,228,0.9615,61.32,0.03,0.6064,-1.5176,28.28,S18_ZScore_Reversion,JST_USDT_USDT,4H,MeanRev
246,8.14,2.22,1.0002,2.5237,0.266,-8.35,113,1.0854,63.41,0.91,0.6262,3.3108,43.97,S18_ZScore_Reversion,ONT_USDT_USDT,4H,MeanRev
223,-13.21,-3.88,-0.3407,-0.6342,-0.2407,-16.13,220,0.8491,57.4,-0.45,0.6302,-5.9249,28.36,S18_ZScore_Reversion,OP_USDT_USDT,4H,MeanRev
273,-29.86,-8.83,-0.7691,-1.1162,-0.286,-30.88,273,0.7266,54.21,-0.69,0.6137,-10.9376,23.48,S18_ZScore_Reversion,SUN_USDT_USDT,4H,MeanRev
283,-15.64,-4.19,0.4409,0.861,-0.1454,-28.81,145,0.8694,59.36,0.24,0.5951,-5.5278,29.25,S18_ZScore_Reversion,TRX_USDT_USDT,4H,MeanRev
213,-7.44,-2.39,-0.1709,-0.3498,-0.2346,-10.17,207,0.9119,59.15,-0.2,0.6297,-3.493,30.4,S18_ZScore_Reversion,APT_USDT_USDT,4H,MeanRev
236,-16.95,-4.54,-0.6021,-0.9122,-0.2381,-19.07,235,0.8191,56.78,-0.72,0.6235,-7.1827,27.39,S18_ZScore_Reversion,AVAX_USDT_USDT,4H,MeanRev
240,-3.11,-0.79,0.0973,0.1731,-0.0627,-12.64,183,0.9676,60.42,0.14,0.634,-1.2945,30.81,S18_ZScore_Reversion,DYDX_USDT_USDT,4H,MeanRev
262,-10.52,-2.74,-0.2078,-0.386,-0.183,-14.99,262,0.894,58.78,-0.23,0.627,-4.0161,28.9,S18_ZScore_Reversion,FLOW_USDT_USDT,4H,MeanRev
275,-24.63,-6.83,-0.5451,-1.2942,-0.2529,-27.0,273,0.7818,55.27,-0.55,0.6326,-8.9547,24.8,S18_ZScore_Reversion,MANA_USDT_USDT,4H,MeanRev
235,-24.64,-7.3,-0.5166,-1.2324,-0.2731,-26.75,233,0.7361,54.04,-0.64,0.626,-10.4833,24.7,S18_ZScore_Reversion,MINA_USDT_USDT,4H,MeanRev
203,-13.4,-4.51,-0.2878,-0.6637,-0.3097,-14.56,203,0.833,57.14,-0.26,0.6247,-6.6012,28.8,S18_ZScore_Reversion,TWT_USDT_USDT,4H,MeanRev
264,-6.83,-1.75,0.1494,0.2989,-0.123,-14.25,264,0.9323,59.47,0.19,0.6354,-2.5862,30.71,S18_ZScore_Reversion,ZEN_USDT_USDT,4H,MeanRev
267,-7.76,-2.12,-0.0107,-0.0212,-0.1578,-13.46,131,0.9297,59.55,-0.01,0.6315,-2.9053,29.47,S18_ZScore_Reversion,ZRX_USDT_USDT,4H,MeanRev
240,-1.86,-0.47,0.1035,0.234,-0.0436,-10.74,134,0.9805,60.83,0.13,0.6313,-0.7742,31.5,S18_ZScore_Reversion,ALICE_USDT_USDT,4H,MeanRev
268,-40.99,-12.38,-1.5747,-3.3402,-0.2869,-43.15,267,0.601,50.75,-0.83,0.5833,-15.2947,19.3,S18_ZScore_Reversion,BTC_USDT_USDT,4H,MeanRev
264,-30.1,-8.58,-0.8693,-1.8364,-0.2531,-33.9,263,0.7105,53.79,-0.64,0.6104,-11.4015,22.51,S18_ZScore_Reversion,ETH_USDT_USDT,4H,MeanRev
288,-19.24,-5.21,0.0381,0.0774,-0.2388,-21.81,268,0.8288,57.99,0.02,0.6005,-6.6819,27.12,S18_ZScore_Reversion,BNB_USDT_USDT,4H,MeanRev
262,-16.66,-4.63,-0.176,-0.2668,-0.2142,-21.6,247,0.8397,58.02,-0.14,0.6077,-6.3571,26.81,S18_ZScore_Reversion,1000BTT_USDT_USDT,4H,MeanRev
270,-22.38,-6.63,-0.4435,-1.1509,-0.2529,-26.21,269,0.7852,55.56,-0.54,0.6282,-8.2875,25.07,S18_ZScore_Reversion,AGLD_USDT_USDT,4H,MeanRev
251,-4.09,-1.04,0.2731,0.4444,-0.0724,-14.39,237,0.9592,60.56,0.27,0.6247,-1.6314,32.07,S18_ZScore_Reversion,ATOM_USDT_USDT,4H,MeanRev
36,-3.0,-0.93,-0.1507,-0.3852,-0.1396,-6.64,30,0.8096,55.56,-1.09,0.6477,-8.3223,23.61,S18_ZScore_Reversion,1000LUNC_USDT_USDT,1D,MeanRev
43,-4.15,-1.06,-0.2936,-0.767,-0.1559,-6.77,38,0.7809,53.49,-1.82,0.6791,-9.6617,24.44,S18_ZScore_Reversion,ANKR_USDT_USDT,1D,MeanRev
40,4.91,1.21,0.5269,1.312,0.4454,-2.71,10,1.3712,67.5,3.13,0.6602,12.2643,38.19,S18_ZScore_Reversion,CHZ_USDT_USDT,1D,MeanRev
43,2.07,0.51,0.065,0.1417,0.1023,-5.02,21,1.1286,62.79,0.47,0.6688,4.8082,28.6,S18_ZScore_Reversion,CRV_USDT_USDT,1D,MeanRev
40,1.06,0.28,0.0576,0.0846,0.0639,-4.4,22,1.0692,62.5,0.28,0.6415,2.6596,27.46,S18_ZScore_Reversion,JST_USDT_USDT,1D,MeanRev
39,0.9,0.25,-0.0134,-0.0379,0.0807,-3.12,28,1.0613,61.54,-0.07,0.6633,2.3113,27.02,S18_ZScore_Reversion,ONT_USDT_USDT,1D,MeanRev
36,-1.34,-0.38,-0.0943,-0.2458,-0.0797,-4.78,36,0.9089,58.33,-0.74,0.6492,-3.735,24.57,S18_ZScore_Reversion,OP_USDT_USDT,1D,MeanRev
46,-4.09,-1.08,-0.1098,-0.2071,-0.1139,-9.48,36,0.7937,54.35,-0.54,0.6667,-8.889,24.25,S18_ZScore_Reversion,SUN_USDT_USDT,1D,MeanRev
51,-4.67,-1.19,0.2035,0.724,-0.1844,-6.45,43,0.7951,54.9,0.57,0.6531,-9.1601,32.94,S18_ZScore_Reversion,TRX_USDT_USDT,1D,MeanRev
29,-7.35,-2.38,-0.9169,-2.6476,-0.2995,-7.96,28,0.5265,44.83,-7.29,0.648,-25.3388,20.52,S18_ZScore_Reversion,APT_USDT_USDT,1D,MeanRev
24,0.89,0.22,0.0067,0.0156,0.0667,-3.33,12,1.0984,62.5,0.07,0.659,3.714,24.84,S18_ZScore_Reversion,AVAX_USDT_USDT,1D,MeanRev
30,-3.31,-0.84,-0.285,-0.788,-0.1413,-5.93,16,0.7609,53.33,-2.98,0.6658,-11.0226,22.51,S18_ZScore_Reversion,DYDX_USDT_USDT,1D,MeanRev
43,-4.53,-1.15,-0.7296,-1.3562,-0.1693,-6.81,42,0.7629,53.49,-5.01,0.6634,-10.5338,24.43,S18_ZScore_Reversion,FLOW_USDT_USDT,1D,MeanRev
44,-2.8,-0.72,-0.2306,-0.5139,-0.1756,-4.07,17,0.8531,56.82,-1.49,0.6484,-6.3577,25.9,S18_ZScore_Reversion,MANA_USDT_USDT,1D,MeanRev
38,-0.07,-0.02,0.0001,0.0002,-0.0046,-4.4,22,0.9952,60.53,0.0,0.6491,-0.1904,25.33,S18_ZScore_Reversion,MINA_USDT_USDT,1D,MeanRev
36,-0.34,-0.11,0.2903,1.0797,-0.036,-3.07,35,0.9756,61.11,1.37,0.6208,-0.9538,28.38,S18_ZScore_Reversion,TWT_USDT_USDT,1D,MeanRev
44,3.95,1.01,0.4348,0.975,0.2549,-3.96,10,1.2525,65.91,2.94,0.6479,8.9753,35.17,S18_ZScore_Reversion,ZEN_USDT_USDT,1D,MeanRev
28,-1.61,-0.44,-0.2594,-0.9078,-0.0814,-5.36,23,0.8671,57.14,-2.3,0.6503,-5.766,22.89,S18_ZScore_Reversion,ZRX_USDT_USDT,1D,MeanRev
10,2.21,0.55,0.1278,0.1409,0.2748,-1.99,5,1.9146,70.0,3.1,0.8205,22.075,34.37,S18_ZScore_Reversion,ALICE_USDT_USDT,1D,MeanRev
44,-8.72,-2.26,-0.6294,-1.4504,-0.2066,-10.92,43,0.5922,47.73,-2.02,0.6486,-19.8089,22.54,S18_ZScore_Reversion,BTC_USDT_USDT,1D,MeanRev
49,-4.1,-1.04,-0.2737,-0.6591,-0.1612,-6.46,28,0.8105,55.1,-1.09,0.6604,-8.3642,25.77,S18_ZScore_Reversion,ETH_USDT_USDT,1D,MeanRev
52,-2.88,-0.77,0.1369,0.4153,-0.1529,-5.03,51,0.8689,57.69,0.41,0.6372,-5.5439,33.1,S18_ZScore_Reversion,BNB_USDT_USDT,1D,MeanRev
39,-6.02,-1.65,-0.5236,-1.1837,-0.2432,-6.78,39,0.6738,51.28,-2.64,0.6401,-15.4447,23.46,S18_ZScore_Reversion,1000BTT_USDT_USDT,1D,MeanRev
43,3.29,0.88,0.5007,1.8359,0.1645,-5.36,30,1.2178,65.12,3.23,0.6524,7.6557,34.26,S18_ZScore_Reversion,AGLD_USDT_USDT,1D,MeanRev
37,-8.6,-2.22,-0.8675,-2.0503,-0.2587,-8.6,37,0.5554,45.95,-5.73,0.6534,-23.2329,21.82,S18_ZScore_Reversion,ATOM_USDT_USDT,1D,MeanRev
447,-34.47,-12.01,-0.6612,-1.4028,-0.2671,-44.96,438,0.8248,35.57,-0.13,1.4939,-7.7119,16.59,S19_Keltner_MeanRev,1000LUNC_USDT_USDT,1H,MeanRev
660,-70.58,-26.36,-1.6485,-3.8009,-0.3642,-72.4,602,0.736,32.42,-0.25,1.5339,-10.6932,14.63,S19_Keltner_MeanRev,ANKR_USDT_USDT,1H,MeanRev
633,-54.5,-17.9,-1.1227,-2.8189,-0.2918,-61.37,561,0.8128,34.76,-0.18,1.5259,-8.6104,14.97,S19_Keltner_MeanRev,CHZ_USDT_USDT,1H,MeanRev
621,-54.58,-17.96,-0.9735,-2.4382,-0.3082,-58.29,618,0.7745,34.94,-0.19,1.4419,-8.7891,14.99,S19_Keltner_MeanRev,CRV_USDT_USDT,1H,MeanRev
680,-76.72,-31.75,-2.5809,-5.3913,-0.4079,-77.82,663,0.6308,30.0,-0.24,1.4718,-11.2826,14.29,S19_Keltner_MeanRev,JST_USDT_USDT,1H,MeanRev
619,-58.85,-22.02,-1.4043,-3.4564,-0.3485,-63.18,583,0.7744,34.41,-0.19,1.476,-9.508,14.92,S19_Keltner_MeanRev,ONT_USDT_USDT,1H,MeanRev
538,-35.37,-11.47,0.0007,0.0017,-0.2868,-39.98,538,0.8692,36.8,0.0,1.4926,-6.5745,18.27,S19_Keltner_MeanRev,OP_USDT_USDT,1H,MeanRev
635,-67.92,-25.7,-1.7159,-3.6904,-0.3763,-68.3,599,0.6941,33.39,-0.19,1.3849,-10.6958,14.77,S19_Keltner_MeanRev,SUN_USDT_USDT,1H,MeanRev
773,-65.63,-23.45,-1.8376,-3.5073,-0.344,-68.16,620,0.7252,35.71,-0.13,1.3059,-8.4902,15.1,S19_Keltner_MeanRev,TRX_USDT_USDT,1H,MeanRev
460,-36.2,-13.1,-0.906,-2.3312,-0.2967,-44.16,460,0.8252,35.0,-0.17,1.5324,-7.8693,16.75,S19_Keltner_MeanRev,APT_USDT_USDT,1H,MeanRev
566,-74.6,-29.03,-1.9427,-4.5786,-0.3755,-77.29,548,0.6139,30.04,-0.34,1.43,-13.1807,14.29,S19_Keltner_MeanRev,AVAX_USDT_USDT,1H,MeanRev
640,-58.84,-19.91,-0.5675,-1.5454,-0.3041,-65.49,640,0.7408,35.0,-0.11,1.3757,-9.1937,15.0,S19_Keltner_MeanRev,DYDX_USDT_USDT,1H,MeanRev
645,-59.8,-20.46,-0.8302,-2.2528,-0.313,-65.37,642,0.7633,35.35,-0.13,1.396,-9.2713,15.05,S19_Keltner_MeanRev,FLOW_USDT_USDT,1H,MeanRev
618,-64.51,-22.87,-1.126,-2.8838,-0.3403,-67.2,612,0.7251,32.52,-0.18,1.5043,-10.438,14.65,S19_Keltner_MeanRev,MANA_USDT_USDT,1H,MeanRev
636,-55.66,-19.57,-0.785,-1.9839,-0.3311,-59.1,544,0.7883,35.06,-0.13,1.4599,-8.7511,15.01,S19_Keltner_MeanRev,MINA_USDT_USDT,1H,MeanRev
479,-61.73,-26.53,-1.6338,-4.1518,-0.4297,-61.73,479,0.7014,34.45,-0.23,1.3347,-12.8864,14.92,S19_Keltner_MeanRev,TWT_USDT_USDT,1H,MeanRev
649,-69.16,-25.5,-1.4335,-3.2809,-0.3635,-70.14,644,0.7064,32.51,-0.27,1.4664,-10.6571,14.64,S19_Keltner_MeanRev,ZEN_USDT_USDT,1H,MeanRev
636,-68.05,-26.23,-1.5922,-3.6829,-0.3735,-70.23,636,0.6881,31.76,-0.24,1.4784,-10.7002,14.54,S19_Keltner_MeanRev,ZRX_USDT_USDT,1H,MeanRev
587,-67.81,-24.72,-1.2342,-3.408,-0.3483,-70.97,568,0.7121,32.03,-0.23,1.5112,-11.5513,14.58,S19_Keltner_MeanRev,ALICE_USDT_USDT,1H,MeanRev
515,-48.28,-15.22,-1.0423,-2.8049,-0.2753,-55.3,487,0.7214,33.98,-0.1,1.4015,-9.3746,14.85,S19_Keltner_MeanRev,BTC_USDT_USDT,1H,MeanRev
514,-59.73,-20.35,-1.5505,-3.5533,-0.3288,-61.9,514,0.6686,32.1,-0.19,1.4143,-11.6213,14.59,S19_Keltner_MeanRev,ETH_USDT_USDT,1H,MeanRev
609,-73.54,-28.38,-2.364,-5.4448,-0.3837,-73.96,572,0.6126,30.21,-0.23,1.4149,-12.076,14.32,S19_Keltner_MeanRev,BNB_USDT_USDT,1H,MeanRev
460,-53.95,-18.33,-1.3822,-3.2743,-0.3388,-54.09,460,0.704,33.7,-0.17,1.3853,-11.729,14.81,S19_Keltner_MeanRev,1000BTT_USDT_USDT,1H,MeanRev
603,-50.8,-17.5,-0.6306,-1.6465,-0.3196,-54.75,592,0.7994,33.33,-0.12,1.5988,-8.4248,14.76,S19_Keltner_MeanRev,AGLD_USDT_USDT,1H,MeanRev
650,-62.41,-21.71,-1.2304,-2.8945,-0.345,-62.94,649,0.7484,35.08,-0.19,1.3851,-9.6016,15.01,S19_Keltner_MeanRev,ATOM_USDT_USDT,1H,MeanRev
100,6.24,1.85,-0.0671,-0.112,0.1322,-13.97,41,1.0867,38.0,-0.06,1.773,6.2401,27.77,S19_Keltner_MeanRev,1000LUNC_USDT_USDT,4H,MeanRev
132,-9.2,-2.38,-0.3567,-0.912,-0.1425,-16.73,69,0.8889,36.36,-0.26,1.5557,-6.9668,25.17,S19_Keltner_MeanRev,ANKR_USDT_USDT,4H,MeanRev
116,-28.88,-8.26,-0.9997,-2.701,-0.2736,-30.2,93,0.6225,27.59,-0.76,1.634,-24.9008,19.88,S19_Keltner_MeanRev,CHZ_USDT_USDT,4H,MeanRev
155,-14.75,-3.93,-0.4661,-1.2433,-0.2357,-16.67,155,0.8445,34.19,-0.37,1.6253,-9.5147,24.88,S19_Keltner_MeanRev,CRV_USDT_USDT,4H,MeanRev
204,-32.3,-9.65,-0.5259,-1.2667,-0.2338,-41.27,188,0.7252,30.39,-0.2,1.661,-15.8309,16.96,S19_Keltner_MeanRev,JST_USDT_USDT,4H,MeanRev
167,-36.64,-12.15,-1.1113,-3.0111,-0.3285,-36.98,167,0.6376,28.74,-0.58,1.5808,-21.9393,18.01,S19_Keltner_MeanRev,ONT_USDT_USDT,4H,MeanRev
147,-21.25,-6.46,-0.3684,-0.7385,-0.2248,-28.74,128,0.753,34.01,-0.28,1.4608,-14.4579,21.24,S19_Keltner_MeanRev,OP_USDT_USDT,4H,MeanRev
167,-41.95,-13.25,-1.0001,-1.9736,-0.2902,-45.68,160,0.5375,26.35,-0.46,1.5024,-25.1191,15.06,S19_Keltner_MeanRev,SUN_USDT_USDT,4H,MeanRev
183,-21.83,-6.06,-0.1771,-0.5826,-0.2316,-26.17,154,0.7943,32.79,-0.07,1.6283,-11.9305,21.83,S19_Keltner_MeanRev,TRX_USDT_USDT,4H,MeanRev
116,-29.56,-10.41,-1.3246,-3.5723,-0.327,-31.84,116,0.5857,25.86,-0.93,1.6789,-25.4843,19.14,S19_Keltner_MeanRev,APT_USDT_USDT,4H,MeanRev
144,-33.78,-9.81,-0.6712,-2.1142,-0.2678,-36.64,127,0.6068,28.47,-0.46,1.5244,-23.4615,18.08,S19_Keltner_MeanRev,AVAX_USDT_USDT,4H,MeanRev
132,-17.57,-4.73,-0.3303,-0.9856,-0.2224,-21.28,129,0.7878,35.61,-0.3,1.4248,-13.3137,23.7,S19_Keltner_MeanRev,DYDX_USDT_USDT,4H,MeanRev
147,-29.33,-8.35,-1.0267,-2.621,-0.2585,-32.28,139,0.6707,28.57,-0.69,1.6767,-19.9539,19.4,S19_Keltner_MeanRev,FLOW_USDT_USDT,4H,MeanRev
132,-22.13,-6.06,-0.5814,-1.6938,-0.2504,-24.22,132,0.7098,34.85,-0.4,1.3269,-16.7629,22.71,S19_Keltner_MeanRev,MANA_USDT_USDT,4H,MeanRev
127,-4.03,-1.1,-0.0671,-0.183,-0.0831,-13.18,127,0.9435,40.94,-0.05,1.3609,-3.1736,26.89,S19_Keltner_MeanRev,MINA_USDT_USDT,4H,MeanRev
96,-16.93,-5.85,-0.7612,-2.064,-0.2541,-23.04,61,0.7208,33.33,-0.46,1.4416,-17.6327,22.85,S19_Keltner_MeanRev,TWT_USDT_USDT,4H,MeanRev
135,-12.63,-3.36,-0.2242,-0.6693,-0.1467,-22.89,85,0.8564,35.56,-0.19,1.5523,-9.3573,23.21,S19_Keltner_MeanRev,ZEN_USDT_USDT,4H,MeanRev
163,-11.27,-3.16,-0.3136,-0.8292,-0.1266,-25.0,157,0.8929,33.74,-0.21,1.7533,-6.9135,22.32,S19_Keltner_MeanRev,ZRX_USDT_USDT,4H,MeanRev
147,1.58,0.4,0.2315,0.7585,0.0176,-22.55,83,1.0186,40.14,0.18,1.5193,1.0763,26.54,S19_Keltner_MeanRev,ALICE_USDT_USDT,4H,MeanRev
145,-5.49,-1.41,-0.3334,-0.8485,-0.0806,-17.43,83,0.9366,36.55,-0.11,1.6259,-3.789,24.99,S19_Keltner_MeanRev,BTC_USDT_USDT,4H,MeanRev
138,-4.54,-1.16,0.2779,0.7128,-0.0591,-19.58,134,0.9448,36.96,0.13,1.6116,-3.2876,27.19,S19_Keltner_MeanRev,ETH_USDT_USDT,4H,MeanRev
161,-20.88,-5.71,-0.3606,-1.0106,-0.218,-26.19,160,0.7735,33.54,-0.13,1.5327,-12.9669,21.93,S19_Keltner_MeanRev,BNB_USDT_USDT,4H,MeanRev
132,-12.44,-3.41,-0.0498,-0.1442,-0.1832,-18.62,58,0.844,36.36,-0.02,1.477,-9.4265,24.61,S19_Keltner_MeanRev,1000BTT_USDT_USDT,4H,MeanRev
145,-19.86,-5.82,-0.4382,-1.3039,-0.2602,-22.38,124,0.7829,32.41,-0.33,1.6324,-13.6969,22.92,S19_Keltner_MeanRev,AGLD_USDT_USDT,4H,MeanRev
159,-25.77,-7.2,-0.597,-1.4011,-0.2003,-35.94,151,0.7128,33.33,-0.39,1.4256,-16.2092,18.98,S19_Keltner_MeanRev,ATOM_USDT_USDT,4H,MeanRev
13,-7.91,-2.63,-0.9759,-2.5885,-0.2752,-9.58,12,0.28,15.38,-3.64,1.5398,-60.837,14.33,S19_Keltner_MeanRev,1000LUNC_USDT_USDT,1D,MeanRev
24,-7.03,-1.94,-0.7131,-2.261,-0.1397,-13.86,21,0.6582,16.67,-2.75,3.2909,-29.3053,13.89,S19_Keltner_MeanRev,ANKR_USDT_USDT,1D,MeanRev
24,-3.93,-1.06,-0.2941,-0.8501,-0.1377,-7.68,19,0.7955,20.83,-1.56,3.023,-16.3618,16.34,S19_Keltner_MeanRev,CHZ_USDT_USDT,1D,MeanRev
28,-0.93,-0.25,-0.2485,-0.6561,-0.0374,-6.59,19,0.9451,39.29,-1.22,1.4606,-3.3109,19.97,S19_Keltner_MeanRev,CRV_USDT_USDT,1D,MeanRev
28,-1.09,-0.29,-0.2805,-0.6208,-0.051,-5.73,17,0.941,35.71,-0.8,1.6938,-3.9101,19.72,S19_Keltner_MeanRev,JST_USDT_USDT,1D,MeanRev
20,-7.8,-2.4,-0.767,-1.6942,-0.2932,-8.18,20,0.4705,25.0,-2.92,1.4115,-39.0169,16.12,S19_Keltner_MeanRev,ONT_USDT_USDT,1D,MeanRev
19,-3.56,-1.07,-0.1214,-0.2853,-0.1549,-6.93,19,0.702,36.84,-0.63,1.2035,-18.7511,18.18,S19_Keltner_MeanRev,OP_USDT_USDT,1D,MeanRev
22,-5.51,-1.46,-0.795,-1.3666,-0.185,-7.9,13,0.6561,22.73,-2.79,2.2307,-25.0354,16.21,S19_Keltner_MeanRev,SUN_USDT_USDT,1D,MeanRev
28,-8.09,-2.48,0.0784,0.3545,-0.2518,-9.85,24,0.6189,25.0,0.15,1.8567,-28.9045,17.73,S19_Keltner_MeanRev,TRX_USDT_USDT,1D,MeanRev
21,2.78,0.93,-0.0843,-0.1628,0.1354,-6.88,17,1.2337,42.86,-0.4,1.6449,13.2242,21.88,S19_Keltner_MeanRev,APT_USDT_USDT,1D,MeanRev
30,-8.5,-2.37,-0.3085,-1.0487,-0.224,-10.59,24,0.6159,23.33,-1.19,2.0238,-28.3203,16.82,S19_Keltner_MeanRev,AVAX_USDT_USDT,1D,MeanRev
21,6.49,1.69,-0.2092,-0.5788,0.2959,-5.71,13,1.4521,33.33,-1.14,2.9042,30.9035,23.58,S19_Keltner_MeanRev,DYDX_USDT_USDT,1D,MeanRev
18,-2.98,-0.82,-0.3716,-1.3473,-0.0719,-11.45,15,0.7953,22.22,-2.25,2.7836,-16.5376,14.74,S19_Keltner_MeanRev,FLOW_USDT_USDT,1D,MeanRev
19,1.47,0.41,0.3287,1.0306,0.0999,-4.15,4,1.1204,36.84,1.5,1.9207,7.7386,23.87,S19_Keltner_MeanRev,MANA_USDT_USDT,1D,MeanRev
15,-6.95,-2.03,-0.8187,-2.2995,-0.2923,-6.95,15,0.412,20.0,-3.96,1.6479,-46.3147,15.77,S19_Keltner_MeanRev,MINA_USDT_USDT,1D,MeanRev
16,-5.25,-1.89,-0.223,-0.5119,-0.2923,-6.45,15,0.5092,31.25,-0.84,1.1202,-32.8309,17.53,S19_Keltner_MeanRev,TWT_USDT_USDT,1D,MeanRev
18,-0.99,-0.28,-0.5745,-1.5663,-0.0338,-8.33,16,0.9312,22.22,-3.58,3.259,-5.5234,15.68,S19_Keltner_MeanRev,ZEN_USDT_USDT,1D,MeanRev
34,-5.83,-1.8,-0.2493,-0.5536,-0.1799,-10.02,33,0.7449,32.35,-0.91,1.5575,-17.1463,18.95,S19_Keltner_MeanRev,ZRX_USDT_USDT,1D,MeanRev
33,10.61,2.56,0.1956,0.6952,0.309,-8.27,23,1.4698,36.36,0.95,2.5721,32.1599,27.42,S19_Keltner_MeanRev,ALICE_USDT_USDT,1D,MeanRev
27,-4.86,-1.32,0.2253,0.5917,-0.1695,-7.78,15,0.7073,33.33,0.38,1.4146,-17.9948,20.85,S19_Keltner_MeanRev,BTC_USDT_USDT,1D,MeanRev
23,-9.44,-2.63,-0.3322,-0.7289,-0.2525,-10.41,23,0.4368,26.09,-0.83,1.2376,-41.058,16.1,S19_Keltner_MeanRev,ETH_USDT_USDT,1D,MeanRev
26,2.39,0.62,-0.2436,-0.6724,0.1173,-5.27,15,1.1324,30.77,-0.68,2.548,9.2074,20.59,S19_Keltner_MeanRev,BNB_USDT_USDT,1D,MeanRev
24,2.36,0.65,-0.441,-1.3284,0.0812,-8.01,23,1.137,25.0,-1.12,3.4111,9.8238,18.4,S19_Keltner_MeanRev,1000BTT_USDT_USDT,1D,MeanRev
24,-1.9,-0.55,-0.0147,-0.0384,-0.0601,-9.18,21,0.8716,37.5,-0.07,1.4527,-7.9161,18.27,S19_Keltner_MeanRev,AGLD_USDT_USDT,1D,MeanRev
23,0.37,0.1,0.145,0.2519,0.0202,-4.87,7,1.0272,43.48,0.63,1.3353,1.617,22.04,S19_Keltner_MeanRev,ATOM_USDT_USDT,1D,MeanRev
411,-15.88,-5.09,-0.6977,-0.9315,-0.2058,-24.72,367,0.9032,57.42,-0.45,0.6698,-3.8626,25.79,S20_RSI_MACD_Long,1000LUNC_USDT_USDT,1H,Momentum
566,-29.1,-8.24,-0.5238,-0.8333,-0.2439,-33.79,409,0.8742,56.89,-0.26,0.6624,-5.1409,22.99,S20_RSI_MACD_Long,ANKR_USDT_USDT,1H,Momentum
563,-27.0,-7.57,-0.3283,-0.5605,-0.2374,-31.9,441,0.8767,56.66,-0.16,0.6706,-4.7962,23.52,S20_RSI_MACD_Long,CHZ_USDT_USDT,1H,Momentum
579,-18.45,-4.98,-0.1504,-0.2453,-0.2155,-23.09,402,0.9233,56.99,-0.09,0.6967,-3.186,26.21,S20_RSI_MACD_Long,CRV_USDT_USDT,1H,Momentum
577,19.0,4.63,0.0564,0.0592,0.3562,-12.99,229,1.0827,64.82,0.02,0.5877,3.2935,33.92,S20_RSI_MACD_Long,JST_USDT_USDT,1H,Momentum
558,-13.61,-4.01,-0.7403,-1.0007,-0.2369,-16.95,544,0.9396,58.96,-0.33,0.654,-2.4385,28.34,S20_RSI_MACD_Long,ONT_USDT_USDT,1H,Momentum
524,-38.59,-12.72,-0.724,-1.2074,-0.3106,-40.95,496,0.8059,54.39,-0.43,0.6758,-7.364,20.48,S20_RSI_MACD_Long,OP_USDT_USDT,1H,Momentum
610,12.05,3.0,0.5333,0.6047,0.3233,-9.28,149,1.0469,62.13,0.22,0.6381,1.9746,38.93,S20_RSI_MACD_Long,SUN_USDT_USDT,1H,Momentum
631,-17.09,-4.58,-0.0924,-0.0897,-0.1911,-23.96,595,0.9218,62.76,-0.03,0.5471,-2.7078,26.78,S20_RSI_MACD_Long,TRX_USDT_USDT,1H,Momentum
474,-27.45,-9.54,-0.4623,-0.791,-0.2855,-33.42,447,0.8608,55.91,-0.24,0.6789,-5.7918,22.96,S20_RSI_MACD_Long,APT_USDT_USDT,1H,Momentum
602,-25.12,-6.98,-0.4972,-0.7774,-0.2478,-28.17,441,0.8936,57.81,-0.24,0.6522,-4.1724,24.81,S20_RSI_MACD_Long,AVAX_USDT_USDT,1H,Momentum
609,-26.49,-7.41,-0.3744,-0.7378,-0.2501,-29.64,317,0.8965,55.67,-0.2,0.714,-4.3499,24.06,S20_RSI_MACD_Long,DYDX_USDT_USDT,1H,Momentum
564,-46.38,-14.46,-1.2327,-1.7831,-0.309,-46.78,563,0.7737,53.37,-0.65,0.676,-8.224,18.59,S20_RSI_MACD_Long,FLOW_USDT_USDT,1H,Momentum
584,-39.5,-11.81,-0.57,-1.0507,-0.2903,-40.69,564,0.8152,55.82,-0.26,0.6452,-6.7633,20.77,S20_RSI_MACD_Long,MANA_USDT_USDT,1H,Momentum
522,-40.72,-13.08,-0.7784,-1.3714,-0.321,-40.76,469,0.8002,53.83,-0.42,0.6863,-7.7999,20.46,S20_RSI_MACD_Long,MINA_USDT_USDT,1H,Momentum
366,-36.26,-13.45,-0.7138,-1.1487,-0.3537,-38.02,359,0.7512,52.73,-0.37,0.6734,-9.9082,21.13,S20_RSI_MACD_Long,TWT_USDT_USDT,1H,Momentum
574,-31.72,-9.1,-0.1221,-0.1996,-0.2758,-33.01,494,0.8571,55.92,-0.07,0.6755,-5.5258,23.09,S20_RSI_MACD_Long,ZEN_USDT_USDT,1H,Momentum
567,-15.61,-4.42,-0.1771,-0.2483,-0.171,-25.82,437,0.9339,59.08,-0.09,0.6467,-2.7536,25.69,S20_RSI_MACD_Long,ZRX_USDT_USDT,1H,Momentum
572,-28.04,-7.9,-0.6457,-1.0238,-0.2611,-30.27,547,0.8765,56.12,-0.37,0.6854,-4.9023,23.94,S20_RSI_MACD_Long,ALICE_USDT_USDT,1H,Momentum
584,-13.39,-3.53,-0.0588,-0.0933,-0.2003,-17.63,305,0.9403,61.13,-0.02,0.5979,-2.2928,28.44,S20_RSI_MACD_Long,BTC_USDT_USDT,1H,Momentum
514,-21.48,-5.87,-0.2207,-0.3485,-0.2367,-24.8,514,0.8881,58.17,-0.08,0.6386,-4.1794,25.87,S20_RSI_MACD_Long,ETH_USDT_USDT,1H,Momentum
617,-23.25,-6.41,-0.1493,-0.2337,-0.2179,-29.4,617,0.8947,59.16,-0.04,0.6177,-3.7683,24.63,S20_RSI_MACD_Long,BNB_USDT_USDT,1H,Momentum
505,-43.12,-13.65,-0.8982,-1.1041,-0.285,-47.9,489,0.7408,55.64,-0.35,0.5905,-8.5383,18.58,S20_RSI_MACD_Long,1000BTT_USDT_USDT,1H,Momentum
612,5.6,1.49,0.4965,0.6877,0.063,-23.63,178,1.0191,60.62,0.28,0.662,0.9158,32.1,S20_RSI_MACD_Long,AGLD_USDT_USDT,1H,Momentum
570,-36.92,-10.9,-0.7213,-1.103,-0.2711,-40.21,416,0.8298,55.61,-0.34,0.6623,-6.4767,20.88,S20_RSI_MACD_Long,ATOM_USDT_USDT,1H,Momentum
124,-6.7,-2.07,-0.3127,-0.3831,-0.1968,-10.53,115,0.8725,56.45,-0.69,0.6731,-5.4017,29.9,S20_RSI_MACD_Long,1000LUNC_USDT_USDT,4H,Momentum
162,-7.04,-1.81,-0.3196,-0.5698,-0.1294,-13.99,67,0.9047,55.56,-0.57,0.7237,-4.3454,28.74,S20_RSI_MACD_Long,ANKR_USDT_USDT,4H,Momentum
156,-3.12,-0.79,-0.0615,-0.1136,-0.0748,-10.55,96,0.9535,56.41,-0.11,0.7368,-1.9982,29.89,S20_RSI_MACD_Long,CHZ_USDT_USDT,4H,Momentum
151,-10.7,-2.79,-0.3798,-0.6999,-0.2182,-12.8,127,0.8404,54.3,-0.82,0.7072,-7.0879,28.92,S20_RSI_MACD_Long,CRV_USDT_USDT,4H,Momentum
177,11.5,2.87,-0.0103,-0.0117,0.3816,-7.52,78,1.1723,64.41,-0.01,0.6478,6.4968,35.78,S20_RSI_MACD_Long,JST_USDT_USDT,4H,Momentum
147,-6.01,-1.72,-0.3307,-0.5638,-0.1611,-10.68,97,0.905,56.46,-0.56,0.6978,-4.0878,29.86,S20_RSI_MACD_Long,ONT_USDT_USDT,4H,Momentum
147,-2.42,-0.68,0.1315,0.2419,-0.0474,-14.38,68,0.9633,57.82,0.27,0.7026,-1.6467,30.26,S20_RSI_MACD_Long,OP_USDT_USDT,4H,Momentum
173,11.58,2.89,0.3027,0.3442,0.2291,-12.61,58,1.1498,62.43,0.44,0.692,6.695,35.81,S20_RSI_MACD_Long,SUN_USDT_USDT,4H,Momentum
163,19.43,4.54,0.4332,0.3779,0.5918,-7.68,51,1.3548,69.33,0.46,0.5995,11.9213,43.54,S20_RSI_MACD_Long,TRX_USDT_USDT,4H,Momentum
132,-2.67,-0.84,0.2118,0.3832,-0.0777,-10.83,118,0.9533,57.58,0.38,0.7025,-2.0197,32.09,S20_RSI_MACD_Long,APT_USDT_USDT,4H,Momentum
163,-14.72,-3.91,-0.328,-0.7205,-0.2362,-16.56,160,0.7843,55.21,-0.56,0.6362,-9.0335,27.92,S20_RSI_MACD_Long,AVAX_USDT_USDT,4H,Momentum
175,-5.72,-1.46,-0.4076,-0.7699,-0.1278,-11.45,67,0.9291,54.86,-0.81,0.7646,-3.2688,29.4,S20_RSI_MACD_Long,DYDX_USDT_USDT,4H,Momentum
161,-14.51,-3.9,-0.2798,-0.6106,-0.2287,-17.05,130,0.8007,52.8,-0.47,0.7159,-9.0141,27.43,S20_RSI_MACD_Long,FLOW_USDT_USDT,4H,Momentum
131,-5.39,-1.38,-0.2832,-0.3968,-0.1582,-8.7,127,0.9011,57.25,-0.61,0.6728,-4.1158,30.57,S20_RSI_MACD_Long,MANA_USDT_USDT,4H,Momentum
132,-13.17,-3.71,-0.3662,-0.7009,-0.2778,-13.35,132,0.7807,52.27,-0.71,0.7128,-9.9756,28.46,S20_RSI_MACD_Long,MINA_USDT_USDT,4H,Momentum
103,1.48,0.47,-0.1083,-0.1768,0.0716,-6.61,43,1.0327,58.25,-0.2,0.7401,1.4396,32.06,S20_RSI_MACD_Long,TWT_USDT_USDT,4H,Momentum
164,1.15,0.29,0.1486,0.2328,0.0297,-9.64,108,1.0173,59.15,0.32,0.7027,0.7018,32.37,S20_RSI_MACD_Long,ZEN_USDT_USDT,4H,Momentum
131,-5.07,-1.37,-0.478,-0.7006,-0.1867,-7.35,67,0.9066,58.02,-1.04,0.6561,-3.8686,31.08,S20_RSI_MACD_Long,ZRX_USDT_USDT,4H,Momentum
173,-12.2,-3.24,-0.8586,-1.4139,-0.2333,-13.88,162,0.841,53.18,-1.74,0.7405,-7.0546,28.43,S20_RSI_MACD_Long,ALICE_USDT_USDT,4H,Momentum
174,10.61,2.55,0.4209,0.8708,0.3391,-7.53,44,1.1556,63.79,0.36,0.6559,6.0972,39.49,S20_RSI_MACD_Long,BTC_USDT_USDT,4H,Momentum
161,-10.06,-2.62,-0.4635,-0.965,-0.1988,-13.17,80,0.8542,55.9,-0.58,0.6739,-6.2506,29.03,S20_RSI_MACD_Long,ETH_USDT_USDT,4H,Momentum
150,7.5,1.82,0.1248,0.1826,0.2111,-8.65,40,1.1227,62.67,0.15,0.6688,4.9976,34.93,S20_RSI_MACD_Long,BNB_USDT_USDT,4H,Momentum
145,-15.36,-4.24,-0.4296,-0.6325,-0.2463,-17.22,140,0.769,52.41,-0.58,0.6982,-10.5938,27.32,S20_RSI_MACD_Long,1000BTT_USDT_USDT,4H,Momentum
176,21.64,5.45,0.9191,1.6055,0.5848,-9.31,24,1.2817,63.64,1.65,0.7324,12.2939,46.5,S20_RSI_MACD_Long,AGLD_USDT_USDT,4H,Momentum
149,-20.1,-5.46,-1.3423,-2.5872,-0.2716,-20.1,149,0.7082,49.66,-2.32,0.7178,-13.4924,26.06,S20_RSI_MACD_Long,ATOM_USDT_USDT,4H,Momentum
22,-1.29,-0.39,-0.1184,-0.1799,-0.1251,-3.13,12,0.8659,54.55,-1.34,0.7216,-5.8583,22.19,S20_RSI_MACD_Long,1000LUNC_USDT_USDT,1D,Momentum
27,-3.08,-0.82,-0.4633,-1.456,-0.1771,-4.65,9,0.7636,51.85,-4.9,0.7091,-11.3906,22.18,S20_RSI_MACD_Long,ANKR_USDT_USDT,1D,Momentum
32,3.76,0.93,0.0905,0.2088,0.3912,-2.37,5,1.3019,62.5,0.79,0.7812,11.7391,30.99,S20_RSI_MACD_Long,CHZ_USDT_USDT,1D,Momentum
22,-2.1,-0.53,-0.0066,-0.01,-0.1772,-2.99,14,0.781,54.55,-0.08,0.6509,-9.5442,22.23,S20_RSI_MACD_Long,CRV_USDT_USDT,1D,Momentum
29,2.95,0.76,0.1689,0.2619,0.2368,-3.2,11,1.2865,62.07,0.99,0.7862,10.1616,29.82,S20_RSI_MACD_Long,JST_USDT_USDT,1D,Momentum
32,4.23,1.17,0.181,0.3851,0.4888,-2.39,13,1.348,62.5,1.43,0.8088,13.2312,32.89,S20_RSI_MACD_Long,ONT_USDT_USDT,1D,Momentum
19,-2.15,-0.64,-0.2305,-0.6556,-0.1606,-4.01,9,0.7626,52.63,-2.87,0.6864,-11.2936,21.32,S20_RSI_MACD_Long,OP_USDT_USDT,1D,Momentum
24,5.33,1.36,0.4141,0.5722,0.6778,-2.0,6,1.783,70.83,3.43,0.7342,22.188,39.6,S20_RSI_MACD_Long,SUN_USDT_USDT,1D,Momentum
31,3.36,0.83,0.1448,0.1941,0.1599,-5.19,20,1.3498,67.74,0.69,0.6428,10.8326,30.09,S20_RSI_MACD_Long,TRX_USDT_USDT,1D,Momentum
23,-4.34,-1.48,-0.2295,-0.6041,-0.2453,-6.04,19,0.6382,47.83,-1.99,0.6962,-18.8858,20.52,S20_RSI_MACD_Long,APT_USDT_USDT,1D,Momentum
33,1.61,0.43,0.0697,0.1973,0.1279,-3.38,16,1.1327,63.64,0.58,0.6473,4.8864,27.79,S20_RSI_MACD_Long,AVAX_USDT_USDT,1D,Momentum
25,-2.02,-0.55,-0.1633,-0.401,-0.2103,-2.59,13,0.8315,52.0,-1.94,0.7676,-8.0816,22.48,S20_RSI_MACD_Long,DYDX_USDT_USDT,1D,Momentum
27,0.24,0.06,-0.24,-0.5158,0.0216,-2.98,7,1.0216,59.26,-2.37,0.7024,0.8894,24.04,S20_RSI_MACD_Long,FLOW_USDT_USDT,1D,Momentum
25,-0.18,-0.05,-0.2887,-0.4512,-0.0155,-2.99,12,0.9825,60.0,-3.17,0.655,-0.7003,23.51,S20_RSI_MACD_Long,MANA_USDT_USDT,1D,Momentum
26,0.42,0.11,0.0125,0.0255,0.0375,-3.0,11,1.0369,57.69,0.12,0.7604,1.5972,23.99,S20_RSI_MACD_Long,MINA_USDT_USDT,1D,Momentum
12,-0.68,-0.24,-0.162,-0.3391,-0.1178,-2.0,7,0.8643,58.33,-1.87,0.6174,-5.66,22.73,S20_RSI_MACD_Long,TWT_USDT_USDT,1D,Momentum
31,-3.29,-0.85,-0.3343,-0.6788,-0.1574,-5.4,31,0.7761,51.61,-3.46,0.7276,-10.5988,22.59,S20_RSI_MACD_Long,ZEN_USDT_USDT,1D,Momentum
28,0.84,0.22,0.1639,0.2607,0.0472,-4.71,10,1.0774,60.71,1.66,0.6971,2.9988,26.13,S20_RSI_MACD_Long,ZRX_USDT_USDT,1D,Momentum
28,0.96,0.25,-0.2195,-0.5227,0.0961,-2.64,11,1.0789,57.14,-2.2,0.8092,3.4269,24.94,S20_RSI_MACD_Long,ALICE_USDT_USDT,1D,Momentum
30,-0.56,-0.15,0.1069,0.389,-0.0367,-3.97,13,0.9492,63.33,0.49,0.5496,-1.8732,25.59,S20_RSI_MACD_Long,BTC_USDT_USDT,1D,Momentum
26,0.66,0.16,0.2589,0.6428,0.0547,-3.0,11,1.0685,61.54,1.73,0.6678,2.5312,27.36,S20_RSI_MACD_Long,ETH_USDT_USDT,1D,Momentum
25,7.53,1.94,0.8947,1.8203,0.9626,-2.02,4,2.1972,76.0,4.59,0.6939,30.107,49.57,S20_RSI_MACD_Long,BNB_USDT_USDT,1D,Momentum
18,0.64,0.18,0.1418,0.2869,0.0879,-2.0,5,1.1045,66.67,1.44,0.5522,3.5415,26.71,S20_RSI_MACD_Long,1000BTT_USDT_USDT,1D,Momentum
28,7.23,2.15,0.3359,0.8186,0.7002,-3.07,5,1.7451,67.86,3.55,0.8266,25.8208,38.72,S20_RSI_MACD_Long,AGLD_USDT_USDT,1D,Momentum
23,-0.09,-0.02,-0.3717,-0.741,-0.0059,-3.97,13,0.9913,56.52,-3.55,0.7626,-0.3808,22.38,S20_RSI_MACD_Long,ATOM_USDT_USDT,1D,Momentum
377,-16.19,-5.2,-0.372,-0.4217,-0.1947,-26.68,289,0.9017,56.23,-0.3,0.7018,-4.2942,25.03,S21_RSI_MACD_Short,1000LUNC_USDT_USDT,1H,Momentum
511,-21.05,-5.74,-0.7195,-0.8472,-0.1645,-34.91,393,0.8976,56.95,-0.48,0.6786,-4.12,22.66,S21_RSI_MACD_Short,ANKR_USDT_USDT,1H,Momentum
509,5.53,1.35,-0.1514,-0.1704,0.0662,-20.47,447,1.0254,60.51,-0.11,0.6692,1.0857,28.14,S21_RSI_MACD_Short,CHZ_USDT_USDT,1H,Momentum
501,-21.38,-5.84,-0.3229,-0.5033,-0.1503,-38.86,350,0.9045,55.89,-0.23,0.7139,-4.2671,21.32,S21_RSI_MACD_Short,CRV_USDT_USDT,1H,Momentum
489,-55.35,-18.94,-1.1444,-1.5351,-0.339,-55.86,486,0.656,53.58,-0.51,0.5684,-11.3197,17.65,S21_RSI_MACD_Short,JST_USDT_USDT,1H,Momentum
448,-23.05,-7.08,-0.1745,-0.25,-0.1856,-38.13,443,0.8541,56.7,-0.1,0.6523,-5.1462,21.66,S21_RSI_MACD_Short,ONT_USDT_USDT,1H,Momentum
471,11.96,3.2,0.4068,0.5691,0.192,-16.67,290,1.0532,59.87,0.29,0.7058,2.5387,34.3,S21_RSI_MACD_Short,OP_USDT_USDT,1H,Momentum
431,-20.79,-5.88,-0.5417,-0.7033,-0.1764,-33.33,430,0.8554,59.86,-0.29,0.5736,-4.8237,23.55,S21_RSI_MACD_Short,SUN_USDT_USDT,1H,Momentum
494,-55.81,-18.48,-1.8891,-1.9532,-0.3139,-58.86,489,0.6585,53.85,-0.76,0.5645,-11.2972,17.69,S21_RSI_MACD_Short,TRX_USDT_USDT,1H,Momentum
384,-7.12,-2.28,-0.1226,-0.2171,-0.0855,-26.69,264,0.956,57.29,-0.08,0.7126,-1.8539,25.18,S21_RSI_MACD_Short,APT_USDT_USDT,1H,Momentum
542,31.16,7.02,0.4863,0.7013,0.3623,-19.38,311,1.1179,61.62,0.28,0.6962,5.7497,36.15,S21_RSI_MACD_Short,AVAX_USDT_USDT,1H,Momentum
502,-10.21,-2.66,0.033,0.0535,-0.1039,-25.59,493,0.95,55.98,0.02,0.7472,-2.0343,25.65,S21_RSI_MACD_Short,DYDX_USDT_USDT,1H,Momentum
511,7.4,1.8,0.4048,0.6075,0.09,-20.01,367,1.0327,59.88,0.25,0.6919,1.4472,32.44,S21_RSI_MACD_Short,FLOW_USDT_USDT,1H,Momentum
499,10.21,2.46,0.318,0.4118,0.1881,-13.09,256,1.045,60.72,0.2,0.676,2.0458,34.52,S21_RSI_MACD_Short,MANA_USDT_USDT,1H,Momentum
481,0.83,0.22,-0.1091,-0.1243,0.0097,-22.76,455,1.0043,59.67,-0.08,0.6788,0.1723,26.79,S21_RSI_MACD_Short,MINA_USDT_USDT,1H,Momentum
358,-2.5,-0.81,0.1892,0.2256,-0.0504,-16.05,316,0.9825,58.94,0.11,0.6845,-0.6983,30.5,S21_RSI_MACD_Short,TWT_USDT_USDT,1H,Momentum
535,-6.56,-1.68,-0.1718,-0.2074,-0.0939,-17.93,510,0.9713,57.57,-0.12,0.7158,-1.2263,27.84,S21_RSI_MACD_Short,ZEN_USDT_USDT,1H,Momentum
463,-24.46,-7.19,-0.7083,-0.8897,-0.2036,-35.29,357,0.8679,56.8,-0.51,0.66,-5.2834,22.53,S21_RSI_MACD_Short,ZRX_USDT_USDT,1H,Momentum
480,-2.59,-0.65,0.3167,0.4273,-0.0232,-28.15,426,0.9865,58.33,0.23,0.7047,-0.539,28.05,S21_RSI_MACD_Short,ALICE_USDT_USDT,1H,Momentum
498,-26.14,-7.3,-0.8936,-1.2389,-0.1997,-36.54,421,0.8697,57.43,-0.3,0.6446,-5.2487,22.24,S21_RSI_MACD_Short,BTC_USDT_USDT,1H,Momentum
508,-15.15,-4.03,-0.4916,-0.6304,-0.1379,-29.21,421,0.9264,57.87,-0.22,0.6743,-2.9822,24.51,S21_RSI_MACD_Short,ETH_USDT_USDT,1H,Momentum
528,-18.33,-4.94,-0.5259,-0.6216,-0.1575,-31.36,437,0.9147,58.71,-0.21,0.6433,-3.4725,23.98,S21_RSI_MACD_Short,BNB_USDT_USDT,1H,Momentum
436,-5.95,-1.58,0.1597,0.1792,-0.0983,-16.09,394,0.9654,61.01,0.08,0.617,-1.3646,30.48,S21_RSI_MACD_Short,1000BTT_USDT_USDT,1H,Momentum
438,-18.1,-5.26,-1.0371,-1.0733,-0.1764,-29.83,430,0.8905,57.08,-0.98,0.6697,-4.133,24.2,S21_RSI_MACD_Short,AGLD_USDT_USDT,1H,Momentum
463,-9.95,-2.59,-0.2146,-0.321,-0.1027,-25.2,416,0.9476,56.8,-0.13,0.7206,-2.1493,25.55,S21_RSI_MACD_Short,ATOM_USDT_USDT,1H,Momentum
99,8.56,2.51,0.393,0.5723,0.4984,-5.04,40,1.2117,61.62,1.15,0.7549,8.6514,41.13,S21_RSI_MACD_Short,1000LUNC_USDT_USDT,4H,Momentum
118,4.83,1.19,0.3055,0.4994,0.1021,-11.61,93,1.1079,61.86,0.84,0.683,4.0905,34.9,S21_RSI_MACD_Short,ANKR_USDT_USDT,4H,Momentum
118,9.93,2.4,0.3818,0.5573,0.3682,-6.51,34,1.2117,62.71,1.04,0.7205,8.415,39.87,S21_RSI_MACD_Short,CHZ_USDT_USDT,4H,Momentum
116,-2.1,-0.53,0.3046,0.3756,-0.0537,-9.85,100,0.956,58.62,1.03,0.6748,-1.8072,33.47,S21_RSI_MACD_Short,CRV_USDT_USDT,4H,Momentum
113,-19.29,-5.42,-0.7389,-1.2989,-0.2603,-20.82,100,0.6354,49.56,-1.51,0.6468,-17.0735,25.83,S21_RSI_MACD_Short,JST_USDT_USDT,4H,Momentum
120,-7.13,-2.05,-0.3533,-0.4569,-0.1461,-14.04,120,0.854,55.83,-0.89,0.6756,-5.9431,28.76,S21_RSI_MACD_Short,ONT_USDT_USDT,4H,Momentum
119,5.7,1.56,0.0874,0.1282,0.1675,-9.3,56,1.118,59.66,0.25,0.7558,4.7877,33.61,S21_RSI_MACD_Short,OP_USDT_USDT,4H,Momentum
109,-12.09,-3.3,-0.3281,-0.4287,-0.195,-16.9,109,0.7308,55.05,-0.7,0.5968,-11.0962,27.79,S21_RSI_MACD_Short,SUN_USDT_USDT,4H,Momentum
128,-24.11,-6.67,-1.0105,-1.4125,-0.2423,-27.52,123,0.5883,48.44,-1.34,0.6263,-18.8353,23.66,S21_RSI_MACD_Short,TRX_USDT_USDT,4H,Momentum
112,5.24,1.61,0.6192,1.0498,0.2045,-7.87,77,1.1131,59.82,1.42,0.7476,4.6825,39.59,S21_RSI_MACD_Short,APT_USDT_USDT,4H,Momentum
151,16.24,3.84,0.3182,0.4123,0.4726,-8.12,23,1.2487,62.91,0.75,0.7361,10.7521,39.75,S21_RSI_MACD_Short,AVAX_USDT_USDT,4H,Momentum
119,-5.51,-1.41,0.1315,0.2104,-0.135,-10.42,107,0.8962,54.62,0.42,0.7446,-4.6261,30.99,S21_RSI_MACD_Short,DYDX_USDT_USDT,4H,Momentum
125,11.95,2.86,0.6291,0.9482,0.3827,-7.49,47,1.2522,64.8,1.66,0.6802,9.5615,42.75,S21_RSI_MACD_Short,FLOW_USDT_USDT,4H,Momentum
118,12.96,3.1,0.8536,1.3766,0.5242,-5.91,65,1.2818,64.41,2.15,0.7084,10.9849,46.57,S21_RSI_MACD_Short,MANA_USDT_USDT,4H,Momentum
134,4.39,1.16,0.0759,0.1043,0.1271,-9.09,114,1.0799,59.7,0.19,0.7289,3.2741,33.01,S21_RSI_MACD_Short,MINA_USDT_USDT,4H,Momentum
84,0.27,0.09,0.1344,0.2052,0.0149,-5.78,64,1.0075,58.33,0.33,0.7196,0.3174,33.1,S21_RSI_MACD_Short,TWT_USDT_USDT,4H,Momentum
116,9.97,2.41,-0.0988,-0.1381,0.4889,-4.94,43,1.2026,61.21,-0.34,0.7622,8.5965,37.04,S21_RSI_MACD_Short,ZEN_USDT_USDT,4H,Momentum
103,-3.86,-1.04,-0.0271,-0.0366,-0.0989,-10.56,85,0.9146,56.31,-0.09,0.7096,-3.7434,29.88,S21_RSI_MACD_Short,ZRX_USDT_USDT,4H,Momentum
102,-5.68,-1.45,-0.0068,-0.0098,-0.124,-11.7,92,0.8713,56.86,-0.03,0.661,-5.5664,29.61,S21_RSI_MACD_Short,ALICE_USDT_USDT,4H,Momentum
145,-2.78,-0.7,-0.2871,-0.3983,-0.0622,-11.31,87,0.9558,57.24,-0.35,0.7139,-1.9183,29.78,S21_RSI_MACD_Short,BTC_USDT_USDT,4H,Momentum
141,-7.27,-1.87,-0.2116,-0.3003,-0.1471,-12.72,118,0.8803,56.03,-0.35,0.6909,-5.1579,29.19,S21_RSI_MACD_Short,ETH_USDT_USDT,4H,Momentum
124,-2.07,-0.52,-0.3877,-0.5351,-0.0466,-11.21,99,0.9608,57.26,-0.64,0.7173,-1.671,29.82,S21_RSI_MACD_Short,BNB_USDT_USDT,4H,Momentum
134,5.71,1.45,0.4289,0.6027,0.244,-5.96,45,1.1145,64.18,0.64,0.622,4.2601,39.15,S21_RSI_MACD_Short,1000BTT_USDT_USDT,4H,Momentum
81,-5.72,-1.58,-0.6242,-0.6306,-0.1443,-10.97,74,0.8423,54.32,-3.37,0.7083,-7.0608,29.47,S21_RSI_MACD_Short,AGLD_USDT_USDT,4H,Momentum
107,9.59,2.32,0.4835,0.6581,0.3611,-6.42,72,1.2331,61.68,1.31,0.766,8.9651,40.88,S21_RSI_MACD_Short,ATOM_USDT_USDT,4H,Momentum
15,2.47,0.75,0.1309,0.3006,0.3246,-2.33,9,1.3965,60.0,2.41,0.931,16.4363,29.32,S21_RSI_MACD_Short,1000LUNC_USDT_USDT,1D,Momentum
6,1.66,0.41,0.7506,0.0,0.4116,-1.0,2,2.6554,83.33,21.14,0.5311,27.7218,47.36,S21_RSI_MACD_Short,ANKR_USDT_USDT,1D,Momentum
15,-2.71,-0.68,-0.2077,-0.5501,-0.2143,-3.2,15,0.6455,46.67,-4.9,0.7377,-18.0624,20.71,S21_RSI_MACD_Short,CHZ_USDT_USDT,1D,Momentum
6,2.25,0.56,0.6128,0.0,0.5559,-1.0,2,3.1968,83.33,27.33,0.6394,37.4401,49.53,S21_RSI_MACD_Short,CRV_USDT_USDT,1D,Momentum
11,-1.11,-0.29,-0.223,-0.4759,-0.0994,-2.9,9,0.7864,45.45,-4.55,0.9437,-10.0522,20.62,S21_RSI_MACD_Short,JST_USDT_USDT,1D,Momentum
22,-4.27,-1.22,-0.4977,-1.3115,-0.2408,-5.05,19,0.6404,45.45,-7.17,0.7685,-19.3927,20.31,S21_RSI_MACD_Short,ONT_USDT_USDT,1D,Momentum
13,1.27,0.35,0.1552,0.2823,0.1616,-2.18,6,1.252,61.54,3.72,0.7825,9.768,27.66,S21_RSI_MACD_Short,OP_USDT_USDT,1D,Momentum
8,-0.22,-0.06,-0.3383,-0.5166,-0.0288,-2.0,3,0.9272,62.5,-8.17,0.5563,-2.7691,23.33,S21_RSI_MACD_Short,SUN_USDT_USDT,1D,Momentum
16,-6.56,-1.68,-0.8761,-2.009,-0.2481,-6.78,16,0.3517,31.25,-7.93,0.7738,-40.9791,17.43,S21_RSI_MACD_Short,TRX_USDT_USDT,1D,Momentum
18,-0.38,-0.12,0.0887,0.2952,-0.0396,-2.97,18,0.9528,55.56,1.35,0.7622,-2.0916,22.93,S21_RSI_MACD_Short,APT_USDT_USDT,1D,Momentum
5,1.68,0.42,0.6846,0.0,0.4162,-1.0,1,2.674,80.0,23.58,0.6685,33.6224,46.87,S21_RSI_MACD_Short,AVAX_USDT_USDT,1D,Momentum
3,2.54,0.63,1.594,0.0,0.0,0.0,0,999.0,100.0,55.77,0.0,84.7333,55.94,S21_RSI_MACD_Short,DYDX_USDT_USDT,1D,Momentum
25,4.91,1.21,0.2849,0.6454,0.6029,-2.0,11,1.5894,68.0,4.39,0.7479,19.6232,36.24,S21_RSI_MACD_Short,FLOW_USDT_USDT,1D,Momentum
8,3.18,0.79,1.0224,0.0,0.7829,-1.0,2,4.0818,87.5,23.82,0.5831,39.7465,55.14,S21_RSI_MACD_Short,MANA_USDT_USDT,1D,Momentum
20,0.94,0.25,-0.0089,-0.0287,0.0895,-2.82,13,1.1171,60.0,-0.15,0.7448,4.7232,24.2,S21_RSI_MACD_Short,MINA_USDT_USDT,1D,Momentum
15,-0.74,-0.24,-0.0942,-0.1903,-0.0636,-3.79,12,0.8949,53.33,-1.33,0.783,-4.9642,21.48,S21_RSI_MACD_Short,TWT_USDT_USDT,1D,Momentum
14,0.36,0.09,0.02,0.057,0.0305,-2.98,7,1.06,57.14,0.47,0.795,2.5995,23.12,S21_RSI_MACD_Short,ZEN_USDT_USDT,1D,Momentum
9,0.75,0.2,0.0507,0.0525,0.1424,-1.39,5,1.2465,66.67,2.25,0.6232,8.3149,27.41,S21_RSI_MACD_Short,ZRX_USDT_USDT,1D,Momentum
5,-0.3,-0.08,0.3809,1.4414,-0.0379,-2.0,3,0.8506,60.0,18.53,0.567,-6.0517,26.78,S21_RSI_MACD_Short,ALICE_USDT_USDT,1D,Momentum
23,-3.3,-0.84,-0.3288,-0.6788,-0.1082,-7.72,17,0.7265,47.83,-2.43,0.7925,-14.3383,20.02,S21_RSI_MACD_Short,BTC_USDT_USDT,1D,Momentum
22,2.5,0.62,-0.0331,-0.0501,0.2365,-2.62,10,1.2985,59.09,-0.41,0.899,11.3601,26.8,S21_RSI_MACD_Short,ETH_USDT_USDT,1D,Momentum
15,-3.04,-0.77,-0.4271,-0.687,-0.2039,-3.77,12,0.6201,46.67,-5.01,0.7086,-20.2512,20.54,S21_RSI_MACD_Short,BNB_USDT_USDT,1D,Momentum
20,-2.23,-0.58,0.1072,0.2291,-0.1154,-5.06,13,0.7232,60.0,1.22,0.4822,-11.1371,23.13,S21_RSI_MACD_Short,1000BTT_USDT_USDT,1D,Momentum
16,-2.29,-0.63,-0.7879,-1.1368,-0.1167,-5.36,16,0.7077,43.75,-22.62,0.9099,-14.33,19.64,S21_RSI_MACD_Short,AGLD_USDT_USDT,1D,Momentum
21,3.17,0.78,0.479,0.7139,0.2618,-3.0,9,1.4449,66.67,6.75,0.7225,15.1048,33.66,S21_RSI_MACD_Short,ATOM_USDT_USDT,1D,Momentum
465,-46.03,-17.0,-1.7098,-3.836,-0.3453,-49.23,463,0.7781,36.56,-0.95,1.3502,-9.898,15.45,S22_ROC_Breakout,1000LUNC_USDT_USDT,1H,Momentum
518,-45.06,-14.16,-1.2114,-3.2557,-0.2659,-53.23,485,0.8255,37.45,-0.59,1.3787,-8.6985,15.35,S22_ROC_Breakout,ANKR_USDT_USDT,1H,Momentum
514,-24.8,-6.88,-0.5993,-1.6699,-0.1837,-37.46,430,0.9109,39.88,-0.3,1.373,-4.8258,19.46,S22_ROC_Breakout,CHZ_USDT_USDT,1H,Momentum
618,55.35,11.72,0.3739,1.0445,0.728,-16.1,137,1.1102,44.82,0.19,1.3667,8.9558,35.99,S22_ROC_Breakout,CRV_USDT_USDT,1H,Momentum
273,-32.65,-9.96,-0.9159,-2.498,-0.251,-39.69,255,0.7932,36.63,-0.54,1.3723,-11.9614,18.33,S22_ROC_Breakout,JST_USDT_USDT,1H,Momentum
376,-10.12,-2.94,-0.6091,-1.5866,-0.1042,-28.25,374,0.9508,41.22,-0.31,1.3556,-2.6914,22.41,S22_ROC_Breakout,ONT_USDT_USDT,1H,Momentum
597,-12.66,-3.74,-0.2534,-0.7928,-0.1122,-33.36,369,0.9688,41.04,-0.12,1.3919,-2.1198,20.85,S22_ROC_Breakout,OP_USDT_USDT,1H,Momentum
305,-28.76,-8.94,-0.5926,-1.522,-0.2129,-41.97,302,0.8119,37.7,-0.4,1.3413,-9.4283,17.8,S22_ROC_Breakout,SUN_USDT_USDT,1H,Momentum
138,-21.29,-6.29,-0.347,-0.8915,-0.2492,-25.26,110,0.7554,35.51,-0.3,1.372,-15.4283,22.49,S22_ROC_Breakout,TRX_USDT_USDT,1H,Momentum
434,3.64,1.14,-0.203,-0.6563,0.0352,-32.29,357,1.0138,42.4,-0.1,1.3775,0.8394,21.71,S22_ROC_Breakout,APT_USDT_USDT,1H,Momentum
534,6.6,1.63,-0.0817,-0.2295,0.0712,-22.87,443,1.0211,42.7,-0.04,1.3704,1.2357,24.87,S22_ROC_Breakout,AVAX_USDT_USDT,1H,Momentum
620,-34.34,-10.07,-0.7217,-1.9223,-0.2208,-45.61,375,0.8984,39.19,-0.37,1.3938,-5.5394,16.92,S22_ROC_Breakout,DYDX_USDT_USDT,1H,Momentum
489,21.76,5.05,0.0625,0.1679,0.2113,-23.91,297,1.0655,43.76,0.03,1.3692,4.4509,26.6,S22_ROC_Breakout,FLOW_USDT_USDT,1H,Momentum
526,-35.86,-10.6,-0.7441,-1.9975,-0.243,-43.62,483,0.8791,38.78,-0.36,1.3875,-6.8181,17.45,S22_ROC_Breakout,MANA_USDT_USDT,1H,Momentum
542,-29.09,-8.82,-1.0608,-2.5752,-0.1994,-44.26,540,0.8822,39.48,-0.55,1.3522,-5.3664,17.36,S22_ROC_Breakout,MINA_USDT_USDT,1H,Momentum
274,-31.87,-11.64,-1.1208,-3.3825,-0.3328,-34.97,238,0.7923,36.5,-0.64,1.3785,-11.6316,19.72,S22_ROC_Breakout,TWT_USDT_USDT,1H,Momentum
596,-9.49,-2.46,-0.0592,-0.1479,-0.0712,-34.61,530,0.9694,41.28,-0.03,1.3792,-1.5927,20.51,S22_ROC_Breakout,ZEN_USDT_USDT,1H,Momentum
504,5.11,1.33,-0.0685,-0.1878,0.074,-18.02,199,1.0154,42.46,-0.04,1.376,1.0132,26.27,S22_ROC_Breakout,ZRX_USDT_USDT,1H,Momentum
633,-36.0,-10.57,-0.9144,-2.33,-0.2272,-46.5,593,0.9001,39.18,-0.43,1.3973,-5.6879,16.65,S22_ROC_Breakout,ALICE_USDT_USDT,1H,Momentum
152,12.03,2.94,0.1414,0.4138,0.1995,-14.74,49,1.1215,46.05,0.08,1.3137,7.9148,30.81,S22_ROC_Breakout,BTC_USDT_USDT,1H,Momentum
294,18.15,4.3,0.1239,0.3565,0.2219,-19.4,167,1.0959,44.9,0.07,1.345,6.1741,29.03,S22_ROC_Breakout,ETH_USDT_USDT,1H,Momentum
209,-39.38,-12.0,-1.5312,-4.0263,-0.2635,-45.55,160,0.6758,33.01,-0.86,1.3712,-18.8409,16.05,S22_ROC_Breakout,BNB_USDT_USDT,1H,Momentum
238,0.27,0.07,-0.1765,-0.4294,0.0053,-13.7,150,1.0018,42.44,-0.13,1.3589,0.1132,27.0,S22_ROC_Breakout,1000BTT_USDT_USDT,1H,Momentum
695,95.57,19.92,0.4901,1.2018,0.913,-21.81,203,1.1778,45.9,0.23,1.3882,13.7516,37.33,S22_ROC_Breakout,AGLD_USDT_USDT,1H,Momentum
419,7.42,1.83,0.1631,0.4472,0.0776,-23.52,329,1.0267,42.96,0.09,1.3632,1.7719,26.43,S22_ROC_Breakout,ATOM_USDT_USDT,1H,Momentum
239,-0.75,-0.23,-0.1532,-0.4231,-0.0136,-16.64,178,0.9944,41.42,-0.19,1.4063,-0.3134,25.93,S22_ROC_Breakout,1000LUNC_USDT_USDT,4H,Momentum
315,9.02,2.19,0.0837,0.2376,0.1214,-18.03,188,1.0456,42.54,0.09,1.4124,2.8629,27.66,S22_ROC_Breakout,ANKR_USDT_USDT,4H,Momentum
299,8.53,2.07,0.0313,0.0946,0.1364,-15.17,88,1.0443,42.47,0.03,1.4143,2.8516,28.07,S22_ROC_Breakout,CHZ_USDT_USDT,4H,Momentum
288,15.18,3.6,0.3955,1.2488,0.1918,-18.76,204,1.0781,43.4,0.51,1.4059,5.2694,31.39,S22_ROC_Breakout,CRV_USDT_USDT,4H,Momentum
217,-19.91,-5.61,-0.77,-1.8205,-0.2301,-24.37,173,0.8486,37.79,-0.72,1.3971,-9.1747,23.09,S22_ROC_Breakout,JST_USDT_USDT,4H,Momentum
255,-6.97,-2.01,-0.3571,-1.0943,-0.0823,-24.38,251,0.9516,40.39,-0.35,1.4043,-2.7334,23.45,S22_ROC_Breakout,ONT_USDT_USDT,4H,Momentum
269,18.73,4.92,0.1548,0.4496,0.4317,-11.4,165,1.1087,43.87,0.19,1.4188,6.961,33.09,S22_ROC_Breakout,OP_USDT_USDT,4H,Momentum
206,0.25,0.07,-0.062,-0.1625,0.0031,-21.34,181,1.0022,41.75,-0.08,1.3984,0.1235,24.6,S22_ROC_Breakout,SUN_USDT_USDT,4H,Momentum
140,-21.97,-6.25,-1.2179,-2.4119,-0.2257,-27.68,137,0.7376,35.0,-1.24,1.3699,-15.6914,21.7,S22_ROC_Breakout,TRX_USDT_USDT,4H,Momentum
252,15.54,4.63,0.36,1.1475,0.253,-18.28,131,1.0995,43.65,0.4,1.4194,6.1682,31.78,S22_ROC_Breakout,APT_USDT_USDT,4H,Momentum
275,31.53,7.16,0.7491,2.8497,0.6685,-10.71,112,1.1715,45.45,0.86,1.4058,11.4659,41.52,S22_ROC_Breakout,AVAX_USDT_USDT,4H,Momentum
299,-22.12,-6.06,-0.3543,-1.2275,-0.2133,-28.43,295,0.8638,37.79,-0.44,1.4218,-7.3988,21.87,S22_ROC_Breakout,DYDX_USDT_USDT,4H,Momentum
300,16.84,3.97,0.3086,0.9771,0.2222,-17.87,174,1.078,43.67,0.34,1.3907,5.6119,31.03,S22_ROC_Breakout,FLOW_USDT_USDT,4H,Momentum
323,8.1,1.98,-0.1786,-0.5081,0.1484,-13.33,121,1.04,42.41,-0.18,1.412,2.5083,28.35,S22_ROC_Breakout,MANA_USDT_USDT,4H,Momentum
286,21.45,5.35,0.0467,0.1289,0.4585,-11.67,66,1.116,44.06,0.05,1.4171,7.5013,32.19,S22_ROC_Breakout,MINA_USDT_USDT,4H,Momentum
187,-17.16,-5.89,-0.7461,-2.1802,-0.2425,-24.29,180,0.8437,37.43,-0.81,1.4101,-9.1782,23.06,S22_ROC_Breakout,TWT_USDT_USDT,4H,Momentum
290,21.25,4.94,0.3193,0.98,0.2884,-17.13,161,1.1158,44.14,0.4,1.4122,7.3292,32.15,S22_ROC_Breakout,ZEN_USDT_USDT,4H,Momentum
291,23.83,5.85,0.3767,1.1321,0.6339,-9.22,57,1.1264,44.33,0.42,1.4146,8.1887,37.51,S22_ROC_Breakout,ZRX_USDT_USDT,4H,Momentum
304,11.86,2.87,0.2826,0.9927,0.1331,-21.54,207,1.0653,42.76,0.33,1.4259,3.9009,28.85,S22_ROC_Breakout,ALICE_USDT_USDT,4H,Momentum
182,38.38,8.63,0.8032,2.9118,0.8265,-10.44,34,1.3248,49.45,0.62,1.3543,21.0885,44.91,S22_ROC_Breakout,BTC_USDT_USDT,4H,Momentum
239,34.71,7.81,0.5676,1.9039,0.6992,-11.16,94,1.2296,46.86,0.49,1.3943,14.5235,40.4,S22_ROC_Breakout,ETH_USDT_USDT,4H,Momentum
201,-8.05,-2.1,-0.497,-1.5531,-0.1215,-17.26,124,0.9356,40.3,-0.42,1.3861,-4.0027,25.58,S22_ROC_Breakout,BNB_USDT_USDT,4H,Momentum
186,-11.1,-3.06,-0.3774,-0.9942,-0.1846,-16.6,168,0.8968,39.25,-0.42,1.3881,-5.9675,25.63,S22_ROC_Breakout,1000BTT_USDT_USDT,4H,Momentum
311,9.53,2.51,-0.251,-0.7009,0.0924,-27.21,96,1.0433,42.44,-0.29,1.4147,3.0657,23.84,S22_ROC_Breakout,AGLD_USDT_USDT,4H,Momentum
282,-31.36,-9.0,-1.0557,-3.205,-0.2753,-32.68,282,0.7837,36.17,-1.03,1.3831,-11.1204,20.36,S22_ROC_Breakout,ATOM_USDT_USDT,4H,Momentum
40,-0.2,-0.06,-0.0385,-0.1244,-0.011,-5.54,18,0.9914,40.0,-0.29,1.4871,-0.5055,22.39,S22_ROC_Breakout,1000LUNC_USDT_USDT,1D,Momentum
62,9.75,2.44,0.3137,1.3768,0.525,-4.65,20,1.2862,46.77,1.71,1.4636,15.7311,39.07,S22_ROC_Breakout,ANKR_USDT_USDT,1D,Momentum
57,-5.7,-1.46,-0.3782,-1.3106,-0.1412,-10.32,46,0.8368,36.84,-2.2,1.4344,-9.9972,27.17,S22_ROC_Breakout,CHZ_USDT_USDT,1D,Momentum
45,8.83,2.14,0.34,1.0185,0.4767,-4.49,13,1.3676,48.89,2.66,1.4298,19.617,34.14,S22_ROC_Breakout,CRV_USDT_USDT,1D,Momentum
46,0.37,0.1,-0.0329,-0.1206,0.0132,-7.51,20,1.0133,41.3,-0.16,1.4399,0.812,23.17,S22_ROC_Breakout,JST_USDT_USDT,1D,Momentum
65,0.65,0.18,0.0428,0.1692,0.0163,-11.17,56,1.0171,41.54,0.19,1.4314,1.003,28.25,S22_ROC_Breakout,ONT_USDT_USDT,1D,Momentum
52,-2.01,-0.56,-0.1252,-0.5657,-0.0636,-8.86,21,0.9378,38.46,-0.8,1.5004,-3.8561,27.84,S22_ROC_Breakout,OP_USDT_USDT,1D,Momentum
53,2.02,0.52,-0.1306,-0.3614,0.0589,-8.83,21,1.0632,43.4,-0.63,1.3868,3.8041,29.42,S22_ROC_Breakout,SUN_USDT_USDT,1D,Momentum
54,-11.83,-3.1,-0.7978,-1.7297,-0.2621,-11.83,54,0.6613,31.48,-2.57,1.4393,-21.9161,25.95,S22_ROC_Breakout,TRX_USDT_USDT,1D,Momentum
42,4.82,1.5,0.5192,2.8825,0.3327,-4.5,26,1.2005,45.24,3.23,1.4532,11.4739,32.69,S22_ROC_Breakout,APT_USDT_USDT,1D,Momentum
40,1.55,0.39,0.0513,0.1496,0.0654,-5.91,25,1.0662,42.5,0.38,1.4425,3.8844,24.08,S22_ROC_Breakout,AVAX_USDT_USDT,1D,Momentum
57,1.65,0.41,0.1471,0.5351,0.0527,-7.79,37,1.0498,42.11,1.03,1.4435,2.8999,30.87,S22_ROC_Breakout,DYDX_USDT_USDT,1D,Momentum
57,11.8,2.83,0.5703,2.6208,0.5709,-4.96,13,1.3813,49.12,3.43,1.4306,20.6998,42.9,S22_ROC_Breakout,FLOW_USDT_USDT,1D,Momentum
58,15.69,3.71,0.8396,2.7131,0.7495,-4.95,11,1.513,51.72,5.03,1.4121,27.0519,48.14,S22_ROC_Breakout,MANA_USDT_USDT,1D,Momentum
35,0.87,0.23,0.0222,0.0567,0.0334,-6.93,15,1.042,42.86,0.18,1.3893,2.4782,22.3,S22_ROC_Breakout,MINA_USDT_USDT,1D,Momentum
54,3.26,1.04,0.105,0.4205,0.1297,-7.98,42,1.1058,42.59,0.46,1.4904,6.0443,31.4,S22_ROC_Breakout,TWT_USDT_USDT,1D,Momentum
51,-14.61,-3.87,-1.0012,-3.1892,-0.2461,-15.74,51,0.5643,29.41,-6.18,1.3543,-28.6421,24.48,S22_ROC_Breakout,ZEN_USDT_USDT,1D,Momentum
51,13.79,3.49,0.5928,1.7091,0.8825,-3.96,8,1.5027,50.98,3.83,1.4449,27.0349,46.68,S22_ROC_Breakout,ZRX_USDT_USDT,1D,Momentum
43,8.59,2.08,0.4824,2.4795,0.2371,-8.79,26,1.356,48.84,3.85,1.4206,19.9864,32.25,S22_ROC_Breakout,ALICE_USDT_USDT,1D,Momentum
54,17.25,4.06,0.5693,2.2309,0.8802,-4.61,10,1.6162,53.7,1.69,1.3933,31.9421,47.47,S22_ROC_Breakout,BTC_USDT_USDT,1D,Momentum
58,12.97,3.1,0.5156,1.9112,0.611,-5.07,15,1.4105,50.0,2.01,1.4105,22.3673,42.93,S22_ROC_Breakout,ETH_USDT_USDT,1D,Momentum
79,-8.76,-2.27,-0.7757,-2.6289,-0.1283,-17.68,72,0.817,36.71,-2.06,1.4086,-11.0916,24.94,S22_ROC_Breakout,BNB_USDT_USDT,1D,Momentum
56,13.36,3.35,0.7477,2.7358,0.5996,-5.58,11,1.4382,50.0,3.13,1.4382,23.8575,45.23,S22_ROC_Breakout,1000BTT_USDT_USDT,1D,Momentum
61,-3.07,-0.84,-0.3073,-1.0207,-0.0995,-8.45,61,0.9136,39.34,-2.0,1.4084,-5.0303,28.09,S22_ROC_Breakout,AGLD_USDT_USDT,1D,Momentum
50,6.5,1.59,0.6318,2.9889,0.1679,-9.46,43,1.2369,46.0,3.62,1.452,12.996,37.95,S22_ROC_Breakout,ATOM_USDT_USDT,1D,Momentum
1598,-72.76,-32.49,-0.8969,-2.1724,-0.425,-76.45,1566,0.8804,37.98,-0.15,1.4373,-4.5529,15.43,S23_StochRSI,1000LUNC_USDT_USDT,1H,Momentum
2235,-89.64,-43.28,-0.8946,-2.8391,-0.4746,-91.21,2105,0.848,37.32,-0.12,1.4245,-4.0106,15.33,S23_StochRSI,ANKR_USDT_USDT,1H,Momentum
2154,-81.74,-34.65,-0.6095,-1.8338,-0.4103,-84.45,1832,0.9022,38.02,-0.09,1.4707,-3.7946,15.43,S23_StochRSI,CHZ_USDT_USDT,1H,Momentum
2140,-81.8,-34.7,-0.9663,-3.1581,-0.405,-85.7,2140,0.845,37.57,-0.16,1.4042,-3.8225,15.37,S23_StochRSI,CRV_USDT_USDT,1H,Momentum
2196,-95.6,-55.61,-1.6584,-3.877,-0.5776,-96.27,2151,0.8201,37.3,-0.16,1.3788,-4.3534,15.33,S23_StochRSI,JST_USDT_USDT,1H,Momentum
2104,-94.07,-54.67,-1.9587,-5.7874,-0.5767,-94.78,2070,0.8337,36.5,-0.23,1.4504,-4.4708,15.21,S23_StochRSI,ONT_USDT_USDT,1H,Momentum
1960,-83.74,-39.76,-1.1136,-3.267,-0.4456,-89.24,1957,0.8443,37.04,-0.19,1.4351,-4.2726,15.29,S23_StochRSI,OP_USDT_USDT,1H,Momentum
2010,-92.48,-48.97,-1.1617,-2.4565,-0.5224,-93.74,1700,0.8689,37.21,-0.14,1.4659,-4.6011,15.32,S23_StochRSI,SUN_USDT_USDT,1H,Momentum
2281,-95.99,-55.28,-2.3463,-4.5032,-0.5755,-96.07,2274,0.7619,38.05,-0.16,1.2402,-4.2084,15.44,S23_StochRSI,TRX_USDT_USDT,1H,Momentum
1682,-83.29,-42.82,-1.3102,-3.9819,-0.4968,-86.19,1681,0.822,36.74,-0.2,1.4152,-4.9516,15.25,S23_StochRSI,APT_USDT_USDT,1H,Momentum
2185,-95.65,-54.35,-1.8661,-5.4327,-0.5654,-96.12,2032,0.7937,35.56,-0.27,1.4382,-4.3774,15.08,S23_StochRSI,AVAX_USDT_USDT,1H,Momentum
2145,-92.95,-48.5,-1.5142,-4.2415,-0.5143,-94.32,2145,0.817,35.85,-0.26,1.4619,-4.3336,15.12,S23_StochRSI,DYDX_USDT_USDT,1H,Momentum
2095,-95.03,-52.82,-1.7915,-4.8005,-0.5542,-95.3,2083,0.791,35.66,-0.26,1.4275,-4.5363,15.09,S23_StochRSI,FLOW_USDT_USDT,1H,Momentum
2221,-95.73,-54.57,-1.6792,-5.1161,-0.5663,-96.37,2206,0.7753,35.79,-0.23,1.3907,-4.3103,15.11,S23_StochRSI,MANA_USDT_USDT,1H,Momentum
2059,-90.46,-46.69,-0.9735,-3.043,-0.5014,-93.12,2042,0.8133,36.57,-0.15,1.4106,-4.3933,15.22,S23_StochRSI,MINA_USDT_USDT,1H,Momentum
1621,-93.92,-59.26,-1.9686,-6.0033,-0.6256,-94.72,1505,0.7383,34.86,-0.25,1.3799,-5.7939,14.98,S23_StochRSI,TWT_USDT_USDT,1H,Momentum
2133,-89.67,-43.32,-0.8848,-2.5362,-0.4803,-90.21,2115,0.8332,36.71,-0.15,1.4366,-4.2038,15.24,S23_StochRSI,ZEN_USDT_USDT,1H,Momentum
2146,-90.95,-47.2,-1.531,-4.1947,-0.5111,-92.34,2145,0.8134,36.91,-0.21,1.3906,-4.2382,15.27,S23_StochRSI,ZRX_USDT_USDT,1H,Momentum
2111,-90.03,-43.83,-1.1411,-3.9037,-0.4786,-91.58,2091,0.7905,36.43,-0.19,1.3795,-4.2648,15.2,S23_StochRSI,ALICE_USDT_USDT,1H,Momentum
1957,-98.1,-62.91,-2.9026,-9.263,-0.6397,-98.34,1944,0.7284,35.05,-0.23,1.3496,-5.0129,15.01,S23_StochRSI,BTC_USDT_USDT,1H,Momentum
2086,-98.76,-66.69,-2.9769,-9.6166,-0.6745,-98.87,2086,0.6613,34.13,-0.3,1.2763,-4.7346,14.88,S23_StochRSI,ETH_USDT_USDT,1H,Momentum
2115,-94.56,-51.73,-1.9472,-5.3572,-0.5447,-94.96,2077,0.7899,37.45,-0.17,1.3195,-4.4709,15.35,S23_StochRSI,BNB_USDT_USDT,1H,Momentum
1829,-95.78,-56.09,-1.8785,-4.119,-0.5848,-95.9,1818,0.7693,36.09,-0.21,1.3625,-5.2368,15.16,S23_StochRSI,1000BTT_USDT_USDT,1H,Momentum
2000,-85.6,-40.83,-1.1332,-3.1328,-0.4583,-89.08,1996,0.8432,36.9,-0.2,1.4419,-4.2799,15.27,S23_StochRSI,AGLD_USDT_USDT,1H,Momentum
2211,-94.11,-50.76,-1.5012,-4.455,-0.5329,-95.26,2211,0.7994,36.59,-0.19,1.3853,-4.2565,15.23,S23_StochRSI,ATOM_USDT_USDT,1H,Momentum
372,12.8,3.71,0.4715,1.3569,0.1172,-31.63,196,1.0553,40.59,0.34,1.5445,3.4411,27.22,S23_StochRSI,1000LUNC_USDT_USDT,4H,Momentum
532,18.67,4.37,0.2851,1.0048,0.1415,-30.9,194,1.0533,40.6,0.17,1.5409,3.5085,25.72,S23_StochRSI,ANKR_USDT_USDT,4H,Momentum
528,1.92,0.48,0.4715,1.6492,0.0143,-33.28,354,1.006,39.58,0.28,1.5354,0.3641,25.53,S23_StochRSI,CHZ_USDT_USDT,4H,Momentum
544,-50.86,-16.29,-1.2001,-3.9148,-0.3114,-52.3,543,0.8172,34.19,-0.77,1.5728,-9.3498,14.88,S23_StochRSI,CRV_USDT_USDT,4H,Momentum
489,4.2,1.07,0.1503,0.3667,0.0376,-28.61,347,1.012,40.7,0.06,1.4748,0.8583,24.07,S23_StochRSI,JST_USDT_USDT,4H,Momentum
500,-43.38,-14.75,-0.7341,-2.3409,-0.2829,-52.13,369,0.8516,35.2,-0.37,1.5677,-8.6766,15.03,S23_StochRSI,ONT_USDT_USDT,4H,Momentum
478,-50.8,-17.96,-1.3414,-3.5799,-0.3109,-57.75,478,0.7525,33.47,-0.92,1.4957,-10.6283,14.78,S23_StochRSI,OP_USDT_USDT,4H,Momentum
478,-22.71,-6.48,-0.182,-0.3954,-0.171,-37.88,352,0.9204,38.28,-0.09,1.4836,-4.7519,19.1,S23_StochRSI,SUN_USDT_USDT,4H,Momentum
550,-30.33,-8.65,0.0334,0.0743,-0.2181,-39.67,482,0.9035,38.91,0.01,1.4186,-5.5147,18.99,S23_StochRSI,TRX_USDT_USDT,4H,Momentum
419,-22.11,-7.51,-0.247,-0.9247,-0.2848,-26.37,331,0.9102,36.99,-0.15,1.5502,-5.2777,22.37,S23_StochRSI,APT_USDT_USDT,4H,Momentum
575,-34.64,-10.09,-0.2936,-0.9524,-0.219,-46.09,543,0.8803,36.52,-0.16,1.5301,-6.0242,16.39,S23_StochRSI,AVAX_USDT_USDT,4H,Momentum
523,-39.72,-11.89,-0.9228,-2.7826,-0.2682,-44.34,521,0.8491,35.37,-0.62,1.5513,-7.5941,16.75,S23_StochRSI,DYDX_USDT_USDT,4H,Momentum
511,-53.66,-17.55,-1.3732,-4.5211,-0.3068,-57.2,510,0.7875,33.66,-0.78,1.5522,-10.5002,14.81,S23_StochRSI,FLOW_USDT_USDT,4H,Momentum
519,-43.13,-13.17,-0.6019,-1.9395,-0.2862,-46.01,504,0.8517,35.26,-0.35,1.5637,-8.3096,16.23,S23_StochRSI,MANA_USDT_USDT,4H,Momentum
494,-43.95,-14.36,-0.8658,-2.6298,-0.3245,-44.25,494,0.8308,34.82,-0.54,1.5553,-8.896,16.7,S23_StochRSI,MINA_USDT_USDT,4H,Momentum
365,-41.68,-15.89,-1.2049,-3.8666,-0.2997,-53.02,295,0.8099,33.97,-0.63,1.5741,-11.4186,14.85,S23_StochRSI,TWT_USDT_USDT,4H,Momentum
496,-30.74,-8.78,-0.3481,-1.1798,-0.2847,-30.84,496,0.8878,36.49,-0.25,1.5451,-6.1975,20.96,S23_StochRSI,ZEN_USDT_USDT,4H,Momentum
493,2.9,0.76,0.337,1.0845,0.0384,-19.86,465,1.0093,39.55,0.21,1.5424,0.5888,28.39,S23_StochRSI,ZRX_USDT_USDT,4H,Momentum
506,5.49,1.35,0.1229,0.4773,0.0565,-23.83,498,1.0185,39.53,0.09,1.5583,1.0848,25.24,S23_StochRSI,ALICE_USDT_USDT,4H,Momentum
543,-46.46,-14.47,-0.8062,-2.8513,-0.2928,-49.42,543,0.8225,36.28,-0.24,1.4447,-8.5564,15.36,S23_StochRSI,BTC_USDT_USDT,4H,Momentum
514,-36.56,-10.76,-0.7394,-2.3094,-0.237,-45.41,514,0.8501,36.77,-0.3,1.4619,-7.1132,16.63,S23_StochRSI,ETH_USDT_USDT,4H,Momentum
516,-43.47,-13.3,-0.5838,-1.9007,-0.2677,-49.68,473,0.8297,36.24,-0.21,1.4597,-8.4247,15.27,S23_StochRSI,BNB_USDT_USDT,4H,Momentum
472,-21.21,-6.01,-0.4097,-1.0346,-0.1999,-30.06,446,0.9231,38.56,-0.17,1.4708,-4.4941,21.49,S23_StochRSI,1000BTT_USDT_USDT,4H,Momentum
504,-26.02,-7.84,-0.004,-0.0166,-0.183,-42.81,494,0.9062,36.9,-0.0,1.5493,-5.1625,17.43,S23_StochRSI,AGLD_USDT_USDT,4H,Momentum
552,13.01,3.11,0.5755,1.8849,0.0997,-31.16,393,1.0331,40.4,0.3,1.5241,2.3567,28.09,S23_StochRSI,ATOM_USDT_USDT,4H,Momentum
51,-10.33,-3.24,-0.6593,-2.1593,-0.2484,-13.04,48,0.698,31.37,-3.06,1.5269,-20.2472,25.57,S23_StochRSI,1000LUNC_USDT_USDT,1D,Momentum
84,-0.05,-0.01,-0.0232,-0.0785,-0.0012,-10.21,53,0.9991,38.1,-0.08,1.6235,-0.0577,27.38,S23_StochRSI,ANKR_USDT_USDT,1D,Momentum
82,25.68,5.88,0.8091,3.8582,1.2463,-4.72,24,1.5358,48.78,3.18,1.6126,31.3156,50.97,S23_StochRSI,CHZ_USDT_USDT,1D,Momentum
81,-26.27,-7.34,-1.6631,-5.0587,-0.2744,-26.75,76,0.5072,24.69,-6.25,1.5469,-32.4341,20.5,S23_StochRSI,CRV_USDT_USDT,1D,Momentum
69,0.61,0.16,-0.1659,-0.3971,0.0138,-11.47,27,1.0141,39.13,-0.48,1.5775,0.8849,27.35,S23_StochRSI,JST_USDT_USDT,1D,Momentum
82,9.7,2.64,0.3142,1.3376,0.2668,-9.88,32,1.2067,42.68,1.02,1.6204,11.8314,34.61,S23_StochRSI,ONT_USDT_USDT,1D,Momentum
73,-9.3,-2.69,-0.7787,-1.3857,-0.2031,-13.23,61,0.7994,32.88,-3.68,1.6321,-12.7354,25.73,S23_StochRSI,OP_USDT_USDT,1D,Momentum
57,-2.32,-0.61,-0.1758,-0.4579,-0.0646,-9.44,24,0.9357,36.84,-0.66,1.6041,-4.0774,27.43,S23_StochRSI,SUN_USDT_USDT,1D,Momentum
82,-12.16,-3.19,-0.364,-0.7639,-0.1799,-17.74,65,0.7776,32.93,-0.65,1.5839,-14.8342,24.38,S23_StochRSI,TRX_USDT_USDT,1D,Momentum
60,-1.72,-0.54,-0.3106,-0.9649,-0.0803,-6.73,26,0.9549,36.67,-1.29,1.6493,-2.8652,28.22,S23_StochRSI,APT_USDT_USDT,1D,Momentum
103,-17.32,-4.65,-1.0121,-3.0144,-0.2487,-18.69,102,0.7322,32.04,-2.96,1.5532,-16.8204,23.97,S23_StochRSI,AVAX_USDT_USDT,1D,Momentum
92,-4.83,-1.23,-0.2651,-0.9307,-0.0883,-13.94,86,0.9153,35.87,-1.13,1.6364,-5.2503,25.94,S23_StochRSI,DYDX_USDT_USDT,1D,Momentum
85,-6.67,-1.72,-0.2446,-0.8886,-0.1365,-12.59,80,0.8746,35.29,-0.93,1.6034,-7.8512,26.27,S23_StochRSI,FLOW_USDT_USDT,1D,Momentum
77,-6.57,-1.7,-0.6961,-2.3657,-0.1311,-12.94,74,0.8636,35.06,-2.45,1.5993,-8.536,26.13,S23_StochRSI,MANA_USDT_USDT,1D,Momentum
71,-2.93,-0.79,-0.1649,-0.6877,-0.0857,-9.26,25,0.9357,36.62,-0.71,1.6194,-4.1271,27.45,S23_StochRSI,MINA_USDT_USDT,1D,Momentum
52,7.04,2.21,0.2788,1.2551,0.3213,-6.86,16,1.225,44.23,1.05,1.5446,13.5387,35.88,S23_StochRSI,TWT_USDT_USDT,1D,Momentum
75,-3.38,-0.86,-0.2874,-0.8688,-0.0782,-10.97,49,0.9302,37.33,-1.3,1.5613,-4.5111,27.04,S23_StochRSI,ZEN_USDT_USDT,1D,Momentum
78,23.86,5.86,0.6084,1.6535,0.7029,-8.34,29,1.5602,48.72,2.46,1.6423,30.5917,44.43,S23_StochRSI,ZRX_USDT_USDT,1D,Momentum
76,20.83,4.85,0.7501,2.5121,0.595,-8.15,25,1.4631,47.37,3.59,1.6257,27.4121,44.26,S23_StochRSI,ALICE_USDT_USDT,1D,Momentum
78,-14.53,-3.85,-0.7061,-2.37,-0.2536,-15.19,78,0.7094,32.05,-1.28,1.5039,-18.6302,25.02,S23_StochRSI,BTC_USDT_USDT,1D,Momentum
100,-7.94,-2.05,-0.3301,-1.3403,-0.1359,-15.07,97,0.8686,36.0,-0.75,1.5442,-7.9397,25.62,S23_StochRSI,ETH_USDT_USDT,1D,Momentum
83,3.54,0.87,0.4825,2.0071,0.1006,-8.69,58,1.0718,40.96,1.11,1.5447,4.2659,34.28,S23_StochRSI,BNB_USDT_USDT,1D,Momentum
82,-6.68,-1.78,-0.3671,-1.0151,-0.1051,-16.94,82,0.8634,35.37,-0.89,1.578,-8.1458,24.97,S23_StochRSI,1000BTT_USDT_USDT,1D,Momentum
73,-1.07,-0.29,-0.0589,-0.2196,-0.0229,-12.73,51,0.9776,38.36,-0.29,1.5712,-1.4697,26.66,S23_StochRSI,AGLD_USDT_USDT,1D,Momentum
88,-18.1,-4.87,-1.1381,-3.157,-0.2229,-21.86,88,0.6667,29.55,-3.28,1.5899,-20.5703,22.66,S23_StochRSI,ATOM_USDT_USDT,1D,Momentum
10,-2.8,-1.33,-1.2176,-2.1292,-0.3437,-3.86,5,0.5266,30.0,-3.22,1.2287,-28.0214,18.13,S24_ATR_Regime,1000LUNC_USDT_USDT,1H,Volatility
5,-1.11,-0.35,-0.3673,-1.8475,-0.1338,-2.59,3,0.6353,20.0,-1.7,2.5412,-22.2802,17.08,S24_ATR_Regime,ANKR_USDT_USDT,1H,Volatility
2,-1.84,-0.86,-5.939,-5.939,-0.4652,-1.84,2,0.0,0.0,-5.46,0.0,-92.1605,14.45,S24_ATR_Regime,CHZ_USDT_USDT,1H,Volatility
6,-3.72,-1.72,-1.6874,-1.8875,-0.4508,-3.83,5,0.0299,16.67,-4.38,0.1497,-61.9308,16.23,S24_ATR_Regime,CRV_USDT_USDT,1H,Volatility
24,-2.0,-0.53,-0.1602,-0.4346,-0.1213,-4.36,13,0.834,37.5,-0.34,1.39,-8.3363,19.72,S24_ATR_Regime,JST_USDT_USDT,1H,Volatility
9,1.54,0.47,0.3891,1.1675,0.1509,-3.14,7,1.4542,44.44,2.47,1.8177,17.0608,28.71,S24_ATR_Regime,ONT_USDT_USDT,1H,Volatility
1,-0.04,-0.02,0.0,0.0,-0.495,-0.04,1,0.0,0.0,-0.21,0.0,-4.2092,14.99,S24_ATR_Regime,OP_USDT_USDT,1H,Volatility
9,-0.25,-0.08,-0.2399,-0.6576,-0.0438,-1.85,4,0.941,33.33,-0.45,1.882,-2.7535,19.21,S24_ATR_Regime,SUN_USDT_USDT,1H,Volatility
10,-4.45,-1.25,-0.3177,-0.8167,-0.235,-5.31,8,0.304,10.0,-0.88,2.7358,-44.4629,14.83,S24_ATR_Regime,TRX_USDT_USDT,1H,Volatility
7,-2.95,-1.52,-1.6772,-2.6842,-0.5094,-2.99,7,0.1483,14.29,-2.12,0.8899,-42.2002,16.14,S24_ATR_Regime,APT_USDT_USDT,1H,Volatility
3,-2.35,-1.1,-2.0617,-2.0617,-0.4659,-2.35,3,0.0,0.0,-3.6,0.0,-78.4877,14.29,S24_ATR_Regime,AVAX_USDT_USDT,1H,Volatility
5,-3.73,-1.73,-1.854,-2.4834,-0.4647,-3.73,5,0.024,20.0,-4.84,0.0959,-74.5694,16.74,S24_ATR_Regime,DYDX_USDT_USDT,1H,Volatility
5,-1.54,-0.39,-0.6114,-1.222,-0.1923,-2.02,5,0.4903,40.0,-5.42,0.7354,-30.8067,20.11,S24_ATR_Regime,FLOW_USDT_USDT,1H,Volatility
4,-1.42,-0.65,-0.7039,-1.1615,-0.4612,-1.42,4,0.3286,25.0,-2.65,0.9858,-35.4931,18.15,S24_ATR_Regime,MANA_USDT_USDT,1H,Volatility
5,0.39,0.18,-0.0212,-0.0573,0.0885,-2.03,3,1.1534,40.0,-0.1,1.7302,7.8315,21.85,S24_ATR_Regime,MINA_USDT_USDT,1H,Volatility
4,0.63,0.56,0.3386,0.9447,0.4269,-1.3,3,1.4841,25.0,1.26,4.4522,15.7884,28.04,S24_ATR_Regime,TWT_USDT_USDT,1H,Volatility
7,-1.4,-0.37,-0.4591,-0.75,-0.2525,-1.48,7,0.521,42.86,-2.22,0.6946,-19.9946,20.68,S24_ATR_Regime,ZEN_USDT_USDT,1H,Volatility
5,-3.56,-1.85,-2.226,-2.226,-0.5204,-3.56,5,0.0,0.0,-5.37,0.0,-71.1707,13.93,S24_ATR_Regime,ZRX_USDT_USDT,1H,Volatility
3,-1.84,-0.56,-1.4058,-1.4058,-0.3066,-1.84,3,0.0,0.0,-3.62,0.0,-61.2201,14.45,S24_ATR_Regime,ALICE_USDT_USDT,1H,Volatility
7,-2.73,-0.9,-1.4816,-1.5855,-0.3168,-2.85,6,0.0431,14.29,-1.34,0.2588,-38.9581,16.19,S24_ATR_Regime,BTC_USDT_USDT,1H,Volatility
1,-1.03,-0.47,0.0,0.0,-0.4613,-1.03,1,0.0,0.0,-5.71,0.0,-102.6029,14.69,S24_ATR_Regime,ETH_USDT_USDT,1H,Volatility
6,-2.45,-1.08,-0.1884,-0.4639,-0.4415,-2.45,6,0.2993,33.33,-0.62,0.5987,-40.8031,19.03,S24_ATR_Regime,BNB_USDT_USDT,1H,Volatility
5,-4.29,-1.7,-1.5219,-1.5219,-0.3954,-4.29,5,0.0,0.0,-6.68,0.0,-85.741,13.71,S24_ATR_Regime,1000BTT_USDT_USDT,1H,Volatility
5,-0.28,-0.11,0.3858,1.6099,-0.0578,-1.89,3,0.854,60.0,4.17,0.5693,-5.5975,26.86,S24_ATR_Regime,AGLD_USDT_USDT,1H,Volatility
4,-2.91,-1.35,-1.5307,-2.032,-0.4631,-2.91,4,0.0092,25.0,-3.73,0.0277,-72.7194,17.7,S24_ATR_Regime,ATOM_USDT_USDT,1H,Volatility
0,0.0,0.0,0.0,0.0,0.0,0.0,0,0.0,0.0,0.0,0.0,0.0,0.0,S24_ATR_Regime,1000LUNC_USDT_USDT,4H,Volatility
1,-1.01,-0.47,0.0,0.0,-0.4607,-1.01,1,0.0,0.0,-14.59,0.0,-101.0551,14.7,S24_ATR_Regime,ANKR_USDT_USDT,4H,Volatility
1,0.06,0.07,0.0,0.0,0.0,0.0,0,999.0,100.0,1.39,0.0,5.7799,40.0,S24_ATR_Regime,CHZ_USDT_USDT,4H,Volatility
0,0.0,0.0,0.0,0.0,0.0,0.0,0,0.0,0.0,0.0,0.0,0.0,0.0,S24_ATR_Regime,CRV_USDT_USDT,4H,Volatility
3,-0.33,-0.09,0.0943,0.5594,-0.1181,-0.73,1,0.7196,33.33,0.83,1.4392,-10.8862,20.49,S24_ATR_Regime,JST_USDT_USDT,4H,Volatility
2,-1.49,-0.8,-3.4106,-3.4106,-0.5406,-1.49,2,0.0,0.0,-10.59,0.0,-74.3358,14.55,S24_ATR_Regime,ONT_USDT_USDT,4H,Volatility
0,0.0,0.0,0.0,0.0,0.0,0.0,0,0.0,0.0,0.0,0.0,0.0,0.0,S24_ATR_Regime,OP_USDT_USDT,4H,Volatility
2,2.97,0.83,2.6023,0.0,0.0,0.0,0,999.0,100.0,7.22,0.0,148.5219,66.02,S24_ATR_Regime,SUN_USDT_USDT,4H,Volatility
1,-0.46,-0.39,0.0,0.0,-0.8342,-0.46,1,0.0,0.0,-2.62,0.0,-46.2705,14.86,S24_ATR_Regime,TRX_USDT_USDT,4H,Volatility
0,0.0,0.0,0.0,0.0,0.0,0.0,0,0.0,0.0,0.0,0.0,0.0,0.0,S24_ATR_Regime,APT_USDT_USDT,4H,Volatility
1,-1.01,-0.47,0.0,0.0,-0.4607,-1.01,1,0.0,0.0,-12.52,0.0,-101.2173,14.7,S24_ATR_Regime,AVAX_USDT_USDT,4H,Volatility
1,-0.11,-1.55,0.0,0.0,-14.5043,-0.11,1,0.0,0.0,-2.27,0.0,-10.682,14.97,S24_ATR_Regime,DYDX_USDT_USDT,4H,Volatility
1,-1.01,-0.25,0.0,0.0,-0.2518,-1.01,1,0.0,0.0,-16.52,0.0,-100.9403,14.7,S24_ATR_Regime,FLOW_USDT_USDT,4H,Volatility
1,-1.01,-0.47,0.0,0.0,-0.4601,-1.01,1,0.0,0.0,-13.92,0.0,-101.1019,14.7,S24_ATR_Regime,MANA_USDT_USDT,4H,Volatility
0,0.0,0.0,0.0,0.0,0.0,0.0,0,0.0,0.0,0.0,0.0,0.0,0.0,S24_ATR_Regime,MINA_USDT_USDT,4H,Volatility
1,-0.64,-0.35,0.0,0.0,-0.5468,-0.64,1,0.0,0.0,-6.18,0.0,-63.5761,14.81,S24_ATR_Regime,TWT_USDT_USDT,4H,Volatility
0,0.0,0.0,0.0,0.0,0.0,0.0,0,0.0,0.0,0.0,0.0,0.0,0.0,S24_ATR_Regime,ZEN_USDT_USDT,4H,Volatility
0,0.0,0.0,0.0,0.0,0.0,0.0,0,0.0,0.0,0.0,0.0,0.0,0.0,S24_ATR_Regime,ZRX_USDT_USDT,4H,Volatility
2,-1.16,-0.31,-3.4378,-3.4378,-0.2652,-1.16,2,0.0,0.0,-13.97,0.0,-58.1782,14.65,S24_ATR_Regime,ALICE_USDT_USDT,4H,Volatility
0,0.0,0.0,0.0,0.0,0.0,0.0,0,0.0,0.0,0.0,0.0,0.0,0.0,S24_ATR_Regime,BTC_USDT_USDT,4H,Volatility
0,0.0,0.0,0.0,0.0,0.0,0.0,0,0.0,0.0,0.0,0.0,0.0,0.0,S24_ATR_Regime,ETH_USDT_USDT,4H,Volatility
3,1.15,0.3,0.0902,0.0,0.3169,-0.95,1,2.1772,66.67,1.21,1.0886,38.2268,36.08,S24_ATR_Regime,BNB_USDT_USDT,4H,Volatility
3,-3.05,-1.57,-5.0556,-5.0556,-0.5161,-3.05,3,0.0,0.0,-5.46,0.0,-101.6852,14.08,S24_ATR_Regime,1000BTT_USDT_USDT,4H,Volatility
6,-2.65,-1.03,-0.5691,-1.5666,-0.3017,-3.42,5,0.2312,16.67,-4.98,1.1562,-44.1387,16.36,S24_ATR_Regime,AGLD_USDT_USDT,4H,Volatility
0,0.0,0.0,0.0,0.0,0.0,0.0,0,0.0,0.0,0.0,0.0,0.0,0.0,S24_ATR_Regime,ATOM_USDT_USDT,4H,Volatility
0,0.0,0.0,0.0,0.0,0.0,0.0,0,0.0,0.0,0.0,0.0,0.0,0.0,S24_ATR_Regime,1000LUNC_USDT_USDT,1D,Volatility
0,0.0,0.0,0.0,0.0,0.0,0.0,0,0.0,0.0,0.0,0.0,0.0,0.0,S24_ATR_Regime,ANKR_USDT_USDT,1D,Volatility
0,0.0,0.0,0.0,0.0,0.0,0.0,0,0.0,0.0,0.0,0.0,0.0,0.0,S24_ATR_Regime,CHZ_USDT_USDT,1D,Volatility
0,0.0,0.0,0.0,0.0,0.0,0.0,0,0.0,0.0,0.0,0.0,0.0,0.0,S24_ATR_Regime,CRV_USDT_USDT,1D,Volatility
0,0.0,0.0,0.0,0.0,0.0,0.0,0,0.0,0.0,0.0,0.0,0.0,0.0,S24_ATR_Regime,JST_USDT_USDT,1D,Volatility
0,0.0,0.0,0.0,0.0,0.0,0.0,0,0.0,0.0,0.0,0.0,0.0,0.0,S24_ATR_Regime,ONT_USDT_USDT,1D,Volatility
0,0.0,0.0,0.0,0.0,0.0,0.0,0,0.0,0.0,0.0,0.0,0.0,0.0,S24_ATR_Regime,OP_USDT_USDT,1D,Volatility
2,-2.01,-0.57,-4.2229,-4.2229,-0.2821,-2.01,2,0.0,0.0,-13.07,0.0,-100.5042,14.4,S24_ATR_Regime,SUN_USDT_USDT,1D,Volatility
0,0.0,0.0,0.0,0.0,0.0,0.0,0,0.0,0.0,0.0,0.0,0.0,0.0,S24_ATR_Regime,TRX_USDT_USDT,1D,Volatility
0,0.0,0.0,0.0,0.0,0.0,0.0,0,0.0,0.0,0.0,0.0,0.0,0.0,S24_ATR_Regime,APT_USDT_USDT,1D,Volatility
1,0.9,0.23,0.0,0.0,0.0,0.0,0,999.0,100.0,28.39,0.0,89.7062,40.0,S24_ATR_Regime,AVAX_USDT_USDT,1D,Volatility
0,0.0,0.0,0.0,0.0,0.0,0.0,0,0.0,0.0,0.0,0.0,0.0,0.0,S24_ATR_Regime,DYDX_USDT_USDT,1D,Volatility
0,0.0,0.0,0.0,0.0,0.0,0.0,0,0.0,0.0,0.0,0.0,0.0,0.0,S24_ATR_Regime,FLOW_USDT_USDT,1D,Volatility
0,0.0,0.0,0.0,0.0,0.0,0.0,0,0.0,0.0,0.0,0.0,0.0,0.0,S24_ATR_Regime,MANA_USDT_USDT,1D,Volatility
0,0.0,0.0,0.0,0.0,0.0,0.0,0,0.0,0.0,0.0,0.0,0.0,0.0,S24_ATR_Regime,MINA_USDT_USDT,1D,Volatility
0,0.0,0.0,0.0,0.0,0.0,0.0,0,0.0,0.0,0.0,0.0,0.0,0.0,S24_ATR_Regime,TWT_USDT_USDT,1D,Volatility
0,0.0,0.0,0.0,0.0,0.0,0.0,0,0.0,0.0,0.0,0.0,0.0,0.0,S24_ATR_Regime,ZEN_USDT_USDT,1D,Volatility
0,0.0,0.0,0.0,0.0,0.0,0.0,0,0.0,0.0,0.0,0.0,0.0,0.0,S24_ATR_Regime,ZRX_USDT_USDT,1D,Volatility
2,-1.56,-0.42,-1.1687,-1.1687,-0.2654,-1.56,2,0.0,0.0,-33.88,0.0,-78.2279,14.53,S24_ATR_Regime,ALICE_USDT_USDT,1D,Volatility
0,0.0,0.0,0.0,0.0,0.0,0.0,0,0.0,0.0,0.0,0.0,0.0,0.0,S24_ATR_Regime,BTC_USDT_USDT,1D,Volatility
0,0.0,0.0,0.0,0.0,0.0,0.0,0,0.0,0.0,0.0,0.0,0.0,0.0,S24_ATR_Regime,ETH_USDT_USDT,1D,Volatility
0,0.0,0.0,0.0,0.0,0.0,0.0,0,0.0,0.0,0.0,0.0,0.0,0.0,S24_ATR_Regime,BNB_USDT_USDT,1D,Volatility
0,0.0,0.0,0.0,0.0,0.0,0.0,0,0.0,0.0,0.0,0.0,0.0,0.0,S24_ATR_Regime,1000BTT_USDT_USDT,1D,Volatility
0,0.0,0.0,0.0,0.0,0.0,0.0,0,0.0,0.0,0.0,0.0,0.0,0.0,S24_ATR_Regime,AGLD_USDT_USDT,1D,Volatility
0,0.0,0.0,0.0,0.0,0.0,0.0,0,0.0,0.0,0.0,0.0,0.0,0.0,S24_ATR_Regime,ATOM_USDT_USDT,1D,Volatility
444,-55.18,-21.53,-1.3468,-3.2845,-0.3384,-63.63,409,0.8007,21.4,-0.51,2.9416,-12.4287,13.06,S25_BB_Squeeze,1000LUNC_USDT_USDT,1H,Volatility
488,-48.98,-15.5,-0.6896,-1.9578,-0.2646,-58.56,452,0.8504,21.72,-0.31,3.0648,-10.0378,13.1,S25_BB_Squeeze,ANKR_USDT_USDT,1H,Volatility
430,-19.92,-5.41,0.0076,0.0248,-0.158,-34.2,371,0.936,24.19,0.0,2.934,-4.632,18.27,S25_BB_Squeeze,CHZ_USDT_USDT,1H,Volatility
488,-21.27,-5.81,0.3346,1.2203,-0.1145,-50.7,407,0.9469,24.18,0.19,2.9691,-4.3581,16.8,S25_BB_Squeeze,CRV_USDT_USDT,1H,Volatility
418,-25.05,-7.23,-0.0663,-0.1786,-0.1661,-43.55,301,0.9114,25.12,-0.03,2.717,-5.9938,15.52,S25_BB_Squeeze,JST_USDT_USDT,1H,Volatility
421,-17.31,-5.19,0.2816,1.1865,-0.1192,-43.52,394,0.9389,23.99,0.13,2.9747,-4.1128,18.19,S25_BB_Squeeze,ONT_USDT_USDT,1H,Volatility
447,-45.27,-15.48,-0.2482,-0.8764,-0.2465,-62.8,392,0.857,22.15,-0.14,3.0123,-10.1286,13.16,S25_BB_Squeeze,OP_USDT_USDT,1H,Volatility
444,-57.13,-19.76,-0.8834,-2.0909,-0.3142,-62.89,428,0.7503,21.4,-0.33,2.7563,-12.8668,13.06,S25_BB_Squeeze,SUN_USDT_USDT,1H,Volatility
492,-49.49,-15.71,-1.0458,-2.3788,-0.2968,-52.93,488,0.7903,22.97,-0.22,2.6508,-10.0589,13.28,S25_BB_Squeeze,TRX_USDT_USDT,1H,Volatility
396,-23.49,-8.02,0.0254,0.0938,-0.1928,-41.63,260,0.9254,23.74,0.01,2.973,-5.9315,16.16,S25_BB_Squeeze,APT_USDT_USDT,1H,Volatility
497,-30.73,-8.78,-0.3656,-1.1272,-0.1912,-45.9,422,0.9135,23.54,-0.16,2.967,-6.1828,14.59,S25_BB_Squeeze,AVAX_USDT_USDT,1H,Volatility
477,-27.68,-7.79,-0.2569,-0.8764,-0.1877,-41.49,395,0.9238,23.27,-0.14,3.0461,-5.8021,15.88,S25_BB_Squeeze,DYDX_USDT_USDT,1H,Volatility
492,-39.96,-11.99,-0.3165,-1.1223,-0.2737,-43.8,476,0.8718,22.76,-0.15,2.9578,-8.1215,15.11,S25_BB_Squeeze,FLOW_USDT_USDT,1H,Volatility
505,-22.5,-6.18,-0.09,-0.2996,-0.1326,-46.58,355,0.9416,23.76,-0.04,3.021,-4.4546,14.42,S25_BB_Squeeze,MANA_USDT_USDT,1H,Volatility
418,-43.57,-14.21,-0.6167,-1.9007,-0.2451,-57.96,408,0.8142,21.29,-0.3,3.0098,-10.4244,13.04,S25_BB_Squeeze,MINA_USDT_USDT,1H,Volatility
300,-27.48,-9.8,-0.277,-0.9812,-0.2344,-41.81,255,0.8666,23.67,-0.13,2.7951,-9.1614,15.84,S25_BB_Squeeze,TWT_USDT_USDT,1H,Volatility
456,-54.27,-17.78,-0.2652,-0.946,-0.2728,-65.17,333,0.8194,21.71,-0.14,2.9547,-11.9007,13.1,S25_BB_Squeeze,ZEN_USDT_USDT,1H,Volatility
436,-17.79,-5.08,-0.264,-0.7215,-0.157,-32.34,262,0.9457,24.31,-0.13,2.9443,-4.0812,18.77,S25_BB_Squeeze,ZRX_USDT_USDT,1H,Volatility
491,-37.81,-11.21,0.0533,0.1608,-0.197,-56.91,446,0.8661,22.81,0.03,2.9309,-7.6997,13.79,S25_BB_Squeeze,ALICE_USDT_USDT,1H,Volatility
472,-65.85,-23.57,-1.5253,-3.9184,-0.3579,-65.85,472,0.6831,21.61,-0.33,2.478,-13.9522,13.09,S25_BB_Squeeze,BTC_USDT_USDT,1H,Volatility
482,-54.77,-18.0,-0.8634,-2.3134,-0.2999,-60.02,419,0.7888,22.82,-0.27,2.6676,-11.3626,13.26,S25_BB_Squeeze,ETH_USDT_USDT,1H,Volatility
500,-49.39,-15.67,-0.5352,-1.4838,-0.274,-57.2,495,0.7975,23.2,-0.15,2.64,-9.8774,13.31,S25_BB_Squeeze,BNB_USDT_USDT,1H,Volatility
481,-22.74,-6.49,-0.2556,-0.5516,-0.1696,-38.25,424,0.9209,24.95,-0.08,2.7703,-4.7277,17.09,S25_BB_Squeeze,1000BTT_USDT_USDT,1H,Volatility
452,-43.27,-14.26,-0.6388,-2.1741,-0.3102,-45.96,436,0.8472,21.46,-0.33,3.1006,-9.5734,14.28,S25_BB_Squeeze,AGLD_USDT_USDT,1H,Volatility
468,-47.78,-15.0,-0.8629,-2.6316,-0.255,-58.82,255,0.852,22.01,-0.33,3.0194,-10.209,13.14,S25_BB_Squeeze,ATOM_USDT_USDT,1H,Volatility
95,18.53,5.27,0.5936,1.7201,0.4092,-12.88,41,1.2543,30.53,1.14,2.8547,19.5027,36.07,S25_BB_Squeeze,1000LUNC_USDT_USDT,4H,Volatility
136,-7.21,-1.85,-0.3469,-1.0471,-0.0832,-22.3,93,0.9362,22.06,-0.54,3.3077,-5.302,21.46,S25_BB_Squeeze,ANKR_USDT_USDT,4H,Volatility
107,48.7,10.47,0.7834,2.504,1.1046,-9.48,18,1.5104,32.71,1.65,3.1072,45.5169,45.85,S25_BB_Squeeze,CHZ_USDT_USDT,4H,Volatility
120,-12.15,-3.19,-0.3348,-1.3456,-0.1516,-21.02,60,0.8732,21.67,-0.62,3.1568,-10.1222,21.79,S25_BB_Squeeze,CRV_USDT_USDT,4H,Volatility
118,-9.69,-2.62,-0.4952,-1.8352,-0.101,-25.89,103,0.8956,22.03,-0.51,3.1691,-8.2088,20.38,S25_BB_Squeeze,JST_USDT_USDT,4H,Volatility
123,1.1,0.31,0.1113,0.5492,0.0164,-18.85,40,1.0104,23.58,0.16,3.2749,0.8962,24.01,S25_BB_Squeeze,ONT_USDT_USDT,4H,Volatility
105,-0.33,-0.09,-0.6465,-1.5405,-0.0045,-20.47,84,0.9958,23.81,-1.23,3.1866,-0.3101,22.26,S25_BB_Squeeze,OP_USDT_USDT,4H,Volatility
105,25.18,6.07,0.3687,1.2888,0.6719,-9.04,36,1.2884,30.48,0.49,2.9391,23.985,36.97,S25_BB_Squeeze,SUN_USDT_USDT,4H,Volatility
114,-16.29,-4.35,-1.0639,-2.68,-0.1607,-27.08,114,0.7922,21.93,-0.8,2.8203,-14.2912,20.01,S25_BB_Squeeze,TRX_USDT_USDT,4H,Volatility
100,-17.65,-5.89,-0.3052,-0.9323,-0.1776,-33.15,79,0.7651,20.0,-0.52,3.0604,-17.6507,17.91,S25_BB_Squeeze,APT_USDT_USDT,4H,Volatility
119,13.88,3.32,0.4428,2.2515,0.2615,-12.71,48,1.1347,26.89,0.78,3.0849,11.66,32.21,S25_BB_Squeeze,AVAX_USDT_USDT,4H,Volatility
130,-3.81,-0.97,0.3886,1.9702,-0.0323,-29.94,92,0.9607,23.85,0.8,3.0679,-2.9315,23.31,S25_BB_Squeeze,DYDX_USDT_USDT,4H,Volatility
136,31.83,7.18,0.2379,0.8931,0.3015,-23.81,89,1.2565,27.94,0.36,3.2404,23.4046,28.16,S25_BB_Squeeze,FLOW_USDT_USDT,4H,Volatility
124,23.44,5.41,0.7151,4.0818,0.3152,-17.16,39,1.2331,29.03,1.39,3.0141,18.9066,35.0,S25_BB_Squeeze,MANA_USDT_USDT,4H,Volatility
112,-18.39,-5.3,-0.6603,-1.874,-0.1934,-27.39,87,0.7814,19.64,-1.08,3.1966,-16.423,19.59,S25_BB_Squeeze,MINA_USDT_USDT,4H,Volatility
102,-11.09,-3.7,-0.3678,-1.0538,-0.1738,-21.28,94,0.8696,21.57,-0.48,3.1623,-10.869,21.7,S25_BB_Squeeze,TWT_USDT_USDT,4H,Volatility
108,-4.87,-1.28,0.2409,0.9713,-0.0411,-31.2,78,0.9424,23.15,0.6,3.1286,-4.5092,21.36,S25_BB_Squeeze,ZEN_USDT_USDT,4H,Volatility
113,12.07,3.08,0.4475,1.5866,0.1997,-15.42,39,1.1355,26.55,0.92,3.1417,10.684,30.99,S25_BB_Squeeze,ZRX_USDT_USDT,4H,Volatility
126,-9.28,-2.41,0.1515,0.5921,-0.1023,-23.54,87,0.904,23.02,0.33,3.0237,-7.3668,22.74,S25_BB_Squeeze,ALICE_USDT_USDT,4H,Volatility
145,-9.25,-2.4,-0.2253,-0.7792,-0.1097,-21.89,93,0.9115,24.83,-0.16,2.7598,-6.3781,21.98,S25_BB_Squeeze,BTC_USDT_USDT,4H,Volatility
134,-19.47,-5.27,-0.7827,-2.6117,-0.1912,-27.58,134,0.7879,22.39,-0.79,2.7315,-14.5289,19.92,S25_BB_Squeeze,ETH_USDT_USDT,4H,Volatility
129,-19.32,-5.23,-1.1035,-2.7167,-0.1941,-26.93,82,0.795,22.48,-0.95,2.7414,-14.9743,20.13,S25_BB_Squeeze,BNB_USDT_USDT,4H,Volatility
123,-26.78,-7.78,-1.1926,-2.5825,-0.262,-29.7,118,0.7002,18.7,-1.13,3.0444,-21.7703,18.76,S25_BB_Squeeze,1000BTT_USDT_USDT,4H,Volatility
122,-1.17,-0.32,-0.0964,-0.3114,-0.0212,-15.28,58,0.9877,23.77,-0.19,3.1675,-0.9616,23.81,S25_BB_Squeeze,AGLD_USDT_USDT,4H,Volatility
127,-17.91,-4.84,-0.5143,-1.6575,-0.2186,-22.13,66,0.8212,20.47,-0.65,3.1901,-14.1034,21.29,S25_BB_Squeeze,ATOM_USDT_USDT,4H,Volatility
18,-0.1,-0.03,-0.4922,-1.3715,-0.0045,-6.87,15,0.9923,22.22,-4.68,3.4732,-0.5684,16.11,S25_BB_Squeeze,1000LUNC_USDT_USDT,1D,Volatility
21,4.21,1.07,0.1414,0.4005,0.216,-4.98,6,1.2652,28.57,1.47,3.163,20.0655,22.6,S25_BB_Squeeze,ANKR_USDT_USDT,1D,Volatility
15,3.3,0.82,0.2368,1.2205,0.2422,-3.37,10,1.3231,33.33,3.16,2.6462,22.0069,25.16,S25_BB_Squeeze,CHZ_USDT_USDT,1D,Volatility
16,-8.04,-2.15,-1.0093,-3.6375,-0.2365,-9.09,16,0.4078,12.5,-8.46,2.8545,-50.2583,14.06,S25_BB_Squeeze,CRV_USDT_USDT,1D,Volatility
11,0.75,0.2,-0.3327,-1.2049,0.0329,-5.93,7,1.0903,27.27,-3.01,2.9075,6.8437,18.02,S25_BB_Squeeze,JST_USDT_USDT,1D,Volatility
15,-2.31,-0.68,-0.5919,-1.9569,-0.1366,-4.99,15,0.8063,20.0,-4.78,3.225,-15.408,16.36,S25_BB_Squeeze,ONT_USDT_USDT,1D,Volatility
17,8.09,2.28,0.4942,3.0953,0.7619,-3.0,6,1.7052,35.29,6.32,3.1262,47.5927,34.45,S25_BB_Squeeze,OP_USDT_USDT,1D,Volatility
22,-7.6,-2.11,-0.387,-1.9333,-0.1876,-11.27,21,0.5979,13.64,-2.51,3.7868,-34.5402,13.9,S25_BB_Squeeze,SUN_USDT_USDT,1D,Volatility
22,13.19,3.28,0.3437,1.8912,0.5435,-6.03,11,1.8708,36.36,1.47,3.2738,59.9352,32.31,S25_BB_Squeeze,TRX_USDT_USDT,1D,Volatility
20,-2.98,-0.98,-0.5701,-2.5873,-0.1255,-7.83,8,0.8189,20.0,-3.77,3.2756,-14.8765,15.51,S25_BB_Squeeze,APT_USDT_USDT,1D,Volatility
11,11.91,2.86,0.7409,3.712,1.4189,-2.01,2,2.8307,45.45,14.94,3.3968,108.3164,51.49,S25_BB_Squeeze,AVAX_USDT_USDT,1D,Volatility
21,1.88,0.48,0.019,0.0846,0.0555,-8.74,16,1.1154,23.81,0.24,3.5694,8.9505,17.37,S25_BB_Squeeze,DYDX_USDT_USDT,1D,Volatility
23,16.97,4.01,0.3247,1.706,0.6765,-5.93,11,1.9962,34.78,2.92,3.7429,73.7706,33.92,S25_BB_Squeeze,FLOW_USDT_USDT,1D,Volatility
19,-5.19,-1.37,-0.7329,-4.1081,-0.1385,-9.92,15,0.6828,15.79,-4.92,3.6416,-27.2946,14.28,S25_BB_Squeeze,MANA_USDT_USDT,1D,Volatility
13,-0.72,-0.21,0.0191,0.1387,-0.0357,-5.92,9,0.9277,23.08,0.24,3.0924,-5.5504,16.71,S25_BB_Squeeze,MINA_USDT_USDT,1D,Volatility
20,-6.54,-2.14,-0.7905,-4.6788,-0.2486,-8.63,20,0.5843,20.0,-3.55,2.3372,-32.6875,15.27,S25_BB_Squeeze,TWT_USDT_USDT,1D,Volatility
16,8.16,2.06,0.2996,1.8553,0.5168,-3.99,5,1.6973,31.25,4.2,3.7341,50.9921,29.94,S25_BB_Squeeze,ZEN_USDT_USDT,1D,Volatility
18,-1.32,-0.37,-0.3476,-0.9186,-0.0622,-5.93,10,0.9048,22.22,-3.44,3.1669,-7.3499,16.4,S25_BB_Squeeze,ZRX_USDT_USDT,1D,Volatility
18,-2.7,-0.7,-0.2437,-1.0611,-0.0797,-8.73,11,0.8096,22.22,-2.79,2.8335,-14.9995,15.55,S25_BB_Squeeze,ALICE_USDT_USDT,1D,Volatility
20,-6.9,-1.78,-0.2886,-1.2986,-0.1663,-10.73,19,0.5968,15.0,-1.4,3.3817,-34.5178,13.92,S25_BB_Squeeze,BTC_USDT_USDT,1D,Volatility
21,5.46,1.35,0.1515,0.6366,0.181,-7.47,15,1.3506,28.57,1.16,3.3764,25.9883,22.36,S25_BB_Squeeze,ETH_USDT_USDT,1D,Volatility
20,4.17,1.03,0.0705,0.3424,0.171,-6.01,11,1.2788,30.0,0.39,2.9838,20.8701,21.42,S25_BB_Squeeze,BNB_USDT_USDT,1D,Volatility
15,1.19,0.32,0.1475,0.5581,0.0587,-5.45,13,1.1005,26.67,1.1,3.0264,7.9251,19.79,S25_BB_Squeeze,1000BTT_USDT_USDT,1D,Volatility
23,1.17,0.32,-0.4627,-1.4912,0.0299,-10.57,12,1.0648,26.09,-4.06,3.017,5.0899,16.74,S25_BB_Squeeze,AGLD_USDT_USDT,1D,Volatility
17,-2.33,-0.59,0.1866,1.6051,-0.073,-8.04,17,0.8173,23.53,2.13,2.6563,-13.678,17.82,S25_BB_Squeeze,ATOM_USDT_USDT,1D,Volatility
594,-53.53,-20.67,-1.1648,-3.4065,-0.3761,-54.94,578,0.8176,31.65,-0.39,1.7656,-9.011,14.52,S26_VolAdj_Sizing,1000LUNC_USDT_USDT,1H,Volatility
758,-36.2,-10.64,-0.4194,-1.7027,-0.2135,-49.81,680,0.9153,34.04,-0.12,1.7738,-4.7764,14.92,S26_VolAdj_Sizing,ANKR_USDT_USDT,1H,Volatility
712,-14.41,-3.82,-0.2548,-0.9707,-0.0939,-40.74,681,0.9611,35.25,-0.08,1.7652,-2.024,17.82,S26_VolAdj_Sizing,CHZ_USDT_USDT,1H,Volatility
697,-19.84,-5.39,-0.1544,-0.6176,-0.1303,-41.37,467,0.9576,34.58,-0.06,1.8119,-2.8468,17.53,S26_VolAdj_Sizing,CRV_USDT_USDT,1H,Volatility
725,-41.76,-13.13,-0.9585,-2.6094,-0.2501,-52.5,721,0.8734,35.17,-0.19,1.6098,-5.7606,15.02,S26_VolAdj_Sizing,JST_USDT_USDT,1H,Volatility
694,-39.3,-13.05,-1.0697,-4.1123,-0.2726,-47.86,436,0.9057,33.86,-0.28,1.7691,-5.6629,15.48,S26_VolAdj_Sizing,ONT_USDT_USDT,1H,Volatility
635,-35.64,-11.57,-0.8831,-2.9204,-0.2776,-41.67,628,0.8975,33.23,-0.35,1.8036,-5.6124,17.24,S26_VolAdj_Sizing,OP_USDT_USDT,1H,Volatility
653,-27.45,-8.0,-0.3471,-1.0767,-0.176,-45.46,646,0.9158,35.68,-0.09,1.6508,-4.2033,16.46,S26_VolAdj_Sizing,SUN_USDT_USDT,1H,Volatility
780,-56.59,-18.84,-0.7601,-2.0768,-0.3066,-61.46,729,0.8637,34.62,-0.12,1.6315,-7.2552,14.95,S26_VolAdj_Sizing,TRX_USDT_USDT,1H,Volatility
564,-43.16,-16.18,-0.9404,-3.6321,-0.3045,-53.14,486,0.8776,32.45,-0.32,1.8272,-7.6523,14.64,S26_VolAdj_Sizing,APT_USDT_USDT,1H,Volatility
706,18.59,4.36,0.1149,0.3942,0.192,-22.7,276,1.0363,36.83,0.04,1.7776,2.6327,26.15,S26_VolAdj_Sizing,AVAX_USDT_USDT,1H,Volatility
728,-49.9,-15.88,-1.0082,-3.8989,-0.3024,-52.52,704,0.8686,32.42,-0.37,1.8107,-6.8549,14.63,S26_VolAdj_Sizing,DYDX_USDT_USDT,1H,Volatility
710,-51.07,-16.41,-0.9012,-3.5786,-0.2846,-57.64,698,0.8519,32.54,-0.29,1.7665,-7.1934,14.65,S26_VolAdj_Sizing,FLOW_USDT_USDT,1H,Volatility
709,-54.23,-17.76,-0.6309,-2.642,-0.2977,-59.65,689,0.8539,32.44,-0.19,1.7784,-7.6488,14.63,S26_VolAdj_Sizing,MANA_USDT_USDT,1H,Volatility
681,-66.75,-25.57,-1.4947,-5.169,-0.3601,-71.01,673,0.7648,30.4,-0.5,1.7512,-9.8024,14.34,S26_VolAdj_Sizing,MINA_USDT_USDT,1H,Volatility
504,-44.69,-17.3,-1.1358,-3.9874,-0.352,-49.15,495,0.8401,32.34,-0.32,1.7576,-8.8679,14.88,S26_VolAdj_Sizing,TWT_USDT_USDT,1H,Volatility
738,-61.97,-21.48,-1.6338,-4.4464,-0.3338,-64.37,716,0.8346,31.3,-0.57,1.8318,-8.3971,14.47,S26_VolAdj_Sizing,ZEN_USDT_USDT,1H,Volatility
708,-3.25,-0.87,0.0237,0.0857,-0.0191,-45.74,529,0.9939,35.88,0.01,1.7765,-0.4591,16.64,S26_VolAdj_Sizing,ZRX_USDT_USDT,1H,Volatility
640,35.18,7.83,0.7516,3.5255,0.217,-36.09,362,1.0723,37.19,0.3,1.8113,5.4964,28.99,S26_VolAdj_Sizing,ALICE_USDT_USDT,1H,Volatility
702,-68.49,-25.09,-1.4108,-5.073,-0.3633,-69.07,701,0.7745,32.19,-0.23,1.6313,-9.7565,14.6,S26_VolAdj_Sizing,BTC_USDT_USDT,1H,Volatility
731,-25.99,-7.26,-0.2457,-0.8983,-0.1551,-46.79,712,0.9344,35.57,-0.06,1.6928,-3.5551,16.04,S26_VolAdj_Sizing,ETH_USDT_USDT,1H,Volatility
699,-51.07,-16.37,-0.5688,-2.1858,-0.2914,-56.19,663,0.8659,34.05,-0.11,1.6772,-7.306,14.86,S26_VolAdj_Sizing,BNB_USDT_USDT,1H,Volatility
597,16.05,3.95,0.3508,0.9648,0.0941,-41.95,486,1.0455,38.69,0.09,1.6566,2.6887,22.42,S26_VolAdj_Sizing,1000BTT_USDT_USDT,1H,Volatility
712,-32.1,-9.95,-0.2289,-0.9203,-0.2567,-38.76,696,0.9189,33.85,-0.09,1.7958,-4.5085,18.21,S26_VolAdj_Sizing,AGLD_USDT_USDT,1H,Volatility
692,52.95,11.23,0.3187,1.0849,0.4732,-23.74,214,1.0965,38.29,0.1,1.7668,7.652,30.41,S26_VolAdj_Sizing,ATOM_USDT_USDT,1H,Volatility
133,23.96,6.7,0.7424,2.972,0.6061,-11.06,56,1.278,40.6,1.06,1.8697,18.0145,41.03,S26_VolAdj_Sizing,1000LUNC_USDT_USDT,4H,Volatility
165,6.82,1.66,0.2878,1.3702,0.0842,-19.76,62,1.0561,36.36,0.4,1.8481,4.1343,28.13,S26_VolAdj_Sizing,ANKR_USDT_USDT,4H,Volatility
152,39.4,8.7,1.0236,4.704,0.4963,-17.52,53,1.3639,42.11,1.52,1.8753,25.9212,42.03,S26_VolAdj_Sizing,CHZ_USDT_USDT,4H,Volatility
165,-2.53,-0.64,-0.0992,-0.4844,-0.0452,-14.12,144,0.9777,33.94,-0.16,1.9031,-1.5311,25.61,S26_VolAdj_Sizing,CRV_USDT_USDT,4H,Volatility
176,-15.27,-4.22,-0.7646,-2.1542,-0.1769,-23.85,176,0.8579,32.39,-0.6,1.791,-8.6756,22.47,S26_VolAdj_Sizing,JST_USDT_USDT,4H,Volatility
148,28.55,7.31,0.8436,5.0577,0.5566,-13.14,56,1.2783,40.54,1.06,1.8748,19.292,41.08,S26_VolAdj_Sizing,ONT_USDT_USDT,4H,Volatility
144,13.98,3.72,0.3427,1.3425,0.2814,-13.22,42,1.1325,37.5,0.57,1.8875,9.7114,32.69,S26_VolAdj_Sizing,OP_USDT_USDT,4H,Volatility
171,17.13,4.22,-0.1071,-0.2661,0.1906,-22.12,100,1.1652,38.6,-0.1,1.8538,10.0158,26.39,S26_VolAdj_Sizing,SUN_USDT_USDT,4H,Volatility
182,-30.84,-8.81,-0.5856,-1.999,-0.2319,-38.0,163,0.7131,29.12,-0.38,1.7358,-16.9454,17.76,S26_VolAdj_Sizing,TRX_USDT_USDT,4H,Volatility
123,7.35,2.25,0.0913,0.4234,0.1733,-12.99,95,1.0847,36.59,0.14,1.8802,5.9736,29.03,S26_VolAdj_Sizing,APT_USDT_USDT,4H,Volatility
186,8.12,1.97,0.2187,0.9495,0.1441,-13.68,105,1.0654,36.02,0.29,1.8922,4.3646,29.68,S26_VolAdj_Sizing,AVAX_USDT_USDT,4H,Volatility
164,5.04,1.24,0.1674,0.7441,0.0954,-12.97,62,1.0419,35.37,0.28,1.9041,3.0718,28.78,S26_VolAdj_Sizing,DYDX_USDT_USDT,4H,Volatility
171,17.98,4.24,0.3775,1.7499,0.3676,-11.52,82,1.1421,38.01,0.5,1.8625,10.5147,34.27,S26_VolAdj_Sizing,FLOW_USDT_USDT,4H,Volatility
162,29.97,6.78,0.4042,2.0791,0.4557,-14.87,50,1.2586,40.12,0.54,1.8782,18.4989,35.29,S26_VolAdj_Sizing,MANA_USDT_USDT,4H,Volatility
144,9.86,2.55,0.459,2.0861,0.2302,-11.08,52,1.1023,36.81,0.73,1.8926,6.8489,33.83,S26_VolAdj_Sizing,MINA_USDT_USDT,4H,Volatility
113,13.01,4.0,0.2846,1.2977,0.3105,-12.88,61,1.1746,38.94,0.36,1.8421,11.5107,32.92,S26_VolAdj_Sizing,TWT_USDT_USDT,4H,Volatility
175,-1.78,-0.45,0.1491,0.5858,-0.0147,-30.57,153,0.9841,34.29,0.22,1.8861,-1.0199,22.22,S26_VolAdj_Sizing,ZEN_USDT_USDT,4H,Volatility
165,-14.74,-4.17,-0.587,-2.2628,-0.204,-20.43,165,0.8586,31.52,-0.73,1.8658,-8.9332,23.37,S26_VolAdj_Sizing,ZRX_USDT_USDT,4H,Volatility
185,51.83,11.14,0.923,4.9638,1.4804,-7.53,32,1.3682,42.16,1.37,1.8769,28.0179,50.63,S26_VolAdj_Sizing,ALICE_USDT_USDT,4H,Volatility
173,-10.02,-2.61,-0.6366,-2.5486,-0.1574,-16.57,173,0.9077,33.53,-0.42,1.7998,-5.7935,24.82,S26_VolAdj_Sizing,BTC_USDT_USDT,4H,Volatility
188,-13.22,-3.48,-0.758,-3.0924,-0.1461,-23.85,123,0.8933,32.45,-0.65,1.8599,-7.0304,22.48,S26_VolAdj_Sizing,ETH_USDT_USDT,4H,Volatility
151,22.8,5.27,0.4342,2.0222,0.4262,-12.37,49,1.2241,40.4,0.38,1.8061,15.096,35.92,S26_VolAdj_Sizing,BNB_USDT_USDT,4H,Volatility
173,-4.56,-1.21,-0.1367,-0.3766,-0.0694,-17.38,160,0.9593,34.68,-0.11,1.8067,-2.6369,24.74,S26_VolAdj_Sizing,1000BTT_USDT_USDT,4H,Volatility
170,16.95,4.33,0.4493,2.247,0.4685,-9.25,51,1.1388,37.65,0.71,1.8861,9.9733,36.26,S26_VolAdj_Sizing,AGLD_USDT_USDT,4H,Volatility
164,8.98,2.17,0.0713,0.2858,0.164,-13.26,78,1.0794,36.59,0.09,1.8709,5.4727,28.65,S26_VolAdj_Sizing,ATOM_USDT_USDT,4H,Volatility
20,-1.64,-0.5,0.1146,0.6181,-0.0639,-7.8,20,0.8735,30.0,1.13,2.0381,-8.2026,18.09,S26_VolAdj_Sizing,1000LUNC_USDT_USDT,1D,Volatility
21,2.58,0.7,0.2116,2.3181,0.1384,-5.06,15,1.1908,38.1,2.19,1.935,12.272,23.56,S26_VolAdj_Sizing,ANKR_USDT_USDT,1D,Volatility
30,1.78,0.44,0.2664,2.0075,0.0702,-6.3,25,1.0883,36.67,2.19,1.8798,5.9376,23.81,S26_VolAdj_Sizing,CHZ_USDT_USDT,1D,Volatility
22,11.07,2.82,0.8633,6.6332,0.5716,-4.94,9,1.9279,50.0,10.6,1.9279,50.3392,40.4,S26_VolAdj_Sizing,CRV_USDT_USDT,1D,Volatility
34,4.05,1.07,0.3612,1.7974,0.1467,-7.26,27,1.1878,38.24,1.84,1.9187,11.926,26.61,S26_VolAdj_Sizing,JST_USDT_USDT,1D,Volatility
27,5.49,1.61,0.4159,4.5099,0.2696,-5.98,11,1.3246,40.74,3.13,1.9267,20.341,28.58,S26_VolAdj_Sizing,ONT_USDT_USDT,1D,Volatility
19,-4.25,-1.28,-0.1112,-0.8026,-0.1615,-7.95,18,0.6946,26.32,-1.78,1.9449,-22.3614,16.37,S26_VolAdj_Sizing,OP_USDT_USDT,1D,Volatility
24,-0.66,-0.17,0.0478,0.1918,-0.033,-5.22,23,0.9595,33.33,0.34,1.919,-2.7295,19.34,S26_VolAdj_Sizing,SUN_USDT_USDT,1D,Volatility
33,-5.95,-1.52,-0.372,-1.2798,-0.2156,-7.07,16,0.7428,27.27,-1.37,1.9808,-18.0453,18.94,S26_VolAdj_Sizing,TRX_USDT_USDT,1D,Volatility
19,4.68,1.51,0.4771,6.7396,0.3809,-3.97,7,1.4025,42.11,4.74,1.9284,24.6122,30.15,S26_VolAdj_Sizing,APT_USDT_USDT,1D,Volatility
28,-4.47,-1.2,-0.4235,-1.9596,-0.1708,-7.05,28,0.7692,28.57,-3.3,1.923,-15.9818,18.3,S26_VolAdj_Sizing,AVAX_USDT_USDT,1D,Volatility
27,-3.45,-0.93,-0.172,-1.0292,-0.1196,-7.79,21,0.8181,29.63,-1.68,1.9431,-12.7847,18.06,S26_VolAdj_Sizing,DYDX_USDT_USDT,1D,Volatility
23,6.68,1.73,0.5702,4.729,0.3448,-5.02,8,1.4741,43.48,5.89,1.9163,29.0529,31.76,S26_VolAdj_Sizing,FLOW_USDT_USDT,1D,Volatility
24,2.48,0.65,0.2245,1.5922,0.1313,-4.95,5,1.1562,37.5,1.95,1.927,10.3256,23.83,S26_VolAdj_Sizing,MANA_USDT_USDT,1D,Volatility
22,1.55,0.42,0.0594,0.3635,0.0825,-5.06,18,1.1099,36.36,0.58,1.9424,7.0353,20.98,S26_VolAdj_Sizing,MINA_USDT_USDT,1D,Volatility
21,-0.49,-0.16,0.0789,1.1171,-0.0187,-8.8,18,0.9648,33.33,0.61,1.9296,-2.3485,18.08,S26_VolAdj_Sizing,TWT_USDT_USDT,1D,Volatility
25,-4.39,-1.14,-0.3233,-1.6213,-0.1407,-8.07,25,0.7477,28.0,-2.92,1.9227,-17.5492,17.41,S26_VolAdj_Sizing,ZEN_USDT_USDT,1D,Volatility
21,-0.44,-0.13,-0.0732,-0.4878,-0.0159,-7.85,11,0.9698,33.33,-0.72,1.9397,-2.1049,17.57,S26_VolAdj_Sizing,ZRX_USDT_USDT,1D,Volatility
26,-2.49,-0.66,-0.3135,-2.3,-0.075,-8.77,14,0.8639,30.77,-2.85,1.9439,-9.5615,17.77,S26_VolAdj_Sizing,ALICE_USDT_USDT,1D,Volatility
30,-9.41,-2.55,-0.8253,-4.3375,-0.2519,-10.14,30,0.573,23.33,-3.03,1.8826,-31.3703,16.96,S26_VolAdj_Sizing,BTC_USDT_USDT,1D,Volatility
34,-7.59,-2.07,-0.5242,-3.0709,-0.2724,-7.59,34,0.6889,26.47,-2.44,1.9135,-22.3135,18.84,S26_VolAdj_Sizing,ETH_USDT_USDT,1D,Volatility
25,7.45,1.89,0.4132,3.6401,0.6253,-3.02,6,1.5113,44.0,2.23,1.9235,29.8007,33.35,S26_VolAdj_Sizing,BNB_USDT_USDT,1D,Volatility
20,-2.52,-0.71,-0.1724,-1.5165,-0.0813,-8.76,9,0.8245,30.0,-1.09,1.9237,-12.5985,16.66,S26_VolAdj_Sizing,1000BTT_USDT_USDT,1D,Volatility
24,-0.45,-0.14,0.0272,0.1682,-0.02,-6.84,13,0.972,33.33,0.3,1.9439,-1.8641,18.65,S26_VolAdj_Sizing,AGLD_USDT_USDT,1D,Volatility
20,-10.75,-3.01,-0.9034,-3.6552,-0.2798,-10.75,20,0.3494,15.0,-6.98,1.9801,-53.7596,13.92,S26_VolAdj_Sizing,ATOM_USDT_USDT,1D,Volatility
334,-0.86,-0.26,-0.335,-0.8558,-0.0189,-13.92,225,0.996,43.11,-0.13,1.3141,-0.2583,26.98,S27_Triple_Screen,1000LUNC_USDT_USDT,1H,MTF
402,53.04,11.23,0.6725,1.9003,0.6792,-16.54,112,1.1934,47.51,0.25,1.3184,13.1936,39.53,S27_Triple_Screen,ANKR_USDT_USDT,1H,MTF
368,17.5,4.12,0.0893,0.2586,0.2397,-17.21,141,1.0735,45.11,0.03,1.3063,4.7566,29.32,S27_Triple_Screen,CHZ_USDT_USDT,1H,MTF
376,0.9,0.22,0.2219,0.7179,0.0098,-22.83,110,1.0035,42.82,0.1,1.34,0.2386,26.58,S27_Triple_Screen,CRV_USDT_USDT,1H,MTF
336,18.35,4.48,-0.0132,-0.0268,0.422,-10.63,115,1.0905,47.32,-0.0,1.214,5.4618,32.06,S27_Triple_Screen,JST_USDT_USDT,1H,MTF
343,16.38,4.36,0.3013,0.8454,0.2717,-16.04,153,1.0786,45.19,0.11,1.3082,4.776,32.06,S27_Triple_Screen,ONT_USDT_USDT,1H,MTF
336,17.86,4.7,0.3305,1.1174,0.2069,-22.74,160,1.0768,44.64,0.15,1.3352,5.316,29.82,S27_Triple_Screen,OP_USDT_USDT,1H,MTF
345,13.22,3.28,0.3554,0.7976,0.2181,-15.04,119,1.0637,46.09,0.12,1.2443,3.8312,32.56,S27_Triple_Screen,SUN_USDT_USDT,1H,MTF
386,-32.43,-9.34,-0.8808,-1.8787,-0.2479,-37.68,365,0.8181,42.49,-0.17,1.1075,-8.4013,19.77,S27_Triple_Screen,TRX_USDT_USDT,1H,MTF
310,-7.66,-2.46,-0.1164,-0.3864,-0.1264,-19.45,160,0.9601,41.94,-0.05,1.3293,-2.4705,25.16,S27_Triple_Screen,APT_USDT_USDT,1H,MTF
369,57.86,12.1,0.7836,2.1913,0.8764,-13.81,92,1.2288,48.24,0.32,1.3186,15.6801,43.14,S27_Triple_Screen,AVAX_USDT_USDT,1H,MTF
382,31.87,7.17,0.5702,1.9572,0.5403,-13.26,268,1.1355,45.55,0.28,1.3574,8.3419,37.85,S27_Triple_Screen,DYDX_USDT_USDT,1H,MTF
372,42.8,9.33,0.7229,1.7785,0.6958,-13.41,89,1.1785,47.04,0.3,1.3267,11.5049,40.9,S27_Triple_Screen,FLOW_USDT_USDT,1H,MTF
383,-2.78,-0.7,-0.1277,-0.3562,-0.0323,-21.8,304,0.9874,43.08,-0.05,1.3045,-0.7268,24.61,S27_Triple_Screen,MANA_USDT_USDT,1H,MTF
378,23.64,5.87,0.3253,0.9428,0.3287,-17.86,175,1.1093,45.24,0.13,1.3429,6.2546,32.37,S27_Triple_Screen,MINA_USDT_USDT,1H,MTF
269,-3.59,-1.17,-0.2763,-0.8755,-0.0514,-22.76,235,0.9763,43.12,-0.09,1.2877,-1.3339,24.33,S27_Triple_Screen,TWT_USDT_USDT,1H,MTF
376,4.57,1.12,0.0523,0.1429,0.0759,-14.79,207,1.0199,43.35,0.02,1.3328,1.2142,27.93,S27_Triple_Screen,ZEN_USDT_USDT,1H,MTF
361,75.41,16.15,1.2144,3.5414,1.406,-11.49,57,1.2843,49.58,0.48,1.3058,20.8891,52.29,S27_Triple_Screen,ZRX_USDT_USDT,1H,MTF
359,50.46,10.76,0.5442,1.7339,1.1651,-9.24,64,1.2068,47.35,0.23,1.3417,14.0562,43.75,S27_Triple_Screen,ALICE_USDT_USDT,1H,MTF
374,-22.03,-6.04,-0.4712,-1.3118,-0.2144,-28.15,200,0.8981,43.05,-0.1,1.1881,-5.8912,22.7,S27_Triple_Screen,BTC_USDT_USDT,1H,MTF
381,-4.81,-1.23,0.1365,0.3725,-0.0432,-28.36,299,0.9797,43.83,0.04,1.2554,-1.2614,24.12,S27_Triple_Screen,ETH_USDT_USDT,1H,MTF
372,-8.01,-2.07,-0.4004,-1.1143,-0.0654,-31.69,337,0.9587,44.62,-0.09,1.1897,-2.1533,21.87,S27_Triple_Screen,BNB_USDT_USDT,1H,MTF
345,41.48,9.47,0.9241,2.1015,0.6493,-14.58,95,1.1785,48.99,0.25,1.2274,12.0221,42.53,S27_Triple_Screen,1000BTT_USDT_USDT,1H,MTF
361,26.56,6.59,0.2686,0.8249,0.4106,-16.04,141,1.1201,45.43,0.12,1.3455,7.3582,33.0,S27_Triple_Screen,AGLD_USDT_USDT,1H,MTF
373,50.31,10.75,0.8168,2.3371,0.7822,-13.74,131,1.1804,47.99,0.3,1.2793,13.4874,42.47,S27_Triple_Screen,ATOM_USDT_USDT,1H,MTF
227,66.91,16.84,1.0396,2.6671,2.3615,-7.13,66,1.4067,50.22,0.46,1.3943,29.4737,59.22,S28_MTF_RSI_Align,1000LUNC_USDT_USDT,1H,MTF
252,32.66,7.35,0.464,1.3647,0.6383,-11.51,95,1.203,45.63,0.18,1.4332,12.9589,38.48,S28_MTF_RSI_Align,ANKR_USDT_USDT,1H,MTF
303,92.3,17.84,1.4592,4.9747,1.502,-11.88,33,1.3771,49.83,0.52,1.3862,30.4626,55.99,S28_MTF_RSI_Align,CHZ_USDT_USDT,1H,MTF
288,66.36,13.58,1.2653,4.9655,1.3882,-9.78,55,1.2904,47.57,0.54,1.4223,23.04,52.95,S28_MTF_RSI_Align,CRV_USDT_USDT,1H,MTF
249,-7.95,-2.18,-0.2252,-0.5078,-0.1159,-18.78,217,0.9446,42.97,-0.06,1.2536,-3.1937,25.51,S28_MTF_RSI_Align,JST_USDT_USDT,1H,MTF
223,35.81,8.97,0.4385,1.2815,1.021,-8.79,23,1.2387,47.09,0.15,1.3921,16.0595,42.07,S28_MTF_RSI_Align,ONT_USDT_USDT,1H,MTF
250,89.87,19.59,1.3347,4.3866,1.752,-11.18,53,1.495,50.4,0.62,1.4713,35.9471,57.59,S28_MTF_RSI_Align,OP_USDT_USDT,1H,MTF
261,-8.32,-2.27,0.373,1.0439,-0.1292,-17.58,237,0.946,41.76,0.12,1.3192,-3.1887,29.42,S28_MTF_RSI_Align,SUN_USDT_USDT,1H,MTF
267,-9.66,-2.51,0.3393,1.1686,-0.1158,-21.69,224,0.9292,44.57,0.07,1.1557,-3.618,28.25,S28_MTF_RSI_Align,TRX_USDT_USDT,1H,MTF
219,22.54,6.58,-0.0934,-0.2668,0.5582,-11.79,68,1.1749,44.75,-0.04,1.4507,10.2911,32.89,S28_MTF_RSI_Align,APT_USDT_USDT,1H,MTF
255,86.01,16.82,1.0647,3.1008,2.335,-7.2,45,1.4555,50.59,0.41,1.4217,33.7306,59.7,S28_MTF_RSI_Align,AVAX_USDT_USDT,1H,MTF
287,19.26,4.51,0.1393,0.416,0.2736,-16.47,161,1.1061,42.86,0.06,1.4749,6.7113,30.19,S28_MTF_RSI_Align,DYDX_USDT_USDT,1H,MTF
264,77.14,15.43,0.9027,2.1356,1.4019,-11.01,58,1.4324,49.62,0.36,1.4543,29.2202,50.4,S28_MTF_RSI_Align,FLOW_USDT_USDT,1H,MTF
290,86.43,16.92,1.2387,4.0683,2.0711,-8.17,45,1.3951,49.66,0.44,1.4144,29.8019,58.8,S28_MTF_RSI_Align,MANA_USDT_USDT,1H,MTF
232,15.33,3.9,-0.0491,-0.1523,0.2516,-15.5,139,1.1157,43.53,-0.02,1.4472,6.6067,29.11,S28_MTF_RSI_Align,MINA_USDT_USDT,1H,MTF
193,25.39,7.55,0.2704,0.7993,0.496,-15.21,135,1.2245,46.63,0.09,1.4014,13.1566,34.79,S28_MTF_RSI_Align,TWT_USDT_USDT,1H,MTF
319,33.66,7.55,0.6625,2.1111,0.7518,-10.04,104,1.1542,44.51,0.27,1.4387,10.5502,41.14,S28_MTF_RSI_Align,ZEN_USDT_USDT,1H,MTF
239,84.39,17.72,1.3348,4.168,1.8893,-9.38,64,1.5072,51.05,0.58,1.4454,35.308,59.23,S28_MTF_RSI_Align,ZRX_USDT_USDT,1H,MTF
268,59.72,12.43,0.7666,2.1124,1.1994,-10.36,33,1.3166,47.39,0.33,1.4617,22.2842,46.7,S28_MTF_RSI_Align,ALICE_USDT_USDT,1H,MTF
306,26.99,6.17,0.3633,0.9719,0.6352,-9.71,94,1.1573,49.02,0.07,1.2036,8.8212,38.14,S28_MTF_RSI_Align,BTC_USDT_USDT,1H,MTF
267,40.27,8.86,0.7029,1.9475,0.8743,-10.13,85,1.2273,48.31,0.19,1.313,15.082,43.43,S28_MTF_RSI_Align,ETH_USDT_USDT,1H,MTF
238,20.31,4.75,0.6392,2.1435,0.3122,-15.22,98,1.1502,47.06,0.15,1.294,8.5351,36.76,S28_MTF_RSI_Align,BNB_USDT_USDT,1H,MTF
291,13.36,3.32,0.3116,0.7172,0.1953,-17.02,86,1.0732,45.36,0.07,1.2927,4.5904,31.34,S28_MTF_RSI_Align,1000BTT_USDT_USDT,1H,MTF
268,73.4,16.17,1.3105,4.2571,1.2738,-12.7,66,1.3707,48.51,0.61,1.4551,27.389,52.5,S28_MTF_RSI_Align,AGLD_USDT_USDT,1H,MTF
271,55.47,11.71,0.864,2.7323,1.0588,-11.06,52,1.2749,47.97,0.3,1.3828,20.4701,46.3,S28_MTF_RSI_Align,ATOM_USDT_USDT,1H,MTF
83,9.64,2.88,0.2918,0.4259,0.2836,-10.15,60,1.195,39.76,0.22,1.8105,11.6127,33.9,S29_Confluence,1000LUNC_USDT_USDT,1H,Hybrid
136,17.77,4.19,0.3617,0.72,0.2726,-15.36,83,1.1884,38.24,0.15,1.9197,13.0668,32.7,S29_Confluence,ANKR_USDT_USDT,1H,Hybrid
105,-26.51,-7.43,-0.6953,-1.5606,-0.2435,-30.51,94,0.5907,27.62,-0.31,1.5479,-25.2504,19.79,S29_Confluence,CHZ_USDT_USDT,1H,Hybrid
120,-32.84,-9.48,-0.8236,-1.5152,-0.2697,-35.14,117,0.579,25.0,-0.43,1.7369,-27.3657,18.03,S29_Confluence,CRV_USDT_USDT,1H,Hybrid
175,-22.83,-6.53,-0.0491,-0.0872,-0.2584,-25.25,167,0.7015,32.57,-0.01,1.4522,-13.0485,22.08,S29_Confluence,JST_USDT_USDT,1H,Hybrid
122,-9.14,-2.79,-0.3995,-0.7799,-0.1877,-14.85,103,0.8724,34.43,-0.12,1.6618,-7.4932,25.46,S29_Confluence,ONT_USDT_USDT,1H,Hybrid
80,-15.17,-4.54,-0.3423,-0.9017,-0.2284,-19.88,79,0.716,28.75,-0.26,1.7745,-18.9656,23.14,S29_Confluence,OP_USDT_USDT,1H,Hybrid
166,-13.83,-3.82,0.1321,0.2611,-0.1658,-23.05,107,0.833,33.73,0.05,1.6363,-8.3291,24.23,S29_Confluence,SUN_USDT_USDT,1H,Hybrid
148,-28.78,-8.17,-0.7251,-1.307,-0.2832,-28.86,148,0.5384,28.38,-0.17,1.3589,-19.4468,20.39,S29_Confluence,TRX_USDT_USDT,1H,Hybrid
71,-7.19,-2.34,0.1724,0.5484,-0.1528,-15.29,50,0.8592,32.39,0.1,1.793,-10.1259,26.77,S29_Confluence,APT_USDT_USDT,1H,Hybrid
96,-9.08,-2.36,-0.1687,-0.5219,-0.1188,-19.85,90,0.8505,33.33,-0.08,1.7011,-9.4548,23.81,S29_Confluence,AVAX_USDT_USDT,1H,Hybrid
94,-8.51,-2.21,-0.3245,-0.7281,-0.0987,-22.37,79,0.8657,31.91,-0.18,1.8467,-9.0512,22.85,S29_Confluence,DYDX_USDT_USDT,1H,Hybrid
145,-31.29,-9.09,-0.5139,-1.3746,-0.2904,-31.29,145,0.6539,24.83,-0.21,1.9799,-21.5794,19.16,S29_Confluence,FLOW_USDT_USDT,1H,Hybrid
99,-13.85,-3.73,-0.2502,-0.6928,-0.1842,-20.23,93,0.7757,32.32,-0.12,1.6242,-13.992,23.55,S29_Confluence,MANA_USDT_USDT,1H,Hybrid
105,-21.3,-6.35,-0.6486,-1.3057,-0.298,-21.3,105,0.6991,28.57,-0.3,1.7477,-20.2831,22.69,S29_Confluence,MINA_USDT_USDT,1H,Hybrid
72,-20.71,-7.19,-1.4319,-2.5417,-0.2964,-24.25,71,0.519,26.39,-0.55,1.4478,-28.7707,21.5,S29_Confluence,TWT_USDT_USDT,1H,Hybrid
162,-20.56,-5.61,-0.3772,-0.6856,-0.2217,-25.3,142,0.7888,27.78,-0.17,2.0508,-12.6923,21.38,S29_Confluence,ZEN_USDT_USDT,1H,Hybrid
140,-26.84,-7.99,-1.1867,-1.8306,-0.261,-30.61,137,0.6757,28.57,-0.46,1.6893,-19.1729,19.9,S29_Confluence,ZRX_USDT_USDT,1H,Hybrid
158,-16.4,-4.42,-0.1253,-0.337,-0.2334,-18.94,158,0.8337,30.38,-0.05,1.9105,-10.3819,23.66,S29_Confluence,ALICE_USDT_USDT,1H,Hybrid
98,-34.45,-10.11,-2.0564,-5.4207,-0.2718,-37.17,96,0.3878,22.45,-0.51,1.3398,-35.1513,17.05,S29_Confluence,BTC_USDT_USDT,1H,Hybrid
108,-33.21,-9.62,-1.8754,-4.0068,-0.2778,-34.63,108,0.456,25.93,-0.54,1.3028,-30.753,18.32,S29_Confluence,ETH_USDT_USDT,1H,Hybrid
108,-13.0,-3.43,-0.4906,-0.9359,-0.2055,-16.68,62,0.7677,33.33,-0.13,1.5354,-12.0326,24.76,S29_Confluence,BNB_USDT_USDT,1H,Hybrid
220,-1.35,-0.35,-0.0608,-0.0824,-0.0186,-18.98,142,0.9856,39.09,-0.01,1.5357,-0.6132,24.89,S29_Confluence,1000BTT_USDT_USDT,1H,Hybrid
137,-9.6,-2.72,-0.4057,-0.5662,-0.1521,-17.91,85,0.8897,33.58,-0.24,1.7601,-7.0073,24.42,S29_Confluence,AGLD_USDT_USDT,1H,Hybrid
112,-31.17,-8.99,-0.8035,-2.4927,-0.2744,-32.77,96,0.5542,22.32,-0.29,1.9287,-27.8322,18.36,S29_Confluence,ATOM_USDT_USDT,1H,Hybrid
11,-4.89,-2.22,-1.0491,-1.6126,-0.4527,-4.89,11,0.4,27.27,-3.12,1.0667,-44.4896,17.43,S29_Confluence,1000LUNC_USDT_USDT,4H,Hybrid
24,2.8,0.7,0.4707,1.3537,0.0953,-7.33,9,1.1676,37.5,1.1,1.946,11.6466,25.42,S29_Confluence,ANKR_USDT_USDT,4H,Hybrid
29,-6.34,-1.63,-0.1479,-0.2932,-0.1618,-10.08,29,0.7008,27.59,-0.27,1.8395,-21.8537,17.42,S29_Confluence,CHZ_USDT_USDT,4H,Hybrid
26,0.86,0.23,-0.3563,-0.6176,0.0522,-4.39,16,1.0448,30.77,-0.82,2.3508,3.2955,19.76,S29_Confluence,CRV_USDT_USDT,4H,Hybrid
37,-8.24,-2.26,0.0017,0.0024,-0.2422,-9.34,35,0.658,32.43,0.0,1.3708,-22.2695,19.68,S29_Confluence,JST_USDT_USDT,4H,Hybrid
22,-1.39,-0.45,0.6056,3.2078,-0.0457,-9.79,11,0.9123,36.36,0.91,1.5965,-6.3177,23.65,S29_Confluence,ONT_USDT_USDT,4H,Hybrid
18,-8.6,-2.68,-0.6048,-1.1455,-0.2436,-10.98,18,0.3803,22.22,-1.26,1.331,-47.7702,14.88,S29_Confluence,OP_USDT_USDT,4H,Hybrid
36,2.48,0.64,0.3879,0.6286,0.1202,-5.33,10,1.1241,41.67,0.56,1.5738,6.8806,27.63,S29_Confluence,SUN_USDT_USDT,4H,Hybrid
29,-3.73,-1.0,-0.4632,-0.7043,-0.1187,-8.44,29,0.7756,31.03,-0.5,1.7236,-12.8568,18.4,S29_Confluence,TRX_USDT_USDT,4H,Hybrid
13,5.77,1.86,0.3357,0.7153,0.3007,-6.19,9,1.7261,46.15,0.88,2.0138,44.3951,30.54,S29_Confluence,APT_USDT_USDT,4H,Hybrid
27,5.23,1.31,0.419,1.6824,0.2165,-6.07,18,1.2716,37.04,0.8,2.1617,19.3855,27.31,S29_Confluence,AVAX_USDT_USDT,4H,Hybrid
21,-4.93,-1.35,-1.3048,-2.4869,-0.177,-7.62,21,0.7115,19.05,-2.97,3.024,-23.4532,15.6,S29_Confluence,DYDX_USDT_USDT,4H,Hybrid
26,-1.64,-0.42,-0.1797,-0.3027,-0.0655,-6.36,19,0.9134,30.77,-0.44,2.0552,-6.3032,18.49,S29_Confluence,FLOW_USDT_USDT,4H,Hybrid
16,3.69,0.97,-0.084,-0.1999,0.1869,-5.19,5,1.334,37.5,-0.19,2.2233,23.0466,22.55,S29_Confluence,MANA_USDT_USDT,4H,Hybrid
20,7.47,2.06,0.7505,2.3649,0.4688,-4.39,10,1.6054,45.0,1.83,1.9622,37.3546,35.28,S29_Confluence,MINA_USDT_USDT,4H,Hybrid
17,2.86,1.15,0.3606,1.5814,0.3558,-3.23,5,1.2415,35.29,0.6,2.2761,16.8484,26.86,S29_Confluence,TWT_USDT_USDT,4H,Hybrid
17,-5.62,-1.88,-0.1234,-0.2006,-0.2417,-7.78,17,0.5378,29.41,-0.36,1.2906,-33.0777,16.87,S29_Confluence,ZEN_USDT_USDT,4H,Hybrid
31,16.73,4.47,0.7173,1.4001,1.0654,-4.19,10,1.9093,48.39,1.41,2.0366,53.9827,43.58,S29_Confluence,ZRX_USDT_USDT,4H,Hybrid
33,-11.4,-3.38,-0.6528,-1.7902,-0.2446,-13.8,17,0.558,24.24,-0.84,1.7436,-34.5383,16.49,S29_Confluence,ALICE_USDT_USDT,4H,Hybrid
22,-8.0,-2.16,-0.8266,-0.9366,-0.1756,-12.29,18,0.5266,22.73,-1.31,1.7904,-36.3749,14.89,S29_Confluence,BTC_USDT_USDT,4H,Hybrid
17,-2.68,-0.71,-0.2211,-0.5523,-0.101,-7.0,11,0.7709,29.41,-0.28,1.8502,-15.7389,17.1,S29_Confluence,ETH_USDT_USDT,4H,Hybrid
22,-5.33,-1.44,-0.521,-1.2983,-0.2059,-7.0,19,0.6748,22.73,-0.61,2.2942,-24.2228,16.48,S29_Confluence,BNB_USDT_USDT,4H,Hybrid
38,18.04,4.54,0.612,1.1544,1.189,-3.82,16,1.9102,44.74,0.56,2.3596,47.4662,44.12,S29_Confluence,1000BTT_USDT_USDT,4H,Hybrid
18,3.07,1.12,1.0348,2.5275,0.3627,-3.08,3,1.3527,55.56,2.97,1.0822,17.0709,37.42,S29_Confluence,AGLD_USDT_USDT,4H,Hybrid
21,2.01,0.52,0.4543,1.7025,0.0823,-6.31,7,1.1372,38.1,1.08,1.848,9.5664,24.84,S29_Confluence,ATOM_USDT_USDT,4H,Hybrid
2,1.27,0.44,0.1983,0.0,0.4262,-1.03,1,2.2281,50.0,2.41,2.2281,63.3167,35.87,S29_Confluence,1000LUNC_USDT_USDT,1D,Hybrid
5,7.7,2.11,0.6995,0.0,2.0866,-1.01,1,8.3837,80.0,8.63,2.0959,153.916,60.6,S29_Confluence,ANKR_USDT_USDT,1D,Hybrid
3,3.8,2.05,0.9591,0.0,1.9725,-1.04,1,4.4897,66.67,7.76,2.2449,126.591,61.95,S29_Confluence,CHZ_USDT_USDT,1D,Hybrid
1,-1.01,-0.93,0.0,0.0,-0.9204,-1.01,1,0.0,0.0,-11.66,0.0,-101.3018,14.7,S29_Confluence,CRV_USDT_USDT,1D,Hybrid
6,-1.33,-0.48,0.6706,25.0573,-0.3628,-1.33,6,0.5741,50.0,3.51,0.5741,-22.1922,28.45,S29_Confluence,JST_USDT_USDT,1D,Hybrid
3,1.69,0.81,0.0035,0.0377,0.3987,-2.03,2,1.8017,33.33,0.04,3.6035,56.3004,27.86,S29_Confluence,ONT_USDT_USDT,1D,Hybrid
2,-2.03,-0.81,-1.3788,-1.3788,-0.4008,-2.03,2,0.0,0.0,-9.66,0.0,-101.4422,14.39,S29_Confluence,OP_USDT_USDT,1D,Hybrid
4,1.49,0.45,1.216,0.0,0.4343,-1.05,1,2.3937,75.0,9.81,0.7979,37.3514,50.19,S29_Confluence,SUN_USDT_USDT,1D,Hybrid
4,3.76,1.76,0.6974,0.0,1.7207,-1.02,1,4.5126,75.0,3.83,1.5042,93.8964,58.14,S29_Confluence,TRX_USDT_USDT,1D,Hybrid
3,1.06,0.5,0.2347,39.7385,0.4848,-1.03,1,1.5111,33.33,2.57,3.0223,35.4713,28.87,S29_Confluence,APT_USDT_USDT,1D,Hybrid
2,-2.05,-0.55,-1.0691,-1.0691,-0.2704,-2.05,2,0.0,0.0,-6.91,0.0,-102.2962,14.39,S29_Confluence,AVAX_USDT_USDT,1D,Hybrid
3,-1.93,-0.49,-0.7777,-1.1453,-0.2396,-2.03,3,0.0493,33.33,-5.23,0.0986,-64.3072,19.15,S29_Confluence,DYDX_USDT_USDT,1D,Hybrid
4,3.75,0.93,0.2935,1.3036,0.8967,-1.03,1,2.7597,50.0,3.73,2.7597,93.6964,43.94,S29_Confluence,FLOW_USDT_USDT,1D,Hybrid
3,-3.03,-0.91,-1.6665,-1.6665,-0.3016,-3.03,3,0.0,0.0,-10.48,0.0,-101.0161,14.09,S29_Confluence,MANA_USDT_USDT,1D,Hybrid
5,1.36,0.41,-0.0302,-0.0751,0.1853,-2.22,4,1.4474,40.0,-0.34,2.1711,27.1948,24.64,S29_Confluence,MINA_USDT_USDT,1D,Hybrid
2,2.44,1.18,0.0006,0.0,1.1663,-1.01,1,3.3286,50.0,0.01,3.3286,121.7664,44.62,S29_Confluence,TWT_USDT_USDT,1D,Hybrid
2,-2.05,-0.77,-1.1437,-1.1437,-0.3774,-2.05,2,0.0,0.0,-6.59,0.0,-102.5698,14.38,S29_Confluence,ZEN_USDT_USDT,1D,Hybrid
4,2.64,1.62,-0.0995,-0.9336,1.3405,-1.21,3,2.2623,50.0,-1.32,2.2623,66.0584,40.18,S29_Confluence,ZRX_USDT_USDT,1D,Hybrid
4,-0.22,-0.07,-0.1328,-0.6819,-0.0351,-2.03,2,0.9265,25.0,-1.67,2.7794,-5.6083,17.96,S29_Confluence,ALICE_USDT_USDT,1D,Hybrid
4,-1.79,-0.48,-0.3308,-2.5144,-0.1527,-3.12,4,0.4278,25.0,-1.16,1.2835,-44.6418,17.64,S29_Confluence,BTC_USDT_USDT,1D,Hybrid
6,-6.04,-1.69,-2.9015,-2.9015,-0.2806,-6.04,6,0.0,0.0,-5.38,0.0,-100.6374,13.19,S29_Confluence,ETH_USDT_USDT,1D,Hybrid
1,3.4,1.53,0.0,0.0,0.0,0.0,0,999.0,100.0,11.98,0.0,340.0506,40.0,S29_Confluence,BNB_USDT_USDT,1D,Hybrid
7,1.48,0.43,-0.1368,-0.6315,0.1425,-3.04,3,1.2824,28.57,-1.0,3.2059,21.179,21.24,S29_Confluence,1000BTT_USDT_USDT,1D,Hybrid
1,0.65,1.19,0.0,0.0,0.0,0.0,0,999.0,100.0,14.18,0.0,64.7186,40.0,S29_Confluence,AGLD_USDT_USDT,1D,Hybrid
1,-1.01,-0.52,0.0,0.0,-0.5179,-1.01,1,0.0,0.0,-18.23,0.0,-100.8597,14.7,S29_Confluence,ATOM_USDT_USDT,1D,Hybrid
1094,-42.23,-15.33,-0.6543,-1.1025,-0.3132,-48.95,1026,0.8413,43.14,-0.08,1.1087,-3.8601,16.48,S30_Seasonality,1000LUNC_USDT_USDT,1H,Hybrid
1245,-57.44,-19.3,-1.2922,-2.2945,-0.3234,-59.68,1187,0.8032,43.78,-0.14,1.0316,-4.6138,16.25,S30_Seasonality,ANKR_USDT_USDT,1H,Hybrid
1255,-22.0,-6.04,-0.0751,-0.1364,-0.1548,-39.03,850,0.9418,45.82,-0.01,1.1138,-1.7526,19.84,S30_Seasonality,CHZ_USDT_USDT,1H,Hybrid
1282,-24.84,-6.92,-0.5358,-0.9103,-0.1817,-38.09,1202,0.9369,45.94,-0.07,1.1024,-1.9379,20.14,S30_Seasonality,CRV_USDT_USDT,1H,Hybrid
1174,-67.74,-25.56,-1.8965,-3.0795,-0.3752,-68.12,1174,0.7207,40.63,-0.14,1.0531,-5.7698,15.8,S30_Seasonality,JST_USDT_USDT,1H,Hybrid
1120,-29.68,-9.42,-0.8734,-1.4938,-0.2702,-34.87,1099,0.9067,45.45,-0.08,1.0884,-2.6496,21.03,S30_Seasonality,ONT_USDT_USDT,1H,Hybrid
1140,-31.81,-10.17,-0.5861,-0.9968,-0.2605,-39.03,826,0.9034,45.35,-0.08,1.0887,-2.79,19.77,S30_Seasonality,OP_USDT_USDT,1H,Hybrid
1154,-68.95,-26.31,-1.2041,-1.9911,-0.36,-73.08,1126,0.7133,40.38,-0.11,1.0532,-5.9747,15.77,S30_Seasonality,SUN_USDT_USDT,1H,Hybrid
1212,-80.58,-33.71,-2.7919,-4.5719,-0.4114,-81.93,1147,0.6271,37.95,-0.16,1.0251,-6.6484,15.42,S30_Seasonality,TRX_USDT_USDT,1H,Hybrid
991,-38.58,-14.18,-1.2075,-2.0396,-0.3059,-46.37,974,0.8401,44.9,-0.13,1.0307,-3.8933,17.5,S30_Seasonality,APT_USDT_USDT,1H,Hybrid
1205,-10.41,-2.72,-0.2471,-0.4193,-0.1077,-25.27,1151,0.971,46.89,-0.03,1.0998,-0.8636,24.12,S30_Seasonality,AVAX_USDT_USDT,1H,Hybrid
1229,-54.74,-18.03,-1.2718,-2.2328,-0.2997,-60.17,1146,0.8185,45.24,-0.16,0.9907,-4.454,16.46,S30_Seasonality,DYDX_USDT_USDT,1H,Hybrid
1201,-36.77,-10.87,-0.6344,-1.1222,-0.2357,-46.11,1118,0.889,42.8,-0.07,1.1883,-3.0615,17.28,S30_Seasonality,FLOW_USDT_USDT,1H,Hybrid
1243,-37.09,-10.98,-0.5505,-1.0504,-0.2552,-43.03,849,0.8924,44.73,-0.06,1.1026,-2.9837,18.48,S30_Seasonality,MANA_USDT_USDT,1H,Hybrid
1185,-52.69,-18.22,-0.9931,-1.6512,-0.3273,-55.67,1175,0.7981,45.4,-0.12,0.9598,-4.4464,16.49,S30_Seasonality,MINA_USDT_USDT,1H,Hybrid
944,-64.01,-28.05,-2.2008,-3.8171,-0.4196,-66.84,839,0.6769,39.72,-0.2,1.0271,-6.7808,15.67,S30_Seasonality,TWT_USDT_USDT,1H,Hybrid
1227,-58.06,-19.6,-1.1154,-1.9026,-0.3042,-64.42,1186,0.8122,42.38,-0.14,1.1042,-4.7315,16.05,S30_Seasonality,ZEN_USDT_USDT,1H,Hybrid
1191,-15.97,-4.56,-0.187,-0.32,-0.1812,-25.16,1162,0.9564,45.09,-0.02,1.1648,-1.3409,23.89,S30_Seasonality,ZRX_USDT_USDT,1H,Hybrid
1251,-46.95,-14.71,-0.8963,-1.6565,-0.2761,-53.29,1178,0.8425,43.88,-0.11,1.0773,-3.753,16.27,S30_Seasonality,ALICE_USDT_USDT,1H,Hybrid
1192,-71.18,-26.83,-2.2726,-4.0648,-0.3533,-75.93,1080,0.7376,37.0,-0.14,1.2561,-5.9718,15.29,S30_Seasonality,BTC_USDT_USDT,1H,Hybrid
1218,-53.61,-17.53,-1.1399,-2.0973,-0.2817,-62.24,1063,0.8341,40.56,-0.09,1.2224,-4.4012,15.79,S30_Seasonality,ETH_USDT_USDT,1H,Hybrid
1200,-75.45,-29.71,-2.1557,-3.6212,-0.3872,-76.73,1117,0.709,38.92,-0.15,1.1129,-6.2876,15.56,S30_Seasonality,BNB_USDT_USDT,1H,Hybrid
1179,-63.65,-23.2,-1.4184,-2.3878,-0.355,-65.36,1153,0.7317,39.86,-0.1,1.1037,-5.3987,15.69,S30_Seasonality,1000BTT_USDT_USDT,1H,Hybrid
1108,-41.0,-13.36,-0.8745,-1.5525,-0.2801,-47.71,1094,0.8489,45.49,-0.12,1.0173,-3.7008,17.19,S30_Seasonality,AGLD_USDT_USDT,1H,Hybrid
1182,-48.77,-15.45,-1.0824,-1.8605,-0.2876,-53.71,1181,0.8236,44.92,-0.11,1.0098,-4.1259,16.42,S30_Seasonality,ATOM_USDT_USDT,1H,Hybrid
298,5.35,1.59,0.5786,1.147,0.1033,-15.42,252,1.0607,46.98,0.26,1.197,1.7964,34.02,S30_Seasonality,1000LUNC_USDT_USDT,4H,Hybrid
333,8.27,2.02,-0.0626,-0.0936,0.175,-11.57,243,1.0854,48.35,-0.03,1.1596,2.4834,30.24,S30_Seasonality,ANKR_USDT_USDT,4H,Hybrid
363,21.08,4.91,0.0989,0.136,0.3935,-12.49,263,1.2233,51.24,0.04,1.1641,5.8064,33.86,S30_Seasonality,CHZ_USDT_USDT,4H,Hybrid
349,-8.06,-2.09,-0.2111,-0.3385,-0.1554,-13.44,309,0.9236,47.85,-0.1,1.0066,-2.3104,27.81,S30_Seasonality,CRV_USDT_USDT,4H,Hybrid
342,7.12,1.81,0.0427,0.0616,0.1196,-15.14,128,1.0682,46.2,0.01,1.244,2.0823,28.79,S30_Seasonality,JST_USDT_USDT,4H,Hybrid
327,24.01,6.24,0.5745,0.9383,0.7048,-8.85,91,1.2425,52.29,0.21,1.1335,7.3431,42.08,S30_Seasonality,ONT_USDT_USDT,4H,Hybrid
320,27.68,7.08,0.85,1.5068,1.4257,-4.97,54,1.2755,47.81,0.44,1.3922,8.6509,50.41,S30_Seasonality,OP_USDT_USDT,4H,Hybrid
346,8.92,2.26,0.1985,0.3209,0.1595,-14.14,224,1.0777,45.66,0.07,1.2824,2.5771,30.91,S30_Seasonality,SUN_USDT_USDT,4H,Hybrid
366,-12.27,-3.23,-0.5729,-0.8458,-0.1701,-19.0,363,0.8964,45.08,-0.12,1.092,-3.3519,25.74,S30_Seasonality,TRX_USDT_USDT,4H,Hybrid
270,29.03,8.32,0.9517,1.6658,0.7352,-11.32,97,1.3468,52.59,0.44,1.214,10.7525,46.14,S30_Seasonality,APT_USDT_USDT,4H,Hybrid
349,25.68,5.9,0.5242,0.83,0.6725,-8.78,153,1.223,50.14,0.22,1.216,7.359,40.93,S30_Seasonality,AVAX_USDT_USDT,4H,Hybrid
369,4.23,1.05,0.0298,0.0509,0.0989,-10.58,171,1.0355,50.68,0.01,1.0078,1.1476,30.29,S30_Seasonality,DYDX_USDT_USDT,4H,Hybrid
341,18.84,4.43,0.4864,0.7923,0.4668,-9.48,156,1.1769,50.15,0.2,1.17,5.5249,38.62,S30_Seasonality,FLOW_USDT_USDT,4H,Hybrid
365,40.67,8.99,0.8465,1.4503,1.4338,-6.27,66,1.3267,52.6,0.37,1.1954,11.1429,51.11,S30_Seasonality,MANA_USDT_USDT,4H,Hybrid
322,13.53,3.47,0.3959,0.6072,0.4439,-7.81,146,1.1386,50.62,0.18,1.1106,4.201,37.85,S30_Seasonality,MINA_USDT_USDT,4H,Hybrid
278,37.71,10.86,1.5573,3.1824,2.5699,-4.22,63,1.4667,52.52,0.54,1.3261,13.5651,67.44,S30_Seasonality,TWT_USDT_USDT,4H,Hybrid
358,7.22,1.76,0.2015,0.3262,0.1257,-14.03,245,1.0636,51.68,0.1,0.9946,2.0162,31.5,S30_Seasonality,ZEN_USDT_USDT,4H,Hybrid
344,31.51,7.58,0.7722,1.2606,1.005,-7.54,61,1.2869,52.91,0.32,1.1454,9.1589,46.87,S30_Seasonality,ZRX_USDT_USDT,4H,Hybrid
350,13.97,3.35,0.3025,0.4664,0.3071,-10.92,163,1.1289,48.29,0.14,1.2091,3.9902,34.66,S30_Seasonality,ALICE_USDT_USDT,4H,Hybrid
341,-11.22,-2.94,-0.5589,-0.9183,-0.1576,-18.68,316,0.898,42.82,-0.12,1.1994,-3.2908,25.51,S30_Seasonality,BTC_USDT_USDT,4H,Hybrid
349,7.78,1.9,0.2071,0.3608,0.1076,-17.64,225,1.0683,46.7,0.06,1.219,2.2292,29.68,S30_Seasonality,ETH_USDT_USDT,4H,Hybrid
357,-1.82,-0.46,-0.1032,-0.1565,-0.023,-19.96,245,0.9842,46.22,-0.03,1.1452,-0.5099,25.61,S30_Seasonality,BNB_USDT_USDT,4H,Hybrid
316,17.53,4.3,0.4521,0.8017,0.389,-11.06,172,1.1816,44.62,0.13,1.4665,5.546,36.53,S30_Seasonality,1000BTT_USDT_USDT,4H,Hybrid
318,8.13,2.16,0.1486,0.2493,0.2907,-7.43,97,1.0801,47.17,0.07,1.2097,2.5551,33.54,S30_Seasonality,AGLD_USDT_USDT,4H,Hybrid
346,10.95,2.64,0.0676,0.1011,0.2031,-13.0,144,1.1078,50.87,0.03,1.0701,3.1642,31.21,S30_Seasonality,ATOM_USDT_USDT,4H,Hybrid
119,-4.53,-1.39,-0.4365,-0.8219,-0.1287,-10.83,118,0.8723,44.54,-0.7,1.0863,-3.8066,28.11,S30_Seasonality,1000LUNC_USDT_USDT,1D,Hybrid
133,12.65,3.03,0.4325,0.8247,0.6344,-4.78,56,1.3153,49.62,0.72,1.3352,9.514,41.58,S30_Seasonality,ANKR_USDT_USDT,1D,Hybrid
138,6.0,1.47,0.3308,0.709,0.2378,-6.18,39,1.1227,47.83,0.55,1.2248,4.3501,35.79,S30_Seasonality,CHZ_USDT_USDT,1D,Hybrid
137,-11.85,-3.13,-0.9727,-1.8216,-0.2483,-12.59,133,0.7311,40.88,-1.6,1.0575,-8.652,27.06,S30_Seasonality,CRV_USDT_USDT,1D,Hybrid
134,-4.0,-1.06,-0.5712,-0.9518,-0.0877,-12.05,84,0.9078,46.27,-0.63,1.0542,-2.9842,27.99,S30_Seasonality,JST_USDT_USDT,1D,Hybrid
128,-8.38,-2.43,-0.8624,-1.5692,-0.273,-8.89,128,0.8042,42.97,-1.16,1.0673,-6.5444,28.47,S30_Seasonality,ONT_USDT_USDT,1D,Hybrid
119,-11.82,-3.45,-0.8021,-1.7198,-0.2717,-12.72,117,0.7108,36.13,-1.47,1.2564,-9.9335,26.35,S30_Seasonality,OP_USDT_USDT,1D,Hybrid
129,11.89,2.97,0.2886,0.4869,0.6073,-4.89,41,1.3247,47.29,0.35,1.4768,9.2152,39.66,S30_Seasonality,SUN_USDT_USDT,1D,Hybrid
141,-4.13,-1.07,-0.6215,-0.9948,-0.1145,-9.31,133,0.9105,42.55,-0.45,1.2291,-2.9315,28.29,S30_Seasonality,TRX_USDT_USDT,1D,Hybrid
109,-7.75,-2.54,-0.4067,-0.8898,-0.2082,-12.19,89,0.7943,40.37,-0.65,1.1734,-7.1068,27.11,S30_Seasonality,APT_USDT_USDT,1D,Hybrid
140,8.43,2.06,0.2749,0.5785,0.3569,-5.76,49,1.1788,44.29,0.45,1.483,6.0189,36.07,S30_Seasonality,AVAX_USDT_USDT,1D,Hybrid
138,0.09,0.02,-0.1153,-0.2477,0.0023,-9.68,128,1.0021,41.3,-0.2,1.4241,0.0641,28.03,S30_Seasonality,DYDX_USDT_USDT,1D,Hybrid
137,17.7,4.19,0.7566,1.5227,0.7634,-5.49,17,1.4417,51.09,1.17,1.3799,12.9197,46.62,S30_Seasonality,FLOW_USDT_USDT,1D,Hybrid
125,11.44,2.76,0.4127,0.7114,0.7537,-3.67,30,1.283,48.8,0.76,1.3461,9.1517,42.15,S30_Seasonality,MANA_USDT_USDT,1D,Hybrid
125,13.08,3.37,0.4882,0.9573,1.0858,-3.1,27,1.399,51.2,0.75,1.3334,10.4612,46.5,S30_Seasonality,MINA_USDT_USDT,1D,Hybrid
114,9.92,3.09,0.1872,0.3559,0.4183,-7.39,64,1.3004,52.63,0.23,1.1704,8.7054,37.21,S30_Seasonality,TWT_USDT_USDT,1D,Hybrid
142,-2.35,-0.6,0.0511,0.0942,-0.0607,-9.82,133,0.9484,43.66,0.1,1.2238,-1.6528,28.8,S30_Seasonality,ZEN_USDT_USDT,1D,Hybrid
130,12.45,3.19,0.4531,0.8765,0.6507,-4.9,33,1.3168,44.62,0.81,1.6346,9.5798,41.15,S30_Seasonality,ZRX_USDT_USDT,1D,Hybrid
139,13.15,3.14,0.3358,0.6472,0.3862,-8.14,28,1.2861,47.48,0.62,1.4225,9.4606,37.42,S30_Seasonality,ALICE_USDT_USDT,1D,Hybrid
138,-4.76,-1.22,-0.344,-0.5786,-0.1066,-11.46,66,0.8868,43.48,-0.25,1.1529,-3.4522,27.77,S30_Seasonality,BTC_USDT_USDT,1D,Hybrid
136,1.55,0.39,0.0558,0.1091,0.0505,-7.63,86,1.0405,47.79,0.06,1.1365,1.139,30.74,S30_Seasonality,ETH_USDT_USDT,1D,Hybrid
148,10.78,2.6,0.1836,0.3318,0.3104,-8.37,76,1.2454,43.24,0.17,1.6346,7.2816,34.41,S30_Seasonality,BNB_USDT_USDT,1D,Hybrid
121,3.64,0.94,-0.037,-0.0658,0.1528,-6.12,36,1.0948,47.11,-0.05,1.2293,3.0083,31.62,S30_Seasonality,1000BTT_USDT_USDT,1D,Hybrid
134,9.35,2.47,0.4121,0.9549,0.4733,-5.21,33,1.2156,44.78,0.83,1.4992,6.9802,38.73,S30_Seasonality,AGLD_USDT_USDT,1D,Hybrid
131,-2.82,-0.72,-0.385,-0.7079,-0.0958,-7.49,86,0.9322,43.51,-0.55,1.2103,-2.1537,28.97,S30_Seasonality,ATOM_USDT_USDT,1D,Hybrid
