edge_id,strategy,symbol,tf,family,entry_time,exit_time,direction,entry_price,exit_price,size,pnl,pnl_pct,exit_reason,period
1,S30b_MidWeek_MeanReversion,XMR_USDT_USDT,1H,TimeBased,2022-01-18 01:00:00,2022-01-18 04:00:00,LONG,216.514935,209.18759558,13.76545,-104.0871,-3.4924,SL,IS
1,S30b_MidWeek_MeanReversion,XMR_USDT_USDT,1H,TimeBased,2022-01-18 05:00:00,2022-01-18 08:00:00,LONG,209.912955,202.96502119,14.36892,-103.0972,-3.4181,SL,IS
1,S30b_MidWeek_MeanReversion,XMR_USDT_USDT,1H,TimeBased,2022-01-18 09:00:00,2022-01-19 09:00:00,LONG,202.910855,207.77792786,14.584445,67.6892,2.2873,TP,IS
1,S30b_MidWeek_MeanReversion,XMR_USDT_USDT,1H,TimeBased,2022-01-19 10:00:00,2022-01-19 19:00:00,SHORT,207.83763,203.8934918,17.974225,66.8225,1.7887,TP,IS
1,S30b_MidWeek_MeanReversion,XMR_USDT_USDT,1H,TimeBased,2022-01-26 12:00:00,2022-01-26 14:00:00,SHORT,149.205225,153.97478414,21.01742,-103.7485,-3.3084,SL,IS
1,S30b_MidWeek_MeanReversion,XMR_USDT_USDT,1H,TimeBased,2022-01-26 15:00:00,2022-01-26 20:00:00,SHORT,153.75386,150.12861753,19.641854,67.9236,2.2491,TP,IS
1,S30b_MidWeek_MeanReversion,XMR_USDT_USDT,1H,TimeBased,2022-02-01 03:00:00,2022-02-01 04:00:00,SHORT,147.605705,145.05554618,27.772859,66.3548,1.6186,TP,IS
1,S30b_MidWeek_MeanReversion,XMR_USDT_USDT,1H,TimeBased,2022-02-02 11:00:00,2022-02-02 15:00:00,SHORT,148.005585,146.08076391,36.496016,64.3452,1.1912,TP,IS
1,S30b_MidWeek_MeanReversion,XMR_USDT_USDT,1H,TimeBased,2022-02-08 01:00:00,2022-02-08 10:00:00,SHORT,184.74456,181.28951612,20.842336,67.8152,1.7612,TP,IS
1,S30b_MidWeek_MeanReversion,XMR_USDT_USDT,1H,TimeBased,2022-02-08 13:00:00,2022-02-09 12:00:00,LONG,178.503535,182.05511734,20.453283,68.5855,1.8785,TP,IS
1,S30b_MidWeek_MeanReversion,XMR_USDT_USDT,1H,TimeBased,2022-02-09 13:00:00,2022-02-10 13:00:00,SHORT,182.995085,180.00473991,24.260845,67.7046,1.525,TP,IS
1,S30b_MidWeek_MeanReversion,XMR_USDT_USDT,1H,TimeBased,2022-02-15 02:00:00,2022-02-15 04:00:00,SHORT,177.596705,174.93703822,27.339186,67.4122,1.3884,TP,IS
1,S30b_MidWeek_MeanReversion,XMR_USDT_USDT,1H,TimeBased,2022-02-15 10:00:00,2022-02-16 18:00:00,SHORT,179.596105,183.23586395,28.71487,-110.2455,-2.1378,SL,IS
1,S30b_MidWeek_MeanReversion,XMR_USDT_USDT,1H,TimeBased,2022-02-22 01:00:00,2022-02-22 03:00:00,LONG,149.094715,143.62160926,18.754075,-105.6623,-3.7789,SL,IS
1,S30b_MidWeek_MeanReversion,XMR_USDT_USDT,1H,TimeBased,2022-02-22 04:00:00,2022-02-22 14:00:00,LONG,144.593365,148.53836564,18.591626,70.3466,2.6168,TP,IS
1,S30b_MidWeek_MeanReversion,XMR_USDT_USDT,1H,TimeBased,2022-02-23 00:00:00,2022-02-23 11:00:00,SHORT,150.45485,155.39836454,20.723601,-105.9335,-3.3975,SL,IS
1,S30b_MidWeek_MeanReversion,XMR_USDT_USDT,1H,TimeBased,2022-02-23 12:00:00,2022-02-23 18:00:00,SHORT,154.55362,151.78479429,26.011523,67.6388,1.6825,TP,IS
1,S30b_MidWeek_MeanReversion,XMR_USDT_USDT,1H,TimeBased,2022-02-24 00:00:00,2022-02-24 02:00:00,LONG,148.494535,144.18738814,23.710493,-105.9414,-3.0089,SL,IS
1,S30b_MidWeek_MeanReversion,XMR_USDT_USDT,1H,TimeBased,2022-03-01 01:00:00,2022-03-01 13:00:00,SHORT,173.497935,178.6817844,19.499832,-104.8613,-3.0995,SL,IS
1,S30b_MidWeek_MeanReversion,XMR_USDT_USDT,1H,TimeBased,2022-03-01 14:00:00,2022-03-01 14:00:00,SHORT,178.696375,175.21656216,20.474007,67.2604,1.8384,TP,IS
1,S30b_MidWeek_MeanReversion,XMR_USDT_USDT,1H,TimeBased,2022-03-02 04:00:00,2022-03-02 07:00:00,SHORT,180.295895,176.65383574,19.723713,67.9627,1.9112,TP,IS
1,S30b_MidWeek_MeanReversion,XMR_USDT_USDT,1H,TimeBased,2022-03-02 14:00:00,2022-03-02 14:00:00,LONG,173.75211,177.10017338,21.548819,67.9886,1.8159,TP,IS
1,S30b_MidWeek_MeanReversion,XMR_USDT_USDT,1H,TimeBased,2022-03-08 09:00:00,2022-03-08 13:00:00,SHORT,162.75116,167.31779929,22.367685,-106.2057,-2.9174,SL,IS
1,S30b_MidWeek_MeanReversion,XMR_USDT_USDT,1H,TimeBased,2022-03-08 14:00:00,2022-03-08 16:00:00,SHORT,167.24981,171.59676161,23.271087,-105.4952,-2.7105,SL,IS
1,S30b_MidWeek_MeanReversion,XMR_USDT_USDT,1H,TimeBased,2022-03-08 17:00:00,2022-03-08 20:00:00,SHORT,171.24861,167.73266994,20.288757,67.5514,1.9442,TP,IS
1,S30b_MidWeek_MeanReversion,XMR_USDT_USDT,1H,TimeBased,2022-03-08 21:00:00,2022-03-08 22:00:00,SHORT,168.54942,173.52946554,20.207222,-104.4347,-3.0663,SL,IS
1,S30b_MidWeek_MeanReversion,XMR_USDT_USDT,1H,TimeBased,2022-03-08 23:00:00,2022-03-08 23:00:00,SHORT,179.696075,186.02356774,15.711346,-102.5737,-3.6332,SL,IS
1,S30b_MidWeek_MeanReversion,XMR_USDT_USDT,1H,TimeBased,2022-03-09 00:00:00,2022-03-09 09:00:00,SHORT,202.589205,195.35156434,9.879389,69.3412,3.4645,TP,IS
1,S30b_MidWeek_MeanReversion,XMR_USDT_USDT,1H,TimeBased,2022-03-09 10:00:00,2022-03-09 17:00:00,SHORT,195.791245,188.44425128,9.812173,70.0164,3.6445,TP,IS
1,S30b_MidWeek_MeanReversion,XMR_USDT_USDT,1H,TimeBased,2022-03-09 18:00:00,2022-03-10 04:00:00,LONG,188.306475,179.35108006,11.110926,-101.7495,-4.8631,SL,IS
1,S30b_MidWeek_MeanReversion,XMR_USDT_USDT,1H,TimeBased,2022-03-15 08:00:00,2022-03-15 11:00:00,LONG,177.703295,181.54378488,18.407996,67.0586,2.05,TP,IS
1,S30b_MidWeek_MeanReversion,XMR_USDT_USDT,1H,TimeBased,2022-03-15 14:00:00,2022-03-15 20:00:00,SHORT,189.493135,185.37821674,17.310975,67.6641,2.0627,TP,IS
1,S30b_MidWeek_MeanReversion,XMR_USDT_USDT,1H,TimeBased,2022-03-16 13:00:00,2022-03-16 15:00:00,SHORT,192.692175,188.54253978,17.278702,68.0773,2.0447,TP,IS
1,S30b_MidWeek_MeanReversion,XMR_USDT_USDT,1H,TimeBased,2022-03-22 05:00:00,2022-03-22 23:00:00,SHORT,196.690975,193.41447135,21.797757,66.7435,1.5567,TP,IS
1,S30b_MidWeek_MeanReversion,XMR_USDT_USDT,1H,TimeBased,2022-03-23 04:00:00,2022-03-23 15:00:00,LONG,191.807525,194.44523928,26.973247,65.4175,1.2644,TP,IS
1,S30b_MidWeek_MeanReversion,XMR_USDT_USDT,1H,TimeBased,2022-03-23 23:00:00,2022-03-24 01:00:00,SHORT,196.790945,194.62534147,32.624494,63.6284,0.9911,TP,IS
1,S30b_MidWeek_MeanReversion,XMR_USDT_USDT,1H,TimeBased,2022-03-29 06:00:00,2022-03-29 16:00:00,SHORT,223.23301,219.6737826,20.416317,67.6929,1.4853,TP,IS
1,S30b_MidWeek_MeanReversion,XMR_USDT_USDT,1H,TimeBased,2022-04-05 01:00:00,2022-04-05 01:00:00,SHORT,222.73316,227.53561541,21.661469,-109.3927,-2.2673,SL,IS
1,S30b_MidWeek_MeanReversion,XMR_USDT_USDT,1H,TimeBased,2022-04-05 02:00:00,2022-04-05 06:00:00,SHORT,227.9316,224.18995766,19.368859,67.655,1.5325,TP,IS
1,S30b_MidWeek_MeanReversion,XMR_USDT_USDT,1H,TimeBased,2022-04-05 07:00:00,2022-04-05 15:00:00,SHORT,224.282695,220.63559933,19.994389,68.0287,1.517,TP,IS
1,S30b_MidWeek_MeanReversion,XMR_USDT_USDT,1H,TimeBased,2022-04-05 19:00:00,2022-04-06 00:00:00,LONG,220.36609,215.10447261,19.782884,-108.8281,-2.4964,SL,IS
1,S30b_MidWeek_MeanReversion,XMR_USDT_USDT,1H,TimeBased,2022-04-06 01:00:00,2022-04-06 04:00:00,LONG,216.46492,221.05373213,15.998612,69.5648,2.0087,TP,IS
1,S30b_MidWeek_MeanReversion,XMR_USDT_USDT,1H,TimeBased,2022-04-06 14:00:00,2022-04-06 20:00:00,LONG,214.66438,219.40616974,15.611915,70.3012,2.0977,TP,IS
1,S30b_MidWeek_MeanReversion,XMR_USDT_USDT,1H,TimeBased,2022-04-12 02:00:00,2022-04-12 08:00:00,SHORT,241.52752,254.43282998,8.038298,-105.9294,-5.4561,SL,IS
1,S30b_MidWeek_MeanReversion,XMR_USDT_USDT,1H,TimeBased,2022-04-12 09:00:00,2022-04-12 14:00:00,SHORT,245.22641,235.22834299,7.506625,73.0681,3.9693,TP,IS
1,S30b_MidWeek_MeanReversion,XMR_USDT_USDT,1H,TimeBased,2022-04-19 01:00:00,2022-04-19 08:00:00,SHORT,266.270095,258.51308175,9.667971,72.2041,2.8048,TP,IS
1,S30b_MidWeek_MeanReversion,XMR_USDT_USDT,1H,TimeBased,2022-04-19 13:00:00,2022-04-19 16:00:00,LONG,251.37539,257.61039841,12.047579,71.7441,2.369,TP,IS
1,S30b_MidWeek_MeanReversion,XMR_USDT_USDT,1H,TimeBased,2022-04-20 19:00:00,2022-04-20 20:00:00,SHORT,263.970785,271.87522063,13.324247,-109.2475,-3.1061,SL,IS
1,S30b_MidWeek_MeanReversion,XMR_USDT_USDT,1H,TimeBased,2022-04-20 21:00:00,2022-04-21 00:00:00,SHORT,268.01957,276.97991776,11.618621,-107.5896,-3.455,SL,IS
1,S30b_MidWeek_MeanReversion,XMR_USDT_USDT,1H,TimeBased,2022-04-26 01:00:00,2022-04-26 14:00:00,SHORT,256.22311,249.88961569,11.699439,70.8416,2.3632,TP,IS
1,S30b_MidWeek_MeanReversion,XMR_USDT_USDT,1H,TimeBased,2022-04-26 15:00:00,2022-04-26 23:00:00,LONG,243.77311,233.81095215,10.389641,-106.2323,-4.1944,SL,IS
1,S30b_MidWeek_MeanReversion,XMR_USDT_USDT,1H,TimeBased,2022-04-27 00:00:00,2022-04-29 22:00:00,LONG,230.16903,218.7375378,8.948906,-104.5088,-5.0738,SL,IS
1,S30b_MidWeek_MeanReversion,XMR_USDT_USDT,1H,TimeBased,2022-05-03 01:00:00,2022-05-03 03:00:00,LONG,199.609865,206.41553211,10.828469,71.2768,3.2976,TP,IS
1,S30b_MidWeek_MeanReversion,XMR_USDT_USDT,1H,TimeBased,2022-05-03 16:00:00,2022-05-03 18:00:00,SHORT,214.43565,208.73222031,12.934058,70.7582,2.5512,TP,IS
1,S30b_MidWeek_MeanReversion,XMR_USDT_USDT,1H,TimeBased,2022-05-04 20:00:00,2022-05-05 15:00:00,SHORT,220.9337,214.40720761,11.416051,71.7733,2.8457,TP,IS
1,S30b_MidWeek_MeanReversion,XMR_USDT_USDT,1H,TimeBased,2022-05-10 01:00:00,2022-05-10 06:00:00,LONG,178.603565,188.65480411,7.558007,74.4407,5.5146,TP,IS
1,S30b_MidWeek_MeanReversion,XMR_USDT_USDT,1H,TimeBased,2022-05-10 20:00:00,2022-05-10 21:00:00,LONG,168.600565,156.3183387,8.463152,-105.4588,-7.3908,SL,IS
1,S30b_MidWeek_MeanReversion,XMR_USDT_USDT,1H,TimeBased,2022-05-10 22:00:00,2022-05-10 23:00:00,LONG,153.396005,163.49605014,7.514559,74.5877,6.4707,TP,IS
1,S30b_MidWeek_MeanReversion,XMR_USDT_USDT,1H,TimeBased,2022-05-11 00:00:00,2022-05-11 07:00:00,LONG,162.798825,148.98896873,7.500148,-104.8621,-8.5881,SL,IS
1,S30b_MidWeek_MeanReversion,XMR_USDT_USDT,1H,TimeBased,2022-05-11 13:00:00,2022-05-11 13:00:00,LONG,145.593665,157.9921902,6.120576,74.8642,8.4012,TP,IS
1,S30b_MidWeek_MeanReversion,XMR_USDT_USDT,1H,TimeBased,2022-05-11 21:00:00,2022-05-12 00:00:00,LONG,142.292675,155.9313463,5.610804,75.6036,9.4697,TP,IS
1,S30b_MidWeek_MeanReversion,XMR_USDT_USDT,1H,TimeBased,2022-05-17 12:00:00,2022-05-17 15:00:00,SHORT,175.097455,170.34375549,15.882505,72.4831,2.6064,TP,IS
1,S30b_MidWeek_MeanReversion,XMR_USDT_USDT,1H,TimeBased,2022-05-18 13:00:00,2022-05-18 16:00:00,LONG,166.64998,160.69554432,17.679946,-108.4572,-3.6811,SL,IS
1,S30b_MidWeek_MeanReversion,XMR_USDT_USDT,1H,TimeBased,2022-05-18 17:00:00,2022-05-18 23:00:00,LONG,163.098915,156.72845783,16.341927,-106.9802,-4.0137,SL,IS
1,S30b_MidWeek_MeanReversion,XMR_USDT_USDT,1H,TimeBased,2022-05-19 00:00:00,2022-05-19 11:00:00,LONG,154.996485,159.74466184,15.72546,71.9451,2.9517,TP,IS
1,S30b_MidWeek_MeanReversion,XMR_USDT_USDT,1H,TimeBased,2022-05-24 07:00:00,2022-05-24 10:00:00,LONG,184.0552,188.8418879,15.635751,71.6367,2.4893,TP,IS
1,S30b_MidWeek_MeanReversion,XMR_USDT_USDT,1H,TimeBased,2022-05-24 13:00:00,2022-05-24 14:00:00,SHORT,195.84123,190.45610468,14.026316,72.5534,2.6413,TP,IS
1,S30b_MidWeek_MeanReversion,XMR_USDT_USDT,1H,TimeBased,2022-05-25 03:00:00,2022-05-25 05:00:00,SHORT,197.690675,192.43550321,14.459231,72.8832,2.5497,TP,IS
1,S30b_MidWeek_MeanReversion,XMR_USDT_USDT,1H,TimeBased,2022-05-25 11:00:00,2022-05-26 00:00:00,SHORT,199.94,206.81490378,15.435082,-109.5678,-3.5504,SL,IS
1,S30b_MidWeek_MeanReversion,XMR_USDT_USDT,1H,TimeBased,2022-05-31 01:00:00,2022-05-31 11:00:00,SHORT,203.03907,197.86137627,14.605385,72.4018,2.4415,TP,IS
1,S30b_MidWeek_MeanReversion,XMR_USDT_USDT,1H,TimeBased,2022-05-31 14:00:00,2022-05-31 23:00:00,LONG,195.75871,201.93484389,12.396807,73.8528,3.0432,TP,IS
1,S30b_MidWeek_MeanReversion,XMR_USDT_USDT,1H,TimeBased,2022-06-07 01:00:00,2022-06-07 14:00:00,LONG,183.605065,187.29146255,20.615748,71.7924,1.8967,TP,IS
1,S30b_MidWeek_MeanReversion,XMR_USDT_USDT,1H,TimeBased,2022-06-07 19:00:00,2022-06-07 20:00:00,SHORT,189.64309,194.66898167,21.387405,-112.0115,-2.7616,SL,IS
1,S30b_MidWeek_MeanReversion,XMR_USDT_USDT,1H,TimeBased,2022-06-07 21:00:00,2022-06-07 22:00:00,SHORT,192.84213,188.89405756,19.201553,71.7777,1.9384,TP,IS
1,S30b_MidWeek_MeanReversion,XMR_USDT_USDT,1H,TimeBased,2022-06-08 04:00:00,2022-06-08 16:00:00,LONG,182.45472,186.99176965,16.929222,73.3688,2.3753,TP,IS
1,S30b_MidWeek_MeanReversion,XMR_USDT_USDT,1H,TimeBased,2022-06-14 01:00:00,2022-06-14 21:00:00,LONG,126.788025,116.59142848,10.487854,-108.3443,-8.1478,SL,IS
1,S30b_MidWeek_MeanReversion,XMR_USDT_USDT,1H,TimeBased,2022-06-14 22:00:00,2022-06-15 05:00:00,LONG,116.684995,108.38400429,12.758113,-107.4843,-7.2201,SL,IS
1,S30b_MidWeek_MeanReversion,XMR_USDT_USDT,1H,TimeBased,2022-06-15 06:00:00,2022-06-15 19:00:00,LONG,110.93327,116.63972821,13.502701,75.3625,5.0312,TP,IS
1,S30b_MidWeek_MeanReversion,XMR_USDT_USDT,1H,TimeBased,2022-06-16 00:00:00,2022-06-16 04:00:00,SHORT,118.46445,112.57796874,13.184651,75.9358,4.8617,TP,IS
1,S30b_MidWeek_MeanReversion,XMR_USDT_USDT,1H,TimeBased,2022-06-21 06:00:00,2022-06-21 14:00:00,SHORT,120.813745,125.20606196,24.324649,-110.133,-3.7476,SL,IS
1,S30b_MidWeek_MeanReversion,XMR_USDT_USDT,1H,TimeBased,2022-06-21 15:00:00,2022-06-21 19:00:00,SHORT,123.712875,120.35871469,22.753976,73.266,2.6027,TP,IS
1,S30b_MidWeek_MeanReversion,XMR_USDT_USDT,1H,TimeBased,2022-06-22 01:00:00,2022-06-22 06:00:00,LONG,117.485235,112.99228237,23.673118,-109.3631,-3.9322,SL,IS
1,S30b_MidWeek_MeanReversion,XMR_USDT_USDT,1H,TimeBased,2022-06-22 07:00:00,2022-06-22 11:00:00,LONG,113.23396,116.28885268,24.878987,72.862,2.5864,TP,IS
1,S30b_MidWeek_MeanReversion,XMR_USDT_USDT,1H,TimeBased,2022-06-23 00:00:00,2022-06-23 00:00:00,LONG,111.13333,113.90219432,27.572732,72.9325,2.3801,TP,IS
1,S30b_MidWeek_MeanReversion,XMR_USDT_USDT,1H,TimeBased,2022-06-28 01:00:00,2022-06-28 13:00:00,LONG,120.186045,122.96084701,27.634412,72.9844,2.1975,TP,IS
1,S30b_MidWeek_MeanReversion,XMR_USDT_USDT,1H,TimeBased,2022-06-28 23:00:00,2022-06-29 01:00:00,LONG,116.73501,119.4993658,27.954112,73.6431,2.2568,TP,IS
1,S30b_MidWeek_MeanReversion,XMR_USDT_USDT,1H,TimeBased,2022-06-29 12:00:00,2022-06-29 16:00:00,SHORT,122.06337,119.09249541,26.229432,74.4454,2.3252,TP,IS
1,S30b_MidWeek_MeanReversion,XMR_USDT_USDT,1H,TimeBased,2022-07-05 01:00:00,2022-07-05 09:00:00,SHORT,124.06277,122.01189398,37.67542,72.1686,1.544,TP,IS
1,S30b_MidWeek_MeanReversion,XMR_USDT_USDT,1H,TimeBased,2022-07-05 13:00:00,2022-07-05 16:00:00,LONG,119.53585,121.7826378,34.799529,73.5684,1.7686,TP,IS
1,S30b_MidWeek_MeanReversion,XMR_USDT_USDT,1H,TimeBased,2022-07-12 08:00:00,2022-07-12 15:00:00,LONG,126.0378,128.54275496,31.495797,74.4855,1.8764,TP,IS
1,S30b_MidWeek_MeanReversion,XMR_USDT_USDT,1H,TimeBased,2022-07-13 00:00:00,2022-07-13 09:00:00,LONG,123.0369,125.39651116,33.614437,74.724,1.8068,TP,IS
1,S30b_MidWeek_MeanReversion,XMR_USDT_USDT,1H,TimeBased,2022-07-13 13:00:00,2022-07-13 17:00:00,LONG,119.73591,122.29608826,31.323968,76.0252,2.027,TP,IS
1,S30b_MidWeek_MeanReversion,XMR_USDT_USDT,1H,TimeBased,2022-07-19 15:00:00,2022-07-20 00:00:00,SHORT,148.405465,144.54899854,21.088077,77.9276,2.49,TP,IS
1,S30b_MidWeek_MeanReversion,XMR_USDT_USDT,1H,TimeBased,2022-07-20 15:00:00,2022-07-20 16:00:00,SHORT,151.804445,148.2980041,23.265234,77.7381,2.2011,TP,IS
1,S30b_MidWeek_MeanReversion,XMR_USDT_USDT,1H,TimeBased,2022-07-20 22:00:00,2022-07-21 04:00:00,SHORT,152.9541,148.3767298,18.087443,79.7953,2.8843,TP,IS
1,S30b_MidWeek_MeanReversion,XMR_USDT_USDT,1H,TimeBased,2022-07-26 01:00:00,2022-07-26 04:00:00,LONG,138.44152,141.54047371,26.648036,78.4775,2.1272,TP,IS
1,S30b_MidWeek_MeanReversion,XMR_USDT_USDT,1H,TimeBased,2022-07-26 05:00:00,2022-07-26 13:00:00,LONG,141.592465,144.64313727,27.218138,78.7487,2.0434,TP,IS
1,S30b_MidWeek_MeanReversion,XMR_USDT_USDT,1H,TimeBased,2022-07-26 18:00:00,2022-07-27 00:00:00,SHORT,147.605705,151.98859226,26.691954,-121.386,-3.081,SL,IS
1,S30b_MidWeek_MeanReversion,XMR_USDT_USDT,1H,TimeBased,2022-07-27 01:00:00,2022-07-27 09:00:00,SHORT,153.45395,150.18307667,25.296009,78.5156,2.0227,TP,IS
1,S30b_MidWeek_MeanReversion,XMR_USDT_USDT,1H,TimeBased,2022-07-27 19:00:00,2022-07-27 22:00:00,SHORT,158.25251,163.18218969,23.63216,-120.6769,-3.2268,SL,IS
1,S30b_MidWeek_MeanReversion,XMR_USDT_USDT,1H,TimeBased,2022-07-27 23:00:00,2022-07-28 05:00:00,SHORT,161.701475,158.11539314,23.020992,78.5058,2.1089,TP,IS
1,S30b_MidWeek_MeanReversion,XMR_USDT_USDT,1H,TimeBased,2022-08-02 11:00:00,2022-08-02 14:00:00,LONG,154.0462,157.41367692,24.657109,78.8084,2.0748,TP,IS
1,S30b_MidWeek_MeanReversion,XMR_USDT_USDT,1H,TimeBased,2022-08-03 04:00:00,2022-08-03 13:00:00,SHORT,161.25161,158.0970635,26.40432,78.656,1.8474,TP,IS
1,S30b_MidWeek_MeanReversion,XMR_USDT_USDT,1H,TimeBased,2022-08-03 23:00:00,2022-08-04 02:00:00,LONG,155.94677,158.368,34.255251,77.018,1.4417,TP,IS
1,S30b_MidWeek_MeanReversion,XMR_USDT_USDT,1H,TimeBased,2022-08-09 03:00:00,2022-08-09 07:00:00,SHORT,170.698775,167.4785959,26.174943,79.4195,1.7775,TP,IS
1,S30b_MidWeek_MeanReversion,XMR_USDT_USDT,1H,TimeBased,2022-08-09 10:00:00,2022-08-09 10:00:00,LONG,163.999185,159.66038759,27.514075,-124.2759,-2.7542,SL,IS
1,S30b_MidWeek_MeanReversion,XMR_USDT_USDT,1H,TimeBased,2022-08-09 11:00:00,2022-08-10 00:00:00,LONG,159.74791,154.99333812,24.812125,-122.2662,-3.0847,SL,IS
1,S30b_MidWeek_MeanReversion,XMR_USDT_USDT,1H,TimeBased,2022-08-10 01:00:00,2022-08-10 01:00:00,LONG,155.296575,158.33702685,27.353355,78.4481,1.8468,TP,IS
1,S30b_MidWeek_MeanReversion,XMR_USDT_USDT,1H,TimeBased,2022-08-10 12:00:00,2022-08-10 12:00:00,SHORT,160.55182,164.26920142,31.727134,-123.61,-2.4267,SL,IS
1,S30b_MidWeek_MeanReversion,XMR_USDT_USDT,1H,TimeBased,2022-08-10 13:00:00,2022-08-11 14:00:00,SHORT,167.199825,164.00137347,25.890716,78.0939,1.804,TP,IS
1,S30b_MidWeek_MeanReversion,XMR_USDT_USDT,1H,TimeBased,2022-08-16 08:00:00,2022-08-16 13:00:00,SHORT,171.098655,167.9902461,26.762768,78.1984,1.7077,TP,IS
1,S30b_MidWeek_MeanReversion,XMR_USDT_USDT,1H,TimeBased,2022-08-17 08:00:00,2022-08-17 12:00:00,LONG,163.74911,159.68525271,29.060617,-123.2678,-2.5904,SL,IS
1,S30b_MidWeek_MeanReversion,XMR_USDT_USDT,1H,TimeBased,2022-08-17 13:00:00,2022-08-17 16:00:00,LONG,160.24806,163.01129005,29.902325,77.3106,1.6134,TP,IS
1,S30b_MidWeek_MeanReversion,XMR_USDT_USDT,1H,TimeBased,2022-08-17 19:00:00,2022-08-18 13:00:00,SHORT,168.999285,165.86053294,26.602982,78.6006,1.7483,TP,IS
1,S30b_MidWeek_MeanReversion,XMR_USDT_USDT,1H,TimeBased,2022-08-24 02:00:00,2022-08-24 05:00:00,LONG,151.54545,153.53806976,41.437395,75.6159,1.2041,TP,IS
1,S30b_MidWeek_MeanReversion,XMR_USDT_USDT,1H,TimeBased,2022-08-25 00:00:00,2022-08-25 01:00:00,LONG,150.595165,152.5434082,42.613919,75.9174,1.183,TP,IS
1,S30b_MidWeek_MeanReversion,XMR_USDT_USDT,1H,TimeBased,2022-08-30 01:00:00,2022-08-30 12:00:00,SHORT,151.904415,149.84394303,40.687869,77.0836,1.2472,TP,IS
1,S30b_MidWeek_MeanReversion,XMR_USDT_USDT,1H,TimeBased,2022-08-30 15:00:00,2022-08-30 19:00:00,LONG,148.594565,150.56108093,42.823965,77.1679,1.2127,TP,IS
1,S30b_MidWeek_MeanReversion,XMR_USDT_USDT,1H,TimeBased,2022-09-06 01:00:00,2022-09-06 02:00:00,SHORT,158.75236,157.14780753,51.910484,74.2739,0.9013,TP,IS
1,S30b_MidWeek_MeanReversion,XMR_USDT_USDT,1H,TimeBased,2022-09-06 14:00:00,2022-09-06 17:00:00,LONG,154.34629,151.63686149,45.358894,-130.5302,-1.8645,SL,IS
1,S30b_MidWeek_MeanReversion,XMR_USDT_USDT,1H,TimeBased,2022-09-06 18:00:00,2022-09-06 20:00:00,LONG,148.794625,145.38550654,35.515585,-126.8232,-2.3999,SL,IS
1,S30b_MidWeek_MeanReversion,XMR_USDT_USDT,1H,TimeBased,2022-09-06 21:00:00,2022-09-07 00:00:00,LONG,146.54395,143.02364716,34.008077,-125.1349,-2.5109,SL,IS
1,S30b_MidWeek_MeanReversion,XMR_USDT_USDT,1H,TimeBased,2022-09-07 01:00:00,2022-09-07 13:00:00,LONG,144.193245,146.71578066,33.212629,78.466,1.6385,TP,IS
1,S30b_MidWeek_MeanReversion,XMR_USDT_USDT,1H,TimeBased,2022-09-07 14:00:00,2022-09-07 20:00:00,SHORT,147.05587,150.17833474,38.276294,-125.7737,-2.2345,SL,IS
1,S30b_MidWeek_MeanReversion,XMR_USDT_USDT,1H,TimeBased,2022-09-07 21:00:00,2022-09-08 00:00:00,SHORT,150.85473,148.64647312,37.478028,76.5875,1.3546,TP,IS
1,S30b_MidWeek_MeanReversion,XMR_USDT_USDT,1H,TimeBased,2022-09-13 13:00:00,2022-09-13 18:00:00,LONG,155.24656,150.83826032,26.885084,-123.0435,-2.948,SL,IS
1,S30b_MidWeek_MeanReversion,XMR_USDT_USDT,1H,TimeBased,2022-09-13 19:00:00,2022-09-13 23:00:00,LONG,149.74491,145.54064938,27.897545,-121.8193,-2.9161,SL,IS
1,S30b_MidWeek_MeanReversion,XMR_USDT_USDT,1H,TimeBased,2022-09-14 00:00:00,2022-09-14 10:00:00,LONG,145.193545,148.10970261,28.364965,78.141,1.8974,TP,IS
1,S30b_MidWeek_MeanReversion,XMR_USDT_USDT,1H,TimeBased,2022-09-14 22:00:00,2022-09-15 00:00:00,SHORT,151.304595,148.63689312,31.064874,77.7471,1.6541,TP,IS
1,S30b_MidWeek_MeanReversion,XMR_USDT_USDT,1H,TimeBased,2022-09-21 07:00:00,2022-09-21 10:00:00,LONG,139.791925,141.49407294,48.02485,74.3156,1.107,TP,IS
1,S30b_MidWeek_MeanReversion,XMR_USDT_USDT,1H,TimeBased,2022-09-21 21:00:00,2022-09-21 22:00:00,LONG,138.491535,134.39374392,28.873713,-122.652,-3.0672,SL,IS
1,S30b_MidWeek_MeanReversion,XMR_USDT_USDT,1H,TimeBased,2022-09-21 23:00:00,2022-09-22 07:00:00,LONG,135.090515,138.22545157,26.774582,79.9118,2.2093,TP,IS
1,S30b_MidWeek_MeanReversion,XMR_USDT_USDT,1H,TimeBased,2022-09-27 01:00:00,2022-09-27 02:00:00,SHORT,147.65569,150.46634846,42.207631,-125.5519,-2.0146,SL,IS
1,S30b_MidWeek_MeanReversion,XMR_USDT_USDT,1H,TimeBased,2022-09-27 03:00:00,2022-09-27 16:00:00,SHORT,150.904715,148.74121663,37.861739,75.674,1.3245,TP,IS
1,S30b_MidWeek_MeanReversion,XMR_USDT_USDT,1H,TimeBased,2022-09-27 17:00:00,2022-09-27 18:00:00,LONG,146.894055,144.01676022,41.010808,-124.562,-2.0677,SL,IS
1,S30b_MidWeek_MeanReversion,XMR_USDT_USDT,1H,TimeBased,2022-09-27 19:00:00,2022-09-28 01:00:00,LONG,144.54335,141.45135961,37.704728,-122.5135,-2.248,SL,IS
1,S30b_MidWeek_MeanReversion,XMR_USDT_USDT,1H,TimeBased,2022-09-28 02:00:00,2022-09-28 02:00:00,LONG,141.24236,143.62004857,34.196629,75.9512,1.5725,TP,IS
1,S30b_MidWeek_MeanReversion,XMR_USDT_USDT,1H,TimeBased,2022-09-28 03:00:00,2022-09-28 14:00:00,LONG,142.092615,144.781261,30.60118,77.4475,1.7811,TP,IS
1,S30b_MidWeek_MeanReversion,XMR_USDT_USDT,1H,TimeBased,2022-09-28 15:00:00,2022-09-30 08:00:00,SHORT,146.9559,150.38572661,34.062156,-122.3977,-2.4452,SL,IS
1,S30b_MidWeek_MeanReversion,XMR_USDT_USDT,1H,TimeBased,2022-10-04 01:00:00,2022-10-04 06:00:00,SHORT,142.007385,144.32655484,50.119862,-124.1295,-1.744,SL,IS
1,S30b_MidWeek_MeanReversion,XMR_USDT_USDT,1H,TimeBased,2022-10-04 07:00:00,2022-10-04 13:00:00,SHORT,144.306695,146.38547645,55.445921,-124.1247,-1.5513,SL,IS
1,S30b_MidWeek_MeanReversion,XMR_USDT_USDT,1H,TimeBased,2022-10-04 14:00:00,2022-10-04 17:00:00,SHORT,146.606005,145.22434728,55.710418,68.0308,0.8329,TP,IS
1,S30b_MidWeek_MeanReversion,XMR_USDT_USDT,1H,TimeBased,2022-10-04 18:00:00,2022-10-05 06:00:00,SHORT,145.906215,148.07079952,52.950683,-123.1777,-1.5944,SL,IS
1,S30b_MidWeek_MeanReversion,XMR_USDT_USDT,1H,TimeBased,2022-10-05 12:00:00,2022-10-05 15:00:00,LONG,144.34329,145.93069008,48.785712,69.6538,0.9891,TP,IS
1,S30b_MidWeek_MeanReversion,XMR_USDT_USDT,1H,TimeBased,2022-10-11 01:00:00,2022-10-11 05:00:00,LONG,141.14233,142.87186141,45.382035,71.4006,1.1147,TP,IS
1,S30b_MidWeek_MeanReversion,XMR_USDT_USDT,1H,TimeBased,2022-10-11 16:00:00,2022-10-11 19:00:00,SHORT,144.25671,142.72203525,51.010669,70.2333,0.9544,TP,IS
1,S30b_MidWeek_MeanReversion,XMR_USDT_USDT,1H,TimeBased,2022-10-12 01:00:00,2022-10-12 12:00:00,SHORT,144.9565,143.4453406,52.051255,70.4013,0.9331,TP,IS
1,S30b_MidWeek_MeanReversion,XMR_USDT_USDT,1H,TimeBased,2022-10-12 15:00:00,2022-10-12 22:00:00,LONG,143.24296,144.59102754,58.219849,69.2676,0.8306,TP,IS
1,S30b_MidWeek_MeanReversion,XMR_USDT_USDT,1H,TimeBased,2022-10-18 12:00:00,2022-10-18 17:00:00,SHORT,145.706275,148.09169174,48.928861,-124.6221,-1.748,SL,IS
1,S30b_MidWeek_MeanReversion,XMR_USDT_USDT,1H,TimeBased,2022-10-18 18:00:00,2022-10-18 18:00:00,SHORT,147.505735,145.59731283,41.867504,73.1516,1.1845,TP,IS
1,S30b_MidWeek_MeanReversion,XMR_USDT_USDT,1H,TimeBased,2022-10-19 08:00:00,2022-10-19 08:00:00,SHORT,148.35548,146.69749505,48.048399,71.8663,1.0082,TP,IS
1,S30b_MidWeek_MeanReversion,XMR_USDT_USDT,1H,TimeBased,2022-10-20 00:00:00,2022-10-20 04:00:00,LONG,144.893455,146.60895007,46.885408,72.9147,1.0733,TP,IS
1,S30b_MidWeek_MeanReversion,XMR_USDT_USDT,1H,TimeBased,2022-10-25 07:00:00,2022-10-25 12:00:00,SHORT,144.206725,143.31653977,80.076497,58.6198,0.5076,TP,IS
1,S30b_MidWeek_MeanReversion,XMR_USDT_USDT,1H,TimeBased,2022-10-25 18:00:00,2022-10-25 20:00:00,SHORT,145.45635,144.33962339,70.40295,67.3995,0.6582,TP,IS
1,S30b_MidWeek_MeanReversion,XMR_USDT_USDT,1H,TimeBased,2022-10-26 15:00:00,2022-10-27 04:00:00,SHORT,146.705975,148.93651581,53.404692,-127.8051,-1.6313,SL,IS
1,S30b_MidWeek_MeanReversion,XMR_USDT_USDT,1H,TimeBased,2022-11-02 18:00:00,2022-11-02 18:00:00,LONG,147.994385,149.36196872,58.113259,69.9706,0.8136,TP,IS
1,S30b_MidWeek_MeanReversion,XMR_USDT_USDT,1H,TimeBased,2022-11-02 20:00:00,2022-11-02 21:00:00,LONG,147.294175,144.70268068,45.586471,-125.4582,-1.8684,SL,IS
1,S30b_MidWeek_MeanReversion,XMR_USDT_USDT,1H,TimeBased,2022-11-02 22:00:00,2022-11-03 00:00:00,LONG,145.793725,147.71367644,42.227225,74.2575,1.2062,TP,IS
1,S30b_MidWeek_MeanReversion,XMR_USDT_USDT,1H,TimeBased,2022-11-08 04:00:00,2022-11-08 04:00:00,LONG,152.395705,148.8139044,32.694616,-122.522,-2.459,SL,IS
1,S30b_MidWeek_MeanReversion,XMR_USDT_USDT,1H,TimeBased,2022-11-08 05:00:00,2022-11-08 13:00:00,LONG,148.894655,144.97872945,29.547505,-120.4816,-2.7386,SL,IS
1,S30b_MidWeek_MeanReversion,XMR_USDT_USDT,1H,TimeBased,2022-11-08 14:00:00,2022-11-08 16:00:00,LONG,143.44302,146.22780831,29.239995,76.7687,1.8303,TP,IS
1,S30b_MidWeek_MeanReversion,XMR_USDT_USDT,1H,TimeBased,2022-11-08 18:00:00,2022-11-08 18:00:00,LONG,141.34239,135.90089604,21.105217,-118.0621,-3.9577,SL,IS
1,S30b_MidWeek_MeanReversion,XMR_USDT_USDT,1H,TimeBased,2022-11-08 19:00:00,2022-11-08 19:00:00,LONG,137.64128,131.58492847,18.747733,-116.3189,-4.5077,SL,IS
1,S30b_MidWeek_MeanReversion,XMR_USDT_USDT,1H,TimeBased,2022-11-08 20:00:00,2022-11-09 10:00:00,LONG,134.94047,127.64865143,15.391078,-114.4518,-5.5108,SL,IS
1,S30b_MidWeek_MeanReversion,XMR_USDT_USDT,1H,TimeBased,2022-11-09 11:00:00,2022-11-09 14:00:00,LONG,129.788925,134.47902061,17.269966,78.4876,3.5016,TP,IS
1,S30b_MidWeek_MeanReversion,XMR_USDT_USDT,1H,TimeBased,2022-11-09 18:00:00,2022-11-09 21:00:00,LONG,127.93837,121.19970298,16.603225,-114.1587,-5.3742,SL,IS
1,S30b_MidWeek_MeanReversion,XMR_USDT_USDT,1H,TimeBased,2022-11-09 22:00:00,2022-11-10 00:00:00,LONG,116.184845,121.88182364,14.255439,79.3464,4.7907,TP,IS
1,S30b_MidWeek_MeanReversion,XMR_USDT_USDT,1H,TimeBased,2022-11-15 14:00:00,2022-11-15 18:00:00,SHORT,132.26031,130.05271185,35.922522,74.1199,1.56,TP,IS
1,S30b_MidWeek_MeanReversion,XMR_USDT_USDT,1H,TimeBased,2022-11-15 21:00:00,2022-11-16 02:00:00,LONG,128.0384,130.17051489,37.417548,74.4647,1.5543,TP,IS
1,S30b_MidWeek_MeanReversion,XMR_USDT_USDT,1H,TimeBased,2022-11-16 16:00:00,2022-11-16 16:00:00,LONG,127.43822,128.95572132,51.946208,71.5032,1.0801,TP,IS
1,S30b_MidWeek_MeanReversion,XMR_USDT_USDT,1H,TimeBased,2022-11-16 20:00:00,2022-11-18 00:00:00,SHORT,131.410565,133.9316925,45.600286,-121.619,-2.0296,SL,IS
1,S30b_MidWeek_MeanReversion,XMR_USDT_USDT,1H,TimeBased,2022-11-22 01:00:00,2022-11-22 13:00:00,LONG,126.73801,129.58699674,28.410998,76.9372,2.1367,TP,IS
1,S30b_MidWeek_MeanReversion,XMR_USDT_USDT,1H,TimeBased,2022-11-22 14:00:00,2022-11-22 22:00:00,SHORT,129.76106,132.84167641,37.058197,-119.5145,-2.4854,SL,IS
1,S30b_MidWeek_MeanReversion,XMR_USDT_USDT,1H,TimeBased,2022-11-22 23:00:00,2022-11-23 02:00:00,SHORT,132.86013,135.69895628,39.844673,-118.9975,-2.2479,SL,IS
1,S30b_MidWeek_MeanReversion,XMR_USDT_USDT,1H,TimeBased,2022-11-23 03:00:00,2022-11-23 13:00:00,SHORT,135.609305,133.51799275,37.558553,72.9872,1.433,TP,IS
1,S30b_MidWeek_MeanReversion,XMR_USDT_USDT,1H,TimeBased,2022-11-29 05:00:00,2022-11-29 08:00:00,SHORT,138.05857,140.10884279,55.287077,-121.8121,-1.5959,SL,IS
1,S30b_MidWeek_MeanReversion,XMR_USDT_USDT,1H,TimeBased,2022-11-29 09:00:00,2022-11-29 14:00:00,SHORT,139.108255,137.44658283,46.374809,70.0059,1.0852,TP,IS
1,S30b_MidWeek_MeanReversion,XMR_USDT_USDT,1H,TimeBased,2022-11-30 01:00:00,2022-11-30 19:00:00,SHORT,139.85803,142.24781209,47.084229,-119.8266,-1.8197,SL,IS
1,S30b_MidWeek_MeanReversion,XMR_USDT_USDT,1H,TimeBased,2022-11-30 22:00:00,2022-12-01 04:00:00,SHORT,141.9574,144.35204847,46.489814,-118.6475,-1.7978,SL,IS
1,S30b_MidWeek_MeanReversion,XMR_USDT_USDT,1H,TimeBased,2022-12-06 16:00:00,2022-12-07 23:00:00,LONG,142.84284,144.2233788,54.107501,66.1547,0.8559,TP,IS
1,S30b_MidWeek_MeanReversion,XMR_USDT_USDT,1H,TimeBased,2022-12-13 09:00:00,2022-12-13 09:00:00,LONG,148.794625,150.13277465,55.835255,65.536,0.7888,TP,IS
1,S30b_MidWeek_MeanReversion,XMR_USDT_USDT,1H,TimeBased,2022-12-13 14:00:00,2022-12-13 15:00:00,SHORT,152.45425,150.71034685,43.914469,69.2603,1.0345,TP,IS
1,S30b_MidWeek_MeanReversion,XMR_USDT_USDT,1H,TimeBased,2022-12-14 10:00:00,2022-12-14 15:00:00,LONG,148.994685,146.94521945,54.921136,-121.4983,-1.4848,SL,IS
1,S30b_MidWeek_MeanReversion,XMR_USDT_USDT,1H,TimeBased,2022-12-14 16:00:00,2022-12-14 18:00:00,LONG,147.294175,149.00319686,44.614809,68.9771,1.0496,TP,IS
1,S30b_MidWeek_MeanReversion,XMR_USDT_USDT,1H,TimeBased,2022-12-20 07:00:00,2022-12-20 10:00:00,SHORT,147.05587,145.65147977,53.896896,67.0155,0.8455,TP,IS
1,S30b_MidWeek_MeanReversion,XMR_USDT_USDT,1H,TimeBased,2022-12-20 16:00:00,2022-12-22 14:00:00,SHORT,147.505735,145.90149545,47.935927,69.1651,0.9782,TP,IS
1,S30b_MidWeek_MeanReversion,XMR_USDT_USDT,1H,TimeBased,2022-12-27 14:00:00,2022-12-28 22:00:00,LONG,145.0435,146.21047389,64.671249,65.11,0.6941,TP,IS
1,S30b_MidWeek_MeanReversion,XMR_USDT_USDT,1H,TimeBased,2022-12-28 23:00:00,2022-12-29 20:00:00,SHORT,146.15614,145.06062275,68.860154,64.4082,0.64,TP,IS
1,S30b_MidWeek_MeanReversion,XMR_USDT_USDT,1H,TimeBased,2023-01-03 03:00:00,2023-01-03 05:00:00,LONG,147.594265,148.44572982,76.0659,52.3822,0.4666,TP,IS
1,S30b_MidWeek_MeanReversion,XMR_USDT_USDT,1H,TimeBased,2023-01-04 03:00:00,2023-01-04 03:00:00,SHORT,149.55512,150.93691422,75.418835,-116.6778,-1.0344,SL,IS
1,S30b_MidWeek_MeanReversion,XMR_USDT_USDT,1H,TimeBased,2023-01-04 04:00:00,2023-01-04 16:00:00,SHORT,150.704775,152.25933606,73.978511,-127.3312,-1.1421,SL,IS
1,S30b_MidWeek_MeanReversion,XMR_USDT_USDT,1H,TimeBased,2023-01-04 17:00:00,2023-01-04 18:00:00,SHORT,151.85443,150.76673898,68.25064,62.8759,0.6067,TP,IS
1,S30b_MidWeek_MeanReversion,XMR_USDT_USDT,1H,TimeBased,2023-01-10 20:00:00,2023-01-10 20:00:00,SHORT,160.75176,163.01812007,50.048674,-122.3407,-1.5206,SL,IS
1,S30b_MidWeek_MeanReversion,XMR_USDT_USDT,1H,TimeBased,2023-01-10 21:00:00,2023-01-10 22:00:00,SHORT,162.35128,160.58923477,43.429123,68.8103,0.9759,TP,IS
1,S30b_MidWeek_MeanReversion,XMR_USDT_USDT,1H,TimeBased,2023-01-11 01:00:00,2023-01-11 19:00:00,SHORT,161.501535,164.04148579,44.34245,-120.5671,-1.6836,SL,IS
1,S30b_MidWeek_MeanReversion,XMR_USDT_USDT,1H,TimeBased,2023-01-11 20:00:00,2023-01-11 23:00:00,SHORT,164.300695,166.47750514,51.361773,-121.149,-1.4356,SL,IS
1,S30b_MidWeek_MeanReversion,XMR_USDT_USDT,1H,TimeBased,2023-01-12 00:00:00,2023-01-12 10:00:00,SHORT,168.599405,166.4685414,35.70291,69.4984,1.1546,TP,IS
1,S30b_MidWeek_MeanReversion,XMR_USDT_USDT,1H,TimeBased,2023-01-17 09:00:00,2023-01-17 17:00:00,SHORT,171.298595,174.6021281,33.441493,-116.8372,-2.0396,SL,IS
1,S30b_MidWeek_MeanReversion,XMR_USDT_USDT,1H,TimeBased,2023-01-17 18:00:00,2023-01-17 19:00:00,SHORT,173.54792,171.16045028,31.88478,70.0789,1.2664,TP,IS
1,S30b_MidWeek_MeanReversion,XMR_USDT_USDT,1H,TimeBased,2023-01-18 16:00:00,2023-01-18 16:00:00,LONG,165.499635,160.85047036,23.529408,-113.6154,-2.9176,SL,IS
1,S30b_MidWeek_MeanReversion,XMR_USDT_USDT,1H,TimeBased,2023-01-18 17:00:00,2023-01-18 18:00:00,LONG,165.34959,169.07781751,20.782556,73.6595,2.1435,TP,IS
1,S30b_MidWeek_MeanReversion,XMR_USDT_USDT,1H,TimeBased,2023-01-18 19:00:00,2023-01-18 22:00:00,LONG,167.300175,161.85397361,19.982245,-112.4448,-3.3636,SL,IS
1,S30b_MidWeek_MeanReversion,XMR_USDT_USDT,1H,TimeBased,2023-01-18 23:00:00,2023-01-19 08:00:00,LONG,163.799125,158.56097688,20.562755,-111.3565,-3.3062,SL,IS
1,S30b_MidWeek_MeanReversion,XMR_USDT_USDT,1H,TimeBased,2023-01-24 15:00:00,2023-01-24 21:00:00,LONG,176.102815,173.11683768,35.997887,-114.403,-1.8047,SL,IS
1,S30b_MidWeek_MeanReversion,XMR_USDT_USDT,1H,TimeBased,2023-01-24 22:00:00,2023-01-24 22:00:00,LONG,172.75181,169.40404509,31.688505,-112.049,-2.0468,SL,IS
1,S30b_MidWeek_MeanReversion,XMR_USDT_USDT,1H,TimeBased,2023-01-24 23:00:00,2023-01-25 01:00:00,LONG,170.201045,166.44387044,27.879129,-109.9087,-2.3163,SL,IS
1,S30b_MidWeek_MeanReversion,XMR_USDT_USDT,1H,TimeBased,2023-01-25 02:00:00,2023-01-25 13:00:00,LONG,167.900355,171.10582228,22.927606,69.2188,1.7981,TP,IS
1,S30b_MidWeek_MeanReversion,XMR_USDT_USDT,1H,TimeBased,2023-01-25 21:00:00,2023-01-26 11:00:00,SHORT,172.998085,176.58145444,29.160159,-110.0982,-2.1825,SL,IS
1,S30b_MidWeek_MeanReversion,XMR_USDT_USDT,1H,TimeBased,2023-01-31 01:00:00,2023-01-31 05:00:00,LONG,176.0528,172.25110833,27.159023,-108.453,-2.2682,SL,IS
1,S30b_MidWeek_MeanReversion,XMR_USDT_USDT,1H,TimeBased,2023-01-31 06:00:00,2023-01-31 07:00:00,LONG,171.85154,174.38256299,28.266319,66.16,1.362,TP,IS
1,S30b_MidWeek_MeanReversion,XMR_USDT_USDT,1H,TimeBased,2023-01-31 16:00:00,2023-01-31 21:00:00,SHORT,177.296795,175.07023927,32.066664,65.1836,1.1465,TP,IS
1,S30b_MidWeek_MeanReversion,XMR_USDT_USDT,1H,TimeBased,2023-02-01 07:00:00,2023-02-01 11:00:00,LONG,173.85214,176.07334814,32.36661,65.6637,1.1669,TP,IS
1,S30b_MidWeek_MeanReversion,XMR_USDT_USDT,1H,TimeBased,2023-02-07 19:00:00,2023-02-07 19:00:00,LONG,163.94917,166.06382362,34.235824,66.1829,1.1791,TP,IS
1,S30b_MidWeek_MeanReversion,XMR_USDT_USDT,1H,TimeBased,2023-02-08 09:00:00,2023-02-08 12:00:00,LONG,165.099515,166.87934758,40.460613,64.6255,0.9674,TP,IS
1,S30b_MidWeek_MeanReversion,XMR_USDT_USDT,1H,TimeBased,2023-02-15 12:00:00,2023-02-15 19:00:00,SHORT,160.35188,163.01590181,39.783842,-113.0607,-1.7723,SL,IS
1,S30b_MidWeek_MeanReversion,XMR_USDT_USDT,1H,TimeBased,2023-02-15 20:00:00,2023-02-15 22:00:00,SHORT,162.801145,165.26389473,42.644622,-112.7176,-1.6236,SL,IS
1,S30b_MidWeek_MeanReversion,XMR_USDT_USDT,1H,TimeBased,2023-02-15 23:00:00,2023-02-16 13:00:00,SHORT,164.75056,162.96383423,39.714816,63.8012,0.9751,TP,IS
1,S30b_MidWeek_MeanReversion,XMR_USDT_USDT,1H,TimeBased,2023-02-21 01:00:00,2023-02-21 20:00:00,LONG,161.298375,158.47479381,36.894565,-110.6636,-1.8596,SL,IS
1,S30b_MidWeek_MeanReversion,XMR_USDT_USDT,1H,TimeBased,2023-02-21 21:00:00,2023-02-22 02:00:00,LONG,158.34749,155.35097235,34.344769,-108.8404,-2.0013,SL,IS
1,S30b_MidWeek_MeanReversion,XMR_USDT_USDT,1H,TimeBased,2023-02-22 03:00:00,2023-02-23 11:00:00,LONG,157.74731,154.37796379,30.16088,-106.8001,-2.2447,SL,IS
1,S30b_MidWeek_MeanReversion,XMR_USDT_USDT,1H,TimeBased,2023-02-28 13:00:00,2023-02-28 21:00:00,SHORT,151.104655,149.90830091,56.310856,58.0451,0.6822,TP,IS
1,S30b_MidWeek_MeanReversion,XMR_USDT_USDT,1H,TimeBased,2023-03-01 03:00:00,2023-03-01 08:00:00,SHORT,152.35428,150.95991432,49.223976,60.4245,0.8057,TP,IS
1,S30b_MidWeek_MeanReversion,XMR_USDT_USDT,1H,TimeBased,2023-03-07 01:00:00,2023-03-07 02:00:00,SHORT,154.103755,152.70053346,49.188905,60.7227,0.8011,TP,IS
1,S30b_MidWeek_MeanReversion,XMR_USDT_USDT,1H,TimeBased,2023-03-07 08:00:00,2023-03-07 12:00:00,LONG,150.34509,151.83983032,46.758396,62.1203,0.8837,TP,IS
1,S30b_MidWeek_MeanReversion,XMR_USDT_USDT,1H,TimeBased,2023-03-08 09:00:00,2023-03-08 11:00:00,LONG,147.894355,149.66256724,40.289778,64.6472,1.0849,TP,IS
1,S30b_MidWeek_MeanReversion,XMR_USDT_USDT,1H,TimeBased,2023-03-08 14:00:00,2023-03-08 16:00:00,LONG,147.194145,149.05282719,38.705471,65.6347,1.152,TP,IS
1,S30b_MidWeek_MeanReversion,XMR_USDT_USDT,1H,TimeBased,2023-03-08 23:00:00,2023-03-09 07:00:00,LONG,144.54335,146.7908623,32.59019,68.0248,1.4441,TP,IS
1,S30b_MidWeek_MeanReversion,XMR_USDT_USDT,1H,TimeBased,2023-03-14 13:00:00,2023-03-14 18:00:00,SHORT,156.003185,153.5196254,29.739305,68.7966,1.4829,TP,IS
1,S30b_MidWeek_MeanReversion,XMR_USDT_USDT,1H,TimeBased,2023-03-14 22:00:00,2023-03-15 16:00:00,LONG,148.94467,144.49094758,23.63555,-109.0807,-3.0985,SL,IS
1,S30b_MidWeek_MeanReversion,XMR_USDT_USDT,1H,TimeBased,2023-03-15 17:00:00,2023-03-15 22:00:00,LONG,143.393005,146.53526024,23.720124,70.7523,2.0802,TP,IS
1,S30b_MidWeek_MeanReversion,XMR_USDT_USDT,1H,TimeBased,2023-03-21 14:00:00,2023-03-21 18:00:00,SHORT,156.15314,153.38041519,26.853079,69.8846,1.6666,TP,IS
1,S30b_MidWeek_MeanReversion,XMR_USDT_USDT,1H,TimeBased,2023-03-22 20:00:00,2023-03-22 21:00:00,LONG,145.94377,149.57287466,20.908104,72.4794,2.3753,TP,IS
1,S30b_MidWeek_MeanReversion,XMR_USDT_USDT,1H,TimeBased,2023-03-22 23:00:00,2023-03-23 01:00:00,LONG,147.54425,151.1661685,21.08603,72.9076,2.3435,TP,IS
1,S30b_MidWeek_MeanReversion,XMR_USDT_USDT,1H,TimeBased,2023-03-28 01:00:00,2023-03-28 05:00:00,LONG,150.595165,153.48738919,26.350535,71.8046,1.8095,TP,IS
1,S30b_MidWeek_MeanReversion,XMR_USDT_USDT,1H,TimeBased,2023-03-29 09:00:00,2023-03-30 02:00:00,SHORT,157.602705,160.76003986,34.327645,-114.3946,-2.1145,SL,IS
1,S30b_MidWeek_MeanReversion,XMR_USDT_USDT,1H,TimeBased,2023-04-04 01:00:00,2023-04-04 02:00:00,LONG,156.64698,158.68133971,36.590376,68.0921,1.188,TP,IS
1,S30b_MidWeek_MeanReversion,XMR_USDT_USDT,1H,TimeBased,2023-04-05 17:00:00,2023-04-06 03:00:00,LONG,156.64698,158.11839661,49.778445,64.6271,0.8288,TP,IS
1,S30b_MidWeek_MeanReversion,XMR_USDT_USDT,1H,TimeBased,2023-04-11 04:00:00,2023-04-11 15:00:00,SHORT,160.15194,162.15504078,54.701336,-119.2691,-1.3614,SL,IS
1,S30b_MidWeek_MeanReversion,XMR_USDT_USDT,1H,TimeBased,2023-04-11 16:00:00,2023-04-11 19:00:00,SHORT,162.05137,160.69147886,53.100881,62.7856,0.7296,TP,IS
1,S30b_MidWeek_MeanReversion,XMR_USDT_USDT,1H,TimeBased,2023-04-18 01:00:00,2023-04-18 02:00:00,LONG,159.34779,160.54915568,59.827311,61.3483,0.6435,TP,IS
1,S30b_MidWeek_MeanReversion,XMR_USDT_USDT,1H,TimeBased,2023-04-18 11:00:00,2023-04-18 14:00:00,SHORT,162.15134,160.99865291,62.373713,60.8115,0.6013,TP,IS
1,S30b_MidWeek_MeanReversion,XMR_USDT_USDT,1H,TimeBased,2023-04-18 16:00:00,2023-04-18 17:00:00,SHORT,162.55122,161.24801329,56.145063,63.1698,0.6922,TP,IS
1,S30b_MidWeek_MeanReversion,XMR_USDT_USDT,1H,TimeBased,2023-04-19 09:00:00,2023-04-19 14:00:00,LONG,156.34689,157.97319825,46.219209,67.1765,0.9296,TP,IS
1,S30b_MidWeek_MeanReversion,XMR_USDT_USDT,1H,TimeBased,2023-04-19 15:00:00,2023-04-19 21:00:00,LONG,158.24746,156.03851352,50.354392,-119.9343,-1.5051,SL,IS
1,S30b_MidWeek_MeanReversion,XMR_USDT_USDT,1H,TimeBased,2023-04-19 22:00:00,2023-04-19 23:00:00,LONG,155.796725,153.43934823,46.584818,-117.7411,-1.6223,SL,IS
1,S30b_MidWeek_MeanReversion,XMR_USDT_USDT,1H,TimeBased,2023-04-20 00:00:00,2023-04-20 01:00:00,LONG,152.995885,154.85168785,40.286903,67.9433,1.1023,TP,IS
1,S30b_MidWeek_MeanReversion,XMR_USDT_USDT,1H,TimeBased,2023-04-25 08:00:00,2023-04-25 15:00:00,LONG,155.84674,157.07242053,59.338953,62.518,0.676,TP,IS
1,S30b_MidWeek_MeanReversion,XMR_USDT_USDT,1H,TimeBased,2023-04-25 17:00:00,2023-04-26 04:00:00,SHORT,158.35248,160.61799469,48.616794,-118.6711,-1.5415,SL,IS
1,S30b_MidWeek_MeanReversion,XMR_USDT_USDT,1H,TimeBased,2023-04-26 05:00:00,2023-04-26 12:00:00,SHORT,160.301895,162.25780556,55.899098,-119.2506,-1.3308,SL,IS
1,S30b_MidWeek_MeanReversion,XMR_USDT_USDT,1H,TimeBased,2023-04-26 13:00:00,2023-04-26 14:00:00,SHORT,161.801445,160.48485117,54.539496,62.1388,0.7042,TP,IS
1,S30b_MidWeek_MeanReversion,XMR_USDT_USDT,1H,TimeBased,2023-04-26 20:00:00,2023-04-26 21:00:00,LONG,154.196245,156.31897299,35.338541,68.9789,1.2659,TP,IS
1,S30b_MidWeek_MeanReversion,XMR_USDT_USDT,1H,TimeBased,2023-04-26 22:00:00,2023-04-27 23:00:00,LONG,157.397205,153.88131029,30.761045,-113.419,-2.3425,SL,IS
1,S30b_MidWeek_MeanReversion,XMR_USDT_USDT,1H,TimeBased,2023-05-02 08:00:00,2023-05-02 14:00:00,SHORT,154.25371,153.0471056,59.390856,61.6233,0.6727,TP,IS
1,S30b_MidWeek_MeanReversion,XMR_USDT_USDT,1H,TimeBased,2023-05-03 01:00:00,2023-05-03 16:00:00,LONG,151.995585,153.04617054,67.722091,59.7859,0.5808,TP,IS
1,S30b_MidWeek_MeanReversion,XMR_USDT_USDT,1H,TimeBased,2023-05-03 19:00:00,2023-05-04 00:00:00,SHORT,153.85383,155.85649322,54.60959,-118.6669,-1.4124,SL,IS
1,S30b_MidWeek_MeanReversion,XMR_USDT_USDT,1H,TimeBased,2023-05-09 10:00:00,2023-05-09 11:00:00,SHORT,155.05347,153.62165965,50.803866,64.1165,0.8139,TP,IS
1,S30b_MidWeek_MeanReversion,XMR_USDT_USDT,1H,TimeBased,2023-05-10 02:00:00,2023-05-10 11:00:00,SHORT,155.403365,154.18915935,59.386235,61.9951,0.6718,TP,IS
1,S30b_MidWeek_MeanReversion,XMR_USDT_USDT,1H,TimeBased,2023-05-16 01:00:00,2023-05-16 05:00:00,LONG,151.74551,152.42131861,70.437967,35.8189,0.3351,TP,IS
1,S30b_MidWeek_MeanReversion,XMR_USDT_USDT,1H,TimeBased,2023-05-16 11:00:00,2023-05-16 20:00:00,LONG,151.64548,150.59174047,70.720632,-86.277,-0.8045,SL,IS
1,S30b_MidWeek_MeanReversion,XMR_USDT_USDT,1H,TimeBased,2023-05-16 21:00:00,2023-05-16 23:00:00,LONG,150.74521,151.38749269,70.570648,33.5994,0.3158,TP,IS
1,S30b_MidWeek_MeanReversion,XMR_USDT_USDT,1H,TimeBased,2023-05-24 04:00:00,2023-05-24 09:00:00,LONG,149.44482,150.36654079,71.409544,54.0445,0.5064,TP,IS
1,S30b_MidWeek_MeanReversion,XMR_USDT_USDT,1H,TimeBased,2023-05-24 16:00:00,2023-05-24 16:00:00,LONG,148.94467,147.33780368,68.638654,-121.4782,-1.1882,SL,IS
1,S30b_MidWeek_MeanReversion,XMR_USDT_USDT,1H,TimeBased,2023-05-24 17:00:00,2023-05-24 21:00:00,LONG,148.994685,150.20316279,59.720357,62.3432,0.7006,TP,IS
1,S30b_MidWeek_MeanReversion,XMR_USDT_USDT,1H,TimeBased,2023-05-30 14:00:00,2023-05-30 16:00:00,LONG,152.595765,153.49284198,69.901652,50.9393,0.4776,TP,IS
1,S30b_MidWeek_MeanReversion,XMR_USDT_USDT,1H,TimeBased,2023-05-31 05:00:00,2023-05-31 10:00:00,LONG,151.795525,150.27274049,70.60574,-119.2476,-1.1126,SL,IS
1,S30b_MidWeek_MeanReversion,XMR_USDT_USDT,1H,TimeBased,2023-05-31 11:00:00,2023-05-31 11:00:00,LONG,150.395105,148.99105844,70.470297,-110.5474,-1.0431,SL,IS
1,S30b_MidWeek_MeanReversion,XMR_USDT_USDT,1H,TimeBased,2023-05-31 12:00:00,2023-05-31 15:00:00,LONG,149.94497,148.37797319,68.887005,-119.2485,-1.1545,SL,IS
1,S30b_MidWeek_MeanReversion,XMR_USDT_USDT,1H,TimeBased,2023-05-31 16:00:00,2023-05-31 17:00:00,LONG,146.94407,148.20510692,56.243678,61.7952,0.7477,TP,IS
1,S30b_MidWeek_MeanReversion,XMR_USDT_USDT,1H,TimeBased,2023-05-31 18:00:00,2023-05-31 21:00:00,LONG,147.994385,146.00972595,53.741529,-115.3487,-1.4503,SL,IS
1,S30b_MidWeek_MeanReversion,XMR_USDT_USDT,1H,TimeBased,2023-05-31 22:00:00,2023-05-31 22:00:00,LONG,144.993485,146.41846308,50.072497,63.3268,0.8722,TP,IS
1,S30b_MidWeek_MeanReversion,XMR_USDT_USDT,1H,TimeBased,2023-05-31 23:00:00,2023-06-01 08:00:00,LONG,146.14383,147.63685446,48.225668,64.2098,0.9111,TP,IS
1,S30b_MidWeek_MeanReversion,XMR_USDT_USDT,1H,TimeBased,2023-06-06 01:00:00,2023-06-06 03:00:00,LONG,140.14203,141.80883799,43.927653,66.407,1.0787,TP,IS
1,S30b_MidWeek_MeanReversion,XMR_USDT_USDT,1H,TimeBased,2023-06-06 16:00:00,2023-06-06 19:00:00,SHORT,143.75686,146.0350615,47.032592,-114.646,-1.6956,SL,IS
1,S30b_MidWeek_MeanReversion,XMR_USDT_USDT,1H,TimeBased,2023-06-06 20:00:00,2023-06-07 09:00:00,SHORT,146.55602,145.03048665,47.361957,64.6567,0.9315,TP,IS
1,S30b_MidWeek_MeanReversion,XMR_USDT_USDT,1H,TimeBased,2023-06-07 15:00:00,2023-06-08 09:00:00,LONG,143.993185,145.5304957,47.352707,65.2555,0.957,TP,IS
1,S30b_MidWeek_MeanReversion,XMR_USDT_USDT,1H,TimeBased,2023-06-14 00:00:00,2023-06-14 16:00:00,LONG,136.54095,134.25951573,46.95926,-114.1286,-1.78,SL,IS
1,S30b_MidWeek_MeanReversion,XMR_USDT_USDT,1H,TimeBased,2023-06-14 17:00:00,2023-06-14 20:00:00,LONG,133.990185,131.9181443,51.219474,-113.6197,-1.6556,SL,IS
1,S30b_MidWeek_MeanReversion,XMR_USDT_USDT,1H,TimeBased,2023-06-14 21:00:00,2023-06-14 23:00:00,LONG,131.589465,133.38871156,40.466474,66.9117,1.2566,TP,IS
1,S30b_MidWeek_MeanReversion,XMR_USDT_USDT,1H,TimeBased,2023-06-20 10:00:00,2023-06-20 16:00:00,SHORT,140.207925,142.22449091,52.501908,-114.0291,-1.5491,SL,IS
1,S30b_MidWeek_MeanReversion,XMR_USDT_USDT,1H,TimeBased,2023-06-20 17:00:00,2023-06-20 21:00:00,SHORT,142.35728,140.85478366,47.465491,63.9232,0.946,TP,IS
1,S30b_MidWeek_MeanReversion,XMR_USDT_USDT,1H,TimeBased,2023-06-21 01:00:00,2023-06-21 16:00:00,SHORT,143.007085,145.33043647,45.23845,-112.279,-1.7355,SL,IS
1,S30b_MidWeek_MeanReversion,XMR_USDT_USDT,1H,TimeBased,2023-06-27 07:00:00,2023-06-28 12:00:00,SHORT,167.74966,165.0232965,26.714042,67.9428,1.5162,TP,IS
1,S30b_MidWeek_MeanReversion,XMR_USDT_USDT,1H,TimeBased,2023-07-05 00:00:00,2023-07-05 10:00:00,LONG,165.94977,163.46499405,42.159862,-112.3963,-1.6065,SL,IS
1,S30b_MidWeek_MeanReversion,XMR_USDT_USDT,1H,TimeBased,2023-07-05 11:00:00,2023-07-05 13:00:00,LONG,162.44872,164.22082221,39.952046,63.621,0.9803,TP,IS
1,S30b_MidWeek_MeanReversion,XMR_USDT_USDT,1H,TimeBased,2023-07-05 17:00:00,2023-07-06 14:00:00,SHORT,167.699675,165.57721157,33.913715,65.7642,1.1563,TP,IS
1,S30b_MidWeek_MeanReversion,XMR_USDT_USDT,1H,TimeBased,2023-07-11 08:00:00,2023-07-11 18:00:00,LONG,163.198945,164.40820614,57.388553,59.0573,0.6306,TP,IS
1,S30b_MidWeek_MeanReversion,XMR_USDT_USDT,1H,TimeBased,2023-07-18 01:00:00,2023-07-18 06:00:00,SHORT,168.24951,166.50981363,41.314139,64.2674,0.9246,TP,IS
1,S30b_MidWeek_MeanReversion,XMR_USDT_USDT,1H,TimeBased,2023-07-18 13:00:00,2023-07-18 18:00:00,LONG,164.599365,166.3951382,40.40671,65.2054,0.9804,TP,IS
1,S30b_MidWeek_MeanReversion,XMR_USDT_USDT,1H,TimeBased,2023-07-19 01:00:00,2023-07-19 07:00:00,SHORT,167.899615,170.23729152,45.807722,-115.6027,-1.5031,SL,IS
1,S30b_MidWeek_MeanReversion,XMR_USDT_USDT,1H,TimeBased,2023-07-19 08:00:00,2023-07-19 10:00:00,SHORT,169.44915,168.0111478,49.253663,61.6852,0.7391,TP,IS
1,S30b_MidWeek_MeanReversion,XMR_USDT_USDT,1H,TimeBased,2023-07-19 23:00:00,2023-07-20 07:00:00,LONG,165.44962,167.06823262,44.517562,63.9151,0.8678,TP,IS
1,S30b_MidWeek_MeanReversion,XMR_USDT_USDT,1H,TimeBased,2023-07-25 14:00:00,2023-07-25 17:00:00,SHORT,162.701175,161.39757526,54.703635,61.5605,0.6917,TP,IS
1,S30b_MidWeek_MeanReversion,XMR_USDT_USDT,1H,TimeBased,2023-08-01 09:00:00,2023-08-01 10:00:00,SHORT,163.101055,161.66167858,50.26669,63.3741,0.773,TP,IS
1,S30b_MidWeek_MeanReversion,XMR_USDT_USDT,1H,TimeBased,2023-08-01 13:00:00,2023-08-01 14:00:00,LONG,158.94767,160.5837567,45.013694,65.7355,0.9188,TP,IS
1,S30b_MidWeek_MeanReversion,XMR_USDT_USDT,1H,TimeBased,2023-08-08 17:00:00,2023-08-09 00:00:00,SHORT,159.55212,158.7722924,66.907014,40.462,0.379,TP,IS
1,S30b_MidWeek_MeanReversion,XMR_USDT_USDT,1H,TimeBased,2023-08-09 18:00:00,2023-08-10 05:00:00,LONG,157.497235,156.17328639,68.036863,-101.8149,-0.9502,SL,IS
1,S30b_MidWeek_MeanReversion,XMR_USDT_USDT,1H,TimeBased,2023-08-15 14:00:00,2023-08-15 19:00:00,LONG,157.64728,156.60175006,67.326267,-82.0281,-0.7728,SL,IS
1,S30b_MidWeek_MeanReversion,XMR_USDT_USDT,1H,TimeBased,2023-08-15 20:00:00,2023-08-16 08:00:00,LONG,155.14653,155.92129581,67.882761,40.9794,0.3891,TP,IS
1,S30b_MidWeek_MeanReversion,XMR_USDT_USDT,1H,TimeBased,2023-08-16 21:00:00,2023-08-17 12:00:00,LONG,153.696095,151.65937732,53.097234,-117.0615,-1.4344,SL,IS
1,S30b_MidWeek_MeanReversion,XMR_USDT_USDT,1H,TimeBased,2023-08-22 01:00:00,2023-08-22 14:00:00,SHORT,149.15524,148.00297086,61.504715,60.8178,0.663,TP,IS
1,S30b_MidWeek_MeanReversion,XMR_USDT_USDT,1H,TimeBased,2023-08-22 15:00:00,2023-08-22 17:00:00,LONG,147.594265,145.98499649,67.17841,-118.9553,-1.1997,SL,IS
1,S30b_MidWeek_MeanReversion,XMR_USDT_USDT,1H,TimeBased,2023-08-22 18:00:00,2023-08-22 21:00:00,LONG,146.093815,144.19227412,55.95287,-115.33,-1.4109,SL,IS
1,S30b_MidWeek_MeanReversion,XMR_USDT_USDT,1H,TimeBased,2023-08-22 22:00:00,2023-08-22 23:00:00,LONG,143.94317,145.39188103,49.185038,63.4279,0.8959,TP,IS
1,S30b_MidWeek_MeanReversion,XMR_USDT_USDT,1H,TimeBased,2023-08-23 00:00:00,2023-08-23 12:00:00,LONG,145.393605,143.22588686,48.691442,-113.2786,-1.6001,SL,IS
1,S30b_MidWeek_MeanReversion,XMR_USDT_USDT,1H,TimeBased,2023-08-23 13:00:00,2023-08-23 21:00:00,LONG,142.692795,144.01795411,53.172918,62.0777,0.8182,TP,IS
1,S30b_MidWeek_MeanReversion,XMR_USDT_USDT,1H,TimeBased,2023-08-29 15:00:00,2023-08-29 15:00:00,SHORT,147.45575,145.96857896,48.003646,63.6426,0.8991,TP,IS
1,S30b_MidWeek_MeanReversion,XMR_USDT_USDT,1H,TimeBased,2023-08-29 22:00:00,2023-08-30 09:00:00,SHORT,147.15584,145.56382727,45.352034,64.8995,0.9724,TP,IS
1,S30b_MidWeek_MeanReversion,XMR_USDT_USDT,1H,TimeBased,2023-08-30 11:00:00,2023-08-30 11:00:00,LONG,144.393305,142.26698524,50.023325,-114.2524,-1.5818,SL,IS
1,S30b_MidWeek_MeanReversion,XMR_USDT_USDT,1H,TimeBased,2023-08-30 12:00:00,2023-08-31 02:00:00,LONG,141.892555,143.5653559,43.184496,65.459,1.0683,TP,IS
1,S30b_MidWeek_MeanReversion,XMR_USDT_USDT,1H,TimeBased,2023-09-05 01:00:00,2023-09-05 12:00:00,LONG,140.692195,139.2143976,72.242705,-117.8817,-1.1598,SL,IS
1,S30b_MidWeek_MeanReversion,XMR_USDT_USDT,1H,TimeBased,2023-09-05 21:00:00,2023-09-06 07:00:00,LONG,138.44152,139.60913117,59.994077,60.875,0.7329,TP,IS
1,S30b_MidWeek_MeanReversion,XMR_USDT_USDT,1H,TimeBased,2023-09-06 21:00:00,2023-09-08 11:00:00,SHORT,142.207325,140.58484172,44.487863,65.2614,1.0316,TP,IS
1,S30b_MidWeek_MeanReversion,XMR_USDT_USDT,1H,TimeBased,2023-09-12 04:00:00,2023-09-12 09:00:00,SHORT,141.65749,140.31485296,53.367014,63.3761,0.8383,TP,IS
1,S30b_MidWeek_MeanReversion,XMR_USDT_USDT,1H,TimeBased,2023-09-12 11:00:00,2023-09-12 13:00:00,SHORT,142.65719,141.23233633,50.802352,64.4537,0.8893,TP,IS
1,S30b_MidWeek_MeanReversion,XMR_USDT_USDT,1H,TimeBased,2023-09-12 14:00:00,2023-09-12 17:00:00,SHORT,142.207325,140.80760301,51.975097,64.6603,0.8748,TP,IS
1,S30b_MidWeek_MeanReversion,XMR_USDT_USDT,1H,TimeBased,2023-09-13 09:00:00,2023-09-14 14:00:00,SHORT,143.306995,145.42384108,51.007054,-116.0741,-1.588,SL,IS
1,S30b_MidWeek_MeanReversion,XMR_USDT_USDT,1H,TimeBased,2023-09-19 09:00:00,2023-09-19 17:00:00,SHORT,147.45575,146.55022776,70.928882,52.7582,0.5044,TP,IS
1,S30b_MidWeek_MeanReversion,XMR_USDT_USDT,1H,TimeBased,2023-09-20 06:00:00,2023-09-20 08:00:00,LONG,146.293875,147.26500695,71.852836,58.1774,0.5535,TP,IS
1,S30b_MidWeek_MeanReversion,XMR_USDT_USDT,1H,TimeBased,2023-09-26 13:00:00,2023-09-26 19:00:00,LONG,143.64308,144.35410247,73.583825,40.6642,0.3847,TP,IS
1,S30b_MidWeek_MeanReversion,XMR_USDT_USDT,1H,TimeBased,2023-09-27 11:00:00,2023-09-27 14:00:00,SHORT,145.35638,144.61601691,72.996255,42.4019,0.3996,TP,IS
1,S30b_MidWeek_MeanReversion,XMR_USDT_USDT,1H,TimeBased,2023-09-27 20:00:00,2023-09-27 20:00:00,SHORT,146.05617,145.20070924,72.936825,50.7107,0.476,TP,IS
1,S30b_MidWeek_MeanReversion,XMR_USDT_USDT,1H,TimeBased,2023-09-27 23:00:00,2023-09-28 18:00:00,SHORT,146.506035,145.62638623,73.058998,52.5277,0.4907,TP,IS
1,S30b_MidWeek_MeanReversion,XMR_USDT_USDT,1H,TimeBased,2023-10-03 01:00:00,2023-10-03 06:00:00,LONG,145.84374,147.10661565,58.306467,64.2393,0.7554,TP,IS
1,S30b_MidWeek_MeanReversion,XMR_USDT_USDT,1H,TimeBased,2023-10-04 04:00:00,2023-10-04 06:00:00,SHORT,147.805645,146.68126883,65.13112,62.6827,0.6511,TP,IS
1,S30b_MidWeek_MeanReversion,XMR_USDT_USDT,1H,TimeBased,2023-10-04 10:00:00,2023-10-04 23:00:00,SHORT,148.405465,150.17095207,63.256928,-122.0672,-1.3003,SL,IS
1,S30b_MidWeek_MeanReversion,XMR_USDT_USDT,1H,TimeBased,2023-10-05 00:00:00,2023-10-05 01:00:00,SHORT,150.204925,149.15058168,68.514637,60.9573,0.5923,TP,IS
1,S30b_MidWeek_MeanReversion,XMR_USDT_USDT,1H,TimeBased,2023-10-12 00:00:00,2023-10-12 01:00:00,SHORT,153.803845,152.52266756,57.657814,64.1557,0.7235,TP,IS
1,S30b_MidWeek_MeanReversion,XMR_USDT_USDT,1H,TimeBased,2023-10-17 13:00:00,2023-10-17 15:00:00,LONG,150.395105,151.24612561,72.383205,49.591,0.4555,TP,IS
1,S30b_MidWeek_MeanReversion,XMR_USDT_USDT,1H,TimeBased,2023-10-17 19:00:00,2023-10-17 21:00:00,LONG,149.694895,150.69122748,73.053064,60.7159,0.5552,TP,IS
1,S30b_MidWeek_MeanReversion,XMR_USDT_USDT,1H,TimeBased,2023-10-17 22:00:00,2023-10-17 23:00:00,LONG,149.494835,150.59700929,67.279329,63.0491,0.6269,TP,IS
1,S30b_MidWeek_MeanReversion,XMR_USDT_USDT,1H,TimeBased,2023-10-18 06:00:00,2023-10-18 08:00:00,SHORT,151.9544,150.79504117,64.580205,64.1182,0.6534,TP,IS
1,S30b_MidWeek_MeanReversion,XMR_USDT_USDT,1H,TimeBased,2023-10-18 21:00:00,2023-10-19 01:00:00,LONG,149.794925,148.11799399,68.138895,-125.4289,-1.2289,SL,IS
1,S30b_MidWeek_MeanReversion,XMR_USDT_USDT,1H,TimeBased,2023-10-24 01:00:00,2023-10-24 05:00:00,SHORT,162.45125,160.53356817,40.21468,69.9752,1.0711,TP,IS
1,S30b_MidWeek_MeanReversion,XMR_USDT_USDT,1H,TimeBased,2023-10-25 08:00:00,2023-10-25 11:00:00,LONG,155.24656,157.39143648,36.510902,72.0333,1.2708,TP,IS
1,S30b_MidWeek_MeanReversion,XMR_USDT_USDT,1H,TimeBased,2023-11-07 08:00:00,2023-11-07 09:00:00,SHORT,167.9496,166.07777785,41.571167,70.1766,1.0051,TP,IS
1,S30b_MidWeek_MeanReversion,XMR_USDT_USDT,1H,TimeBased,2023-11-07 17:00:00,2023-11-07 18:00:00,LONG,162.84884,164.99974678,36.780977,72.4802,1.2101,TP,IS
1,S30b_MidWeek_MeanReversion,XMR_USDT_USDT,1H,TimeBased,2023-11-14 01:00:00,2023-11-14 03:00:00,LONG,161.64848,164.05127176,33.356536,74.1735,1.3756,TP,IS
1,S30b_MidWeek_MeanReversion,XMR_USDT_USDT,1H,TimeBased,2023-11-14 19:00:00,2023-11-14 19:00:00,LONG,160.54815,163.15011771,31.141248,75.4843,1.5098,TP,IS
1,S30b_MidWeek_MeanReversion,XMR_USDT_USDT,1H,TimeBased,2023-11-15 11:00:00,2023-11-15 14:00:00,SHORT,165.75026,164.04316014,46.51514,70.9688,0.9205,TP,IS
1,S30b_MidWeek_MeanReversion,XMR_USDT_USDT,1H,TimeBased,2023-11-15 22:00:00,2023-11-16 00:00:00,LONG,160.34809,162.5532066,36.900602,74.8167,1.2644,TP,IS
1,S30b_MidWeek_MeanReversion,XMR_USDT_USDT,1H,TimeBased,2023-11-21 18:00:00,2023-11-21 22:00:00,LONG,162.14863,159.00414339,37.388084,-124.1703,-2.0482,SL,IS
1,S30b_MidWeek_MeanReversion,XMR_USDT_USDT,1H,TimeBased,2023-11-21 23:00:00,2023-11-22 04:00:00,LONG,158.597565,161.09315496,32.698849,75.8535,1.4627,TP,IS
1,S30b_MidWeek_MeanReversion,XMR_USDT_USDT,1H,TimeBased,2023-11-28 06:00:00,2023-11-28 15:00:00,LONG,164.499335,166.14723323,48.46964,71.0586,0.8912,TP,IS
1,S30b_MidWeek_MeanReversion,XMR_USDT_USDT,1H,TimeBased,2023-11-28 20:00:00,2023-11-29 10:00:00,SHORT,167.499735,166.04441356,54.615662,69.4641,0.7593,TP,IS
1,S30b_MidWeek_MeanReversion,XMR_USDT_USDT,1H,TimeBased,2023-12-05 23:00:00,2023-12-05 23:00:00,SHORT,172.298295,170.58483176,47.182341,71.9473,0.885,TP,IS
1,S30b_MidWeek_MeanReversion,XMR_USDT_USDT,1H,TimeBased,2023-12-06 08:00:00,2023-12-06 10:00:00,SHORT,173.627896,171.66930697,41.91202,74.1288,1.0187,TP,IS
1,S30b_MidWeek_MeanReversion,XMR_USDT_USDT,1H,TimeBased,2023-12-13 02:00:00,2023-12-15 10:00:00,LONG,168.370496,170.69902348,35.90743,76.9151,1.2722,TP,IS
1,S30b_MidWeek_MeanReversion,XMR_USDT_USDT,1H,TimeBased,2023-12-19 01:00:00,2023-12-19 09:00:00,SHORT,174.097755,172.23135018,44.389791,74.3939,0.9626,TP,IS
1,S30b_MidWeek_MeanReversion,XMR_USDT_USDT,1H,TimeBased,2023-12-19 14:00:00,2023-12-20 00:00:00,LONG,170.721201,172.64350273,43.493802,75.3944,1.0154,TP,IS
1,S30b_MidWeek_MeanReversion,XMR_USDT_USDT,1H,TimeBased,2023-12-20 04:00:00,2023-12-21 08:00:00,SHORT,173.317989,175.88172153,47.962152,-132.1737,-1.59,SL,IS
1,S30b_MidWeek_MeanReversion,XMR_USDT_USDT,1H,TimeBased,2023-12-26 05:00:00,2023-12-26 05:00:00,SHORT,175.817239,174.31528384,54.254035,71.0393,0.7447,TP,IS
1,S30b_MidWeek_MeanReversion,XMR_USDT_USDT,1H,TimeBased,2023-12-26 11:00:00,2023-12-26 15:00:00,SHORT,176.187128,174.1220667,40.666711,76.144,1.0627,TP,IS
1,S30b_MidWeek_MeanReversion,XMR_USDT_USDT,1H,TimeBased,2024-01-02 01:00:00,2024-01-02 01:00:00,SHORT,170.268904,168.75782856,54.773427,72.5535,0.778,TP,IS
1,S30b_MidWeek_MeanReversion,XMR_USDT_USDT,1H,TimeBased,2024-01-02 02:00:00,2024-01-02 06:00:00,SHORT,168.739363,171.12667374,51.929981,-133.6801,-1.5256,SL,IS
1,S30b_MidWeek_MeanReversion,XMR_USDT_USDT,1H,TimeBased,2024-01-02 07:00:00,2024-01-02 09:00:00,SHORT,171.708472,174.20287896,49.124927,-131.8836,-1.5635,SL,IS
1,S30b_MidWeek_MeanReversion,XMR_USDT_USDT,1H,TimeBased,2024-01-02 10:00:00,2024-01-02 14:00:00,SHORT,173.627896,171.79697123,45.089058,73.9885,0.9451,TP,IS
1,S30b_MidWeek_MeanReversion,XMR_USDT_USDT,1H,TimeBased,2024-01-02 18:00:00,2024-01-03 11:00:00,LONG,168.730604,165.73494818,40.527933,-128.8631,-1.8844,SL,IS
1,S30b_MidWeek_MeanReversion,XMR_USDT_USDT,1H,TimeBased,2024-01-03 12:00:00,2024-01-03 12:00:00,LONG,164.389302,161.14589721,36.964543,-126.5093,-2.0819,SL,IS
1,S30b_MidWeek_MeanReversion,XMR_USDT_USDT,1H,TimeBased,2024-01-03 13:00:00,2024-01-03 18:00:00,LONG,160.168036,153.02731527,16.468169,-120.4314,-4.5658,SL,IS
1,S30b_MidWeek_MeanReversion,XMR_USDT_USDT,1H,TimeBased,2024-01-03 19:00:00,2024-01-04 11:00:00,LONG,153.476029,158.59145465,16.53941,81.7673,3.2212,TP,IS
1,S30b_MidWeek_MeanReversion,XMR_USDT_USDT,1H,TimeBased,2024-01-09 01:00:00,2024-01-10 11:00:00,LONG,145.84374,149.39168717,23.802422,80.5847,2.3214,TP,IS
1,S30b_MidWeek_MeanReversion,XMR_USDT_USDT,1H,TimeBased,2024-01-10 12:00:00,2024-01-10 12:00:00,SHORT,148.995288,146.71824924,36.653873,77.5008,1.4191,TP,IS
1,S30b_MidWeek_MeanReversion,XMR_USDT_USDT,1H,TimeBased,2024-01-10 16:00:00,2024-01-10 19:00:00,SHORT,149.974994,147.34186911,32.119746,79.3229,1.6467,TP,IS
1,S30b_MidWeek_MeanReversion,XMR_USDT_USDT,1H,TimeBased,2024-01-16 01:00:00,2024-01-16 13:00:00,SHORT,158.75236,156.26182357,34.00501,78.7991,1.4597,TP,IS
1,S30b_MidWeek_MeanReversion,XMR_USDT_USDT,1H,TimeBased,2024-01-16 18:00:00,2024-01-16 20:00:00,LONG,154.376299,156.69221598,36.706926,78.7301,1.3894,TP,IS
1,S30b_MidWeek_MeanReversion,XMR_USDT_USDT,1H,TimeBased,2024-01-17 06:00:00,2024-01-17 10:00:00,SHORT,159.522129,157.31409722,38.606817,78.5175,1.2749,TP,IS
1,S30b_MidWeek_MeanReversion,XMR_USDT_USDT,1H,TimeBased,2024-01-23 09:00:00,2024-01-24 05:00:00,LONG,150.095015,152.88680762,31.164509,81.8116,1.749,TP,IS
1,S30b_MidWeek_MeanReversion,XMR_USDT_USDT,1H,TimeBased,2024-01-24 06:00:00,2024-01-24 14:00:00,SHORT,154.463647,151.72242834,31.906694,82.0901,1.6656,TP,IS
1,S30b_MidWeek_MeanReversion,XMR_USDT_USDT,1H,TimeBased,2024-01-30 07:00:00,2024-01-30 08:00:00,SHORT,171.358577,168.59964723,31.770801,81.713,1.5009,TP,IS
1,S30b_MidWeek_MeanReversion,XMR_USDT_USDT,1H,TimeBased,2024-01-30 13:00:00,2024-01-30 23:00:00,LONG,163.779119,159.61095479,30.00835,-130.4172,-2.6536,SL,IS
1,S30b_MidWeek_MeanReversion,XMR_USDT_USDT,1H,TimeBased,2024-01-31 00:00:00,2024-01-31 06:00:00,LONG,160.358093,162.87618399,34.609253,80.9965,1.4594,TP,IS
1,S30b_MidWeek_MeanReversion,XMR_USDT_USDT,1H,TimeBased,2024-01-31 17:00:00,2024-02-02 15:00:00,SHORT,165.730266,169.96706061,29.420329,-130.0799,-2.6678,SL,IS
1,S30b_MidWeek_MeanReversion,XMR_USDT_USDT,1H,TimeBased,2024-02-06 08:00:00,2024-02-06 08:00:00,LONG,147.84434,142.89094241,24.813555,-126.8792,-3.4586,SL,IS
1,S30b_MidWeek_MeanReversion,XMR_USDT_USDT,1H,TimeBased,2024-02-06 09:00:00,2024-02-06 09:00:00,LONG,142.652783,136.97030324,21.373969,-124.7443,-4.0912,SL,IS
1,S30b_MidWeek_MeanReversion,XMR_USDT_USDT,1H,TimeBased,2024-02-06 10:00:00,2024-02-06 12:00:00,LONG,139.011691,132.7686065,19.236902,-122.9731,-4.5986,SL,IS
1,S30b_MidWeek_MeanReversion,XMR_USDT_USDT,1H,TimeBased,2024-02-06 13:00:00,2024-02-06 13:00:00,LONG,132.949873,125.69743708,16.36952,-121.0476,-5.562,SL,IS
1,S30b_MidWeek_MeanReversion,XMR_USDT_USDT,1H,TimeBased,2024-02-06 14:00:00,2024-02-06 15:00:00,LONG,124.83744,116.48983179,14.061814,-119.2489,-6.7931,SL,IS
1,S30b_MidWeek_MeanReversion,XMR_USDT_USDT,1H,TimeBased,2024-02-06 16:00:00,2024-02-06 17:00:00,LONG,119.475832,109.17126624,11.263694,-117.484,-8.7301,SL,IS
1,S30b_MidWeek_MeanReversion,XMR_USDT_USDT,1H,TimeBased,2024-02-06 18:00:00,2024-02-07 02:00:00,LONG,107.222157,115.44698572,10.328923,83.6887,7.5566,TP,IS
1,S30b_MidWeek_MeanReversion,XMR_USDT_USDT,1H,TimeBased,2024-02-07 07:00:00,2024-02-08 07:00:00,SHORT,129.081264,119.77134381,9.19097,84.3092,7.1064,TP,IS
1,S30b_MidWeek_MeanReversion,XMR_USDT_USDT,1H,TimeBased,2024-02-13 05:00:00,2024-02-13 06:00:00,SHORT,126.701978,123.54115356,26.697808,80.7126,2.3861,TP,IS
1,S30b_MidWeek_MeanReversion,XMR_USDT_USDT,1H,TimeBased,2024-02-14 04:00:00,2024-02-14 18:00:00,SHORT,129.341186,126.62472969,31.093888,80.0878,1.9914,TP,IS
1,S30b_MidWeek_MeanReversion,XMR_USDT_USDT,1H,TimeBased,2024-02-20 01:00:00,2024-02-20 02:00:00,LONG,113.624077,116.76877496,27.276476,82.3199,2.6561,TP,IS
1,S30b_MidWeek_MeanReversion,XMR_USDT_USDT,1H,TimeBased,2024-02-20 11:00:00,2024-02-20 15:00:00,SHORT,120.413865,117.15083798,26.46997,82.9136,2.6013,TP,IS
1,S30b_MidWeek_MeanReversion,XMR_USDT_USDT,1H,TimeBased,2024-02-20 20:00:00,2024-02-21 07:00:00,SHORT,124.082764,120.50848178,24.376503,83.8492,2.7721,TP,IS
1,S30b_MidWeek_MeanReversion,XMR_USDT_USDT,1H,TimeBased,2024-02-21 10:00:00,2024-02-21 23:00:00,LONG,118.755616,121.89735608,27.842215,83.7878,2.5341,TP,IS
1,S30b_MidWeek_MeanReversion,XMR_USDT_USDT,1H,TimeBased,2024-02-22 00:00:00,2024-02-25 22:00:00,SHORT,123.133049,126.7831804,33.537291,-127.0254,-3.076,SL,IS
1,S30b_MidWeek_MeanReversion,XMR_USDT_USDT,1H,TimeBased,2024-02-27 01:00:00,2024-02-27 02:00:00,SHORT,135.979194,139.44456807,35.013347,-126.6383,-2.6599,SL,IS
1,S30b_MidWeek_MeanReversion,XMR_USDT_USDT,1H,TimeBased,2024-02-27 03:00:00,2024-02-27 03:00:00,SHORT,140.567817,137.22693016,25.739667,82.0606,2.268,TP,IS
1,S30b_MidWeek_MeanReversion,XMR_USDT_USDT,1H,TimeBased,2024-02-27 08:00:00,2024-02-27 10:00:00,SHORT,139.997988,136.1435514,22.56815,83.5599,2.6447,TP,IS
1,S30b_MidWeek_MeanReversion,XMR_USDT_USDT,1H,TimeBased,2024-02-28 21:00:00,2024-02-29 06:00:00,LONG,135.050503,138.45016765,25.681246,83.4445,2.4059,TP,IS
1,S30b_MidWeek_MeanReversion,XMR_USDT_USDT,1H,TimeBased,2024-03-05 17:00:00,2024-03-05 19:00:00,LONG,142.862846,137.95287505,24.872655,-125.9656,-3.545,SL,IS
1,S30b_MidWeek_MeanReversion,XMR_USDT_USDT,1H,TimeBased,2024-03-05 20:00:00,2024-03-06 01:00:00,LONG,138.301478,143.30052687,17.572308,85.1232,3.5026,TP,IS
1,S30b_MidWeek_MeanReversion,XMR_USDT_USDT,1H,TimeBased,2024-03-06 03:00:00,2024-03-06 04:00:00,LONG,138.731607,143.63631262,18.02853,85.6248,3.4234,TP,IS
1,S30b_MidWeek_MeanReversion,XMR_USDT_USDT,1H,TimeBased,2024-03-06 09:00:00,2024-03-06 12:00:00,SHORT,150.05497,145.65332138,20.148964,85.4116,2.825,TP,IS
1,S30b_MidWeek_MeanReversion,XMR_USDT_USDT,1H,TimeBased,2024-03-13 23:00:00,2024-03-14 12:00:00,SHORT,150.094958,147.70650003,36.549581,81.3107,1.4822,TP,IS
1,S30b_MidWeek_MeanReversion,XMR_USDT_USDT,1H,TimeBased,2024-03-19 02:00:00,2024-03-19 04:00:00,LONG,136.030797,138.92928709,30.683943,84.2968,2.0196,TP,IS
1,S30b_MidWeek_MeanReversion,XMR_USDT_USDT,1H,TimeBased,2024-03-19 09:00:00,2024-03-19 17:00:00,LONG,132.769819,136.32433817,25.385106,86.4748,2.5657,TP,IS
1,S30b_MidWeek_MeanReversion,XMR_USDT_USDT,1H,TimeBased,2024-03-20 06:00:00,2024-03-20 06:00:00,LONG,130.259066,134.24731818,22.867955,87.8764,2.9501,TP,IS
1,S30b_MidWeek_MeanReversion,XMR_USDT_USDT,1H,TimeBased,2024-03-20 19:00:00,2024-03-22 12:00:00,SHORT,140.767757,136.98473935,24.203761,87.8658,2.5789,TP,IS
1,S30b_MidWeek_MeanReversion,XMR_USDT_USDT,1H,TimeBased,2024-03-26 07:00:00,2024-03-26 16:00:00,LONG,140.272069,137.86841476,53.623805,-137.0963,-1.8226,SL,IS
1,S30b_MidWeek_MeanReversion,XMR_USDT_USDT,1H,TimeBased,2024-03-26 17:00:00,2024-03-26 19:00:00,LONG,138.401508,135.7651486,48.275041,-134.5498,-2.0138,SL,IS
1,S30b_MidWeek_MeanReversion,XMR_USDT_USDT,1H,TimeBased,2024-03-26 20:00:00,2024-03-27 02:00:00,LONG,135.560656,137.58739731,43.459937,81.553,1.3843,TP,IS
1,S30b_MidWeek_MeanReversion,XMR_USDT_USDT,1H,TimeBased,2024-04-02 03:00:00,2024-04-03 02:00:00,LONG,119.885955,123.10751399,28.174722,87.0011,2.5757,TP,IS
1,S30b_MidWeek_MeanReversion,XMR_USDT_USDT,1H,TimeBased,2024-04-03 09:00:00,2024-04-03 17:00:00,SHORT,124.182734,127.3318706,40.387551,-132.7728,-2.6473,SL,IS
1,S30b_MidWeek_MeanReversion,XMR_USDT_USDT,1H,TimeBased,2024-04-03 18:00:00,2024-04-03 18:00:00,SHORT,127.36178,125.12780267,39.872271,83.5367,1.645,TP,IS
1,S30b_MidWeek_MeanReversion,XMR_USDT_USDT,1H,TimeBased,2024-04-03 23:00:00,2024-04-04 09:00:00,SHORT,128.111555,131.8773879,33.586091,-131.2822,-3.0511,SL,IS
1,S30b_MidWeek_MeanReversion,XMR_USDT_USDT,1H,TimeBased,2024-04-09 01:00:00,2024-04-09 01:00:00,SHORT,139.448153,137.31637301,41.349399,81.8536,1.4196,TP,IS
1,S30b_MidWeek_MeanReversion,XMR_USDT_USDT,1H,TimeBased,2024-04-09 12:00:00,2024-04-09 13:00:00,SHORT,138.148543,136.02192063,41.738441,82.468,1.4302,TP,IS
1,S30b_MidWeek_MeanReversion,XMR_USDT_USDT,1H,TimeBased,2024-04-09 19:00:00,2024-04-10 19:00:00,LONG,132.819834,135.09146541,39.511309,83.9331,1.5994,TP,IS
1,S30b_MidWeek_MeanReversion,XMR_USDT_USDT,1H,TimeBased,2024-04-10 20:00:00,2024-04-10 22:00:00,SHORT,136.678984,134.29789886,38.000553,84.8191,1.6331,TP,IS
1,S30b_MidWeek_MeanReversion,XMR_USDT_USDT,1H,TimeBased,2024-04-16 05:00:00,2024-04-16 06:00:00,LONG,118.325487,121.56741199,28.5516,88.795,2.6283,TP,IS
1,S30b_MidWeek_MeanReversion,XMR_USDT_USDT,1H,TimeBased,2024-04-16 11:00:00,2024-04-16 17:00:00,LONG,117.455226,120.71218866,28.6282,89.4909,2.6614,TP,IS
1,S30b_MidWeek_MeanReversion,XMR_USDT_USDT,1H,TimeBased,2024-04-17 04:00:00,2024-04-17 14:00:00,SHORT,123.46295,120.62705416,32.930523,88.9666,2.1882,TP,IS
1,S30b_MidWeek_MeanReversion,XMR_USDT_USDT,1H,TimeBased,2024-04-17 16:00:00,2024-04-18 07:00:00,LONG,118.83564,114.61879075,31.04438,-134.8956,-3.6565,SL,IS
1,S30b_MidWeek_MeanReversion,XMR_USDT_USDT,1H,TimeBased,2024-04-24 19:00:00,2024-04-25 18:00:00,LONG,119.045703,120.93677853,48.430609,85.1936,1.4777,TP,IS
1,S30b_MidWeek_MeanReversion,XMR_USDT_USDT,1H,TimeBased,2024-04-30 01:00:00,2024-04-30 04:00:00,SHORT,129.441156,126.85899551,36.087,88.0954,1.8859,TP,IS
1,S30b_MidWeek_MeanReversion,XMR_USDT_USDT,1H,TimeBased,2024-04-30 11:00:00,2024-04-30 12:00:00,LONG,122.876852,119.63635123,40.637097,-137.1048,-2.7457,SL,IS
1,S30b_MidWeek_MeanReversion,XMR_USDT_USDT,1H,TimeBased,2024-04-30 13:00:00,2024-05-01 20:00:00,LONG,119.595868,122.16184527,36.257487,88.2148,2.0344,TP,IS
1,S30b_MidWeek_MeanReversion,XMR_USDT_USDT,1H,TimeBased,2024-05-01 21:00:00,2024-05-02 18:00:00,SHORT,122.713175,120.32714894,39.131427,88.1378,1.8355,TP,IS
1,S30b_MidWeek_MeanReversion,XMR_USDT_USDT,1H,TimeBased,2024-05-07 15:00:00,2024-05-07 15:00:00,SHORT,133.06007,131.51836562,59.334976,82.8427,1.0493,TP,IS
1,S30b_MidWeek_MeanReversion,XMR_USDT_USDT,1H,TimeBased,2024-05-07 20:00:00,2024-05-08 02:00:00,LONG,128.468529,130.27953414,51.412527,85.7918,1.2989,TP,IS
1,S30b_MidWeek_MeanReversion,XMR_USDT_USDT,1H,TimeBased,2024-05-09 00:00:00,2024-05-09 10:00:00,SHORT,131.640496,129.89126386,53.425543,85.7688,1.2195,TP,IS
1,S30b_MidWeek_MeanReversion,XMR_USDT_USDT,1H,TimeBased,2024-05-14 15:00:00,2024-05-15 00:00:00,LONG,133.159936,131.02727335,63.612192,-144.9064,-1.7107,SL,IS
1,S30b_MidWeek_MeanReversion,XMR_USDT_USDT,1H,TimeBased,2024-05-15 01:00:00,2024-05-15 06:00:00,LONG,130.719204,132.25264011,60.171124,83.5658,1.0624,TP,IS
1,S30b_MidWeek_MeanReversion,XMR_USDT_USDT,1H,TimeBased,2024-05-15 14:00:00,2024-05-16 12:00:00,SHORT,134.039776,132.62336978,65.120707,82.6865,0.9473,TP,IS
1,S30b_MidWeek_MeanReversion,XMR_USDT_USDT,1H,TimeBased,2024-05-21 05:00:00,2024-05-21 06:00:00,SHORT,137.048873,139.10232317,66.298878,-146.2111,-1.6092,SL,IS
1,S30b_MidWeek_MeanReversion,XMR_USDT_USDT,1H,TimeBased,2024-05-21 07:00:00,2024-05-21 08:00:00,SHORT,138.738366,140.97172906,60.204652,-143.7208,-1.7207,SL,IS
1,S30b_MidWeek_MeanReversion,XMR_USDT_USDT,1H,TimeBased,2024-05-21 09:00:00,2024-05-21 09:00:00,SHORT,140.887721,139.30074292,57.470289,82.3477,1.017,TP,IS
1,S30b_MidWeek_MeanReversion,XMR_USDT_USDT,1H,TimeBased,2024-05-21 10:00:00,2024-05-21 15:00:00,SHORT,140.277904,138.49486085,51.876701,84.5444,1.1618,TP,IS
1,S30b_MidWeek_MeanReversion,XMR_USDT_USDT,1H,TimeBased,2024-05-21 19:00:00,2024-05-22 01:00:00,LONG,135.970779,138.02593248,45.715759,87.0636,1.4006,TP,IS
1,S30b_MidWeek_MeanReversion,XMR_USDT_USDT,1H,TimeBased,2024-05-28 02:00:00,2024-05-28 02:00:00,LONG,141.312381,142.5163816,75.523665,79.1409,0.7415,TP,IS
1,S30b_MidWeek_MeanReversion,XMR_USDT_USDT,1H,TimeBased,2024-05-28 09:00:00,2024-05-28 13:00:00,SHORT,144.486641,143.05966208,64.922933,82.3761,0.8782,TP,IS
1,S30b_MidWeek_MeanReversion,XMR_USDT_USDT,1H,TimeBased,2024-05-29 19:00:00,2024-05-29 19:00:00,LONG,140.042,138.03582139,68.523023,-147.9495,-1.5418,SL,IS
1,S30b_MidWeek_MeanReversion,XMR_USDT_USDT,1H,TimeBased,2024-05-29 20:00:00,2024-05-29 21:00:00,LONG,137.951373,139.54682807,58.408846,84.2741,1.0459,TP,IS
1,S30b_MidWeek_MeanReversion,XMR_USDT_USDT,1H,TimeBased,2024-06-04 02:00:00,2024-06-04 07:00:00,SHORT,157.692678,155.48604021,43.018876,87.5172,1.2901,TP,IS
1,S30b_MidWeek_MeanReversion,XMR_USDT_USDT,1H,TimeBased,2024-06-04 17:00:00,2024-06-04 18:00:00,SHORT,158.55242,156.53177709,47.028798,86.8785,1.1651,TP,IS
1,S30b_MidWeek_MeanReversion,XMR_USDT_USDT,1H,TimeBased,2024-06-04 22:00:00,2024-06-05 08:00:00,SHORT,159.372174,162.37497716,45.949,-146.107,-1.9952,SL,IS
1,S30b_MidWeek_MeanReversion,XMR_USDT_USDT,1H,TimeBased,2024-06-05 09:00:00,2024-06-05 19:00:00,SHORT,162.75116,165.55303178,48.788642,-145.5092,-1.8325,SL,IS
1,S30b_MidWeek_MeanReversion,XMR_USDT_USDT,1H,TimeBased,2024-06-11 16:00:00,2024-06-12 00:00:00,LONG,172.261663,176.44628224,23.016866,91.9024,2.3179,TP,IS
1,S30b_MidWeek_MeanReversion,XMR_USDT_USDT,1H,TimeBased,2024-06-12 07:00:00,2024-06-12 08:00:00,SHORT,178.64639,174.723589,24.651093,91.9103,2.0871,TP,IS
1,S30b_MidWeek_MeanReversion,XMR_USDT_USDT,1H,TimeBased,2024-06-18 12:00:00,2024-06-21 01:00:00,LONG,170.221051,173.05676794,33.925258,89.7972,1.555,TP,IS
1,S30b_MidWeek_MeanReversion,XMR_USDT_USDT,1H,TimeBased,2024-06-25 07:00:00,2024-06-25 13:00:00,SHORT,163.031076,160.59547096,39.569213,89.3319,1.3848,TP,IS
1,S30b_MidWeek_MeanReversion,XMR_USDT_USDT,1H,TimeBased,2024-06-26 03:00:00,2024-06-28 13:00:00,SHORT,164.840533,167.81179586,46.714996,-147.3495,-1.9135,SL,IS
1,S30b_MidWeek_MeanReversion,XMR_USDT_USDT,1H,TimeBased,2024-07-02 01:00:00,2024-07-02 01:00:00,LONG,167.420211,169.21878396,52.256997,84.3126,0.9637,TP,IS
1,S30b_MidWeek_MeanReversion,XMR_USDT_USDT,1H,TimeBased,2024-07-03 06:00:00,2024-07-03 07:00:00,SHORT,170.428856,168.97911539,64.069721,80.9243,0.7411,TP,IS
1,S30b_MidWeek_MeanReversion,XMR_USDT_USDT,1H,TimeBased,2024-07-03 10:00:00,2024-07-04 01:00:00,LONG,166.599965,164.17074563,57.40882,-149.9027,-1.5673,SL,IS
1,S30b_MidWeek_MeanReversion,XMR_USDT_USDT,1H,TimeBased,2024-07-10 20:00:00,2024-07-10 21:00:00,SHORT,157.482741,155.63967754,51.382161,85.8517,1.061,TP,IS
1,S30b_MidWeek_MeanReversion,XMR_USDT_USDT,1H,TimeBased,2024-07-16 03:00:00,2024-07-16 06:00:00,SHORT,160.901715,159.18810017,55.254782,84.9578,0.9556,TP,IS
1,S30b_MidWeek_MeanReversion,XMR_USDT_USDT,1H,TimeBased,2024-07-16 21:00:00,2024-07-17 02:00:00,SHORT,163.340983,161.29913252,47.164191,87.881,1.1407,TP,IS
1,S30b_MidWeek_MeanReversion,XMR_USDT_USDT,1H,TimeBased,2024-07-17 04:00:00,2024-07-17 08:00:00,SHORT,163.370974,161.48098619,51.026568,87.3227,1.0475,TP,IS
1,S30b_MidWeek_MeanReversion,XMR_USDT_USDT,1H,TimeBased,2024-07-17 16:00:00,2024-07-18 07:00:00,LONG,159.64788,161.46660058,53.278024,87.4882,1.0286,TP,IS
1,S30b_MidWeek_MeanReversion,XMR_USDT_USDT,1H,TimeBased,2024-07-23 04:00:00,2024-07-23 15:00:00,LONG,159.967976,161.59022784,59.611125,86.1616,0.9036,TP,IS
1,S30b_MidWeek_MeanReversion,XMR_USDT_USDT,1H,TimeBased,2024-07-24 14:00:00,2024-07-24 18:00:00,SHORT,163.430956,161.90816548,63.509233,85.3471,0.8223,TP,IS
1,S30b_MidWeek_MeanReversion,XMR_USDT_USDT,1H,TimeBased,2024-07-30 01:00:00,2024-07-30 09:00:00,LONG,160.528144,162.13728887,60.782344,87.0208,0.8919,TP,IS
1,S30b_MidWeek_MeanReversion,XMR_USDT_USDT,1H,TimeBased,2024-07-30 17:00:00,2024-07-30 19:00:00,LONG,156.64698,160.00189268,30.569394,97.2338,2.0305,TP,IS
1,S30b_MidWeek_MeanReversion,XMR_USDT_USDT,1H,TimeBased,2024-07-31 21:00:00,2024-07-31 23:00:00,LONG,155.94677,157.90143072,51.474792,91.7304,1.1427,TP,IS
1,S30b_MidWeek_MeanReversion,XMR_USDT_USDT,1H,TimeBased,2024-08-06 02:00:00,2024-08-07 17:00:00,SHORT,150.65479,145.77807975,21.593138,101.783,3.1288,TP,IS
1,S30b_MidWeek_MeanReversion,XMR_USDT_USDT,1H,TimeBased,2024-08-07 20:00:00,2024-08-08 02:00:00,LONG,147.014091,149.56794248,40.629143,97.1334,1.6262,TP,IS
1,S30b_MidWeek_MeanReversion,XMR_USDT_USDT,1H,TimeBased,2024-08-13 21:00:00,2024-08-14 02:00:00,LONG,148.224454,149.70003539,68.477661,89.8237,0.885,TP,IS
1,S30b_MidWeek_MeanReversion,XMR_USDT_USDT,1H,TimeBased,2024-08-14 13:00:00,2024-08-14 13:00:00,SHORT,151.314592,149.89408457,71.279445,89.4445,0.8293,TP,IS
1,S30b_MidWeek_MeanReversion,XMR_USDT_USDT,1H,TimeBased,2024-08-20 01:00:00,2024-08-20 05:00:00,SHORT,156.732966,154.80652908,53.908958,94.6151,1.1198,TP,IS
1,S30b_MidWeek_MeanReversion,XMR_USDT_USDT,1H,TimeBased,2024-08-20 09:00:00,2024-08-20 18:00:00,SHORT,159.202225,156.96330629,47.055172,97.1702,1.2971,TP,IS
1,S30b_MidWeek_MeanReversion,XMR_USDT_USDT,1H,TimeBased,2024-08-21 15:00:00,2024-08-21 17:00:00,LONG,156.907058,158.74456288,57.042462,94.9128,1.0604,TP,IS
1,S30b_MidWeek_MeanReversion,XMR_USDT_USDT,1H,TimeBased,2024-08-21 20:00:00,2024-08-21 22:00:00,SHORT,161.661487,159.69779313,53.872298,96.2669,1.1054,TP,IS
1,S30b_MidWeek_MeanReversion,XMR_USDT_USDT,1H,TimeBased,2024-08-21 23:00:00,2024-08-22 12:00:00,SHORT,161.191628,164.07027957,53.562703,-163.7704,-1.8968,SL,IS
1,S30b_MidWeek_MeanReversion,XMR_USDT_USDT,1H,TimeBased,2024-08-27 07:00:00,2024-08-27 10:00:00,LONG,163.419011,160.09551227,45.769214,-160.2578,-2.1426,SL,IS
1,S30b_MidWeek_MeanReversion,XMR_USDT_USDT,1H,TimeBased,2024-08-27 11:00:00,2024-08-27 18:00:00,LONG,160.328084,162.91235667,40.935491,98.5109,1.501,TP,IS
1,S30b_MidWeek_MeanReversion,XMR_USDT_USDT,1H,TimeBased,2024-08-27 22:00:00,2024-08-27 23:00:00,LONG,159.197745,155.35847091,39.364946,-157.9432,-2.5203,SL,IS
1,S30b_MidWeek_MeanReversion,XMR_USDT_USDT,1H,TimeBased,2024-08-28 00:00:00,2024-08-28 11:00:00,LONG,156.076809,159.09685883,35.174233,100.1306,1.8239,TP,IS
1,S30b_MidWeek_MeanReversion,XMR_USDT_USDT,1H,TimeBased,2024-09-03 01:00:00,2024-09-03 02:00:00,SHORT,170.998685,174.17369402,47.624165,-160.2484,-1.9678,SL,IS
1,S30b_MidWeek_MeanReversion,XMR_USDT_USDT,1H,TimeBased,2024-09-03 03:00:00,2024-09-03 04:00:00,SHORT,173.417959,171.1237082,45.282652,95.3088,1.2137,TP,IS
1,S30b_MidWeek_MeanReversion,XMR_USDT_USDT,1H,TimeBased,2024-09-03 06:00:00,2024-09-04 01:00:00,SHORT,173.158037,170.7626887,43.764596,96.5531,1.2741,TP,IS
1,S30b_MidWeek_MeanReversion,XMR_USDT_USDT,1H,TimeBased,2024-09-05 00:00:00,2024-09-05 04:00:00,LONG,170.681189,172.53075678,56.143137,93.2426,0.973,TP,IS
1,S30b_MidWeek_MeanReversion,XMR_USDT_USDT,1H,TimeBased,2024-09-10 11:00:00,2024-09-10 15:00:00,LONG,168.310478,170.05742523,59.627328,93.069,0.9274,TP,IS
1,S30b_MidWeek_MeanReversion,XMR_USDT_USDT,1H,TimeBased,2024-09-10 23:00:00,2024-09-11 13:00:00,LONG,166.880049,168.76449662,55.952564,95.1106,1.0186,TP,IS
1,S30b_MidWeek_MeanReversion,XMR_USDT_USDT,1H,TimeBased,2024-09-11 16:00:00,2024-09-11 20:00:00,SHORT,169.729066,172.58288284,54.192248,-164.8576,-1.7923,SL,IS
1,S30b_MidWeek_MeanReversion,XMR_USDT_USDT,1H,TimeBased,2024-09-11 21:00:00,2024-09-12 04:00:00,SHORT,173.537923,171.44084275,50.298854,95.9371,1.0991,TP,IS
1,S30b_MidWeek_MeanReversion,XMR_USDT_USDT,1H,TimeBased,2024-09-18 03:00:00,2024-09-18 07:00:00,SHORT,174.24771,172.74266294,68.777644,90.3877,0.7542,TP,IS
1,S30b_MidWeek_MeanReversion,XMR_USDT_USDT,1H,TimeBased,2024-09-24 01:00:00,2024-09-24 03:00:00,LONG,171.461423,169.2261688,69.611571,-168.6432,-1.4129,SL,IS
1,S30b_MidWeek_MeanReversion,XMR_USDT_USDT,1H,TimeBased,2024-09-24 04:00:00,2024-09-24 05:00:00,LONG,169.780919,167.29085937,61.633946,-164.8985,-1.5758,SL,IS
1,S30b_MidWeek_MeanReversion,XMR_USDT_USDT,1H,TimeBased,2024-09-24 06:00:00,2024-09-24 10:00:00,LONG,166.669986,168.57080608,54.70978,93.9059,1.0298,TP,IS
1,S30b_MidWeek_MeanReversion,XMR_USDT_USDT,1H,TimeBased,2024-09-24 12:00:00,2024-09-24 15:00:00,LONG,166.810028,168.76886706,53.528501,94.974,1.0636,TP,IS
1,S30b_MidWeek_MeanReversion,XMR_USDT_USDT,1H,TimeBased,2024-09-25 20:00:00,2024-09-26 08:00:00,LONG,166.009788,163.47468252,60.585245,-164.569,-1.6362,SL,IS
1,S30b_MidWeek_MeanReversion,XMR_USDT_USDT,1H,TimeBased,2024-10-01 04:00:00,2024-10-01 08:00:00,LONG,150.415111,152.67829195,46.788866,98.0919,1.3938,TP,IS
1,S30b_MidWeek_MeanReversion,XMR_USDT_USDT,1H,TimeBased,2024-10-01 17:00:00,2024-10-01 17:00:00,LONG,146.373899,142.3015538,37.212507,-157.4505,-2.8906,SL,IS
1,S30b_MidWeek_MeanReversion,XMR_USDT_USDT,1H,TimeBased,2024-10-01 18:00:00,2024-10-02 02:00:00,LONG,144.553353,147.94638801,31.675043,102.3788,2.236,TP,IS
1,S30b_MidWeek_MeanReversion,XMR_USDT_USDT,1H,TimeBased,2024-10-02 10:00:00,2024-10-02 19:00:00,LONG,141.732507,137.41155524,34.909411,-156.2015,-3.157,SL,IS
1,S30b_MidWeek_MeanReversion,XMR_USDT_USDT,1H,TimeBased,2024-10-02 20:00:00,2024-10-03 06:00:00,LONG,136.761016,139.90711468,34.013796,101.835,2.1892,TP,IS
1,S30b_MidWeek_MeanReversion,XMR_USDT_USDT,1H,TimeBased,2024-10-08 01:00:00,2024-10-08 02:00:00,LONG,144.193245,145.98607055,58.381659,95.3505,1.1327,TP,IS
1,S30b_MidWeek_MeanReversion,XMR_USDT_USDT,1H,TimeBased,2024-10-08 15:00:00,2024-10-08 19:00:00,SHORT,148.605405,151.06328243,62.096467,-162.8601,-1.7649,SL,IS
1,S30b_MidWeek_MeanReversion,XMR_USDT_USDT,1H,TimeBased,2024-10-08 20:00:00,2024-10-08 20:00:00,SHORT,151.114652,149.15465557,53.326768,95.7135,1.1877,TP,IS
1,S30b_MidWeek_MeanReversion,XMR_USDT_USDT,1H,TimeBased,2024-10-09 04:00:00,2024-10-09 05:00:00,SHORT,151.674484,154.55392882,52.64238,-160.4472,-2.0095,SL,IS
1,S30b_MidWeek_MeanReversion,XMR_USDT_USDT,1H,TimeBased,2024-10-09 06:00:00,2024-10-09 14:00:00,SHORT,153.723869,151.60296558,49.242224,96.1688,1.2704,TP,IS
1,S30b_MidWeek_MeanReversion,XMR_USDT_USDT,1H,TimeBased,2024-10-09 20:00:00,2024-10-10 04:00:00,LONG,148.94467,151.01566936,50.751407,96.7333,1.2797,TP,IS
1,S30b_MidWeek_MeanReversion,XMR_USDT_USDT,1H,TimeBased,2024-10-15 01:00:00,2024-10-15 11:00:00,SHORT,157.25281,155.60111932,62.943722,93.1329,0.9409,TP,IS
1,S30b_MidWeek_MeanReversion,XMR_USDT_USDT,1H,TimeBased,2024-10-15 19:00:00,2024-10-16 15:00:00,LONG,154.026194,156.04942845,52.441913,97.1588,1.2028,TP,IS
1,S30b_MidWeek_MeanReversion,XMR_USDT_USDT,1H,TimeBased,2024-10-16 16:00:00,2024-10-16 21:00:00,SHORT,158.282501,156.45581433,58.018224,95.9378,1.0447,TP,IS
1,S30b_MidWeek_MeanReversion,XMR_USDT_USDT,1H,TimeBased,2024-10-22 10:00:00,2024-10-22 10:00:00,SHORT,157.942603,156.3012248,64.501881,94.7239,0.9298,TP,IS
1,S30b_MidWeek_MeanReversion,XMR_USDT_USDT,1H,TimeBased,2024-10-29 07:00:00,2024-10-29 18:00:00,SHORT,164.190728,162.67092267,69.467527,93.0887,0.8161,TP,IS
1,S30b_MidWeek_MeanReversion,XMR_USDT_USDT,1H,TimeBased,2024-10-30 00:00:00,2024-10-30 04:00:00,LONG,162.608768,164.15854739,68.662584,94.0717,0.8425,TP,IS
1,S30b_MidWeek_MeanReversion,XMR_USDT_USDT,1H,TimeBased,2024-10-30 23:00:00,2024-10-31 06:00:00,LONG,161.698495,159.58492119,75.106561,-172.015,-1.4164,SL,IS
1,S30b_MidWeek_MeanReversion,XMR_USDT_USDT,1H,TimeBased,2024-11-05 16:00:00,2024-11-05 17:00:00,SHORT,162.521229,160.36541824,50.265126,99.4356,1.2172,TP,IS
1,S30b_MidWeek_MeanReversion,XMR_USDT_USDT,1H,TimeBased,2024-11-06 11:00:00,2024-11-07 14:00:00,SHORT,162.081361,165.24435561,49.598134,-165.8077,-2.0626,SL,IS
1,S30b_MidWeek_MeanReversion,XMR_USDT_USDT,1H,TimeBased,2024-11-12 01:00:00,2024-11-12 01:00:00,LONG,155.996785,158.78116338,39.319085,102.672,1.6739,TP,IS
1,S30b_MidWeek_MeanReversion,XMR_USDT_USDT,1H,TimeBased,2024-11-12 11:00:00,2024-11-12 12:00:00,LONG,153.035897,156.30298679,33.980926,105.2373,2.0237,TP,IS
1,S30b_MidWeek_MeanReversion,XMR_USDT_USDT,1H,TimeBased,2024-11-12 18:00:00,2024-11-12 18:00:00,LONG,151.495435,155.07695001,31.322791,106.9016,2.2528,TP,IS
1,S30b_MidWeek_MeanReversion,XMR_USDT_USDT,1H,TimeBased,2024-11-12 23:00:00,2024-11-13 03:00:00,LONG,151.94557,147.05356465,32.160611,-162.6187,-3.3278,SL,IS
1,S30b_MidWeek_MeanReversion,XMR_USDT_USDT,1H,TimeBased,2024-11-13 04:00:00,2024-11-13 06:00:00,LONG,146.073809,149.58738958,31.831918,106.6677,2.294,TP,IS
1,S30b_MidWeek_MeanReversion,XMR_USDT_USDT,1H,TimeBased,2024-11-13 07:00:00,2024-11-13 12:00:00,LONG,147.764316,151.39620109,31.029927,107.5915,2.3465,TP,IS
1,S30b_MidWeek_MeanReversion,XMR_USDT_USDT,1H,TimeBased,2024-11-19 18:00:00,2024-11-19 21:00:00,SHORT,161.291598,165.3253301,39.262349,-165.4269,-2.6123,SL,IS
1,S30b_MidWeek_MeanReversion,XMR_USDT_USDT,1H,TimeBased,2024-11-19 22:00:00,2024-11-20 03:00:00,SHORT,163.261007,159.95010893,33.698942,105.5832,1.9191,TP,IS
1,S30b_MidWeek_MeanReversion,XMR_USDT_USDT,1H,TimeBased,2024-11-26 01:00:00,2024-11-26 02:00:00,LONG,157.997385,153.76475891,37.221848,-163.9286,-2.7874,SL,IS
1,S30b_MidWeek_MeanReversion,XMR_USDT_USDT,1H,TimeBased,2024-11-26 03:00:00,2024-11-26 04:00:00,LONG,154.806428,157.9964677,34.845554,105.1638,1.9495,TP,IS
1,S30b_MidWeek_MeanReversion,XMR_USDT_USDT,1H,TimeBased,2024-11-26 09:00:00,2024-11-26 23:00:00,LONG,155.096515,158.14922358,36.595384,105.4102,1.8572,TP,IS
1,S30b_MidWeek_MeanReversion,XMR_USDT_USDT,1H,TimeBased,2024-11-27 00:00:00,2024-11-27 00:00:00,SHORT,160.601805,156.54452336,27.985983,108.6654,2.4177,TP,IS
1,S30b_MidWeek_MeanReversion,XMR_USDT_USDT,1H,TimeBased,2024-11-27 14:00:00,2024-11-27 16:00:00,SHORT,159.772054,156.11518344,31.163905,108.548,2.1801,TP,IS
1,S30b_MidWeek_MeanReversion,XMR_USDT_USDT,1H,TimeBased,2024-12-03 01:00:00,2024-12-03 13:00:00,SHORT,173.857827,168.58651078,21.955748,111.6004,2.9236,TP,IS
1,S30b_MidWeek_MeanReversion,XMR_USDT_USDT,1H,TimeBased,2024-12-03 22:00:00,2024-12-03 22:00:00,SHORT,190.74276,200.12557034,17.117538,-164.2905,-5.0318,SL,IS
1,S30b_MidWeek_MeanReversion,XMR_USDT_USDT,1H,TimeBased,2024-12-03 23:00:00,2024-12-03 23:00:00,SHORT,206.757954,218.24918074,13.823164,-162.0763,-5.6709,SL,IS
1,S30b_MidWeek_MeanReversion,XMR_USDT_USDT,1H,TimeBased,2024-12-04 00:00:00,2024-12-04 03:00:00,SHORT,203.758854,193.32395659,11.060468,112.9993,5.014,TP,IS
1,S30b_MidWeek_MeanReversion,XMR_USDT_USDT,1H,TimeBased,2024-12-04 04:00:00,2024-12-05 12:00:00,SHORT,194.881518,209.56150056,10.771575,-160.5226,-7.6469,SL,IS
1,S30b_MidWeek_MeanReversion,XMR_USDT_USDT,1H,TimeBased,2024-12-10 01:00:00,2024-12-11 13:00:00,LONG,178.883649,190.45870956,9.967784,113.3529,6.3572,TP,IS
1,S30b_MidWeek_MeanReversion,XMR_USDT_USDT,1H,TimeBased,2024-12-11 14:00:00,2024-12-11 23:00:00,SHORT,190.162934,198.70818825,18.499192,-162.0369,-4.6061,SL,IS
1,S30b_MidWeek_MeanReversion,XMR_USDT_USDT,1H,TimeBased,2024-12-12 00:00:00,2024-12-12 02:00:00,SHORT,200.579808,209.06506672,18.445403,-160.6699,-4.3427,SL,IS
1,S30b_MidWeek_MeanReversion,XMR_USDT_USDT,1H,TimeBased,2024-12-17 04:00:00,2024-12-17 07:00:00,SHORT,223.712866,216.67807218,15.9774,108.5277,3.0363,TP,IS
1,S30b_MidWeek_MeanReversion,XMR_USDT_USDT,1H,TimeBased,2024-12-18 01:00:00,2024-12-18 03:00:00,LONG,210.56315,216.42851128,19.223716,108.2394,2.674,TP,IS
1,S30b_MidWeek_MeanReversion,XMR_USDT_USDT,1H,TimeBased,2024-12-18 18:00:00,2024-12-18 19:00:00,SHORT,224.582605,219.60096261,22.63868,107.2472,2.1094,TP,IS
1,S30b_MidWeek_MeanReversion,XMR_USDT_USDT,1H,TimeBased,2024-12-19 00:00:00,2024-12-19 02:00:00,LONG,213.003882,205.17208876,20.204172,-162.8818,-3.7848,SL,IS
1,S30b_MidWeek_MeanReversion,XMR_USDT_USDT,1H,TimeBased,2024-12-25 05:00:00,2024-12-25 23:00:00,SHORT,194.951497,190.94485861,27.967741,106.1207,1.9463,TP,IS
1,S30b_MidWeek_MeanReversion,XMR_USDT_USDT,1H,TimeBased,2024-12-31 11:00:00,2024-12-31 19:00:00,SHORT,193.012079,197.62071874,34.383501,-165.8484,-2.4991,SL,IS
1,S30b_MidWeek_MeanReversion,XMR_USDT_USDT,1H,TimeBased,2024-12-31 20:00:00,2025-01-03 04:00:00,SHORT,195.131443,199.63045778,34.863668,-164.4217,-2.4169,SL,IS
1,S30b_MidWeek_MeanReversion,XMR_USDT_USDT,1H,TimeBased,2025-01-07 16:00:00,2025-01-07 18:00:00,LONG,198.939664,194.29193917,33.363828,-162.2817,-2.445,SL,IS
1,S30b_MidWeek_MeanReversion,XMR_USDT_USDT,1H,TimeBased,2025-01-07 19:00:00,2025-01-08 03:00:00,LONG,193.768113,188.95198784,31.831129,-160.003,-2.5941,SL,IS
1,S30b_MidWeek_MeanReversion,XMR_USDT_USDT,1H,TimeBased,2025-01-08 04:00:00,2025-01-08 06:00:00,LONG,188.136424,183.67444244,34.014621,-158.7285,-2.4804,SL,IS
1,S30b_MidWeek_MeanReversion,XMR_USDT_USDT,1H,TimeBased,2025-01-08 07:00:00,2025-01-08 08:00:00,LONG,184.035194,187.48622463,30.864726,100.2083,1.7642,TP,IS
1,S30b_MidWeek_MeanReversion,XMR_USDT_USDT,1H,TimeBased,2025-01-08 13:00:00,2025-01-08 17:00:00,SHORT,197.270801,192.98420737,25.175959,102.5153,2.0641,TP,IS
1,S30b_MidWeek_MeanReversion,XMR_USDT_USDT,1H,TimeBased,2025-01-08 21:00:00,2025-01-09 07:00:00,SHORT,199.050267,193.79629855,20.81616,104.8698,2.531,TP,IS
1,S30b_MidWeek_MeanReversion,XMR_USDT_USDT,1H,TimeBased,2025-01-14 01:00:00,2025-01-14 05:00:00,SHORT,203.378968,208.83237387,28.082495,-159.512,-2.7929,SL,IS
1,S30b_MidWeek_MeanReversion,XMR_USDT_USDT,1H,TimeBased,2025-01-14 06:00:00,2025-01-16 07:00:00,SHORT,206.528023,211.83882508,28.546522,-158.1735,-2.6829,SL,IS
1,S30b_MidWeek_MeanReversion,XMR_USDT_USDT,1H,TimeBased,2025-01-21 02:00:00,2025-01-21 12:00:00,LONG,203.240954,209.29076832,17.872968,104.0729,2.865,TP,IS
1,S30b_MidWeek_MeanReversion,XMR_USDT_USDT,1H,TimeBased,2025-01-21 15:00:00,2025-01-22 01:00:00,SHORT,214.655584,221.36438564,22.46929,-156.1304,-3.2371,SL,IS
1,S30b_MidWeek_MeanReversion,XMR_USDT_USDT,1H,TimeBased,2025-01-22 02:00:00,2025-01-22 07:00:00,SHORT,221.463541,216.62124245,22.049412,101.4571,2.0777,TP,IS
1,S30b_MidWeek_MeanReversion,XMR_USDT_USDT,1H,TimeBased,2025-01-23 00:00:00,2025-01-23 10:00:00,SHORT,223.063061,218.19956823,22.101859,102.1282,2.0715,TP,IS
1,S30b_MidWeek_MeanReversion,XMR_USDT_USDT,1H,TimeBased,2025-01-28 07:00:00,2025-01-28 09:00:00,SHORT,217.454744,222.57300599,29.639619,-158.8766,-2.465,SL,IS
1,S30b_MidWeek_MeanReversion,XMR_USDT_USDT,1H,TimeBased,2025-01-28 10:00:00,2025-01-28 13:00:00,SHORT,222.73316,219.20497092,29.939375,98.3545,1.4749,TP,IS
1,S30b_MidWeek_MeanReversion,XMR_USDT_USDT,1H,TimeBased,2025-01-28 19:00:00,2025-01-28 21:00:00,SHORT,223.772848,219.97631099,28.100246,99.8254,1.5875,TP,IS
1,S30b_MidWeek_MeanReversion,XMR_USDT_USDT,1H,TimeBased,2025-02-04 01:00:00,2025-02-04 21:00:00,SHORT,226.841927,219.81107801,15.602821,105.8681,2.9912,TP,IS
1,S30b_MidWeek_MeanReversion,XMR_USDT_USDT,1H,TimeBased,2025-02-04 22:00:00,2025-02-05 03:00:00,LONG,217.125118,224.12442069,15.790286,106.6889,3.1119,TP,IS
1,S30b_MidWeek_MeanReversion,XMR_USDT_USDT,1H,TimeBased,2025-02-05 15:00:00,2025-02-05 15:00:00,SHORT,228.801339,223.22566093,19.813793,105.5493,2.3282,TP,IS
1,S30b_MidWeek_MeanReversion,XMR_USDT_USDT,1H,TimeBased,2025-02-11 11:00:00,2025-02-11 12:00:00,SHORT,227.181825,223.14023047,27.194659,103.1743,1.67,TP,IS
1,S30b_MidWeek_MeanReversion,XMR_USDT_USDT,1H,TimeBased,2025-02-12 18:00:00,2025-02-13 06:00:00,SHORT,226.871918,223.13658371,29.517021,102.9503,1.5374,TP,IS
1,S30b_MidWeek_MeanReversion,XMR_USDT_USDT,1H,TimeBased,2025-02-18 16:00:00,2025-02-18 21:00:00,LONG,230.419105,233.65657865,33.985495,101.3526,1.2943,TP,IS
1,S30b_MidWeek_MeanReversion,XMR_USDT_USDT,1H,TimeBased,2025-02-19 00:00:00,2025-02-19 04:00:00,SHORT,236.948894,233.34349157,30.864693,103.2962,1.4124,TP,IS
1,S30b_MidWeek_MeanReversion,XMR_USDT_USDT,1H,TimeBased,2025-02-19 12:00:00,2025-02-20 03:00:00,SHORT,238.608396,235.02033494,31.199679,103.819,1.3946,TP,IS
1,S30b_MidWeek_MeanReversion,XMR_USDT_USDT,1H,TimeBased,2025-02-25 02:00:00,2025-02-25 07:00:00,LONG,227.898349,222.50981912,29.773035,-167.8084,-2.4731,SL,IS
1,S30b_MidWeek_MeanReversion,XMR_USDT_USDT,1H,TimeBased,2025-02-25 08:00:00,2025-02-25 19:00:00,LONG,219.125718,212.78249994,24.96539,-164.2914,-3.0032,SL,IS
1,S30b_MidWeek_MeanReversion,XMR_USDT_USDT,1H,TimeBased,2025-02-25 20:00:00,2025-02-25 22:00:00,LONG,214.334281,218.74293326,25.364793,105.7829,1.9458,TP,IS
1,S30b_MidWeek_MeanReversion,XMR_USDT_USDT,1H,TimeBased,2025-02-26 07:00:00,2025-02-26 14:00:00,SHORT,222.383265,218.48247071,28.688032,104.9499,1.6451,TP,IS
1,S30b_MidWeek_MeanReversion,XMR_USDT_USDT,1H,TimeBased,2025-02-26 19:00:00,2025-02-27 20:00:00,LONG,212.893849,207.14184689,27.63367,-165.3328,-2.8103,SL,IS
1,S30b_MidWeek_MeanReversion,XMR_USDT_USDT,1H,TimeBased,2025-03-04 01:00:00,2025-03-04 01:00:00,LONG,220.816225,213.68712148,22.020996,-162.2525,-3.3367,SL,IS
1,S30b_MidWeek_MeanReversion,XMR_USDT_USDT,1H,TimeBased,2025-03-04 02:00:00,2025-03-04 19:00:00,LONG,213.754107,219.34473706,20.016241,107.1354,2.504,TP,IS
1,S30b_MidWeek_MeanReversion,XMR_USDT_USDT,1H,TimeBased,2025-03-04 20:00:00,2025-03-05 01:00:00,SHORT,220.653784,227.56325487,22.660671,-162.1595,-3.2431,SL,IS
1,S30b_MidWeek_MeanReversion,XMR_USDT_USDT,1H,TimeBased,2025-03-05 02:00:00,2025-03-06 05:00:00,SHORT,226.981885,233.5132998,23.74184,-161.081,-2.9891,SL,IS
1,S30b_MidWeek_MeanReversion,XMR_USDT_USDT,1H,TimeBased,2025-03-11 01:00:00,2025-03-11 09:00:00,LONG,199.109715,203.93976734,22.788495,105.0179,2.3145,TP,IS
1,S30b_MidWeek_MeanReversion,XMR_USDT_USDT,1H,TimeBased,2025-03-11 19:00:00,2025-03-12 03:00:00,SHORT,210.9367,206.93787458,27.479051,103.5684,1.7868,TP,IS
1,S30b_MidWeek_MeanReversion,XMR_USDT_USDT,1H,TimeBased,2025-03-18 13:00:00,2025-03-19 03:00:00,LONG,207.722298,210.30055608,41.961382,98.5398,1.1305,TP,IS
1,S30b_MidWeek_MeanReversion,XMR_USDT_USDT,1H,TimeBased,2025-03-19 17:00:00,2025-03-19 18:00:00,LONG,205.001482,207.77163174,39.505261,100.4668,1.2405,TP,IS
1,S30b_MidWeek_MeanReversion,XMR_USDT_USDT,1H,TimeBased,2025-03-25 04:00:00,2025-03-25 05:00:00,SHORT,222.903109,220.64361764,47.857501,96.4587,0.9042,TP,IS
1,S30b_MidWeek_MeanReversion,XMR_USDT_USDT,1H,TimeBased,2025-03-26 01:00:00,2025-03-26 17:00:00,SHORT,224.702569,221.75089553,37.506133,101.4962,1.2043,TP,IS
1,S30b_MidWeek_MeanReversion,XMR_USDT_USDT,1H,TimeBased,2025-03-26 19:00:00,2025-03-26 20:00:00,LONG,220.736201,223.91438795,35.221395,103.3265,1.329,TP,IS
1,S30b_MidWeek_MeanReversion,XMR_USDT_USDT,1H,TimeBased,2025-04-02 09:00:00,2025-04-02 13:00:00,LONG,214.324278,216.70903305,46.506455,99.8813,1.0021,TP,IS
1,S30b_MidWeek_MeanReversion,XMR_USDT_USDT,1H,TimeBased,2025-04-02 16:00:00,2025-04-02 22:00:00,SHORT,219.794042,217.11587557,41.946002,102.2587,1.1092,TP,IS
1,S30b_MidWeek_MeanReversion,XMR_USDT_USDT,1H,TimeBased,2025-04-08 01:00:00,2025-04-08 16:00:00,SHORT,203.928803,199.25498703,24.93009,110.9904,2.1831,TP,IS
1,S30b_MidWeek_MeanReversion,XMR_USDT_USDT,1H,TimeBased,2025-04-08 17:00:00,2025-04-09 01:00:00,LONG,198.789619,193.59084218,31.516115,-170.6467,-2.7238,SL,IS
1,S30b_MidWeek_MeanReversion,XMR_USDT_USDT,1H,TimeBased,2025-04-09 02:00:00,2025-04-09 17:00:00,LONG,195.388599,199.28469201,29.624871,108.9906,1.8829,TP,IS
1,S30b_MidWeek_MeanReversion,XMR_USDT_USDT,1H,TimeBased,2025-04-09 18:00:00,2025-04-11 21:00:00,SHORT,200.959694,206.0208751,32.283471,-170.6188,-2.6299,SL,IS
1,S30b_MidWeek_MeanReversion,XMR_USDT_USDT,1H,TimeBased,2025-04-16 06:00:00,2025-04-16 13:00:00,SHORT,218.744357,215.82215846,38.612627,103.6049,1.2266,TP,IS
1,S30b_MidWeek_MeanReversion,XMR_USDT_USDT,1H,TimeBased,2025-04-22 09:00:00,2025-04-22 13:00:00,SHORT,217.204819,219.94372548,60.131331,-179.1516,-1.3717,SL,IS
1,S30b_MidWeek_MeanReversion,XMR_USDT_USDT,1H,TimeBased,2025-04-22 14:00:00,2025-04-22 19:00:00,SHORT,220.173928,223.2134268,53.467849,-175.5543,-1.4913,SL,IS
1,S30b_MidWeek_MeanReversion,XMR_USDT_USDT,1H,TimeBased,2025-04-22 20:00:00,2025-04-22 23:00:00,SHORT,222.33328,225.64693511,48.423129,-172.3885,-1.6012,SL,IS
1,S30b_MidWeek_MeanReversion,XMR_USDT_USDT,1H,TimeBased,2025-04-23 00:00:00,2025-04-23 11:00:00,SHORT,226.562011,229.9729368,46.516696,-170.3451,-1.6163,SL,IS
1,S30b_MidWeek_MeanReversion,XMR_USDT_USDT,1H,TimeBased,2025-04-23 12:00:00,2025-04-23 19:00:00,SHORT,228.851324,225.80505394,35.655137,99.6992,1.2218,TP,IS
1,S30b_MidWeek_MeanReversion,XMR_USDT_USDT,1H,TimeBased,2025-04-29 09:00:00,2025-04-29 16:00:00,SHORT,278.436444,264.88828158,8.426319,111.6431,4.7585,TP,IS
1,S30b_MidWeek_MeanReversion,XMR_USDT_USDT,1H,TimeBased,2025-05-06 08:00:00,2025-05-07 17:00:00,SHORT,284.434644,278.82993998,20.025006,106.0306,1.8616,TP,IS
1,S30b_MidWeek_MeanReversion,XMR_USDT_USDT,1H,TimeBased,2025-05-07 18:00:00,2025-05-08 02:00:00,LONG,278.963664,283.78767935,23.280219,105.0986,1.6183,TP,IS
1,S30b_MidWeek_MeanReversion,XMR_USDT_USDT,1H,TimeBased,2025-05-20 05:00:00,2025-05-20 09:00:00,SHORT,347.675666,353.04121113,30.035747,-172.7338,-1.6541,SL,IS
1,S30b_MidWeek_MeanReversion,XMR_USDT_USDT,1H,TimeBased,2025-05-20 10:00:00,2025-05-20 11:00:00,SHORT,353.813824,349.92924895,28.066752,98.1639,0.9885,TP,IS
1,S30b_MidWeek_MeanReversion,XMR_USDT_USDT,1H,TimeBased,2025-05-21 02:00:00,2025-05-21 02:00:00,SHORT,354.683563,349.65630602,22.172923,102.8795,1.3082,TP,IS
1,S30b_MidWeek_MeanReversion,XMR_USDT_USDT,1H,TimeBased,2025-05-21 03:00:00,2025-05-21 08:00:00,SHORT,358.412444,367.15452021,18.334306,-167.5964,-2.5505,SL,IS
1,S30b_MidWeek_MeanReversion,XMR_USDT_USDT,1H,TimeBased,2025-05-21 09:00:00,2025-05-21 17:00:00,SHORT,363.181013,371.66220427,18.708508,-166.2317,-2.4465,SL,IS
1,S30b_MidWeek_MeanReversion,XMR_USDT_USDT,1H,TimeBased,2025-05-21 18:00:00,2025-05-21 18:00:00,SHORT,372.828118,382.04084828,17.027937,-163.9434,-2.5824,SL,IS
1,S30b_MidWeek_MeanReversion,XMR_USDT_USDT,1H,TimeBased,2025-05-21 19:00:00,2025-05-21 19:00:00,SHORT,377.456729,387.60778426,15.275164,-161.4866,-2.8008,SL,IS
1,S30b_MidWeek_MeanReversion,XMR_USDT_USDT,1H,TimeBased,2025-05-21 20:00:00,2025-05-22 09:00:00,SHORT,391.392547,403.05802245,13.137618,-158.997,-3.0921,SL,IS
1,S30b_MidWeek_MeanReversion,XMR_USDT_USDT,1H,TimeBased,2025-05-27 02:00:00,2025-05-27 10:00:00,LONG,398.169415,386.5589705,13.056614,-157.2283,-3.0244,SL,IS
1,S30b_MidWeek_MeanReversion,XMR_USDT_USDT,1H,TimeBased,2025-05-27 11:00:00,2025-05-27 21:00:00,LONG,388.006367,376.84242168,13.438432,-155.679,-2.9857,SL,IS
1,S30b_MidWeek_MeanReversion,XMR_USDT_USDT,1H,TimeBased,2025-05-27 22:00:00,2025-05-28 00:00:00,LONG,377.523223,367.15223355,14.321424,-154.393,-2.8556,SL,IS
1,S30b_MidWeek_MeanReversion,XMR_USDT_USDT,1H,TimeBased,2025-05-28 01:00:00,2025-05-28 02:00:00,LONG,362.938849,351.72493546,13.08973,-151.9322,-3.1981,SL,IS
1,S30b_MidWeek_MeanReversion,XMR_USDT_USDT,1H,TimeBased,2025-05-28 03:00:00,2025-05-28 04:00:00,LONG,353.656065,341.6056605,12.042808,-149.7258,-3.5155,SL,IS
1,S30b_MidWeek_MeanReversion,XMR_USDT_USDT,1H,TimeBased,2025-05-28 05:00:00,2025-05-28 06:00:00,LONG,339.041682,325.80432748,10.836638,-147.411,-4.0122,SL,IS
1,S30b_MidWeek_MeanReversion,XMR_USDT_USDT,1H,TimeBased,2025-05-28 07:00:00,2025-05-28 08:00:00,LONG,326.69798,338.64242814,8.650361,100.1583,3.5441,TP,IS
1,S30b_MidWeek_MeanReversion,XMR_USDT_USDT,1H,TimeBased,2025-05-28 09:00:00,2025-05-30 01:00:00,LONG,349.054685,330.61119723,7.736277,-145.5759,-5.3909,SL,IS
1,S30b_MidWeek_MeanReversion,XMR_USDT_USDT,1H,TimeBased,2025-06-03 02:00:00,2025-06-03 08:00:00,SHORT,364.430638,356.58431663,12.934318,96.3576,2.0442,TP,IS
1,S30b_MidWeek_MeanReversion,XMR_USDT_USDT,1H,TimeBased,2025-06-03 14:00:00,2025-06-04 12:00:00,LONG,349.114703,338.0995692,12.958442,-147.6368,-3.2634,SL,IS
1,S30b_MidWeek_MeanReversion,XMR_USDT_USDT,1H,TimeBased,2025-06-04 14:00:00,2025-06-04 17:00:00,LONG,335.460608,325.91506814,14.812843,-146.7849,-2.9539,SL,IS
1,S30b_MidWeek_MeanReversion,XMR_USDT_USDT,1H,TimeBased,2025-06-04 18:00:00,2025-06-04 19:00:00,LONG,319.655868,309.35214821,13.561995,-144.4308,-3.3316,SL,IS
1,S30b_MidWeek_MeanReversion,XMR_USDT_USDT,1H,TimeBased,2025-06-04 20:00:00,2025-06-05 01:00:00,LONG,310.753198,318.74393266,12.45857,95.2397,2.46,TP,IS
1,S30b_MidWeek_MeanReversion,XMR_USDT_USDT,1H,TimeBased,2025-06-10 03:00:00,2025-06-10 07:00:00,SHORT,335.79923,331.14466476,20.991137,90.0047,1.2769,TP,IS
1,S30b_MidWeek_MeanReversion,XMR_USDT_USDT,1H,TimeBased,2025-06-10 22:00:00,2025-06-11 01:00:00,SHORT,341.447535,335.59298514,16.98034,93.0892,1.6056,TP,IS
1,S30b_MidWeek_MeanReversion,XMR_USDT_USDT,1H,TimeBased,2025-06-11 02:00:00,2025-06-11 11:00:00,SHORT,340.907697,334.8106808,16.44553,94.1568,1.6794,TP,IS
1,S30b_MidWeek_MeanReversion,XMR_USDT_USDT,1H,TimeBased,2025-06-11 18:00:00,2025-06-12 11:00:00,LONG,331.659468,323.07833158,16.590939,-148.3436,-2.6959,SL,IS
1,S30b_MidWeek_MeanReversion,XMR_USDT_USDT,1H,TimeBased,2025-06-18 09:00:00,2025-06-18 10:00:00,SHORT,330.240898,324.72825837,18.06149,93.0601,1.5602,TP,IS
1,S30b_MidWeek_MeanReversion,XMR_USDT_USDT,1H,TimeBased,2025-06-18 19:00:00,2025-06-19 01:00:00,LONG,314.154218,320.11507028,16.901195,94.8496,1.7864,TP,IS
1,S30b_MidWeek_MeanReversion,XMR_USDT_USDT,1H,TimeBased,2025-06-24 06:00:00,2025-06-27 08:00:00,SHORT,313.335971,306.42669088,14.774093,97.0423,2.0963,TP,IS
1,S30b_MidWeek_MeanReversion,XMR_USDT_USDT,1H,TimeBased,2025-07-01 01:00:00,2025-07-01 08:00:00,SHORT,322.733151,318.03628987,21.483438,93.3335,1.3461,TP,IS
1,S30b_MidWeek_MeanReversion,XMR_USDT_USDT,1H,TimeBased,2025-07-01 15:00:00,2025-07-02 08:00:00,LONG,313.69408,319.18840749,18.644589,95.9496,1.6405,TP,IS
1,S30b_MidWeek_MeanReversion,XMR_USDT_USDT,1H,TimeBased,2025-07-02 09:00:00,2025-07-02 13:00:00,SHORT,319.913997,326.73664788,21.416623,-153.7351,-2.2438,SL,IS
1,S30b_MidWeek_MeanReversion,XMR_USDT_USDT,1H,TimeBased,2025-07-02 14:00:00,2025-07-03 10:00:00,SHORT,322.053355,330.62778129,16.811521,-150.1841,-2.7739,SL,IS
1,S30b_MidWeek_MeanReversion,XMR_USDT_USDT,1H,TimeBased,2025-07-09 08:00:00,2025-07-09 19:00:00,SHORT,321.123634,317.33908431,26.118018,89.6735,1.0692,TP,IS
1,S30b_MidWeek_MeanReversion,XMR_USDT_USDT,1H,TimeBased,2025-07-09 21:00:00,2025-07-10 05:00:00,SHORT,324.152725,329.91952477,25.031881,-153.3588,-1.89,SL,IS
1,S30b_MidWeek_MeanReversion,XMR_USDT_USDT,1H,TimeBased,2025-07-15 03:00:00,2025-07-16 01:00:00,LONG,339.611853,331.49299043,17.500526,-148.5439,-2.4993,SL,IS
1,S30b_MidWeek_MeanReversion,XMR_USDT_USDT,1H,TimeBased,2025-07-16 19:00:00,2025-07-16 23:00:00,LONG,326.888037,332.02354171,19.261913,91.9391,1.4602,TP,IS
1,S30b_MidWeek_MeanReversion,XMR_USDT_USDT,1H,TimeBased,2025-07-22 04:00:00,2025-07-22 07:00:00,LONG,317.245145,322.08799083,20.531326,92.2105,1.4157,TP,IS
1,S30b_MidWeek_MeanReversion,XMR_USDT_USDT,1H,TimeBased,2025-07-22 11:00:00,2025-07-22 20:00:00,SHORT,325.212407,320.46513824,21.045295,92.434,1.3505,TP,IS
1,S30b_MidWeek_MeanReversion,XMR_USDT_USDT,1H,TimeBased,2025-07-23 18:00:00,2025-07-23 21:00:00,LONG,317.49522,310.44607111,20.359993,-150.5523,-2.329,SL,IS
1,S30b_MidWeek_MeanReversion,XMR_USDT_USDT,1H,TimeBased,2025-07-23 22:00:00,2025-07-24 01:00:00,LONG,311.033282,316.59398636,18.059729,94.1907,1.6768,TP,IS
1,S30b_MidWeek_MeanReversion,XMR_USDT_USDT,1H,TimeBased,2025-07-29 01:00:00,2025-07-29 08:00:00,LONG,318.635562,322.39053105,26.324091,89.5652,1.0678,TP,IS
1,S30b_MidWeek_MeanReversion,XMR_USDT_USDT,1H,TimeBased,2025-07-29 10:00:00,2025-07-29 12:00:00,SHORT,324.30268,320.62169094,26.971014,89.7132,1.0257,TP,IS
1,S30b_MidWeek_MeanReversion,XMR_USDT_USDT,1H,TimeBased,2025-07-30 00:00:00,2025-07-30 11:00:00,LONG,314.434302,308.75225754,25.557885,-153.9811,-1.9161,SL,IS
1,S30b_MidWeek_MeanReversion,XMR_USDT_USDT,1H,TimeBased,2025-07-30 12:00:00,2025-07-30 19:00:00,LONG,309.502823,303.43306438,23.636103,-151.4335,-2.0701,SL,IS
1,S30b_MidWeek_MeanReversion,XMR_USDT_USDT,1H,TimeBased,2025-08-05 01:00:00,2025-08-05 05:00:00,LONG,303.581047,297.86538148,24.847482,-150.2393,-1.9917,SL,IS
1,S30b_MidWeek_MeanReversion,XMR_USDT_USDT,1H,TimeBased,2025-08-05 06:00:00,2025-08-05 14:00:00,LONG,298.859631,292.82147492,23.241999,-147.9023,-2.1293,SL,IS
1,S30b_MidWeek_MeanReversion,XMR_USDT_USDT,1H,TimeBased,2025-08-05 15:00:00,2025-08-06 14:00:00,LONG,292.047588,285.23254952,20.33117,-145.0129,-2.4423,SL,IS
1,S30b_MidWeek_MeanReversion,XMR_USDT_USDT,1H,TimeBased,2025-08-06 15:00:00,2025-08-06 20:00:00,LONG,286.405896,279.82952588,20.850133,-143.6115,-2.4049,SL,IS
1,S30b_MidWeek_MeanReversion,XMR_USDT_USDT,1H,TimeBased,2025-08-06 21:00:00,2025-08-07 11:00:00,LONG,283.164924,275.85318595,18.527044,-141.1612,-2.6907,SL,IS
1,S30b_MidWeek_MeanReversion,XMR_USDT_USDT,1H,TimeBased,2025-08-12 01:00:00,2025-08-12 09:00:00,LONG,263.809119,254.84190044,14.905345,-137.9114,-3.5073,SL,IS
1,S30b_MidWeek_MeanReversion,XMR_USDT_USDT,1H,TimeBased,2025-08-12 10:00:00,2025-08-12 10:00:00,LONG,251.605459,242.46142141,14.456672,-136.1208,-3.7423,SL,IS
1,S30b_MidWeek_MeanReversion,XMR_USDT_USDT,1H,TimeBased,2025-08-12 11:00:00,2025-08-12 13:00:00,LONG,247.284163,254.6553111,12.845443,91.1395,2.8692,TP,IS
1,S30b_MidWeek_MeanReversion,XMR_USDT_USDT,1H,TimeBased,2025-08-12 14:00:00,2025-08-12 20:00:00,LONG,251.445411,259.05470457,12.53587,91.8694,2.9146,TP,IS
1,S30b_MidWeek_MeanReversion,XMR_USDT_USDT,1H,TimeBased,2025-08-13 06:00:00,2025-08-13 07:00:00,LONG,245.843731,251.75605853,16.136756,90.9895,2.2936,TP,IS
1,S30b_MidWeek_MeanReversion,XMR_USDT_USDT,1H,TimeBased,2025-08-19 22:00:00,2025-08-20 00:00:00,LONG,265.589653,257.50246479,16.544404,-138.5575,-3.1533,SL,IS
1,S30b_MidWeek_MeanReversion,XMR_USDT_USDT,1H,TimeBased,2025-08-20 01:00:00,2025-08-20 06:00:00,LONG,257.997376,264.09690715,15.576064,90.534,2.2529,TP,IS
1,S30b_MidWeek_MeanReversion,XMR_USDT_USDT,1H,TimeBased,2025-08-20 14:00:00,2025-08-20 21:00:00,LONG,255.47662,262.37358186,13.928593,92.0979,2.5882,TP,IS
1,S30b_MidWeek_MeanReversion,XMR_USDT_USDT,1H,TimeBased,2025-08-26 01:00:00,2025-08-26 13:00:00,LONG,262.97887,267.48613862,21.102256,88.9568,1.603,TP,IS
1,S30b_MidWeek_MeanReversion,XMR_USDT_USDT,1H,TimeBased,2025-08-26 18:00:00,2025-08-26 19:00:00,SHORT,272.438244,280.20444989,17.423407,-140.6097,-2.9622,SL,IS
1,S30b_MidWeek_MeanReversion,XMR_USDT_USDT,1H,TimeBased,2025-08-26 20:00:00,2025-08-27 09:00:00,SHORT,279.406153,273.45733176,16.07957,90.7651,2.0203,TP,IS
1,S30b_MidWeek_MeanReversion,XMR_USDT_USDT,1H,TimeBased,2025-08-27 11:00:00,2025-08-27 14:00:00,LONG,271.971567,266.45344385,24.521354,-142.5735,-2.1378,SL,IS
1,S30b_MidWeek_MeanReversion,XMR_USDT_USDT,1H,TimeBased,2025-08-27 15:00:00,2025-08-27 22:00:00,LONG,269.210739,273.0796721,24.17884,86.3347,1.3263,TP,IS
1,S30b_MidWeek_MeanReversion,XMR_USDT_USDT,1H,TimeBased,2025-09-02 01:00:00,2025-09-02 04:00:00,LONG,259.297766,262.56438408,28.605919,85.234,1.1491,TP,IS
1,S30b_MidWeek_MeanReversion,XMR_USDT_USDT,1H,TimeBased,2025-09-02 07:00:00,2025-09-02 11:00:00,SHORT,265.980182,262.90584019,30.438725,84.7248,1.0465,TP,IS
1,S30b_MidWeek_MeanReversion,XMR_USDT_USDT,1H,TimeBased,2025-09-02 23:00:00,2025-09-03 07:00:00,SHORT,268.589399,264.81178802,25.228655,87.9027,1.2972,TP,IS
1,S30b_MidWeek_MeanReversion,XMR_USDT_USDT,1H,TimeBased,2025-09-03 08:00:00,2025-09-04 06:00:00,SHORT,269.129237,265.65159901,27.449382,87.3853,1.1829,TP,IS
1,S30b_MidWeek_MeanReversion,XMR_USDT_USDT,1H,TimeBased,2025-09-09 01:00:00,2025-09-09 04:00:00,LONG,266.109809,269.05083879,32.321051,85.5438,0.9946,TP,IS
1,S30b_MidWeek_MeanReversion,XMR_USDT_USDT,1H,TimeBased,2025-09-09 10:00:00,2025-09-09 15:00:00,SHORT,272.838124,269.86840915,32.193051,85.9949,0.9791,TP,IS
1,S30b_MidWeek_MeanReversion,XMR_USDT_USDT,1H,TimeBased,2025-09-10 00:00:00,2025-09-10 14:00:00,LONG,266.890043,270.13078113,29.887672,88.0305,1.1036,TP,IS
1,S30b_MidWeek_MeanReversion,XMR_USDT_USDT,1H,TimeBased,2025-09-10 15:00:00,2025-09-10 16:00:00,SHORT,271.968385,269.34796825,36.612808,85.0403,0.854,TP,IS
1,S30b_MidWeek_MeanReversion,XMR_USDT_USDT,1H,TimeBased,2025-09-16 07:00:00,2025-09-16 08:00:00,SHORT,309.217207,315.25325102,23.510458,-149.985,-2.0631,SL,IS
1,S30b_MidWeek_MeanReversion,XMR_USDT_USDT,1H,TimeBased,2025-09-16 09:00:00,2025-09-16 10:00:00,SHORT,316.295083,323.32212508,19.940254,-147.1358,-2.3329,SL,IS
1,S30b_MidWeek_MeanReversion,XMR_USDT_USDT,1H,TimeBased,2025-09-16 11:00:00,2025-09-16 13:00:00,SHORT,323.932791,318.28348591,17.335452,91.81,1.6349,TP,IS
1,S30b_MidWeek_MeanReversion,XMR_USDT_USDT,1H,TimeBased,2025-09-16 14:00:00,2025-09-17 04:00:00,SHORT,319.664072,313.6595674,16.472751,93.1728,1.7694,TP,IS
1,S30b_MidWeek_MeanReversion,XMR_USDT_USDT,1H,TimeBased,2025-09-17 07:00:00,2025-09-17 10:00:00,LONG,313.003873,305.5965081,18.941005,-146.7472,-2.4752,SL,IS
1,S30b_MidWeek_MeanReversion,XMR_USDT_USDT,1H,TimeBased,2025-09-17 11:00:00,2025-09-17 15:00:00,LONG,304.471314,297.14096388,18.933161,-145.0514,-2.5162,SL,IS
1,S30b_MidWeek_MeanReversion,XMR_USDT_USDT,1H,TimeBased,2025-09-17 16:00:00,2025-09-17 22:00:00,LONG,293.327972,299.10614336,16.89438,92.1138,1.8588,TP,IS
1,S30b_MidWeek_MeanReversion,XMR_USDT_USDT,1H,TimeBased,2025-09-23 03:00:00,2025-09-23 03:00:00,LONG,285.68568,291.232152,17.709233,92.6045,1.8304,TP,IS
1,S30b_MidWeek_MeanReversion,XMR_USDT_USDT,1H,TimeBased,2025-09-24 06:00:00,2025-09-24 16:00:00,SHORT,299.480129,294.60017331,20.118946,91.6058,1.5204,TP,IS
1,S30b_MidWeek_MeanReversion,XMR_USDT_USDT,1H,TimeBased,2025-09-24 22:00:00,2025-09-25 09:00:00,LONG,291.477417,295.99123967,21.82854,91.4772,1.4377,TP,IS
1,S30b_MidWeek_MeanReversion,XMR_USDT_USDT,1H,TimeBased,2025-09-30 09:00:00,2025-09-30 13:00:00,SHORT,296.740951,292.73592157,24.594688,90.5286,1.2404,TP,IS
1,S30b_MidWeek_MeanReversion,XMR_USDT_USDT,1H,TimeBased,2025-10-01 08:00:00,2025-10-01 15:00:00,SHORT,299.939991,306.53815142,21.553389,-149.4021,-2.311,SL,IS
1,S30b_MidWeek_MeanReversion,XMR_USDT_USDT,1H,TimeBased,2025-10-01 17:00:00,2025-10-01 18:00:00,SHORT,305.758245,313.48735926,18.170984,-146.6344,-2.6392,SL,IS
1,S30b_MidWeek_MeanReversion,XMR_USDT_USDT,1H,TimeBased,2025-10-01 19:00:00,2025-10-01 20:00:00,SHORT,311.286586,320.31966234,15.359821,-144.0822,-3.0134,SL,IS
1,S30b_MidWeek_MeanReversion,XMR_USDT_USDT,1H,TimeBased,2025-10-01 21:00:00,2025-10-01 21:00:00,SHORT,319.344168,312.31458107,13.972446,93.3663,2.0925,TP,IS
1,S30b_MidWeek_MeanReversion,XMR_USDT_USDT,1H,TimeBased,2025-10-01 23:00:00,2025-10-02 08:00:00,SHORT,315.125434,326.33511879,12.307956,-142.3106,-3.6692,SL,IS
1,S30b_MidWeek_MeanReversion,XMR_USDT_USDT,1H,TimeBased,2025-10-07 12:00:00,2025-10-07 18:00:00,SHORT,322.883106,317.30328213,17.367537,90.7926,1.6191,TP,IS
1,S30b_MidWeek_MeanReversion,XMR_USDT_USDT,1H,TimeBased,2025-10-08 10:00:00,2025-10-08 15:00:00,SHORT,324.722554,331.96198745,19.082762,-145.0406,-2.3406,SL,IS
1,S30b_MidWeek_MeanReversion,XMR_USDT_USDT,1H,TimeBased,2025-10-08 16:00:00,2025-10-08 18:00:00,SHORT,340.307877,334.42616723,16.410184,90.4301,1.6193,TP,IS
1,S30b_MidWeek_MeanReversion,XMR_USDT_USDT,1H,TimeBased,2025-10-08 19:00:00,2025-10-09 20:00:00,SHORT,333.59989,342.80837521,14.903063,-142.7789,-2.8719,SL,IS
1,S30b_MidWeek_MeanReversion,XMR_USDT_USDT,1H,TimeBased,2025-10-14 06:00:00,2025-10-14 19:00:00,LONG,304.721389,310.1992482,17.572522,90.3167,1.6867,TP,IS
1,S30b_MidWeek_MeanReversion,XMR_USDT_USDT,1H,TimeBased,2025-10-15 01:00:00,2025-10-15 02:00:00,SHORT,314.00577,322.31958867,16.450688,-142.5254,-2.7591,SL,IS
1,S30b_MidWeek_MeanReversion,XMR_USDT_USDT,1H,TimeBased,2025-10-15 03:00:00,2025-10-15 06:00:00,SHORT,320.623784,314.34547262,15.336332,90.9303,1.8492,TP,IS
1,S30b_MidWeek_MeanReversion,XMR_USDT_USDT,1H,TimeBased,2025-10-15 08:00:00,2025-10-15 15:00:00,SHORT,324.182716,317.17376264,13.883955,92.4145,2.0532,TP,IS
1,S30b_MidWeek_MeanReversion,XMR_USDT_USDT,1H,TimeBased,2025-10-21 01:00:00,2025-10-21 04:00:00,LONG,309.472814,301.8180082,17.924618,-143.2359,-2.5821,SL,IS
1,S30b_MidWeek_MeanReversion,XMR_USDT_USDT,1H,TimeBased,2025-10-21 05:00:00,2025-10-21 06:00:00,LONG,302.510726,308.55195027,15.989482,91.2222,1.8859,TP,IS
1,S30b_MidWeek_MeanReversion,XMR_USDT_USDT,1H,TimeBased,2025-10-28 15:00:00,2025-10-28 18:00:00,LONG,335.120506,340.16779038,19.022464,88.9467,1.3953,TP,IS
1,S30b_MidWeek_MeanReversion,XMR_USDT_USDT,1H,TimeBased,2025-10-29 03:00:00,2025-10-29 05:00:00,LONG,332.739792,337.9909105,18.448187,90.068,1.4673,TP,IS
1,S30b_MidWeek_MeanReversion,XMR_USDT_USDT,1H,TimeBased,2025-10-29 07:00:00,2025-10-29 16:00:00,SHORT,342.967079,337.3007522,17.257723,91.331,1.5431,TP,IS
1,S30b_MidWeek_MeanReversion,XMR_USDT_USDT,1H,TimeBased,2025-11-05 08:00:00,2025-11-05 08:00:00,SHORT,354.79353,368.70658855,9.98149,-142.8449,-4.0336,SL,IS
1,S30b_MidWeek_MeanReversion,XMR_USDT_USDT,1H,TimeBased,2025-11-05 09:00:00,2025-11-05 11:00:00,SHORT,369.559099,358.28594676,8.834424,96.0553,2.9421,TP,IS
1,S30b_MidWeek_MeanReversion,XMR_USDT_USDT,1H,TimeBased,2025-11-05 12:00:00,2025-11-05 20:00:00,SHORT,363.59089,350.81677308,7.878647,97.547,3.4053,TP,IS
1,S30b_MidWeek_MeanReversion,XMR_USDT_USDT,1H,TimeBased,2025-11-06 00:00:00,2025-11-06 08:00:00,LONG,343.392987,354.17501244,9.369591,97.4284,3.0281,TP,IS
1,S30b_MidWeek_MeanReversion,XMR_USDT_USDT,1H,TimeBased,2025-11-11 08:00:00,2025-11-11 17:00:00,LONG,373.672068,389.11662286,6.627876,99.584,4.0209,TP,IS
1,S30b_MidWeek_MeanReversion,XMR_USDT_USDT,1H,TimeBased,2025-11-19 05:00:00,2025-11-19 05:00:00,LONG,376.903037,362.62696251,9.899379,-145.3508,-3.8956,SL,IS
1,S30b_MidWeek_MeanReversion,XMR_USDT_USDT,1H,TimeBased,2025-11-19 06:00:00,2025-11-19 08:00:00,LONG,357.687274,369.74787188,8.422423,98.2097,3.26,TP,IS
1,S30b_MidWeek_MeanReversion,XMR_USDT_USDT,1H,TimeBased,2025-11-19 09:00:00,2025-11-19 19:00:00,LONG,371.731486,354.55419781,8.18795,-143.9175,-4.7283,SL,IS
1,S30b_MidWeek_MeanReversion,XMR_USDT_USDT,1H,TimeBased,2025-11-19 20:00:00,2025-11-20 00:00:00,LONG,354.986464,367.42949192,8.144079,98.1011,3.3933,TP,IS
1,S30b_MidWeek_MeanReversion,XMR_USDT_USDT,1H,TimeBased,2025-11-25 02:00:00,2025-11-25 08:00:00,SHORT,395.291377,387.44450971,12.788212,94.842,1.8762,TP,IS
1,S30b_MidWeek_MeanReversion,XMR_USDT_USDT,1H,TimeBased,2025-11-25 15:00:00,2025-11-25 16:00:00,LONG,372.461705,380.59497072,12.46001,96.1799,2.0725,TP,IS
1,S30b_MidWeek_MeanReversion,XMR_USDT_USDT,1H,TimeBased,2025-11-26 04:00:00,2025-11-26 08:00:00,SHORT,392.362256,401.883809,15.022582,-149.6007,-2.5381,SL,IS
1,S30b_MidWeek_MeanReversion,XMR_USDT_USDT,1H,TimeBased,2025-11-26 09:00:00,2025-11-27 13:00:00,SHORT,399.490117,392.09207974,13.565433,94.4516,1.7429,TP,IS
1,S30b_MidWeek_MeanReversion,XMR_USDT_USDT,1H,TimeBased,2025-12-02 11:00:00,2025-12-02 15:00:00,LONG,387.746289,397.42040976,10.553996,97.543,2.3836,TP,IS
1,S30b_MidWeek_MeanReversion,XMR_USDT_USDT,1H,TimeBased,2025-12-02 22:00:00,2025-12-02 22:00:00,SHORT,409.597084,399.55284193,10.235755,98.2552,2.3436,TP,IS
1,S30b_MidWeek_MeanReversion,XMR_USDT_USDT,1H,TimeBased,2025-12-03 04:00:00,2025-12-03 07:00:00,SHORT,414.035752,401.63077454,8.394942,100.373,2.8878,TP,IS
1,S30b_MidWeek_MeanReversion,XMR_USDT_USDT,1H,TimeBased,2025-12-09 13:00:00,2025-12-09 16:00:00,LONG,365.099497,370.24995462,19.755133,93.7582,1.2999,TP,IS
1,S30b_MidWeek_MeanReversion,XMR_USDT_USDT,1H,TimeBased,2025-12-09 19:00:00,2025-12-09 23:00:00,SHORT,379.106234,388.45608927,15.657958,-153.0098,-2.5776,SL,IS
1,S30b_MidWeek_MeanReversion,XMR_USDT_USDT,1H,TimeBased,2025-12-10 00:00:00,2025-12-10 08:00:00,SHORT,388.173513,397.4457266,15.628222,-151.661,-2.5,SL,IS
1,S30b_MidWeek_MeanReversion,XMR_USDT_USDT,1H,TimeBased,2025-12-10 09:00:00,2025-12-10 13:00:00,SHORT,396.18111,405.70869581,15.04679,-149.9958,-2.5162,SL,IS
1,S30b_MidWeek_MeanReversion,XMR_USDT_USDT,1H,TimeBased,2025-12-10 14:00:00,2025-12-10 21:00:00,SHORT,404.708551,397.74063121,14.387028,93.898,1.6127,TP,IS
1,S30b_MidWeek_MeanReversion,XMR_USDT_USDT,1H,TimeBased,2025-12-16 12:00:00,2025-12-16 15:00:00,SHORT,418.37445,427.57411795,15.539745,-150.1907,-2.3101,SL,IS
1,S30b_MidWeek_MeanReversion,XMR_USDT_USDT,1H,TimeBased,2025-12-16 16:00:00,2025-12-17 17:00:00,SHORT,429.211198,421.737278,13.365957,93.6405,1.6323,TP,IS
1,S30b_MidWeek_MeanReversion,XMR_USDT_USDT,1H,TimeBased,2025-12-17 23:00:00,2025-12-18 02:00:00,LONG,419.52582,427.51463874,12.630197,95.0163,1.7932,TP,IS
1,S30b_MidWeek_MeanReversion,XMR_USDT_USDT,1H,TimeBased,2025-12-23 03:00:00,2025-12-23 06:00:00,LONG,454.93644,441.86712426,10.926454,-148.1907,-2.9812,SL,IS
1,S30b_MidWeek_MeanReversion,XMR_USDT_USDT,1H,TimeBased,2025-12-23 07:00:00,2025-12-23 16:00:00,LONG,439.451796,448.89435244,10.695746,95.7693,2.0375,TP,IS
1,S30b_MidWeek_MeanReversion,XMR_USDT_USDT,1H,TimeBased,2025-12-24 05:00:00,2025-12-25 00:00:00,LONG,431.379375,439.60155045,12.309439,95.3137,1.795,TP,IS
1,S30b_MidWeek_MeanReversion,XMR_USDT_USDT,1H,TimeBased,2025-12-30 01:00:00,2025-12-30 22:00:00,LONG,434.600341,441.70310227,14.247648,94.3307,1.5234,TP,IS
1,S30b_MidWeek_MeanReversion,XMR_USDT_USDT,1H,TimeBased,2025-12-30 23:00:00,2025-12-31 12:00:00,SHORT,440.917685,435.26053256,17.783549,92.0344,1.1737,TP,IS
1,S30b_MidWeek_MeanReversion,XMR_USDT_USDT,1H,TimeBased,2026-01-06 01:00:00,2026-01-06 05:00:00,SHORT,441.327562,450.10616552,16.618632,-154.0363,-2.1002,SL,OOS
1,S30b_MidWeek_MeanReversion,XMR_USDT_USDT,1H,TimeBased,2026-01-06 06:00:00,2026-01-06 15:00:00,SHORT,447.495711,441.36395394,16.398879,92.537,1.261,TP,OOS
1,S30b_MidWeek_MeanReversion,XMR_USDT_USDT,1H,TimeBased,2026-01-06 18:00:00,2026-01-06 19:00:00,LONG,435.860719,442.48092296,15.36471,94.295,1.408,TP,OOS
1,S30b_MidWeek_MeanReversion,XMR_USDT_USDT,1H,TimeBased,2026-01-07 08:00:00,2026-01-07 09:00:00,SHORT,454.653563,447.96040991,15.281017,94.6921,1.363,TP,OOS
1,S30b_MidWeek_MeanReversion,XMR_USDT_USDT,1H,TimeBased,2026-01-07 19:00:00,2026-01-08 05:00:00,LONG,437.43119,444.33054385,14.966372,96.0001,1.4664,TP,OOS
1,S30b_MidWeek_MeanReversion,XMR_USDT_USDT,1H,TimeBased,2026-01-13 01:00:00,2026-01-13 08:00:00,SHORT,637.398723,676.9716319,3.705368,-149.3108,-6.3219,SL,OOS
1,S30b_MidWeek_MeanReversion,XMR_USDT_USDT,1H,TimeBased,2026-01-13 09:00:00,2026-01-13 12:00:00,SHORT,678.166489,648.08616648,3.535329,103.765,4.328,TP,OOS
1,S30b_MidWeek_MeanReversion,XMR_USDT_USDT,1H,TimeBased,2026-01-13 16:00:00,2026-01-14 16:00:00,SHORT,683.314944,727.06534428,3.340606,-148.7442,-6.5162,SL,OOS
1,S30b_MidWeek_MeanReversion,XMR_USDT_USDT,1H,TimeBased,2026-01-14 17:00:00,2026-01-14 18:00:00,SHORT,734.049719,771.61692979,3.855201,-148.0217,-5.2306,SL,OOS
1,S30b_MidWeek_MeanReversion,XMR_USDT_USDT,1H,TimeBased,2026-01-14 19:00:00,2026-01-14 20:00:00,SHORT,787.283744,756.34417491,3.383251,101.804,3.8221,TP,OOS
1,S30b_MidWeek_MeanReversion,XMR_USDT_USDT,1H,TimeBased,2026-01-20 08:00:00,2026-01-20 13:00:00,LONG,580.944231,547.84507998,4.356335,-146.8956,-5.8043,SL,OOS
1,S30b_MidWeek_MeanReversion,XMR_USDT_USDT,1H,TimeBased,2026-01-20 14:00:00,2026-01-20 18:00:00,LONG,544.353257,510.35111206,4.195275,-145.082,-6.3529,SL,OOS
1,S30b_MidWeek_MeanReversion,XMR_USDT_USDT,1H,TimeBased,2026-01-20 19:00:00,2026-01-21 19:00:00,LONG,509.112688,534.61357391,4.065649,101.3438,4.8961,TP,OOS
1,S30b_MidWeek_MeanReversion,XMR_USDT_USDT,1H,TimeBased,2026-01-21 20:00:00,2026-01-22 03:00:00,SHORT,535.619266,512.38449837,4.485746,101.6397,4.2303,TP,OOS
1,S30b_MidWeek_MeanReversion,XMR_USDT_USDT,1H,TimeBased,2026-02-03 04:00:00,2026-02-04 10:00:00,LONG,379.023673,393.74952219,7.108894,101.663,3.7731,TP,OOS
1,S30b_MidWeek_MeanReversion,XMR_USDT_USDT,1H,TimeBased,2026-02-10 02:00:00,2026-02-10 03:00:00,SHORT,346.655972,337.19567798,11.053671,100.4135,2.6205,TP,OOS
1,S30b_MidWeek_MeanReversion,XMR_USDT_USDT,1H,TimeBased,2026-02-10 04:00:00,2026-02-10 06:00:00,SHORT,341.477526,331.67482406,10.757743,101.4721,2.7623,TP,OOS
1,S30b_MidWeek_MeanReversion,XMR_USDT_USDT,1H,TimeBased,2026-02-10 19:00:00,2026-02-10 21:00:00,LONG,322.646765,331.86271617,11.514672,101.9736,2.7448,TP,OOS
1,S30b_MidWeek_MeanReversion,XMR_USDT_USDT,1H,TimeBased,2026-02-10 23:00:00,2026-02-11 01:00:00,SHORT,340.937688,354.07398446,11.253944,-152.137,-3.9651,SL,OOS
1,S30b_MidWeek_MeanReversion,XMR_USDT_USDT,1H,TimeBased,2026-02-11 02:00:00,2026-02-11 15:00:00,SHORT,345.366359,334.6308483,9.878974,102.3611,3.0002,TP,OOS
1,S30b_MidWeek_MeanReversion,XMR_USDT_USDT,1H,TimeBased,2026-02-17 03:00:00,2026-02-17 09:00:00,SHORT,339.758042,332.3539443,14.267624,100.3647,2.0704,TP,OOS
1,S30b_MidWeek_MeanReversion,XMR_USDT_USDT,1H,TimeBased,2026-02-18 08:00:00,2026-02-18 13:00:00,SHORT,341.59749,335.46092962,17.199164,99.139,1.6874,TP,OOS
1,S30b_MidWeek_MeanReversion,XMR_USDT_USDT,1H,TimeBased,2026-02-18 21:00:00,2026-02-19 20:00:00,LONG,328.918646,336.01460047,15.076225,101.4666,2.0462,TP,OOS
1,S30b_MidWeek_MeanReversion,XMR_USDT_USDT,1H,TimeBased,2026-02-24 01:00:00,2026-02-24 06:00:00,LONG,306.241845,312.44518554,17.322229,101.5613,1.9145,TP,OOS
1,S30b_MidWeek_MeanReversion,XMR_USDT_USDT,1H,TimeBased,2026-02-24 10:00:00,2026-02-24 12:00:00,SHORT,317.744648,327.18400114,16.075794,-157.4474,-3.0824,SL,OOS
1,S30b_MidWeek_MeanReversion,XMR_USDT_USDT,1H,TimeBased,2026-02-24 13:00:00,2026-02-25 01:00:00,SHORT,321.933391,331.8680175,15.108462,-155.5298,-3.1976,SL,OOS
1,S30b_MidWeek_MeanReversion,XMR_USDT_USDT,1H,TimeBased,2026-02-25 02:00:00,2026-02-25 15:00:00,SHORT,331.540508,341.97108531,14.236797,-153.7718,-3.2578,SL,OOS
1,S30b_MidWeek_MeanReversion,XMR_USDT_USDT,1H,TimeBased,2026-02-25 16:00:00,2026-02-26 15:00:00,SHORT,342.747145,335.90362352,15.3174,99.1076,1.8878,TP,OOS
1,S30b_MidWeek_MeanReversion,XMR_USDT_USDT,1H,TimeBased,2026-03-03 06:00:00,2026-03-03 10:00:00,LONG,336.660968,343.26410336,15.96266,99.4342,1.8503,TP,OOS
1,S30b_MidWeek_MeanReversion,XMR_USDT_USDT,1H,TimeBased,2026-03-04 10:00:00,2026-03-04 12:00:00,SHORT,348.655372,342.74078301,17.839618,98.7302,1.5873,TP,OOS
1,S30b_MidWeek_MeanReversion,XMR_USDT_USDT,1H,TimeBased,2026-03-04 15:00:00,2026-03-04 15:00:00,SHORT,349.835018,358.4178869,17.518147,-157.18,-2.5648,SL,OOS
1,S30b_MidWeek_MeanReversion,XMR_USDT_USDT,1H,TimeBased,2026-03-04 16:00:00,2026-03-04 21:00:00,SHORT,361.731448,354.67806155,14.990469,99.8269,1.841,TP,OOS
1,S30b_MidWeek_MeanReversion,XMR_USDT_USDT,1H,TimeBased,2026-03-10 11:00:00,2026-03-10 12:00:00,SHORT,350.79473,344.80020495,17.657075,99.0906,1.5998,TP,OOS
1,S30b_MidWeek_MeanReversion,XMR_USDT_USDT,1H,TimeBased,2026-03-11 02:00:00,2026-03-11 03:00:00,SHORT,360.011964,353.19663049,15.705008,100.8743,1.7841,TP,OOS
1,S30b_MidWeek_MeanReversion,XMR_USDT_USDT,1H,TimeBased,2026-03-11 06:00:00,2026-03-11 08:00:00,SHORT,357.442735,350.66230092,15.894139,101.5791,1.788,TP,OOS
1,S30b_MidWeek_MeanReversion,XMR_USDT_USDT,1H,TimeBased,2026-03-18 12:00:00,2026-03-18 16:00:00,LONG,361.30836,352.86804509,18.107407,-159.9448,-2.4448,SL,OOS
1,S30b_MidWeek_MeanReversion,XMR_USDT_USDT,1H,TimeBased,2026-03-18 17:00:00,2026-03-19 07:00:00,LONG,351.935549,343.40648114,17.720754,-157.9186,-2.5321,SL,OOS
1,S30b_MidWeek_MeanReversion,XMR_USDT_USDT,1H,TimeBased,2026-03-24 04:00:00,2026-03-24 13:00:00,LONG,348.544532,340.32715003,18.20475,-156.4928,-2.4663,SL,OOS
1,S30b_MidWeek_MeanReversion,XMR_USDT_USDT,1H,TimeBased,2026-03-24 14:00:00,2026-03-24 19:00:00,LONG,339.251745,344.99685104,18.190486,97.6605,1.5825,TP,OOS
1,S30b_MidWeek_MeanReversion,XMR_USDT_USDT,1H,TimeBased,2026-03-25 04:00:00,2026-03-25 08:00:00,LONG,337.091097,341.65406933,22.790443,95.4843,1.2429,TP,OOS
1,S30b_MidWeek_MeanReversion,XMR_USDT_USDT,1H,TimeBased,2026-03-25 17:00:00,2026-03-25 20:00:00,SHORT,345.246395,341.11546303,25.1616,94.4424,1.0872,TP,OOS
1,S30b_MidWeek_MeanReversion,XMR_USDT_USDT,1H,TimeBased,2026-03-31 01:00:00,2026-03-31 01:00:00,LONG,323.567041,328.11229687,23.223096,97.2312,1.294,TP,OOS
1,S30b_MidWeek_MeanReversion,XMR_USDT_USDT,1H,TimeBased,2026-04-01 00:00:00,2026-04-02 04:00:00,SHORT,334.379656,329.003503,19.912578,99.7877,1.4987,TP,OOS
1,S30b_MidWeek_MeanReversion,XMR_USDT_USDT,1H,TimeBased,2026-04-07 10:00:00,2026-04-07 12:00:00,SHORT,331.540508,328.13613227,30.803945,93.6918,0.9174,TP,OOS
1,S30b_MidWeek_MeanReversion,XMR_USDT_USDT,1H,TimeBased,2026-04-07 21:00:00,2026-04-07 22:00:00,SHORT,333.030061,339.09406665,25.485803,-163.9673,-1.9319,SL,OOS
1,S30b_MidWeek_MeanReversion,XMR_USDT_USDT,1H,TimeBased,2026-04-07 23:00:00,2026-04-08 06:00:00,SHORT,343.39695,338.51338446,21.82509,98.3987,1.3129,TP,OOS
1,S30b_MidWeek_MeanReversion,XMR_USDT_USDT,1H,TimeBased,2026-04-08 07:00:00,2026-04-08 13:00:00,SHORT,339.69806,346.01649794,24.345406,-163.0066,-1.971,SL,OOS
1,S30b_MidWeek_MeanReversion,XMR_USDT_USDT,1H,TimeBased,2026-04-08 14:00:00,2026-04-08 14:00:00,SHORT,349.175216,355.72224129,23.239214,-161.1574,-1.986,SL,OOS
1,S30b_MidWeek_MeanReversion,XMR_USDT_USDT,1H,TimeBased,2026-04-08 15:00:00,2026-04-08 15:00:00,LONG,328.318466,336.001789,13.956273,102.1313,2.2289,TP,OOS
1,S30b_MidWeek_MeanReversion,XMR_USDT_USDT,1H,TimeBased,2026-04-08 19:00:00,2026-04-09 08:00:00,LONG,328.208433,336.40996259,13.193164,103.3815,2.3875,TP,OOS
1,S30b_MidWeek_MeanReversion,XMR_USDT_USDT,1H,TimeBased,2026-04-14 11:00:00,2026-04-14 18:00:00,SHORT,351.264589,347.68818591,29.127997,92.976,0.9087,TP,OOS
1,S30b_MidWeek_MeanReversion,XMR_USDT_USDT,1H,TimeBased,2026-04-14 22:00:00,2026-04-15 06:00:00,LONG,345.173521,339.61863003,27.698967,-164.2972,-1.7184,SL,OOS
1,S30b_MidWeek_MeanReversion,XMR_USDT_USDT,1H,TimeBased,2026-04-15 07:00:00,2026-04-15 13:00:00,LONG,340.642162,344.50935271,27.00396,94.2535,1.0246,TP,OOS
1,S30b_MidWeek_MeanReversion,XMR_USDT_USDT,1H,TimeBased,2026-04-15 17:00:00,2026-04-16 00:00:00,SHORT,347.665669,343.48336665,25.236936,95.9551,1.0936,TP,OOS
1,S30b_MidWeek_MeanReversion,XMR_USDT_USDT,1H,TimeBased,2026-04-21 07:00:00,2026-04-21 07:00:00,SHORT,357.102837,361.86191783,32.533942,-167.6966,-1.4434,SL,OOS
1,S30b_MidWeek_MeanReversion,XMR_USDT_USDT,1H,TimeBased,2026-04-21 08:00:00,2026-04-21 10:00:00,SHORT,361.661469,366.95463148,28.867599,-164.3693,-1.5744,SL,OOS
1,S30b_MidWeek_MeanReversion,XMR_USDT_USDT,1H,TimeBased,2026-04-21 11:00:00,2026-04-21 12:00:00,SHORT,372.738145,367.91958072,21.657107,95.5339,1.1835,TP,OOS
1,S30b_MidWeek_MeanReversion,XMR_USDT_USDT,1H,TimeBased,2026-04-21 13:00:00,2026-04-21 14:00:00,SHORT,369.898997,378.33842522,17.888093,-158.3268,-2.3928,SL,OOS
1,S30b_MidWeek_MeanReversion,XMR_USDT_USDT,1H,TimeBased,2026-04-21 15:00:00,2026-04-21 18:00:00,SHORT,373.917791,383.03930517,16.360412,-156.043,-2.5508,SL,OOS
1,S30b_MidWeek_MeanReversion,XMR_USDT_USDT,1H,TimeBased,2026-04-21 19:00:00,2026-04-21 19:00:00,SHORT,383.394947,376.29284423,14.743727,98.5511,1.7434,TP,OOS
1,S30b_MidWeek_MeanReversion,XMR_USDT_USDT,1H,TimeBased,2026-04-21 20:00:00,2026-04-22 23:00:00,SHORT,380.845712,372.86824643,13.280142,100.4367,1.9858,TP,OOS
1,S30b_MidWeek_MeanReversion,XMR_USDT_USDT,1H,TimeBased,2026-04-23 00:00:00,2026-04-23 06:00:00,LONG,367.520223,375.28430124,13.735065,101.0288,2.0014,TP,OOS
1,S30b_MidWeek_MeanReversion,XMR_USDT_USDT,1H,TimeBased,2026-04-28 04:00:00,2026-04-28 12:00:00,LONG,375.852722,382.58006708,15.852736,100.034,1.6789,TP,OOS
1,S30b_MidWeek_MeanReversion,XMR_USDT_USDT,1H,TimeBased,2026-04-29 16:00:00,2026-04-30 08:00:00,LONG,375.432596,380.74490428,19.977256,97.8168,1.3042,TP,OOS
1,S30b_MidWeek_MeanReversion,XMR_USDT_USDT,1H,TimeBased,2026-05-05 01:00:00,2026-05-05 20:00:00,SHORT,405.408341,415.31266606,15.416575,-159.6498,-2.5544,SL,OOS
1,S30b_MidWeek_MeanReversion,XMR_USDT_USDT,1H,TimeBased,2026-05-05 21:00:00,2026-05-05 22:00:00,SHORT,421.793424,413.9009124,13.580779,100.9443,1.7622,TP,OOS
1,S30b_MidWeek_MeanReversion,XMR_USDT_USDT,1H,TimeBased,2026-05-06 08:00:00,2026-05-06 09:00:00,SHORT,422.103331,412.38816499,11.196007,103.6324,2.1929,TP,OOS
1,S30b_MidWeek_MeanReversion,XMR_USDT_USDT,1H,TimeBased,2026-05-06 11:00:00,2026-05-06 13:00:00,SHORT,435.139419,422.88675872,8.995464,105.9733,2.7073,TP,OOS
1,S30b_MidWeek_MeanReversion,XMR_USDT_USDT,1H,TimeBased,2026-05-12 10:00:00,2026-05-12 19:00:00,LONG,403.881128,410.75292371,15.846974,101.7969,1.5905,TP,OOS
1,S30b_MidWeek_MeanReversion,XMR_USDT_USDT,1H,TimeBased,2026-05-13 02:00:00,2026-05-13 10:00:00,SHORT,413.365953,407.6689522,19.046806,99.9087,1.269,TP,OOS
1,S30b_MidWeek_MeanReversion,XMR_USDT_USDT,1H,TimeBased,2026-05-13 14:00:00,2026-05-13 19:00:00,LONG,404.22123,395.95240385,18.932087,-164.8781,-2.1545,SL,OOS
1,S30b_MidWeek_MeanReversion,XMR_USDT_USDT,1H,TimeBased,2026-05-13 20:00:00,2026-05-14 00:00:00,LONG,392.41769,399.71584555,15.016383,103.0497,1.7488,TP,OOS
1,S30b_MidWeek_MeanReversion,XMR_USDT_USDT,1H,TimeBased,2026-05-19 06:00:00,2026-05-19 16:00:00,SHORT,390.202904,397.20491317,22.327607,-166.0076,-1.9054,SL,OOS
1,S30b_MidWeek_MeanReversion,XMR_USDT_USDT,1H,TimeBased,2026-05-19 17:00:00,2026-05-19 18:00:00,SHORT,396.940882,391.02577357,18.268971,100.1455,1.381,TP,OOS
1,S30b_MidWeek_MeanReversion,XMR_USDT_USDT,1H,TimeBased,2026-05-20 00:00:00,2026-05-20 00:00:00,SHORT,399.530105,394.04722949,19.750013,99.6666,1.2631,TP,OOS
1,S30b_MidWeek_MeanReversion,XMR_USDT_USDT,1H,TimeBased,2026-05-20 18:00:00,2026-05-20 18:00:00,SHORT,406.028155,398.92855263,15.541564,103.4583,1.6395,TP,OOS
1,S30b_MidWeek_MeanReversion,XMR_USDT_USDT,1H,TimeBased,2026-05-26 02:00:00,2026-05-26 07:00:00,LONG,380.494114,386.85105448,17.42738,103.4298,1.5598,TP,OOS
1,S30b_MidWeek_MeanReversion,XMR_USDT_USDT,1H,TimeBased,2026-05-27 08:00:00,2026-05-27 15:00:00,SHORT,392.18231,400.68698773,18.61591,-166.4403,-2.2797,SL,OOS
1,S30b_MidWeek_MeanReversion,XMR_USDT_USDT,1H,TimeBased,2026-05-27 16:00:00,2026-05-27 17:00:00,SHORT,398.08054,391.68107807,17.21913,102.7137,1.4985,TP,OOS
1,S30b_MidWeek_MeanReversion,XMR_USDT_USDT,1H,TimeBased,2026-06-02 01:00:00,2026-06-02 06:00:00,LONG,342.712783,351.73083876,12.531442,108.2229,2.5199,TP,OOS
1,S30b_MidWeek_MeanReversion,XMR_USDT_USDT,1H,TimeBased,2026-06-02 19:00:00,2026-06-03 11:00:00,LONG,333.530029,342.14178694,13.206355,108.8222,2.4706,TP,OOS
1,S30b_MidWeek_MeanReversion,XMR_USDT_USDT,1H,TimeBased,2026-06-03 12:00:00,2026-06-03 15:00:00,SHORT,346.59599,358.97492952,12.844498,-163.9858,-3.6835,SL,OOS
1,S30b_MidWeek_MeanReversion,XMR_USDT_USDT,1H,TimeBased,2026-06-03 16:00:00,2026-06-04 08:00:00,SHORT,356.8929,346.66295914,11.118736,109.4415,2.758,TP,OOS
1,S30b_MidWeek_MeanReversion,XMR_USDT_USDT,1H,TimeBased,2026-06-09 06:00:00,2026-06-09 10:00:00,SHORT,326.751945,319.64851464,15.982425,107.848,2.0651,TP,OOS
1,S30b_MidWeek_MeanReversion,XMR_USDT_USDT,1H,TimeBased,2026-06-09 16:00:00,2026-06-10 12:00:00,LONG,311.683477,319.30208179,15.056291,109.4828,2.333,TP,OOS
1,S30b_MidWeek_MeanReversion,XMR_USDT_USDT,1H,TimeBased,2026-06-10 14:00:00,2026-06-10 22:00:00,SHORT,323.742848,336.34849843,12.734837,-165.1543,-4.0059,SL,OOS
1,S30b_MidWeek_MeanReversion,XMR_USDT_USDT,1H,TimeBased,2026-06-10 23:00:00,2026-06-11 01:00:00,SHORT,332.090343,344.76264031,12.538468,-163.5589,-3.928,SL,OOS
1,S30b_MidWeek_MeanReversion,XMR_USDT_USDT,1H,TimeBased,2026-06-16 15:00:00,2026-06-16 18:00:00,LONG,334.00017,344.89811884,10.465422,110.1439,3.1511,TP,OOS
1,S30b_MidWeek_MeanReversion,XMR_USDT_USDT,1H,TimeBased,2026-06-17 22:00:00,2026-06-18 18:00:00,LONG,333.640062,321.54992495,13.09532,-163.0432,-3.7317,SL,OOS
1,S30b_MidWeek_MeanReversion,XMR_USDT_USDT,1H,TimeBased,2026-06-23 09:00:00,2026-06-23 12:00:00,LONG,316.274854,324.54478702,13.660875,108.1597,2.5034,TP,OOS
1,S30b_MidWeek_MeanReversion,XMR_USDT_USDT,1H,TimeBased,2026-06-24 09:00:00,2026-06-24 10:00:00,SHORT,330.390853,322.29247639,14.026794,108.559,2.3425,TP,OOS
1,S30b_MidWeek_MeanReversion,XMR_USDT_USDT,1H,TimeBased,2026-06-24 18:00:00,2026-06-25 06:00:00,LONG,310.703183,319.12609886,13.614534,109.9579,2.5994,TP,OOS
1,S30b_MidWeek_MeanReversion,XMR_USDT_USDT,1H,TimeBased,2026-06-30 16:00:00,2026-07-01 02:00:00,LONG,304.501323,309.73474363,21.694988,106.2098,1.6077,TP,OOS
1,S30b_MidWeek_MeanReversion,XMR_USDT_USDT,1H,TimeBased,2026-07-07 10:00:00,2026-07-07 15:00:00,SHORT,328.241498,333.55443861,30.646837,-173.9799,-1.7295,SL,OOS
1,S30b_MidWeek_MeanReversion,XMR_USDT_USDT,1H,TimeBased,2026-07-07 16:00:00,2026-07-08 08:00:00,SHORT,331.60049,327.38265049,26.394211,101.7602,1.1627,TP,OOS
1,S30b_MidWeek_MeanReversion,XMR_USDT_USDT,1H,TimeBased,2026-07-08 09:00:00,2026-07-08 15:00:00,LONG,327.008073,319.61701111,21.800357,-168.881,-2.369,SL,OOS
1,S30b_MidWeek_MeanReversion,XMR_USDT_USDT,1H,TimeBased,2026-07-08 16:00:00,2026-07-09 14:00:00,LONG,323.006873,315.111146,20.16981,-166.3342,-2.5531,SL,OOS
1,S30b_MidWeek_MeanReversion,XMR_USDT_USDT,1H,TimeBased,2026-07-14 15:00:00,2026-07-15 07:00:00,SHORT,329.031261,334.83778565,27.283887,-168.3867,-1.8757,SL,OOS
1,S30b_MidWeek_MeanReversion,XMR_USDT_USDT,1H,TimeBased,2026-07-15 11:00:00,2026-07-15 11:00:00,LONG,325.487617,329.35741464,27.902309,97.9269,1.0783,TP,OOS
1,S30b_MidWeek_MeanReversion,XMR_USDT_USDT,1H,TimeBased,2026-07-21 03:00:00,2026-07-21 03:00:00,SHORT,341.79743,346.45184313,34.057749,-171.411,-1.4725,SL,OOS
1,S30b_MidWeek_MeanReversion,XMR_USDT_USDT,1H,TimeBased,2026-07-21 04:00:00,2026-07-21 04:00:00,SHORT,346.815924,343.29742957,30.221346,94.8628,0.9051,TP,OOS
1,S30b_MidWeek_MeanReversion,XMR_USDT_USDT,1H,TimeBased,2026-07-21 05:00:00,2026-07-21 09:00:00,SHORT,342.787133,348.6042522,26.995664,-167.3025,-1.8079,SL,OOS
1,S30b_MidWeek_MeanReversion,XMR_USDT_USDT,1H,TimeBased,2026-07-21 10:00:00,2026-07-21 11:00:00,SHORT,348.775336,344.71815258,26.338236,96.8131,1.0539,TP,OOS
1,S30b_MidWeek_MeanReversion,XMR_USDT_USDT,1H,TimeBased,2026-07-21 14:00:00,2026-07-21 20:00:00,SHORT,347.585693,354.08447638,24.013695,-165.3271,-1.9807,SL,OOS
1,S30b_MidWeek_MeanReversion,XMR_USDT_USDT,1H,TimeBased,2026-07-21 21:00:00,2026-07-22 00:00:00,SHORT,353.154022,360.01201814,22.497167,-163.1098,-2.053,SL,OOS
1,S30b_MidWeek_MeanReversion,XMR_USDT_USDT,1H,TimeBased,2026-07-22 01:00:00,2026-07-22 02:00:00,SHORT,362.181313,356.9035001,20.209491,98.6691,1.348,TP,OOS
1,S30b_MidWeek_MeanReversion,XMR_USDT_USDT,1H,TimeBased,2026-07-22 03:00:00,2026-07-22 05:00:00,SHORT,355.79323,350.35306897,19.784958,99.9493,1.4199,TP,OOS
1,S30b_MidWeek_MeanReversion,XMR_USDT_USDT,1H,TimeBased,2026-07-28 01:00:00,2026-07-28 15:00:00,LONG,342.132609,335.67847231,23.95748,-163.5561,-1.9954,SL,OOS
1,S30b_MidWeek_MeanReversion,XMR_USDT_USDT,1H,TimeBased,2026-07-28 16:00:00,2026-07-29 00:00:00,LONG,338.031379,342.12252075,25.835328,96.0314,1.0996,TP,OOS
1,S30b_MidWeek_MeanReversion,XMR_USDT_USDT,1H,TimeBased,2026-07-29 03:00:00,2026-07-29 06:00:00,SHORT,344.99647,350.79448862,26.61888,-164.5234,-1.7915,SL,OOS
1,S30b_MidWeek_MeanReversion,XMR_USDT_USDT,1H,TimeBased,2026-07-29 07:00:00,2026-07-29 12:00:00,SHORT,350.014964,346.11409987,26.839874,94.4225,1.0051,TP,OOS
1,S30b_MidWeek_MeanReversion,XMR_USDT_USDT,1H,TimeBased,2026-07-29 13:00:00,2026-07-30 06:00:00,SHORT,349.305177,355.50495789,24.754845,-163.0707,-1.8859,SL,OOS
1,S30b_MidWeek_MeanReversion,XMR_USDT_USDT,1H,TimeBased,2026-08-04 15:00:00,2026-08-04 17:00:00,LONG,359.647862,362.53409939,35.147878,87.4844,0.6921,TP,OOS
1,S30b_MidWeek_MeanReversion,XMR_USDT_USDT,1H,TimeBased,2026-08-04 20:00:00,2026-08-05 19:00:00,LONG,355.346572,358.89923114,29.260094,92.4567,0.8892,TP,OOS
1,S30b_MidWeek_MeanReversion,XMR_USDT_USDT,1H,TimeBased,2026-08-05 20:00:00,2026-08-05 21:00:00,SHORT,360.251892,365.86273387,27.449697,-164.9783,-1.6683,SL,OOS
1,S30b_MidWeek_MeanReversion,XMR_USDT_USDT,1H,TimeBased,2026-08-05 22:00:00,2026-08-06 10:00:00,SHORT,366.180113,362.11863485,25.677624,94.0036,0.9998,TP,OOS
1,S30b_MidWeek_MeanReversion,XMR_USDT_USDT,1H,TimeBased,2026-08-11 15:00:00,2026-08-11 22:00:00,LONG,388.946649,381.53277125,20.589988,-161.3769,-2.0151,SL,OOS
1,S30b_MidWeek_MeanReversion,XMR_USDT_USDT,1H,TimeBased,2026-08-11 23:00:00,2026-08-12 05:00:00,LONG,379.833916,385.11686912,19.920116,96.8562,1.2801,TP,OOS
1,S30b_MidWeek_MeanReversion,XMR_USDT_USDT,1H,TimeBased,2026-08-12 07:00:00,2026-08-12 21:00:00,SHORT,396.910891,390.66313636,17.074491,99.2811,1.465,TP,OOS
1,S30b_MidWeek_MeanReversion,XMR_USDT_USDT,1H,TimeBased,2026-08-18 07:00:00,2026-08-18 07:00:00,SHORT,421.493514,417.58775362,26.569163,91.5113,0.8172,TP,OOS
1,S30b_MidWeek_MeanReversion,XMR_USDT_USDT,1H,TimeBased,2026-08-19 16:00:00,2026-08-19 18:00:00,SHORT,418.434432,414.09010296,24.245165,94.2274,0.9288,TP,OOS
1,S30b_MidWeek_MeanReversion,XMR_USDT_USDT,1H,TimeBased,2026-08-19 22:00:00,2026-08-19 22:00:00,SHORT,421.063643,428.40558345,21.140932,-165.0927,-1.8546,SL,OOS
1,S30b_MidWeek_MeanReversion,XMR_USDT_USDT,1H,TimeBased,2026-08-19 23:00:00,2026-08-19 23:00:00,SHORT,428.641369,423.00549015,18.894307,97.6358,1.2055,TP,OOS
1,S30b_MidWeek_MeanReversion,XMR_USDT_USDT,1H,TimeBased,2026-08-25 02:00:00,2026-08-25 20:00:00,SHORT,443.157013,433.13760602,10.967837,104.6051,2.1522,TP,OOS
1,S30b_MidWeek_MeanReversion,XMR_USDT_USDT,1H,TimeBased,2026-08-25 21:00:00,2026-08-26 01:00:00,LONG,432.519717,442.48563309,11.103649,105.3144,2.1929,TP,OOS
1,S30b_MidWeek_MeanReversion,XMR_USDT_USDT,1H,TimeBased,2026-08-26 15:00:00,2026-08-27 04:00:00,LONG,434.1302,441.90129589,14.196899,103.4852,1.6791,TP,OOS
2,S30a_DOW_Seasonality,ATOM_USDT_USDT,4H,TimeBased,2022-01-06 04:00:00,2022-01-06 16:00:00,SHORT,36.079173,39.60153851,28.486063,-101.524,-9.8782,SL,IS
2,S30a_DOW_Seasonality,ATOM_USDT_USDT,4H,TimeBased,2022-01-07 04:00:00,2022-01-07 08:00:00,LONG,38.361505,44.40139269,27.116621,162.547,15.626,TP,IS
2,S30a_DOW_Seasonality,ATOM_USDT_USDT,4H,TimeBased,2022-01-07 12:00:00,2022-01-07 20:00:00,LONG,43.062915,39.13810293,25.711348,-102.0746,-9.2191,SL,IS
2,S30a_DOW_Seasonality,ATOM_USDT_USDT,4H,TimeBased,2022-01-13 20:00:00,2022-01-16 04:00:00,SHORT,38.668396,41.62194201,33.861729,-101.5075,-7.7523,SL,IS
2,S30a_DOW_Seasonality,ATOM_USDT_USDT,4H,TimeBased,2022-01-20 04:00:00,2022-01-20 12:00:00,SHORT,38.5034455,40.9066554,41.22828,-100.8809,-6.355,SL,IS
2,S30a_DOW_Seasonality,ATOM_USDT_USDT,4H,TimeBased,2022-01-21 00:00:00,2022-01-21 20:00:00,SHORT,38.9733045,34.7510018,38.136176,159.4761,10.7298,TP,IS
2,S30a_DOW_Seasonality,ATOM_USDT_USDT,4H,TimeBased,2022-01-27 04:00:00,2022-02-21 20:00:00,SHORT,30.1959385,24.45666625,28.63868,163.5043,18.9072,TP,IS
2,S30a_DOW_Seasonality,ATOM_USDT_USDT,4H,TimeBased,2022-02-24 04:00:00,2022-02-24 20:00:00,SHORT,22.663199,24.37852514,59.013192,-102.7537,-7.6829,SL,IS
2,S30a_DOW_Seasonality,ATOM_USDT_USDT,4H,TimeBased,2022-02-25 00:00:00,2022-02-25 20:00:00,SHORT,24.8375465,26.6411963,55.56056,-101.7849,-7.3758,SL,IS
2,S30a_DOW_Seasonality,ATOM_USDT_USDT,4H,TimeBased,2022-02-26 00:00:00,2022-02-26 16:00:00,LONG,27.2531735,30.05466678,58.109267,160.9612,10.1639,TP,IS
2,S30a_DOW_Seasonality,ATOM_USDT_USDT,4H,TimeBased,2022-03-04 04:00:00,2022-03-04 16:00:00,LONG,33.900167,31.55492523,42.966355,-102.3133,-7.0243,SL,IS
2,S30a_DOW_Seasonality,ATOM_USDT_USDT,4H,TimeBased,2022-03-10 04:00:00,2022-03-14 16:00:00,SHORT,29.0562805,25.91690685,52.220828,162.3618,10.7004,TP,IS
2,S30a_DOW_Seasonality,ATOM_USDT_USDT,4H,TimeBased,2022-03-18 20:00:00,2022-03-20 16:00:00,LONG,28.6635965,27.58705287,94.508489,-104.6664,-3.8637,SL,IS
2,S30a_DOW_Seasonality,ATOM_USDT_USDT,4H,TimeBased,2022-03-25 04:00:00,2022-03-25 16:00:00,LONG,29.428826,28.46104257,104.158693,-104.1194,-3.3967,SL,IS
2,S30a_DOW_Seasonality,ATOM_USDT_USDT,4H,TimeBased,2022-03-31 16:00:00,2022-04-02 16:00:00,SHORT,29.7160825,31.19741184,67.169888,-101.7511,-5.0977,SL,IS
2,S30a_DOW_Seasonality,ATOM_USDT_USDT,4H,TimeBased,2022-04-07 04:00:00,2022-04-08 12:00:00,SHORT,26.9968985,28.59118749,61.710203,-100.2706,-6.0187,SL,IS
2,S30a_DOW_Seasonality,ATOM_USDT_USDT,4H,TimeBased,2022-04-14 04:00:00,2022-04-18 04:00:00,SHORT,24.7475735,22.99271794,90.606261,156.6218,6.9849,TP,IS
2,S30a_DOW_Seasonality,ATOM_USDT_USDT,4H,TimeBased,2022-04-21 20:00:00,2022-04-24 16:00:00,SHORT,23.722881,22.39695328,121.357603,157.8331,5.4823,TP,IS
2,S30a_DOW_Seasonality,ATOM_USDT_USDT,4H,TimeBased,2022-04-28 04:00:00,2022-04-29 16:00:00,SHORT,21.09367,19.55305724,106.604563,161.8531,7.1977,TP,IS
2,S30a_DOW_Seasonality,ATOM_USDT_USDT,4H,TimeBased,2022-05-05 16:00:00,2022-05-08 16:00:00,SHORT,17.5497335,15.60771214,86.374528,166.166,10.9619,TP,IS
2,S30a_DOW_Seasonality,ATOM_USDT_USDT,4H,TimeBased,2022-05-12 04:00:00,2022-05-13 12:00:00,SHORT,9.6421065,11.57788365,53.447457,-104.0862,-20.1973,SL,IS
2,S30a_DOW_Seasonality,ATOM_USDT_USDT,4H,TimeBased,2022-05-19 04:00:00,2022-05-20 00:00:00,SHORT,10.2219325,11.1617853,109.167478,-103.8853,-9.3095,SL,IS
2,S30a_DOW_Seasonality,ATOM_USDT_USDT,4H,TimeBased,2022-05-20 04:00:00,2022-05-24 12:00:00,LONG,11.4684395,10.57422013,113.571071,-102.9343,-7.9029,SL,IS
2,S30a_DOW_Seasonality,ATOM_USDT_USDT,4H,TimeBased,2022-05-26 04:00:00,2022-05-26 08:00:00,SHORT,10.806757,9.76171512,158.000602,163.3298,9.5656,TP,IS
2,S30a_DOW_Seasonality,ATOM_USDT_USDT,4H,TimeBased,2022-05-26 12:00:00,2022-05-30 04:00:00,SHORT,9.467159,10.17929241,143.567642,-103.7906,-7.6363,SL,IS
2,S30a_DOW_Seasonality,ATOM_USDT_USDT,4H,TimeBased,2022-06-02 04:00:00,2022-06-10 12:00:00,SHORT,9.247225,8.26989587,170.114397,164.6188,10.4647,TP,IS
2,S30a_DOW_Seasonality,ATOM_USDT_USDT,4H,TimeBased,2022-06-16 08:00:00,2022-06-18 08:00:00,SHORT,6.887933,5.79466001,155.09189,168.4759,15.771,TP,IS
2,S30a_DOW_Seasonality,ATOM_USDT_USDT,4H,TimeBased,2022-06-24 04:00:00,2022-06-27 20:00:00,LONG,8.3475035,7.79799979,190.24303,-106.2286,-6.6892,SL,IS
2,S30a_DOW_Seasonality,ATOM_USDT_USDT,4H,TimeBased,2022-06-30 04:00:00,2022-07-01 16:00:00,SHORT,7.59772,8.10100197,205.712852,-105.3078,-6.7378,SL,IS
2,S30a_DOW_Seasonality,ATOM_USDT_USDT,4H,TimeBased,2022-07-01 20:00:00,2022-07-05 04:00:00,LONG,8.162448,9.10002521,179.507846,166.5982,11.3702,TP,IS
2,S30a_DOW_Seasonality,ATOM_USDT_USDT,4H,TimeBased,2022-07-08 04:00:00,2022-07-10 00:00:00,LONG,9.30279,8.76699099,194.393992,-106.0881,-5.8664,SL,IS
2,S30a_DOW_Seasonality,ATOM_USDT_USDT,4H,TimeBased,2022-07-14 04:00:00,2022-07-14 16:00:00,SHORT,8.1125655,8.57447055,223.331856,-105.2078,-5.8068,SL,IS
2,S30a_DOW_Seasonality,ATOM_USDT_USDT,4H,TimeBased,2022-07-15 04:00:00,2022-07-19 08:00:00,LONG,9.092727,9.87589649,213.282627,164.8113,8.4984,TP,IS
2,S30a_DOW_Seasonality,ATOM_USDT_USDT,4H,TimeBased,2022-07-22 04:00:00,2022-07-23 08:00:00,LONG,10.783234,10.08654123,148.745719,-105.3374,-6.5673,SL,IS
2,S30a_DOW_Seasonality,ATOM_USDT_USDT,4H,TimeBased,2022-07-29 04:00:00,2022-08-01 08:00:00,LONG,10.963288,10.26823627,147.587916,-104.3047,-6.4463,SL,IS
2,S30a_DOW_Seasonality,ATOM_USDT_USDT,4H,TimeBased,2022-08-05 04:00:00,2022-08-07 20:00:00,LONG,10.693207,11.535306,197.248407,163.6912,7.7608,TP,IS
2,S30a_DOW_Seasonality,ATOM_USDT_USDT,4H,TimeBased,2022-08-12 04:00:00,2022-08-15 20:00:00,LONG,11.723516,11.19521455,195.679425,-105.8443,-4.6139,SL,IS
2,S30a_DOW_Seasonality,ATOM_USDT_USDT,4H,TimeBased,2022-08-19 00:00:00,2022-08-19 04:00:00,SHORT,11.436568,10.47915747,174.729852,165.1821,8.2661,TP,IS
2,S30a_DOW_Seasonality,ATOM_USDT_USDT,4H,TimeBased,2022-08-26 04:00:00,2022-08-26 16:00:00,LONG,12.713813,11.96429995,138.504573,-105.6909,-6.002,SL,IS
2,S30a_DOW_Seasonality,ATOM_USDT_USDT,4H,TimeBased,2022-09-01 08:00:00,2022-09-01 20:00:00,SHORT,11.5715275,12.30215745,140.667367,-104.6228,-6.4275,SL,IS
2,S30a_DOW_Seasonality,ATOM_USDT_USDT,4H,TimeBased,2022-09-02 04:00:00,2022-09-06 16:00:00,LONG,12.50375,11.75893137,136.533043,-103.5143,-6.0635,SL,IS
2,S30a_DOW_Seasonality,ATOM_USDT_USDT,4H,TimeBased,2022-09-09 04:00:00,2022-09-09 08:00:00,LONG,14.024206,15.11454487,150.945174,162.1623,7.6604,TP,IS
2,S30a_DOW_Seasonality,ATOM_USDT_USDT,4H,TimeBased,2022-09-09 12:00:00,2022-09-13 12:00:00,LONG,15.664698,14.71859701,108.101057,-104.081,-6.1464,SL,IS
2,S30a_DOW_Seasonality,ATOM_USDT_USDT,4H,TimeBased,2022-09-15 04:00:00,2022-09-15 04:00:00,SHORT,13.4309695,14.40731216,103.656357,-102.7912,-7.3833,SL,IS
2,S30a_DOW_Seasonality,ATOM_USDT_USDT,4H,TimeBased,2022-09-15 08:00:00,2022-09-15 20:00:00,SHORT,14.4306695,15.47348968,96.060768,-101.754,-7.3404,SL,IS
2,S30a_DOW_Seasonality,ATOM_USDT_USDT,4H,TimeBased,2022-09-16 04:00:00,2022-09-20 16:00:00,LONG,15.2495735,14.18484443,93.081902,-100.6139,-7.0882,SL,IS
2,S30a_DOW_Seasonality,ATOM_USDT_USDT,4H,TimeBased,2022-09-22 04:00:00,2022-09-22 12:00:00,SHORT,13.515944,14.60564796,90.023515,-99.4914,-8.1768,SL,IS
2,S30a_DOW_Seasonality,ATOM_USDT_USDT,4H,TimeBased,2022-09-22 16:00:00,2022-09-28 04:00:00,SHORT,14.545635,12.74226761,88.619045,158.4827,12.2948,TP,IS
2,S30a_DOW_Seasonality,ATOM_USDT_USDT,4H,TimeBased,2022-09-29 04:00:00,2022-10-12 16:00:00,SHORT,12.986103,11.68744169,124.812922,160.3959,9.8959,TP,IS
2,S30a_DOW_Seasonality,ATOM_USDT_USDT,4H,TimeBased,2022-10-13 04:00:00,2022-10-13 08:00:00,SHORT,11.39658,10.73310112,246.364502,160.4591,5.7149,TP,IS
2,S30a_DOW_Seasonality,ATOM_USDT_USDT,4H,TimeBased,2022-10-13 12:00:00,2022-10-13 16:00:00,SHORT,10.9417165,11.42218813,212.774255,-104.8491,-4.5036,SL,IS
2,S30a_DOW_Seasonality,ATOM_USDT_USDT,4H,TimeBased,2022-10-13 20:00:00,2022-10-14 00:00:00,SHORT,11.516544,12.0531856,188.460748,-103.579,-4.7723,SL,IS
2,S30a_DOW_Seasonality,ATOM_USDT_USDT,4H,TimeBased,2022-10-14 12:00:00,2022-10-14 20:00:00,LONG,12.053615,11.48819845,176.911565,-102.3194,-4.7983,SL,IS
2,S30a_DOW_Seasonality,ATOM_USDT_USDT,4H,TimeBased,2022-10-20 04:00:00,2022-10-21 12:00:00,SHORT,11.716484,10.95860598,212.82813,158.6435,6.362,TP,IS
2,S30a_DOW_Seasonality,ATOM_USDT_USDT,4H,TimeBased,2022-10-28 04:00:00,2022-10-28 04:00:00,LONG,12.853855,13.65570519,204.154663,160.7248,6.1248,TP,IS
2,S30a_DOW_Seasonality,ATOM_USDT_USDT,4H,TimeBased,2022-10-28 08:00:00,2022-10-30 16:00:00,LONG,13.0989285,14.01864605,181.202325,163.9524,6.9075,TP,IS
2,S30a_DOW_Seasonality,ATOM_USDT_USDT,4H,TimeBased,2022-11-03 08:00:00,2022-11-04 00:00:00,SHORT,13.5309395,14.11382372,178.395574,-106.6964,-4.4202,SL,IS
2,S30a_DOW_Seasonality,ATOM_USDT_USDT,4H,TimeBased,2022-11-04 04:00:00,2022-11-05 00:00:00,LONG,14.284284,15.32255929,161.500716,165.0524,7.1547,TP,IS
2,S30a_DOW_Seasonality,ATOM_USDT_USDT,4H,TimeBased,2022-11-10 04:00:00,2022-11-10 12:00:00,SHORT,10.436868,11.62570797,87.579288,-105.1805,-11.507,SL,IS
2,S30a_DOW_Seasonality,ATOM_USDT_USDT,4H,TimeBased,2022-11-10 16:00:00,2022-11-13 20:00:00,SHORT,12.216334,10.18447468,83.762173,169.161,16.5315,TP,IS
2,S30a_DOW_Seasonality,ATOM_USDT_USDT,4H,TimeBased,2022-11-17 04:00:00,2022-11-21 00:00:00,SHORT,10.016994,9.13686509,195.409035,169.9266,8.6812,TP,IS
2,S30a_DOW_Seasonality,ATOM_USDT_USDT,4H,TimeBased,2022-11-25 04:00:00,2022-11-28 00:00:00,LONG,9.952985,9.5522234,266.78257,-109.7782,-4.1343,SL,IS
2,S30a_DOW_Seasonality,ATOM_USDT_USDT,4H,TimeBased,2022-12-01 20:00:00,2022-12-05 04:00:00,SHORT,10.206937,10.52823028,330.216528,-109.8623,-3.2595,SL,IS
2,S30a_DOW_Seasonality,ATOM_USDT_USDT,4H,TimeBased,2022-12-08 04:00:00,2022-12-09 00:00:00,SHORT,9.6321095,9.88969124,408.282182,-109.5498,-2.7857,SL,IS
2,S30a_DOW_Seasonality,ATOM_USDT_USDT,4H,TimeBased,2022-12-15 04:00:00,2022-12-16 12:00:00,SHORT,9.527141,9.00113169,319.638476,164.8755,5.4142,TP,IS
2,S30a_DOW_Seasonality,ATOM_USDT_USDT,4H,TimeBased,2022-12-22 04:00:00,2022-12-26 20:00:00,SHORT,8.9123255,9.16189448,423.417066,-109.8809,-2.9118,SL,IS
2,S30a_DOW_Seasonality,ATOM_USDT_USDT,4H,TimeBased,2022-12-30 04:00:00,2023-01-02 04:00:00,LONG,9.372811,9.71954305,482.575126,162.2568,3.5873,TP,IS
2,S30a_DOW_Seasonality,ATOM_USDT_USDT,4H,TimeBased,2023-01-06 04:00:00,2023-01-08 12:00:00,LONG,10.093027,10.48774648,431.231242,165.3341,3.7987,TP,IS
2,S30a_DOW_Seasonality,ATOM_USDT_USDT,4H,TimeBased,2023-01-13 04:00:00,2023-01-14 00:00:00,LONG,12.1986585,12.91703752,242.904775,171.1423,5.7758,TP,IS
2,S30a_DOW_Seasonality,ATOM_USDT_USDT,4H,TimeBased,2023-01-19 04:00:00,2023-01-20 08:00:00,SHORT,11.7314795,12.30684536,189.612739,-111.6036,-5.0172,SL,IS
2,S30a_DOW_Seasonality,ATOM_USDT_USDT,4H,TimeBased,2023-01-20 12:00:00,2023-01-20 20:00:00,LONG,12.2686795,13.06924666,219.576453,172.7257,6.4117,TP,IS
2,S30a_DOW_Seasonality,ATOM_USDT_USDT,4H,TimeBased,2023-01-21 00:00:00,2023-01-24 20:00:00,LONG,13.1589465,12.63879182,211.107881,-112.8041,-4.0607,SL,IS
2,S30a_DOW_Seasonality,ATOM_USDT_USDT,4H,TimeBased,2023-01-26 20:00:00,2023-01-28 00:00:00,SHORT,13.0110955,13.63275746,174.683742,-111.1541,-4.8906,SL,IS
2,S30a_DOW_Seasonality,ATOM_USDT_USDT,4H,TimeBased,2023-02-03 04:00:00,2023-02-09 16:00:00,LONG,14.5793725,13.97512153,177.930519,-110.3091,-4.2523,SL,IS
2,S30a_DOW_Seasonality,ATOM_USDT_USDT,4H,TimeBased,2023-02-09 20:00:00,2023-02-13 16:00:00,SHORT,13.8508435,12.70342173,151.515632,171.6395,8.1787,TP,IS
2,S30a_DOW_Seasonality,ATOM_USDT_USDT,4H,TimeBased,2023-02-17 00:00:00,2023-02-17 16:00:00,SHORT,13.4109755,13.99001444,186.801881,-110.9808,-4.43,SL,IS
2,S30a_DOW_Seasonality,ATOM_USDT_USDT,4H,TimeBased,2023-02-17 20:00:00,2023-02-20 00:00:00,LONG,14.224266,13.67613679,195.34388,-110.0713,-3.9614,SL,IS
2,S30a_DOW_Seasonality,ATOM_USDT_USDT,4H,TimeBased,2023-02-23 04:00:00,2023-02-24 16:00:00,SHORT,13.705887,12.90439308,214.723214,168.9567,5.741,TP,IS
2,S30a_DOW_Seasonality,ATOM_USDT_USDT,4H,TimeBased,2023-03-02 04:00:00,2023-03-03 00:00:00,SHORT,12.6042176,12.01115775,293.534122,170.1093,4.5978,TP,IS
2,S30a_DOW_Seasonality,ATOM_USDT_USDT,4H,TimeBased,2023-03-09 04:00:00,2023-03-10 16:00:00,SHORT,10.8677387,11.23230581,300.560354,-113.2277,-3.4664,SL,IS
2,S30a_DOW_Seasonality,ATOM_USDT_USDT,4H,TimeBased,2023-03-17 04:00:00,2023-03-18 16:00:00,LONG,12.9868949,12.24950613,146.41921,-110.0002,-5.7848,SL,IS
2,S30a_DOW_Seasonality,ATOM_USDT_USDT,4H,TimeBased,2023-03-23 04:00:00,2023-04-13 16:00:00,SHORT,11.3845836,11.98436389,178.349776,-109.263,-5.3813,SL,IS
2,S30a_DOW_Seasonality,ATOM_USDT_USDT,4H,TimeBased,2023-04-14 04:00:00,2023-04-16 00:00:00,LONG,12.0526147,12.50742018,374.617198,165.3176,3.6614,TP,IS
2,S30a_DOW_Seasonality,ATOM_USDT_USDT,4H,TimeBased,2023-04-20 04:00:00,2023-04-21 16:00:00,SHORT,11.7994591,11.06303278,237.79165,172.1259,6.1346,TP,IS
2,S30a_DOW_Seasonality,ATOM_USDT_USDT,4H,TimeBased,2023-04-28 04:00:00,2023-05-01 12:00:00,LONG,11.5244563,11.06677556,239.042884,-112.3755,-4.0792,SL,IS
2,S30a_DOW_Seasonality,ATOM_USDT_USDT,4H,TimeBased,2023-05-04 04:00:00,2023-05-08 00:00:00,SHORT,11.0336889,10.58424159,388.223405,169.87,3.9656,TP,IS
2,S30a_DOW_Seasonality,ATOM_USDT_USDT,4H,TimeBased,2023-05-12 04:00:00,2023-05-19 12:00:00,LONG,10.9002691,10.46930751,255.215833,-112.9878,-4.0615,SL,IS
2,S30a_DOW_Seasonality,ATOM_USDT_USDT,4H,TimeBased,2023-05-25 04:00:00,2023-05-26 12:00:00,SHORT,10.4008788,10.5916539,575.998679,-116.5366,-1.9452,SL,IS
2,S30a_DOW_Seasonality,ATOM_USDT_USDT,4H,TimeBased,2023-05-26 16:00:00,2023-05-28 20:00:00,LONG,10.5421617,10.82404878,606.853799,163.9329,2.5624,TP,IS
2,S30a_DOW_Seasonality,ATOM_USDT_USDT,4H,TimeBased,2023-06-01 04:00:00,2023-06-01 16:00:00,SHORT,10.2229322,10.41031301,589.011597,-117.0537,-1.944,SL,IS
2,S30a_DOW_Seasonality,ATOM_USDT_USDT,4H,TimeBased,2023-06-01 20:00:00,2023-06-02 04:00:00,SHORT,10.3538929,10.53877769,590.785383,-116.0159,-1.8966,SL,IS
2,S30a_DOW_Seasonality,ATOM_USDT_USDT,4H,TimeBased,2023-06-02 08:00:00,2023-06-05 12:00:00,LONG,10.5541653,10.35212409,533.842614,-113.9966,-2.0233,SL,IS
2,S30a_DOW_Seasonality,ATOM_USDT_USDT,4H,TimeBased,2023-06-08 04:00:00,2023-06-10 00:00:00,SHORT,9.4041779,8.98595207,408.6852,166.789,4.3397,TP,IS
2,S30a_DOW_Seasonality,ATOM_USDT_USDT,4H,TimeBased,2023-06-15 04:00:00,2023-06-16 16:00:00,SHORT,8.6224125,8.92593042,354.76458,-111.1015,-3.632,SL,IS
2,S30a_DOW_Seasonality,ATOM_USDT_USDT,4H,TimeBased,2023-06-16 20:00:00,2023-06-18 20:00:00,LONG,8.8196451,8.531492,369.815574,-110.0927,-3.3754,SL,IS
2,S30a_DOW_Seasonality,ATOM_USDT_USDT,4H,TimeBased,2023-06-23 04:00:00,2023-06-25 00:00:00,LONG,9.0837243,9.55776437,359.77415,166.8587,5.1057,TP,IS
2,S30a_DOW_Seasonality,ATOM_USDT_USDT,4H,TimeBased,2023-06-29 04:00:00,2023-06-30 12:00:00,SHORT,9.1822445,8.71757894,372.868667,169.5884,4.9533,TP,IS
2,S30a_DOW_Seasonality,ATOM_USDT_USDT,4H,TimeBased,2023-07-01 00:00:00,2023-07-03 08:00:00,LONG,9.2857849,9.90145425,287.190315,173.7836,6.5166,TP,IS
2,S30a_DOW_Seasonality,ATOM_USDT_USDT,4H,TimeBased,2023-07-06 04:00:00,2023-07-06 08:00:00,SHORT,9.3661893,9.63887048,406.308319,-115.0397,-3.0229,SL,IS
2,S30a_DOW_Seasonality,ATOM_USDT_USDT,4H,TimeBased,2023-07-06 12:00:00,2023-07-12 16:00:00,SHORT,9.427171,8.96382723,381.732659,173.0122,4.8077,TP,IS
2,S30a_DOW_Seasonality,ATOM_USDT_USDT,4H,TimeBased,2023-07-13 04:00:00,2023-07-13 08:00:00,SHORT,8.9663093,9.1624072,569.939508,-117.4467,-2.2983,SL,IS
2,S30a_DOW_Seasonality,ATOM_USDT_USDT,4H,TimeBased,2023-07-13 12:00:00,2023-07-13 12:00:00,SHORT,9.1602511,9.36190171,548.288841,-116.1483,-2.3126,SL,IS
2,S30a_DOW_Seasonality,ATOM_USDT_USDT,4H,TimeBased,2023-07-14 04:00:00,2023-07-14 12:00:00,LONG,10.2020597,9.91213863,375.895289,-113.1384,-2.9502,SL,IS
2,S30a_DOW_Seasonality,ATOM_USDT_USDT,4H,TimeBased,2023-07-14 16:00:00,2023-07-14 16:00:00,LONG,10.1250366,9.81173949,343.90056,-111.514,-3.2026,SL,IS
2,S30a_DOW_Seasonality,ATOM_USDT_USDT,4H,TimeBased,2023-07-14 20:00:00,2023-07-18 12:00:00,LONG,9.512853,9.14185595,286.800479,-109.3447,-4.0078,SL,IS
2,S30a_DOW_Seasonality,ATOM_USDT_USDT,4H,TimeBased,2023-07-20 04:00:00,2023-07-20 08:00:00,SHORT,9.2302301,9.49513089,398.857632,-109.7655,-2.9815,SL,IS
2,S30a_DOW_Seasonality,ATOM_USDT_USDT,4H,TimeBased,2023-07-20 16:00:00,2023-07-24 08:00:00,SHORT,9.2842139,8.82182007,364.835881,165.0647,4.8732,TP,IS
2,S30a_DOW_Seasonality,ATOM_USDT_USDT,4H,TimeBased,2023-07-27 04:00:00,2023-08-01 00:00:00,SHORT,9.0162943,8.71304609,559.367322,164.1727,3.2552,TP,IS
2,S30a_DOW_Seasonality,ATOM_USDT_USDT,4H,TimeBased,2023-08-03 04:00:00,2023-08-04 20:00:00,SHORT,8.7133852,8.41096539,570.222397,167.076,3.3627,TP,IS
2,S30a_DOW_Seasonality,ATOM_USDT_USDT,4H,TimeBased,2023-08-10 04:00:00,2023-08-15 16:00:00,SHORT,8.4704581,8.21033865,670.646936,168.2955,2.9626,TP,IS
2,S30a_DOW_Seasonality,ATOM_USDT_USDT,4H,TimeBased,2023-08-17 04:00:00,2023-08-17 08:00:00,SHORT,7.8156546,8.03836124,499.647676,-115.6316,-2.9611,SL,IS
2,S30a_DOW_Seasonality,ATOM_USDT_USDT,4H,TimeBased,2023-08-17 12:00:00,2023-08-17 20:00:00,SHORT,8.117564,7.73589467,464.86585,173.3717,4.5944,TP,IS
2,S30a_DOW_Seasonality,ATOM_USDT_USDT,4H,TimeBased,2023-08-18 00:00:00,2023-08-20 00:00:00,SHORT,7.3807851,7.75145519,300.391231,-113.8461,-5.1349,SL,IS
2,S30a_DOW_Seasonality,ATOM_USDT_USDT,4H,TimeBased,2023-08-24 04:00:00,2023-08-25 00:00:00,SHORT,7.3897824,7.04895223,523.179965,174.1608,4.5047,TP,IS
2,S30a_DOW_Seasonality,ATOM_USDT_USDT,4H,TimeBased,2023-08-31 04:00:00,2023-08-31 16:00:00,SHORT,7.1708481,6.93300415,754.770294,173.6627,3.2086,TP,IS
2,S30a_DOW_Seasonality,ATOM_USDT_USDT,4H,TimeBased,2023-08-31 20:00:00,2023-09-01 20:00:00,SHORT,6.9329195,6.64776013,643.361036,178.6549,4.0054,TP,IS
2,S30a_DOW_Seasonality,ATOM_USDT_USDT,4H,TimeBased,2023-09-07 12:00:00,2023-09-07 20:00:00,SHORT,6.8229525,6.96383917,826.913312,-122.7713,-2.176,SL,IS
2,S30a_DOW_Seasonality,ATOM_USDT_USDT,4H,TimeBased,2023-09-08 04:00:00,2023-09-08 08:00:00,LONG,6.9700904,6.82901162,816.706955,-121.4184,-2.1329,SL,IS
2,S30a_DOW_Seasonality,ATOM_USDT_USDT,4H,TimeBased,2023-09-14 04:00:00,2023-09-14 16:00:00,SHORT,6.5450359,6.71573784,665.917318,-118.5302,-2.7195,SL,IS
2,S30a_DOW_Seasonality,ATOM_USDT_USDT,4H,TimeBased,2023-09-15 04:00:00,2023-09-16 00:00:00,LONG,6.8410517,7.12487121,635.643154,175.5254,4.0365,TP,IS
2,S30a_DOW_Seasonality,ATOM_USDT_USDT,4H,TimeBased,2023-09-21 20:00:00,2023-09-25 00:00:00,SHORT,7.2388277,6.90522933,551.071827,179.5497,4.501,TP,IS
2,S30a_DOW_Seasonality,ATOM_USDT_USDT,4H,TimeBased,2023-09-28 04:00:00,2023-09-28 08:00:00,SHORT,6.9459156,7.10381325,736.340053,-121.9563,-2.3845,SL,IS
2,S30a_DOW_Seasonality,ATOM_USDT_USDT,4H,TimeBased,2023-09-29 04:00:00,2023-10-01 16:00:00,LONG,7.1131333,7.35507946,756.998162,177.129,3.2895,TP,IS
2,S30a_DOW_Seasonality,ATOM_USDT_USDT,4H,TimeBased,2023-10-05 04:00:00,2023-10-09 08:00:00,SHORT,6.9059276,6.61002486,633.074761,182.6224,4.1771,TP,IS
2,S30a_DOW_Seasonality,ATOM_USDT_USDT,4H,TimeBased,2023-10-12 04:00:00,2023-10-18 12:00:00,SHORT,6.7019888,6.35327969,548.140756,187.2058,5.0959,TP,IS
2,S30a_DOW_Seasonality,ATOM_USDT_USDT,4H,TimeBased,2023-10-19 04:00:00,2023-10-20 00:00:00,SHORT,6.2011391,6.33271227,917.282296,-127.0131,-2.2329,SL,IS
2,S30a_DOW_Seasonality,ATOM_USDT_USDT,4H,TimeBased,2023-10-20 12:00:00,2023-10-21 12:00:00,LONG,6.3939176,6.5989718,924.491562,182.9644,3.0953,TP,IS
2,S30a_DOW_Seasonality,ATOM_USDT_USDT,4H,TimeBased,2023-10-27 04:00:00,2023-10-30 12:00:00,LONG,7.0611177,7.55340711,398.195123,192.8266,6.858,TP,IS
2,S30a_DOW_Seasonality,ATOM_USDT_USDT,4H,TimeBased,2023-11-02 16:00:00,2023-11-04 20:00:00,SHORT,7.6317098,8.00949177,323.499993,-124.9954,-5.0629,SL,IS
2,S30a_DOW_Seasonality,ATOM_USDT_USDT,4H,TimeBased,2023-11-10 04:00:00,2023-11-13 08:00:00,LONG,9.2087618,9.95395844,265.117369,194.7704,7.9778,TP,IS
2,S30a_DOW_Seasonality,ATOM_USDT_USDT,4H,TimeBased,2023-11-17 04:00:00,2023-11-17 08:00:00,LONG,10.1300381,9.50384217,195.932168,-124.8077,-6.2882,SL,IS
2,S30a_DOW_Seasonality,ATOM_USDT_USDT,4H,TimeBased,2023-11-23 04:00:00,2023-11-25 16:00:00,SHORT,8.8223525,9.22429695,302.834957,-124.7287,-4.6685,SL,IS
2,S30a_DOW_Seasonality,ATOM_USDT_USDT,4H,TimeBased,2023-11-30 08:00:00,2023-12-02 08:00:00,SHORT,9.2122355,9.56318488,343.706391,-124.1728,-3.9217,SL,IS
2,S30a_DOW_Seasonality,ATOM_USDT_USDT,4H,TimeBased,2023-12-07 12:00:00,2023-12-08 04:00:00,SHORT,9.6341089,10.05283166,284.80589,-122.3385,-4.4586,SL,IS
2,S30a_DOW_Seasonality,ATOM_USDT_USDT,4H,TimeBased,2023-12-08 08:00:00,2023-12-08 16:00:00,LONG,9.962988,10.6185251,292.920658,188.7045,6.4661,TP,IS
2,S30a_DOW_Seasonality,ATOM_USDT_USDT,4H,TimeBased,2023-12-08 20:00:00,2023-12-09 08:00:00,LONG,10.4501341,11.1372786,283.944261,191.7394,6.4618,TP,IS
2,S30a_DOW_Seasonality,ATOM_USDT_USDT,4H,TimeBased,2023-12-15 04:00:00,2023-12-18 08:00:00,LONG,11.2673792,10.50395815,159.124076,-123.3841,-6.8818,SL,IS
2,S30a_DOW_Seasonality,ATOM_USDT_USDT,4H,TimeBased,2023-12-21 04:00:00,2023-12-21 16:00:00,SHORT,10.6018185,11.08234379,250.92802,-123.5699,-4.645,SL,IS
2,S30a_DOW_Seasonality,ATOM_USDT_USDT,4H,TimeBased,2023-12-22 04:00:00,2023-12-24 20:00:00,LONG,11.393417,10.88343064,233.871698,-122.1368,-4.5837,SL,IS
2,S30a_DOW_Seasonality,ATOM_USDT_USDT,4H,TimeBased,2023-12-28 16:00:00,2023-12-31 20:00:00,SHORT,11.4255713,10.36589467,182.360051,191.057,9.1697,TP,IS
2,S30a_DOW_Seasonality,ATOM_USDT_USDT,4H,TimeBased,2024-01-04 04:00:00,2024-01-05 08:00:00,SHORT,10.0299901,10.68429877,183.068585,-121.869,-6.6371,SL,IS
2,S30a_DOW_Seasonality,ATOM_USDT_USDT,4H,TimeBased,2024-01-12 04:00:00,2024-01-12 16:00:00,LONG,10.6902061,10.13651382,214.252196,-121.084,-5.2866,SL,IS
2,S30a_DOW_Seasonality,ATOM_USDT_USDT,4H,TimeBased,2024-01-12 20:00:00,2024-01-12 20:00:00,LONG,10.2800831,9.72334407,210.839222,-119.7021,-5.5227,SL,IS
2,S30a_DOW_Seasonality,ATOM_USDT_USDT,4H,TimeBased,2024-01-18 04:00:00,2024-01-18 16:00:00,SHORT,10.1449556,9.60975905,352.651141,184.9061,5.1684,TP,IS
2,S30a_DOW_Seasonality,ATOM_USDT_USDT,4H,TimeBased,2024-01-18 20:00:00,2024-01-23 08:00:00,SHORT,9.6001191,9.03386846,339.376317,188.6939,5.7916,TP,IS
2,S30a_DOW_Seasonality,ATOM_USDT_USDT,4H,TimeBased,2024-01-25 04:00:00,2024-01-26 08:00:00,SHORT,9.2252316,9.54157381,380.585595,-124.3236,-3.541,SL,IS
2,S30a_DOW_Seasonality,ATOM_USDT_USDT,4H,TimeBased,2024-01-26 12:00:00,2024-01-31 08:00:00,LONG,9.5408614,9.23904369,394.79977,-123.2354,-3.2717,SL,IS
2,S30a_DOW_Seasonality,ATOM_USDT_USDT,4H,TimeBased,2024-02-01 04:00:00,2024-02-02 08:00:00,SHORT,9.0152946,9.27686006,451.461271,-122.6287,-3.0129,SL,IS
2,S30a_DOW_Seasonality,ATOM_USDT_USDT,4H,TimeBased,2024-02-09 04:00:00,2024-02-09 12:00:00,LONG,9.6899061,10.02707274,553.779482,180.7106,3.3677,TP,IS
2,S30a_DOW_Seasonality,ATOM_USDT_USDT,4H,TimeBased,2024-02-09 16:00:00,2024-02-10 08:00:00,LONG,10.1590468,9.92836157,515.627679,-124.6444,-2.3795,SL,IS
2,S30a_DOW_Seasonality,ATOM_USDT_USDT,4H,TimeBased,2024-02-16 04:00:00,2024-02-16 12:00:00,LONG,10.4571362,10.14199981,372.212866,-121.5148,-3.1219,SL,IS
2,S30a_DOW_Seasonality,ATOM_USDT_USDT,4H,TimeBased,2024-02-17 00:00:00,2024-02-17 12:00:00,LONG,10.2440723,9.91163692,348.902716,-119.8554,-3.3534,SL,IS
2,S30a_DOW_Seasonality,ATOM_USDT_USDT,4H,TimeBased,2024-02-22 04:00:00,2024-02-24 04:00:00,SHORT,9.8260513,10.19492568,310.951486,-118.1261,-3.8661,SL,IS
2,S30a_DOW_Seasonality,ATOM_USDT_USDT,4H,TimeBased,2024-03-01 04:00:00,2024-03-03 00:00:00,LONG,11.3003891,12.22612257,199.924025,182.4894,8.0775,TP,IS
2,S30a_DOW_Seasonality,ATOM_USDT_USDT,4H,TimeBased,2024-03-08 04:00:00,2024-03-11 00:00:00,LONG,13.6680992,12.85974849,142.195285,-117.0183,-6.0209,SL,IS
2,S30a_DOW_Seasonality,ATOM_USDT_USDT,4H,TimeBased,2024-03-14 16:00:00,2024-03-15 08:00:00,SHORT,13.4789551,12.38860148,170.798706,183.801,7.9838,TP,IS
2,S30a_DOW_Seasonality,ATOM_USDT_USDT,4H,TimeBased,2024-03-21 08:00:00,2024-03-26 04:00:00,SHORT,11.6934909,12.37177435,170.571218,-117.9533,-5.9137,SL,IS
2,S30a_DOW_Seasonality,ATOM_USDT_USDT,4H,TimeBased,2024-03-29 04:00:00,2024-04-01 04:00:00,LONG,12.2116624,11.77750409,264.460902,-118.3072,-3.6633,SL,IS
2,S30a_DOW_Seasonality,ATOM_USDT_USDT,4H,TimeBased,2024-04-04 04:00:00,2024-04-04 12:00:00,SHORT,10.7827642,11.18624983,281.658265,-117.0483,-3.854,SL,IS
2,S30a_DOW_Seasonality,ATOM_USDT_USDT,4H,TimeBased,2024-04-04 16:00:00,2024-04-10 12:00:00,SHORT,11.1086664,10.4564718,279.851105,179.1981,5.7643,TP,IS
2,S30a_DOW_Seasonality,ATOM_USDT_USDT,4H,TimeBased,2024-04-11 04:00:00,2024-04-12 16:00:00,SHORT,10.8797351,10.36682327,359.938153,180.4104,4.607,TP,IS
2,S30a_DOW_Seasonality,ATOM_USDT_USDT,4H,TimeBased,2024-04-18 04:00:00,2024-04-20 16:00:00,SHORT,8.1255616,8.62745509,230.571499,-117.8469,-6.2901,SL,IS
2,S30a_DOW_Seasonality,ATOM_USDT_USDT,4H,TimeBased,2024-04-25 04:00:00,2024-04-30 08:00:00,SHORT,8.407477,7.91555765,379.049987,183.059,5.7442,TP,IS
2,S30a_DOW_Seasonality,ATOM_USDT_USDT,4H,TimeBased,2024-05-03 04:00:00,2024-05-05 16:00:00,LONG,8.6585968,9.2860615,302.841063,187.0332,7.1327,TP,IS
2,S30a_DOW_Seasonality,ATOM_USDT_USDT,4H,TimeBased,2024-05-09 12:00:00,2024-05-13 00:00:00,SHORT,8.9213228,8.35712911,341.699025,189.5372,6.2176,TP,IS
2,S30a_DOW_Seasonality,ATOM_USDT_USDT,4H,TimeBased,2024-05-16 16:00:00,2024-05-17 04:00:00,SHORT,8.3854836,8.6181339,519.606343,-125.7459,-2.886,SL,IS
2,S30a_DOW_Seasonality,ATOM_USDT_USDT,4H,TimeBased,2024-05-17 08:00:00,2024-05-19 08:00:00,LONG,8.6275875,8.39631692,517.09563,-124.4306,-2.7891,SL,IS
2,S30a_DOW_Seasonality,ATOM_USDT_USDT,4H,TimeBased,2024-05-23 04:00:00,2024-05-23 12:00:00,SHORT,8.6104161,8.19513942,459.392924,186.529,4.7156,TP,IS
2,S30a_DOW_Seasonality,ATOM_USDT_USDT,4H,TimeBased,2024-05-23 16:00:00,2024-05-27 12:00:00,SHORT,8.3045079,8.58439313,428.786544,-123.994,-3.4821,SL,IS
2,S30a_DOW_Seasonality,ATOM_USDT_USDT,4H,TimeBased,2024-05-30 08:00:00,2024-06-05 16:00:00,SHORT,8.4534632,8.7040738,474.463997,-123.3831,-3.0762,SL,IS
2,S30a_DOW_Seasonality,ATOM_USDT_USDT,4H,TimeBased,2024-06-07 04:00:00,2024-06-07 16:00:00,LONG,8.5865752,8.41624176,693.849244,-124.6743,-2.0926,SL,IS
2,S30a_DOW_Seasonality,ATOM_USDT_USDT,4H,TimeBased,2024-06-13 04:00:00,2024-06-14 12:00:00,SHORT,7.6567023,7.25703556,470.567539,184.2103,5.1127,TP,IS
2,S30a_DOW_Seasonality,ATOM_USDT_USDT,4H,TimeBased,2024-06-20 04:00:00,2024-06-24 08:00:00,SHORT,6.8989297,6.49768001,477.217106,187.967,5.7093,TP,IS
2,S30a_DOW_Seasonality,ATOM_USDT_USDT,4H,TimeBased,2024-06-27 04:00:00,2024-06-27 12:00:00,SHORT,6.7689687,6.92855431,754.93691,-126.1645,-2.4689,SL,IS
2,S30a_DOW_Seasonality,ATOM_USDT_USDT,4H,TimeBased,2024-06-28 04:00:00,2024-06-28 20:00:00,LONG,6.9440826,6.77082436,687.082801,-124.2256,-2.6037,SL,IS
2,S30a_DOW_Seasonality,ATOM_USDT_USDT,4H,TimeBased,2024-07-04 04:00:00,2024-07-04 20:00:00,SHORT,6.2991097,5.98651545,607.354143,185.7515,4.8552,TP,IS
2,S30a_DOW_Seasonality,ATOM_USDT_USDT,4H,TimeBased,2024-07-05 00:00:00,2024-07-05 00:00:00,SHORT,5.9862036,5.63638875,553.201437,189.9818,5.7369,TP,IS
2,S30a_DOW_Seasonality,ATOM_USDT_USDT,4H,TimeBased,2024-07-12 00:00:00,2024-07-12 20:00:00,SHORT,5.9322198,6.11878973,650.455416,-125.6667,-3.2568,SL,IS
2,S30a_DOW_Seasonality,ATOM_USDT_USDT,4H,TimeBased,2024-07-13 00:00:00,2024-07-15 20:00:00,LONG,6.1468435,6.42787508,688.40346,188.702,4.4595,TP,IS
2,S30a_DOW_Seasonality,ATOM_USDT_USDT,4H,TimeBased,2024-07-18 16:00:00,2024-07-19 16:00:00,SHORT,6.3141052,6.50536787,638.059706,-126.5358,-3.1408,SL,IS
2,S30a_DOW_Seasonality,ATOM_USDT_USDT,4H,TimeBased,2024-07-19 20:00:00,2024-07-21 16:00:00,LONG,6.5169545,6.32721826,636.330745,-125.2302,-3.0198,SL,IS
2,S30a_DOW_Seasonality,ATOM_USDT_USDT,4H,TimeBased,2024-07-25 04:00:00,2024-07-26 00:00:00,SHORT,5.8172543,6.01910943,591.224744,-123.1906,-3.5818,SL,IS
2,S30a_DOW_Seasonality,ATOM_USDT_USDT,4H,TimeBased,2024-07-26 12:00:00,2024-07-31 16:00:00,LONG,6.1278378,5.92287767,576.045835,-121.8844,-3.4529,SL,IS
2,S30a_DOW_Seasonality,ATOM_USDT_USDT,4H,TimeBased,2024-08-01 04:00:00,2024-08-01 16:00:00,SHORT,5.8102564,5.53983411,697.565168,184.2826,4.5468,TP,IS
2,S30a_DOW_Seasonality,ATOM_USDT_USDT,4H,TimeBased,2024-08-01 20:00:00,2024-08-01 20:00:00,SHORT,5.6473053,5.83151647,644.881667,-122.8658,-3.3737,SL,IS
2,S30a_DOW_Seasonality,ATOM_USDT_USDT,4H,TimeBased,2024-08-02 00:00:00,2024-08-02 12:00:00,SHORT,5.7742672,5.46270046,610.595876,186.4677,5.2887,TP,IS
2,S30a_DOW_Seasonality,ATOM_USDT_USDT,4H,TimeBased,2024-08-08 08:00:00,2024-08-10 20:00:00,SHORT,4.9565126,5.24501556,412.30475,-121.2645,-5.9339,SL,IS
2,S30a_DOW_Seasonality,ATOM_USDT_USDT,4H,TimeBased,2024-08-15 04:00:00,2024-08-15 16:00:00,SHORT,4.7555729,4.50658188,767.85861,187.2783,5.1287,TP,IS
2,S30a_DOW_Seasonality,ATOM_USDT_USDT,4H,TimeBased,2024-08-15 20:00:00,2024-08-18 12:00:00,SHORT,4.5046482,4.66959435,727.397392,-123.6517,-3.7737,SL,IS
2,S30a_DOW_Seasonality,ATOM_USDT_USDT,4H,TimeBased,2024-08-22 20:00:00,2024-08-23 04:00:00,SHORT,4.6655999,4.79624576,911.141081,-123.7784,-2.9117,SL,IS
2,S30a_DOW_Seasonality,ATOM_USDT_USDT,4H,TimeBased,2024-08-23 08:00:00,2024-08-23 16:00:00,LONG,4.8544559,5.06172986,912.881323,184.2378,4.1574,TP,IS
2,S30a_DOW_Seasonality,ATOM_USDT_USDT,4H,TimeBased,2024-08-23 20:00:00,2024-08-24 12:00:00,LONG,5.0605177,5.29173296,832.668759,187.7847,4.4565,TP,IS
2,S30a_DOW_Seasonality,ATOM_USDT_USDT,4H,TimeBased,2024-08-29 04:00:00,2024-09-01 20:00:00,SHORT,4.6216131,4.27474713,569.418117,194.7256,7.3994,TP,IS
2,S30a_DOW_Seasonality,ATOM_USDT_USDT,4H,TimeBased,2024-09-05 04:00:00,2024-09-06 20:00:00,SHORT,3.9938015,3.72577546,747.5713,197.1946,6.6047,TP,IS
2,S30a_DOW_Seasonality,ATOM_USDT_USDT,4H,TimeBased,2024-09-13 04:00:00,2024-09-15 20:00:00,LONG,4.1322393,4.02483699,1168.872511,-130.7836,-2.7077,SL,IS
2,S30a_DOW_Seasonality,ATOM_USDT_USDT,4H,TimeBased,2024-09-20 04:00:00,2024-09-24 16:00:00,LONG,4.5433626,4.76309847,910.591892,195.4288,4.7238,TP,IS
2,S30a_DOW_Seasonality,ATOM_USDT_USDT,4H,TimeBased,2024-09-27 04:00:00,2024-09-30 00:00:00,LONG,5.0795234,4.91357586,758.630683,-130.0625,-3.3752,SL,IS
2,S30a_DOW_Seasonality,ATOM_USDT_USDT,4H,TimeBased,2024-10-03 04:00:00,2024-10-05 04:00:00,SHORT,4.4806554,4.6909207,591.183469,-127.2875,-4.8053,SL,IS
2,S30a_DOW_Seasonality,ATOM_USDT_USDT,4H,TimeBased,2024-10-10 04:00:00,2024-10-14 00:00:00,SHORT,4.2637205,4.40247133,889.182519,-127.613,-3.366,SL,IS
2,S30a_DOW_Seasonality,ATOM_USDT_USDT,4H,TimeBased,2024-10-17 08:00:00,2024-10-20 04:00:00,SHORT,4.3706884,4.49596922,975.730507,-126.9986,-2.978,SL,IS
2,S30a_DOW_Seasonality,ATOM_USDT_USDT,4H,TimeBased,2024-10-24 04:00:00,2024-10-24 20:00:00,SHORT,4.6815951,4.83348061,795.386371,-124.9702,-3.3561,SL,IS
2,S30a_DOW_Seasonality,ATOM_USDT_USDT,4H,TimeBased,2024-10-25 04:00:00,2024-10-25 16:00:00,LONG,4.7684301,4.62009836,805.775849,-123.6829,-3.219,SL,IS
2,S30a_DOW_Seasonality,ATOM_USDT_USDT,4H,TimeBased,2024-10-31 04:00:00,2024-10-31 16:00:00,SHORT,4.4176743,4.19048057,841.777035,187.2611,5.0357,TP,IS
2,S30a_DOW_Seasonality,ATOM_USDT_USDT,4H,TimeBased,2024-10-31 20:00:00,2024-11-03 00:00:00,SHORT,4.1967406,3.97010246,858.184339,190.6425,5.2933,TP,IS
2,S30a_DOW_Seasonality,ATOM_USDT_USDT,4H,TimeBased,2024-11-08 04:00:00,2024-11-09 00:00:00,LONG,4.4823443,4.72337413,819.318511,193.3319,5.2644,TP,IS
2,S30a_DOW_Seasonality,ATOM_USDT_USDT,4H,TimeBased,2024-11-14 12:00:00,2024-11-16 08:00:00,SHORT,5.0604814,5.41953709,343.788668,-125.4209,-7.2092,SL,IS
2,S30a_DOW_Seasonality,ATOM_USDT_USDT,4H,TimeBased,2024-11-21 04:00:00,2024-11-22 00:00:00,SHORT,6.0891727,6.51954523,283.896795,-124.1501,-7.1817,SL,IS
2,S30a_DOW_Seasonality,ATOM_USDT_USDT,4H,TimeBased,2024-11-22 04:00:00,2024-11-22 12:00:00,LONG,6.5289581,7.19942389,295.997547,196.2213,10.1535,TP,IS
2,S30a_DOW_Seasonality,ATOM_USDT_USDT,4H,TimeBased,2024-11-22 16:00:00,2024-11-23 12:00:00,LONG,7.4532353,8.24306418,255.444096,199.5519,10.4813,TP,IS
2,S30a_DOW_Seasonality,ATOM_USDT_USDT,4H,TimeBased,2024-11-28 16:00:00,2024-11-29 12:00:00,SHORT,7.8966303,8.42129885,238.138847,-127.0812,-6.7579,SL,IS
2,S30a_DOW_Seasonality,ATOM_USDT_USDT,4H,TimeBased,2024-11-29 16:00:00,2024-12-02 00:00:00,LONG,8.6015797,9.40904697,251.012023,200.1975,9.2723,TP,IS
2,S30a_DOW_Seasonality,ATOM_USDT_USDT,4H,TimeBased,2024-12-06 04:00:00,2024-12-09 08:00:00,LONG,10.0500141,9.36418538,183.118984,-127.5436,-6.9304,SL,IS
2,S30a_DOW_Seasonality,ATOM_USDT_USDT,4H,TimeBased,2024-12-12 12:00:00,2024-12-18 20:00:00,SHORT,8.8153546,7.74362769,190.851628,202.8027,12.0542,TP,IS
2,S30a_DOW_Seasonality,ATOM_USDT_USDT,4H,TimeBased,2024-12-19 04:00:00,2024-12-19 16:00:00,SHORT,7.6327095,6.76759671,240.149254,205.8542,11.2305,TP,IS
2,S30a_DOW_Seasonality,ATOM_USDT_USDT,4H,TimeBased,2024-12-19 20:00:00,2024-12-20 08:00:00,SHORT,6.8119558,5.9098788,234.401409,209.808,13.1398,TP,IS
2,S30a_DOW_Seasonality,ATOM_USDT_USDT,4H,TimeBased,2024-12-26 04:00:00,2024-12-30 12:00:00,SHORT,6.7729675,6.16011615,349.349411,211.6143,8.9435,TP,IS
2,S30a_DOW_Seasonality,ATOM_USDT_USDT,4H,TimeBased,2025-01-03 04:00:00,2025-01-03 12:00:00,LONG,6.862058,7.27690213,521.081162,212.1153,5.9322,TP,IS
2,S30a_DOW_Seasonality,ATOM_USDT_USDT,4H,TimeBased,2025-01-03 16:00:00,2025-01-07 12:00:00,LONG,7.2971885,7.00633261,464.826401,-138.8543,-4.0937,SL,IS
2,S30a_DOW_Seasonality,ATOM_USDT_USDT,4H,TimeBased,2025-01-09 04:00:00,2025-01-13 12:00:00,SHORT,6.4940512,5.93141747,388.66294,216.0188,8.5586,TP,IS
2,S30a_DOW_Seasonality,ATOM_USDT_USDT,4H,TimeBased,2025-01-17 04:00:00,2025-01-18 16:00:00,LONG,6.7640286,6.44474133,425.367707,-138.9047,-4.8278,SL,IS
2,S30a_DOW_Seasonality,ATOM_USDT_USDT,4H,TimeBased,2025-01-23 04:00:00,2025-01-24 12:00:00,SHORT,6.0641802,6.38552945,418.248253,-137.2677,-5.4121,SL,IS
2,S30a_DOW_Seasonality,ATOM_USDT_USDT,4H,TimeBased,2025-01-24 16:00:00,2025-01-26 20:00:00,LONG,6.3929173,6.07867658,423.249332,-135.9054,-5.0227,SL,IS
2,S30a_DOW_Seasonality,ATOM_USDT_USDT,4H,TimeBased,2025-01-31 04:00:00,2025-02-01 20:00:00,LONG,6.1628483,5.91000272,521.248988,-135.2566,-4.2105,SL,IS
2,S30a_DOW_Seasonality,ATOM_USDT_USDT,4H,TimeBased,2025-02-06 04:00:00,2025-02-12 20:00:00,SHORT,4.6695987,5.02002462,371.197839,-132.0556,-7.6185,SL,IS
2,S30a_DOW_Seasonality,ATOM_USDT_USDT,4H,TimeBased,2025-02-14 04:00:00,2025-02-15 16:00:00,LONG,5.0435126,4.83754297,626.829777,-132.5145,-4.1916,SL,IS
2,S30a_DOW_Seasonality,ATOM_USDT_USDT,4H,TimeBased,2025-02-21 04:00:00,2025-02-21 16:00:00,LONG,4.9034706,4.72883656,732.458583,-131.7926,-3.6695,SL,IS
2,S30a_DOW_Seasonality,ATOM_USDT_USDT,4H,TimeBased,2025-02-27 20:00:00,2025-03-02 16:00:00,SHORT,4.5616311,4.78777695,558.741894,-129.2303,-5.0703,SL,IS
2,S30a_DOW_Seasonality,ATOM_USDT_USDT,4H,TimeBased,2025-03-06 20:00:00,2025-03-09 16:00:00,SHORT,4.2477253,3.89801698,584.583562,201.8147,8.1274,TP,IS
2,S30a_DOW_Seasonality,ATOM_USDT_USDT,4H,TimeBased,2025-03-13 04:00:00,2025-03-14 12:00:00,SHORT,3.8598417,4.07234145,597.698098,-129.6183,-5.6184,SL,IS
2,S30a_DOW_Seasonality,ATOM_USDT_USDT,4H,TimeBased,2025-03-14 16:00:00,2025-03-15 04:00:00,LONG,4.1082321,4.41314528,672.995069,202.0509,7.3079,TP,IS
2,S30a_DOW_Seasonality,ATOM_USDT_USDT,4H,TimeBased,2025-03-21 04:00:00,2025-03-22 16:00:00,LONG,4.6373908,4.9473104,671.743225,204.6452,6.5694,TP,IS
2,S30a_DOW_Seasonality,ATOM_USDT_USDT,4H,TimeBased,2025-03-27 12:00:00,2025-03-28 16:00:00,SHORT,4.7805654,4.51472425,793.613761,206.9179,5.4539,TP,IS
2,S30a_DOW_Seasonality,ATOM_USDT_USDT,4H,TimeBased,2025-04-03 08:00:00,2025-04-03 20:00:00,SHORT,4.3946812,4.61531678,598.037978,-134.912,-5.1333,SL,IS
2,S30a_DOW_Seasonality,ATOM_USDT_USDT,4H,TimeBased,2025-04-04 04:00:00,2025-04-06 16:00:00,LONG,4.8094424,4.57209128,549.928169,-133.3636,-5.0424,SL,IS
2,S30a_DOW_Seasonality,ATOM_USDT_USDT,4H,TimeBased,2025-04-10 12:00:00,2025-04-15 20:00:00,SHORT,4.3756869,3.99205533,551.239776,208.936,8.6622,TP,IS
2,S30a_DOW_Seasonality,ATOM_USDT_USDT,4H,TimeBased,2025-04-17 04:00:00,2025-04-17 16:00:00,SHORT,4.0067976,4.16630873,824.756346,-135.2653,-4.0932,SL,IS
2,S30a_DOW_Seasonality,ATOM_USDT_USDT,4H,TimeBased,2025-04-18 00:00:00,2025-04-20 04:00:00,SHORT,4.1057679,4.26354747,825.39222,-134.0294,-3.955,SL,IS
2,S30a_DOW_Seasonality,ATOM_USDT_USDT,4H,TimeBased,2025-04-25 04:00:00,2025-04-28 00:00:00,LONG,4.4803437,4.32111109,809.406394,-132.8021,-3.6621,SL,IS
2,S30a_DOW_Seasonality,ATOM_USDT_USDT,4H,TimeBased,2025-05-01 04:00:00,2025-05-01 16:00:00,SHORT,4.3167046,4.4585565,900.306279,-132.0554,-3.3979,SL,IS
2,S30a_DOW_Seasonality,ATOM_USDT_USDT,4H,TimeBased,2025-05-02 04:00:00,2025-05-02 20:00:00,LONG,4.4723413,4.34127691,964.736295,-131.1191,-3.0389,SL,IS
2,S30a_DOW_Seasonality,ATOM_USDT_USDT,4H,TimeBased,2025-05-09 04:00:00,2025-05-09 08:00:00,LONG,4.5643689,4.7669392,994.251773,196.3032,4.3256,TP,IS
2,S30a_DOW_Seasonality,ATOM_USDT_USDT,4H,TimeBased,2025-05-09 12:00:00,2025-05-10 16:00:00,LONG,4.9174748,5.16594201,825.867683,200.6209,4.94,TP,IS
2,S30a_DOW_Seasonality,ATOM_USDT_USDT,4H,TimeBased,2025-05-15 04:00:00,2025-05-17 00:00:00,SHORT,5.048485,4.70897902,617.677613,206.3904,6.6186,TP,IS
2,S30a_DOW_Seasonality,ATOM_USDT_USDT,4H,TimeBased,2025-05-23 04:00:00,2025-05-23 08:00:00,LONG,5.3285981,5.13301425,669.477263,-134.791,-3.7784,SL,IS
2,S30a_DOW_Seasonality,ATOM_USDT_USDT,4H,TimeBased,2025-05-23 12:00:00,2025-05-23 20:00:00,LONG,5.0785231,4.86458218,605.041031,-132.7518,-4.3203,SL,IS
2,S30a_DOW_Seasonality,ATOM_USDT_USDT,4H,TimeBased,2025-05-29 16:00:00,2025-05-30 00:00:00,SHORT,4.7635705,4.48738366,753.715348,204.3313,5.6911,TP,IS
2,S30a_DOW_Seasonality,ATOM_USDT_USDT,4H,TimeBased,2025-06-05 04:00:00,2025-06-05 20:00:00,SHORT,4.3047082,4.10948,1077.805909,205.4302,4.4277,TP,IS
2,S30a_DOW_Seasonality,ATOM_USDT_USDT,4H,TimeBased,2025-06-06 00:00:00,2025-06-06 12:00:00,SHORT,4.0757769,4.21864435,927.456264,-136.7343,-3.6172,SL,IS
2,S30a_DOW_Seasonality,ATOM_USDT_USDT,4H,TimeBased,2025-06-12 04:00:00,2025-06-12 20:00:00,SHORT,4.4366686,4.22206808,987.180017,207.1481,4.7296,TP,IS
2,S30a_DOW_Seasonality,ATOM_USDT_USDT,4H,TimeBased,2025-06-13 00:00:00,2025-06-17 16:00:00,SHORT,4.2107364,3.98906785,972.692893,211.2287,5.1573,TP,IS
2,S30a_DOW_Seasonality,ATOM_USDT_USDT,4H,TimeBased,2025-06-19 04:00:00,2025-06-21 16:00:00,SHORT,4.0117961,3.80341247,1050.967117,214.4869,5.0871,TP,IS
2,S30a_DOW_Seasonality,ATOM_USDT_USDT,4H,TimeBased,2025-06-26 12:00:00,2025-06-29 20:00:00,SHORT,3.958812,4.0795323,1140.542416,-142.7291,-3.1611,SL,IS
2,S30a_DOW_Seasonality,ATOM_USDT_USDT,4H,TimeBased,2025-07-04 04:00:00,2025-07-04 08:00:00,LONG,4.1372408,4.0290914,1261.11372,-142.053,-2.7226,SL,IS
2,S30a_DOW_Seasonality,ATOM_USDT_USDT,4H,TimeBased,2025-07-11 04:00:00,2025-07-12 12:00:00,LONG,4.651395,4.52589435,1074.921062,-140.329,-2.8066,SL,IS
2,S30a_DOW_Seasonality,ATOM_USDT_USDT,4H,TimeBased,2025-07-18 04:00:00,2025-07-18 20:00:00,LONG,5.0185051,4.81772535,662.406175,-136.5813,-4.1086,SL,IS
2,S30a_DOW_Seasonality,ATOM_USDT_USDT,4H,TimeBased,2025-07-19 00:00:00,2025-07-20 08:00:00,LONG,4.8594574,5.2084774,614.412464,211.04,7.0683,TP,IS
2,S30a_DOW_Seasonality,ATOM_USDT_USDT,4H,TimeBased,2025-07-24 04:00:00,2025-07-28 04:00:00,SHORT,4.7055879,4.93001917,595.573199,-136.8215,-4.8821,SL,IS
2,S30a_DOW_Seasonality,ATOM_USDT_USDT,4H,TimeBased,2025-07-31 04:00:00,2025-08-01 00:00:00,SHORT,4.4676593,4.17312798,731.656869,212.0187,6.4861,TP,IS
2,S30a_DOW_Seasonality,ATOM_USDT_USDT,4H,TimeBased,2025-08-08 04:00:00,2025-08-09 04:00:00,LONG,4.4983491,4.71115884,1021.760678,212.2652,4.6182,TP,IS
2,S30a_DOW_Seasonality,ATOM_USDT_USDT,4H,TimeBased,2025-08-14 16:00:00,2025-08-19 16:00:00,SHORT,4.5906224,4.2931012,747.477677,218.7382,6.3746,TP,IS
2,S30a_DOW_Seasonality,ATOM_USDT_USDT,4H,TimeBased,2025-08-21 20:00:00,2025-08-22 12:00:00,SHORT,4.4406674,4.57149684,1064.795036,-144.5844,-3.0578,SL,IS
2,S30a_DOW_Seasonality,ATOM_USDT_USDT,4H,TimeBased,2025-08-22 16:00:00,2025-08-23 12:00:00,LONG,4.6243869,4.88628657,851.235508,218.4856,5.5503,TP,IS
2,S30a_DOW_Seasonality,ATOM_USDT_USDT,4H,TimeBased,2025-08-28 04:00:00,2025-08-28 12:00:00,SHORT,4.5546332,4.71788197,856.345501,-144.1646,-3.6962,SL,IS
2,S30a_DOW_Seasonality,ATOM_USDT_USDT,4H,TimeBased,2025-08-29 04:00:00,2025-08-29 08:00:00,LONG,4.7394214,4.57608784,846.77546,-142.6453,-3.5544,SL,IS
2,S30a_DOW_Seasonality,ATOM_USDT_USDT,4H,TimeBased,2025-09-04 04:00:00,2025-09-08 12:00:00,SHORT,4.4416671,4.56627598,1101.251399,-142.6817,-2.917,SL,IS
2,S30a_DOW_Seasonality,ATOM_USDT_USDT,4H,TimeBased,2025-09-12 04:00:00,2025-09-13 08:00:00,LONG,4.6794034,4.84469854,1312.78143,210.1197,3.4205,TP,IS
2,S30a_DOW_Seasonality,ATOM_USDT_USDT,4H,TimeBased,2025-09-19 04:00:00,2025-09-19 16:00:00,LONG,4.6283881,4.51430246,1209.889186,-144.1149,-2.5736,SL,IS
2,S30a_DOW_Seasonality,ATOM_USDT_USDT,4H,TimeBased,2025-09-25 04:00:00,2025-10-01 08:00:00,SHORT,4.1147652,4.22546953,1233.136162,-142.1701,-2.8019,SL,IS
2,S30a_DOW_Seasonality,ATOM_USDT_USDT,4H,TimeBased,2025-10-03 04:00:00,2025-10-04 12:00:00,LONG,4.2272678,4.11419001,1193.89605,-140.4805,-2.7835,SL,IS
2,S30a_DOW_Seasonality,ATOM_USDT_USDT,4H,TimeBased,2025-10-09 04:00:00,2025-10-10 16:00:00,SHORT,4.0867736,3.89318396,1112.002147,210.3915,4.6296,TP,IS
2,S30a_DOW_Seasonality,ATOM_USDT_USDT,4H,TimeBased,2025-10-16 04:00:00,2025-10-17 08:00:00,SHORT,3.3280013,3.02574925,731.514337,218.5454,8.9771,TP,IS
2,S30a_DOW_Seasonality,ATOM_USDT_USDT,4H,TimeBased,2025-10-23 04:00:00,2025-10-26 12:00:00,SHORT,3.1250622,3.24165559,1179.832791,-141.6921,-3.843,SL,IS
2,S30a_DOW_Seasonality,ATOM_USDT_USDT,4H,TimeBased,2025-10-30 04:00:00,2025-10-30 12:00:00,SHORT,3.0910724,2.93550946,1415.799967,215.5532,4.9254,TP,IS
2,S30a_DOW_Seasonality,ATOM_USDT_USDT,4H,TimeBased,2025-10-30 16:00:00,2025-11-01 16:00:00,SHORT,2.9211234,3.0349929,1214.174589,-142.2349,-4.0103,SL,IS
2,S30a_DOW_Seasonality,ATOM_USDT_USDT,4H,TimeBased,2025-11-06 04:00:00,2025-11-07 04:00:00,SHORT,2.6422071,2.77780956,1007.127471,-139.5712,-5.245,SL,IS
2,S30a_DOW_Seasonality,ATOM_USDT_USDT,4H,TimeBased,2025-11-07 08:00:00,2025-11-07 16:00:00,LONG,2.7838349,2.99749314,1032.780096,217.378,7.5607,TP,IS
2,S30a_DOW_Seasonality,ATOM_USDT_USDT,4H,TimeBased,2025-11-07 20:00:00,2025-11-08 12:00:00,LONG,3.0879261,2.91965442,815.481766,-139.917,-5.5563,SL,IS
2,S30a_DOW_Seasonality,ATOM_USDT_USDT,4H,TimeBased,2025-11-13 08:00:00,2025-11-16 16:00:00,SHORT,2.9551132,2.73525104,1009.567897,218.8061,7.3342,TP,IS
2,S30a_DOW_Seasonality,ATOM_USDT_USDT,4H,TimeBased,2025-11-21 00:00:00,2025-11-21 20:00:00,SHORT,2.7341795,2.45395258,808.149155,224.1591,10.1447,TP,IS
2,S30a_DOW_Seasonality,ATOM_USDT_USDT,4H,TimeBased,2025-12-04 04:00:00,2025-12-05 16:00:00,SHORT,2.3622911,2.23038264,1729.515782,223.7691,5.477,TP,IS
2,S30a_DOW_Seasonality,ATOM_USDT_USDT,4H,TimeBased,2025-12-11 04:00:00,2025-12-15 16:00:00,SHORT,2.1663499,2.01736836,1561.547431,229.0485,6.7709,TP,IS
2,S30a_DOW_Seasonality,ATOM_USDT_USDT,4H,TimeBased,2025-12-18 04:00:00,2025-12-19 16:00:00,SHORT,1.9034288,1.97740617,1963.180255,-149.4212,-3.9987,SL,IS
2,S30a_DOW_Seasonality,ATOM_USDT_USDT,4H,TimeBased,2025-12-19 20:00:00,2026-01-02 00:00:00,LONG,1.9765928,2.11350033,1707.995673,229.9952,6.8126,TP,OOS
2,S30a_DOW_Seasonality,ATOM_USDT_USDT,4H,TimeBased,2026-01-02 04:00:00,2026-01-03 00:00:00,LONG,2.1226366,2.2061799,2810.776412,228.1295,3.8237,TP,OOS
2,S30a_DOW_Seasonality,ATOM_USDT_USDT,4H,TimeBased,2026-01-09 04:00:00,2026-01-09 20:00:00,LONG,2.4187254,2.58716433,1432.991924,237.4263,6.8501,TP,OOS
2,S30a_DOW_Seasonality,ATOM_USDT_USDT,4H,TimeBased,2026-01-10 00:00:00,2026-01-12 20:00:00,LONG,2.590777,2.47883391,1344.685276,-154.2776,-4.4285,SL,OOS
2,S30a_DOW_Seasonality,ATOM_USDT_USDT,4H,TimeBased,2026-01-15 04:00:00,2026-01-19 00:00:00,SHORT,2.5362389,2.37803629,1532.457333,238.2967,6.1311,TP,OOS
2,S30a_DOW_Seasonality,ATOM_USDT_USDT,4H,TimeBased,2026-01-22 04:00:00,2026-01-25 16:00:00,SHORT,2.3942815,2.20505981,1306.646855,243.9406,7.7974,TP,OOS
2,S30a_DOW_Seasonality,ATOM_USDT_USDT,4H,TimeBased,2026-01-29 04:00:00,2026-01-30 00:00:00,SHORT,2.18304489,2.07182873,2242.20118,244.1218,4.9873,TP,OOS
2,S30a_DOW_Seasonality,ATOM_USDT_USDT,4H,TimeBased,2026-02-05 04:00:00,2026-02-05 20:00:00,SHORT,1.99500132,1.83912304,1637.372382,251.778,7.7077,TP,OOS
2,S30a_DOW_Seasonality,ATOM_USDT_USDT,4H,TimeBased,2026-02-06 00:00:00,2026-02-06 16:00:00,SHORT,1.81605502,1.93120797,1376.986745,-161.402,-6.4543,SL,OOS
2,S30a_DOW_Seasonality,ATOM_USDT_USDT,4H,TimeBased,2026-02-06 20:00:00,2026-02-14 12:00:00,LONG,1.95328581,2.16432641,1220.405476,254.7913,10.6884,TP,OOS
2,S30a_DOW_Seasonality,ATOM_USDT_USDT,4H,TimeBased,2026-02-20 04:00:00,2026-02-23 00:00:00,LONG,2.27818325,2.18286313,1676.441553,-163.9119,-4.2917,SL,OOS
2,S30a_DOW_Seasonality,ATOM_USDT_USDT,4H,TimeBased,2026-02-26 04:00:00,2026-02-28 04:00:00,SHORT,1.9384183,1.78479561,1681.139768,254.8186,7.8195,TP,OOS
2,S30a_DOW_Seasonality,ATOM_USDT_USDT,4H,TimeBased,2026-03-05 16:00:00,2026-03-08 08:00:00,SHORT,1.85104452,1.74597728,2484.454113,256.1196,5.5692,TP,OOS
2,S30a_DOW_Seasonality,ATOM_USDT_USDT,4H,TimeBased,2026-03-13 04:00:00,2026-03-16 16:00:00,LONG,1.84925461,1.92248578,3590.053398,255.4564,3.8479,TP,OOS
2,S30a_DOW_Seasonality,ATOM_USDT_USDT,4H,TimeBased,2026-03-19 04:00:00,2026-03-19 20:00:00,SHORT,1.90852727,1.8187403,2988.710894,262.2204,4.5971,TP,OOS
2,S30a_DOW_Seasonality,ATOM_USDT_USDT,4H,TimeBased,2026-03-20 00:00:00,2026-03-26 04:00:00,SHORT,1.80935703,1.71602386,2926.809278,267.4934,5.0512,TP,OOS
2,S30a_DOW_Seasonality,ATOM_USDT_USDT,4H,TimeBased,2026-03-26 08:00:00,2026-03-29 08:00:00,SHORT,1.72138343,1.65072699,3906.996879,268.8083,3.9969,TP,OOS
2,S30a_DOW_Seasonality,ATOM_USDT_USDT,4H,TimeBased,2026-04-02 04:00:00,2026-04-03 00:00:00,SHORT,1.63271004,1.67918042,3757.28967,-181.4467,-2.9578,SL,OOS
2,S30a_DOW_Seasonality,ATOM_USDT_USDT,4H,TimeBased,2026-04-03 04:00:00,2026-04-07 20:00:00,LONG,1.6935079,1.76690627,3783.413273,270.4957,4.2217,TP,OOS
2,S30a_DOW_Seasonality,ATOM_USDT_USDT,4H,TimeBased,2026-04-10 04:00:00,2026-04-11 12:00:00,LONG,1.81614468,1.76930942,3749.132619,-182.9849,-2.6874,SL,OOS
2,S30a_DOW_Seasonality,ATOM_USDT_USDT,4H,TimeBased,2026-04-17 04:00:00,2026-04-19 04:00:00,LONG,1.8055415,1.75895567,3729.454068,-181.0512,-2.6887,SL,OOS
2,S30a_DOW_Seasonality,ATOM_USDT_USDT,4H,TimeBased,2026-04-24 04:00:00,2026-04-25 00:00:00,LONG,1.920576,1.99821355,3550.913265,268.0308,3.9302,TP,OOS
2,S30a_DOW_Seasonality,ATOM_USDT_USDT,4H,TimeBased,2026-04-30 04:00:00,2026-05-05 16:00:00,SHORT,1.91362574,1.84638372,4150.393696,270.4978,3.4058,TP,OOS
2,S30a_DOW_Seasonality,ATOM_USDT_USDT,4H,TimeBased,2026-05-07 04:00:00,2026-05-07 04:00:00,SHORT,1.87033873,1.91921204,3630.521632,-185.0025,-2.7245,SL,OOS
2,S30a_DOW_Seasonality,ATOM_USDT_USDT,4H,TimeBased,2026-05-07 16:00:00,2026-05-08 16:00:00,SHORT,1.88163534,1.93750581,3137.959448,-181.9106,-3.0809,SL,OOS
2,S30a_DOW_Seasonality,ATOM_USDT_USDT,4H,TimeBased,2026-05-08 20:00:00,2026-05-10 12:00:00,LONG,1.92397702,2.01101624,3208.380771,272.3112,4.4114,TP,OOS
2,S30a_DOW_Seasonality,ATOM_USDT_USDT,4H,TimeBased,2026-05-14 04:00:00,2026-05-17 08:00:00,SHORT,2.00489835,2.10167274,1813.943154,-179.6402,-4.9396,SL,OOS
2,S30a_DOW_Seasonality,ATOM_USDT_USDT,4H,TimeBased,2026-05-21 12:00:00,2026-05-22 00:00:00,SHORT,2.01759454,2.08762296,2486.998738,-179.7759,-3.5828,SL,OOS
2,S30a_DOW_Seasonality,ATOM_USDT_USDT,4H,TimeBased,2026-05-22 04:00:00,2026-05-22 16:00:00,LONG,2.14734401,2.07194697,2284.2542,-177.5269,-3.6192,SL,OOS
2,S30a_DOW_Seasonality,ATOM_USDT_USDT,4H,TimeBased,2026-05-22 20:00:00,2026-05-26 08:00:00,LONG,2.07012085,2.20957858,1987.05443,272.4329,6.623,TP,OOS
2,S30a_DOW_Seasonality,ATOM_USDT_USDT,4H,TimeBased,2026-05-28 04:00:00,2026-05-31 16:00:00,SHORT,2.08727363,1.93758513,1884.020807,277.8456,7.0654,TP,OOS
2,S30a_DOW_Seasonality,ATOM_USDT_USDT,4H,TimeBased,2026-06-04 04:00:00,2026-06-04 08:00:00,SHORT,1.86234113,1.73208698,2199.304943,282.1207,6.888,TP,OOS
2,S30a_DOW_Seasonality,ATOM_USDT_USDT,4H,TimeBased,2026-06-04 12:00:00,2026-06-04 12:00:00,SHORT,1.76457047,1.84858663,2124.97888,-182.7554,-4.8739,SL,OOS
2,S30a_DOW_Seasonality,ATOM_USDT_USDT,4H,TimeBased,2026-06-04 16:00:00,2026-06-05 04:00:00,SHORT,1.85094455,1.70614636,1992.933184,284.6742,7.7172,TP,OOS
2,S30a_DOW_Seasonality,ATOM_USDT_USDT,4H,TimeBased,2026-06-12 04:00:00,2026-06-17 20:00:00,LONG,2.00270063,1.91049245,1946.569657,-183.6792,-4.7117,SL,OOS
2,S30a_DOW_Seasonality,ATOM_USDT_USDT,4H,TimeBased,2026-06-18 04:00:00,2026-06-23 08:00:00,SHORT,1.85194425,1.73829919,2544.160408,284.1075,6.0299,TP,OOS
2,S30a_DOW_Seasonality,ATOM_USDT_USDT,4H,TimeBased,2026-06-25 04:00:00,2026-06-25 12:00:00,SHORT,1.64460647,1.5603523,3474.772369,286.639,5.0159,TP,OOS
2,S30a_DOW_Seasonality,ATOM_USDT_USDT,4H,TimeBased,2026-06-25 16:00:00,2026-06-29 12:00:00,SHORT,1.62381271,1.52917642,3151.01989,292.7365,5.7212,TP,OOS
2,S30a_DOW_Seasonality,ATOM_USDT_USDT,4H,TimeBased,2026-07-02 08:00:00,2026-07-03 08:00:00,SHORT,1.54133746,1.59237084,3662.717991,-193.2337,-3.4228,SL,OOS
2,S30a_DOW_Seasonality,ATOM_USDT_USDT,4H,TimeBased,2026-07-03 12:00:00,2026-07-05 04:00:00,LONG,1.58977679,1.54370921,4018.025406,-192.0254,-3.0061,SL,OOS
2,S30a_DOW_Seasonality,ATOM_USDT_USDT,4H,TimeBased,2026-07-09 04:00:00,2026-07-11 00:00:00,SHORT,1.5625311,1.60453929,4366.296181,-191.0258,-2.7999,SL,OOS
2,S30a_DOW_Seasonality,ATOM_USDT_USDT,4H,TimeBased,2026-07-16 04:00:00,2026-07-17 00:00:00,SHORT,1.54843533,1.49169193,5117.495149,281.8273,3.5566,TP,OOS
2,S30a_DOW_Seasonality,ATOM_USDT_USDT,4H,TimeBased,2026-07-23 04:00:00,2026-07-24 08:00:00,SHORT,1.44986491,1.4066938,6786.36657,282.3129,2.8692,TP,OOS
2,S30a_DOW_Seasonality,ATOM_USDT_USDT,4H,TimeBased,2026-07-30 04:00:00,2026-07-30 12:00:00,SHORT,1.27081864,1.30340386,5747.916791,-195.4351,-2.6755,SL,OOS
2,S30a_DOW_Seasonality,ATOM_USDT_USDT,4H,TimeBased,2026-07-30 16:00:00,2026-07-31 04:00:00,SHORT,1.29171237,1.24216981,5989.541359,288.3899,3.7275,TP,OOS
2,S30a_DOW_Seasonality,ATOM_USDT_USDT,4H,TimeBased,2026-08-07 04:00:00,2026-08-10 16:00:00,LONG,1.35530647,1.41384657,5161.949399,294.3192,4.2069,TP,OOS
2,S30a_DOW_Seasonality,ATOM_USDT_USDT,4H,TimeBased,2026-08-13 04:00:00,2026-08-13 08:00:00,SHORT,1.3925821,1.42372387,6150.881003,-201.0768,-2.3475,SL,OOS
2,S30a_DOW_Seasonality,ATOM_USDT_USDT,4H,TimeBased,2026-08-14 04:00:00,2026-08-14 16:00:00,LONG,1.540462,1.49637698,4283.442963,-195.9901,-2.9702,SL,OOS
2,S30a_DOW_Seasonality,ATOM_USDT_USDT,4H,TimeBased,2026-08-14 20:00:00,2026-08-17 08:00:00,LONG,1.4894467,1.43925028,3716.549495,-192.544,-3.4783,SL,OOS
2,S30a_DOW_Seasonality,ATOM_USDT_USDT,4H,TimeBased,2026-08-21 04:00:00,2026-08-21 20:00:00,LONG,1.5264578,1.60929321,3608.325589,292.674,5.3137,TP,OOS
2,S30a_DOW_Seasonality,ATOM_USDT_USDT,4H,TimeBased,2026-08-22 00:00:00,2026-08-22 04:00:00,LONG,1.5994797,1.5397214,3136.009864,-192.8171,-3.8441,SL,OOS
2,S30a_DOW_Seasonality,ATOM_USDT_USDT,4H,TimeBased,2026-08-27 04:00:00,2026-08-27 20:00:00,SHORT,1.4935518,1.55418674,3058.484717,-190.5778,-4.172,SL,OOS
2,S30a_DOW_Seasonality,ATOM_USDT_USDT,4H,TimeBased,2026-08-28 04:00:00,2026-08-28 16:00:00,LONG,1.530459,1.46974566,3021.614907,-188.4384,-4.0748,SL,OOS
3,S30a_DOW_Seasonality,ADA_USDT_USDT,4H,TimeBased,2022-01-06 04:00:00,2022-01-06 16:00:00,SHORT,1.20283904,1.2548066,1938.313821,-103.3495,-4.4328,SL,IS
3,S30a_DOW_Seasonality,ADA_USDT_USDT,4H,TimeBased,2022-01-06 20:00:00,2022-01-08 16:00:00,SHORT,1.24682584,1.15880409,1845.69341,160.0191,6.9535,TP,IS
3,S30a_DOW_Seasonality,ADA_USDT_USDT,4H,TimeBased,2022-01-14 04:00:00,2022-01-16 00:00:00,LONG,1.24587365,1.34110722,1734.52299,162.7169,7.5297,TP,IS
3,S30a_DOW_Seasonality,ADA_USDT_USDT,4H,TimeBased,2022-01-20 04:00:00,2022-01-21 00:00:00,SHORT,1.35099458,1.20048541,1120.91306,167.1347,11.0367,TP,IS
3,S30a_DOW_Seasonality,ADA_USDT_USDT,4H,TimeBased,2022-01-27 04:00:00,2022-02-04 16:00:00,SHORT,1.01449556,1.10962051,1095.715121,-105.5099,-9.4917,SL,IS
3,S30a_DOW_Seasonality,ADA_USDT_USDT,4H,TimeBased,2022-02-04 20:00:00,2022-02-05 04:00:00,LONG,1.10243063,1.16684557,2610.184165,164.8771,5.7298,TP,IS
3,S30a_DOW_Seasonality,ADA_USDT_USDT,4H,TimeBased,2022-02-10 20:00:00,2022-02-11 20:00:00,SHORT,1.16714975,1.07806898,1927.184151,169.2952,7.5265,TP,IS
3,S30a_DOW_Seasonality,ADA_USDT_USDT,4H,TimeBased,2022-02-17 04:00:00,2022-02-17 20:00:00,SHORT,1.07677687,1.01148976,2662.362822,170.7601,5.9565,TP,IS
3,S30a_DOW_Seasonality,ADA_USDT_USDT,4H,TimeBased,2022-02-18 00:00:00,2022-02-20 04:00:00,SHORT,1.01919415,0.9509292,2591.563623,174.1048,6.5916,TP,IS
3,S30a_DOW_Seasonality,ADA_USDT_USDT,4H,TimeBased,2022-02-24 04:00:00,2022-02-24 20:00:00,SHORT,0.79826045,0.86380034,1678.907768,-111.5702,-8.3249,SL,IS
3,S30a_DOW_Seasonality,ADA_USDT_USDT,4H,TimeBased,2022-02-25 00:00:00,2022-02-26 00:00:00,SHORT,0.85224425,0.92655148,1465.429433,-110.3257,-8.8338,SL,IS
3,S30a_DOW_Seasonality,ADA_USDT_USDT,4H,TimeBased,2022-03-03 04:00:00,2022-03-04 20:00:00,SHORT,0.91942409,0.83702551,2146.290284,174.7779,8.8569,TP,IS
3,S30a_DOW_Seasonality,ADA_USDT_USDT,4H,TimeBased,2022-03-10 04:00:00,2022-03-19 00:00:00,SHORT,0.8247525,0.86324489,2854.28561,-112.5182,-4.7797,SL,IS
3,S30a_DOW_Seasonality,ADA_USDT_USDT,4H,TimeBased,2022-03-25 04:00:00,2022-03-25 12:00:00,LONG,1.14674392,1.0905178,1932.134489,-111.0139,-5.0104,SL,IS
3,S30a_DOW_Seasonality,ADA_USDT_USDT,4H,TimeBased,2022-03-25 16:00:00,2022-03-28 04:00:00,LONG,1.09972982,1.19300553,1884.991479,173.4469,8.367,TP,IS
3,S30a_DOW_Seasonality,ADA_USDT_USDT,4H,TimeBased,2022-03-31 16:00:00,2022-04-04 04:00:00,SHORT,1.1726481,1.22234135,2202.226076,-112.3366,-4.35,SL,IS
3,S30a_DOW_Seasonality,ADA_USDT_USDT,4H,TimeBased,2022-04-07 04:00:00,2022-04-11 08:00:00,SHORT,1.05958203,0.97270513,2035.698542,174.5798,8.0937,TP,IS
3,S30a_DOW_Seasonality,ADA_USDT_USDT,4H,TimeBased,2022-04-14 04:00:00,2022-04-18 04:00:00,SHORT,0.97290804,0.90861946,2786.743169,176.2719,6.5015,TP,IS
3,S30a_DOW_Seasonality,ADA_USDT_USDT,4H,TimeBased,2022-04-21 20:00:00,2022-04-23 04:00:00,SHORT,0.93321995,0.88545779,3793.428977,177.3879,5.0108,TP,IS
3,S30a_DOW_Seasonality,ADA_USDT_USDT,4H,TimeBased,2022-04-28 04:00:00,2022-04-30 12:00:00,SHORT,0.83814848,0.78391117,3408.93122,181.85,6.3646,TP,IS
3,S30a_DOW_Seasonality,ADA_USDT_USDT,4H,TimeBased,2022-05-05 16:00:00,2022-05-09 00:00:00,SHORT,0.789763,0.71894507,2665.297187,186.5392,8.8619,TP,IS
3,S30a_DOW_Seasonality,ADA_USDT_USDT,4H,TimeBased,2022-05-12 04:00:00,2022-05-13 00:00:00,SHORT,0.44046782,0.51713864,1522.188721,-117.5092,-17.5263,SL,IS
3,S30a_DOW_Seasonality,ADA_USDT_USDT,4H,TimeBased,2022-05-13 12:00:00,2022-05-14 08:00:00,LONG,0.58647589,0.50635892,1441.834133,-116.382,-13.7632,SL,IS
3,S30a_DOW_Seasonality,ADA_USDT_USDT,4H,TimeBased,2022-05-19 04:00:00,2022-05-27 16:00:00,SHORT,0.51714481,0.44691502,2687.58214,187.3233,13.4778,TP,IS
3,S30a_DOW_Seasonality,ADA_USDT_USDT,4H,TimeBased,2022-06-03 04:00:00,2022-06-03 08:00:00,LONG,0.59097724,0.55047758,2876.093131,-118.2864,-6.9592,SL,IS
3,S30a_DOW_Seasonality,ADA_USDT_USDT,4H,TimeBased,2022-06-10 04:00:00,2022-06-10 12:00:00,LONG,0.62928873,0.59285855,3167.328192,-117.5154,-5.8959,SL,IS
3,S30a_DOW_Seasonality,ADA_USDT_USDT,4H,TimeBased,2022-06-16 08:00:00,2022-06-18 20:00:00,SHORT,0.50424868,0.42119833,2266.240277,187.0585,16.3692,TP,IS
3,S30a_DOW_Seasonality,ADA_USDT_USDT,4H,TimeBased,2022-06-23 04:00:00,2022-06-24 00:00:00,SHORT,0.46626008,0.4962779,3867.499788,-118.1413,-6.5515,SL,IS
3,S30a_DOW_Seasonality,ADA_USDT_USDT,4H,TimeBased,2022-06-24 04:00:00,2022-06-29 04:00:00,LONG,0.49154742,0.46471533,4283.461537,-117.1871,-5.5657,SL,IS
3,S30a_DOW_Seasonality,ADA_USDT_USDT,4H,TimeBased,2022-06-30 04:00:00,2022-07-07 16:00:00,SHORT,0.46206134,0.48257449,5555.903017,-116.8556,-4.5519,SL,IS
3,S30a_DOW_Seasonality,ADA_USDT_USDT,4H,TimeBased,2022-07-08 04:00:00,2022-07-08 08:00:00,LONG,0.4831449,0.46731476,7138.118382,-116.7289,-3.3847,SL,IS
3,S30a_DOW_Seasonality,ADA_USDT_USDT,4H,TimeBased,2022-07-08 12:00:00,2022-07-11 00:00:00,LONG,0.46874058,0.45259017,6920.509246,-115.2759,-3.5536,SL,IS
3,S30a_DOW_Seasonality,ADA_USDT_USDT,4H,TimeBased,2022-07-14 04:00:00,2022-07-15 20:00:00,SHORT,0.43396977,0.45273755,5886.451375,-113.3464,-4.4371,SL,IS
3,S30a_DOW_Seasonality,ADA_USDT_USDT,4H,TimeBased,2022-07-16 00:00:00,2022-07-18 04:00:00,LONG,0.44173248,0.47247046,5792.098373,175.1251,6.8447,TP,IS
3,S30a_DOW_Seasonality,ADA_USDT_USDT,4H,TimeBased,2022-07-21 04:00:00,2022-07-22 08:00:00,SHORT,0.47955609,0.50804015,3892.960735,-113.0019,-6.0529,SL,IS
3,S30a_DOW_Seasonality,ADA_USDT_USDT,4H,TimeBased,2022-07-22 12:00:00,2022-07-22 16:00:00,LONG,0.50865255,0.4833921,4346.504946,-112.1662,-5.0734,SL,IS
3,S30a_DOW_Seasonality,ADA_USDT_USDT,4H,TimeBased,2022-07-29 04:00:00,2022-08-01 08:00:00,LONG,0.53025903,0.50592618,4468.067491,-111.2672,-4.6963,SL,IS
3,S30a_DOW_Seasonality,ADA_USDT_USDT,4H,TimeBased,2022-08-04 04:00:00,2022-08-07 20:00:00,SHORT,0.5078476,0.52784573,5389.656198,-110.8531,-4.05,SL,IS
3,S30a_DOW_Seasonality,ADA_USDT_USDT,4H,TimeBased,2022-08-12 04:00:00,2022-08-13 04:00:00,LONG,0.53195954,0.55736656,6783.489543,168.284,4.6635,TP,IS
3,S30a_DOW_Seasonality,ADA_USDT_USDT,4H,TimeBased,2022-08-18 04:00:00,2022-08-19 00:00:00,SHORT,0.53663896,0.49831508,4605.675163,173.8857,7.0354,TP,IS
3,S30a_DOW_Seasonality,ADA_USDT_USDT,4H,TimeBased,2022-08-25 04:00:00,2022-08-26 04:00:00,SHORT,0.45876233,0.47467909,6925.333943,-113.7843,-3.5814,SL,IS
3,S30a_DOW_Seasonality,ADA_USDT_USDT,4H,TimeBased,2022-08-26 08:00:00,2022-08-26 08:00:00,LONG,0.48194454,0.46573648,6727.853428,-112.5522,-3.4712,SL,IS
3,S30a_DOW_Seasonality,ADA_USDT_USDT,4H,TimeBased,2022-09-01 04:00:00,2022-09-01 12:00:00,SHORT,0.44496647,0.46098538,6736.471361,-111.2676,-3.712,SL,IS
3,S30a_DOW_Seasonality,ADA_USDT_USDT,4H,TimeBased,2022-09-01 16:00:00,2022-09-02 12:00:00,SHORT,0.44626608,0.46299419,6381.656258,-109.9445,-3.8605,SL,IS
3,S30a_DOW_Seasonality,ADA_USDT_USDT,4H,TimeBased,2022-09-02 16:00:00,2022-09-02 16:00:00,LONG,0.4651395,0.4499289,6949.483728,-109.2034,-3.3783,SL,IS
3,S30a_DOW_Seasonality,ADA_USDT_USDT,4H,TimeBased,2022-09-03 00:00:00,2022-09-03 12:00:00,LONG,0.4541362,0.47957927,6658.618544,165.9962,5.4894,TP,IS
3,S30a_DOW_Seasonality,ADA_USDT_USDT,4H,TimeBased,2022-09-08 04:00:00,2022-09-09 04:00:00,SHORT,0.4758572,0.49326425,6103.177062,-109.4914,-3.7701,SL,IS
3,S30a_DOW_Seasonality,ADA_USDT_USDT,4H,TimeBased,2022-09-09 08:00:00,2022-09-10 00:00:00,LONG,0.49224763,0.51903723,6354.801849,166.708,5.3293,TP,IS
3,S30a_DOW_Seasonality,ADA_USDT_USDT,4H,TimeBased,2022-09-15 04:00:00,2022-09-18 04:00:00,SHORT,0.46995897,0.48953252,5451.641722,-109.5849,-4.2772,SL,IS
3,S30a_DOW_Seasonality,ADA_USDT_USDT,4H,TimeBased,2022-09-22 04:00:00,2022-09-22 16:00:00,SHORT,0.44326698,0.46386186,5123.823617,-108.0809,-4.7587,SL,IS
3,S30a_DOW_Seasonality,ADA_USDT_USDT,4H,TimeBased,2022-09-23 04:00:00,2022-09-23 08:00:00,LONG,0.47754322,0.4556036,4757.666519,-106.8232,-4.7017,SL,IS
3,S30a_DOW_Seasonality,ADA_USDT_USDT,4H,TimeBased,2022-09-24 00:00:00,2022-09-25 20:00:00,LONG,0.46173848,0.44033543,4826.435605,-105.6951,-4.7428,SL,IS
3,S30a_DOW_Seasonality,ADA_USDT_USDT,4H,TimeBased,2022-09-29 04:00:00,2022-10-10 08:00:00,SHORT,0.43606914,0.41339055,7314.544201,162.4662,5.0935,TP,IS
3,S30a_DOW_Seasonality,ADA_USDT_USDT,4H,TimeBased,2022-10-13 04:00:00,2022-10-13 04:00:00,SHORT,0.37428768,0.35740133,9949.115508,164.0005,4.4041,TP,IS
3,S30a_DOW_Seasonality,ADA_USDT_USDT,4H,TimeBased,2022-10-13 08:00:00,2022-10-13 12:00:00,SHORT,0.3618914,0.37373178,8941.658796,-109.4904,-3.3836,SL,IS
3,S30a_DOW_Seasonality,ADA_USDT_USDT,4H,TimeBased,2022-10-13 16:00:00,2022-10-19 20:00:00,SHORT,0.37558729,0.35193243,7188.372198,167.1636,6.1916,TP,IS
3,S30a_DOW_Seasonality,ADA_USDT_USDT,4H,TimeBased,2022-10-20 04:00:00,2022-10-21 00:00:00,SHORT,0.35179443,0.33574248,10693.899375,167.614,4.4554,TP,IS
3,S30a_DOW_Seasonality,ADA_USDT_USDT,4H,TimeBased,2022-10-28 16:00:00,2022-10-29 16:00:00,LONG,0.39651892,0.42274789,6693.626287,172.5508,6.5012,TP,IS
3,S30a_DOW_Seasonality,ADA_USDT_USDT,4H,TimeBased,2022-11-03 04:00:00,2022-11-04 04:00:00,SHORT,0.39368186,0.40950943,6930.945467,-112.7618,-4.1326,SL,IS
3,S30a_DOW_Seasonality,ADA_USDT_USDT,4H,TimeBased,2022-11-04 08:00:00,2022-11-05 16:00:00,LONG,0.41042309,0.43529573,7087.42914,172.9864,5.9469,TP,IS
3,S30a_DOW_Seasonality,ADA_USDT_USDT,4H,TimeBased,2022-11-10 04:00:00,2022-11-10 12:00:00,SHORT,0.34279713,0.37434745,3481.483078,-111.2151,-9.3188,SL,IS
3,S30a_DOW_Seasonality,ADA_USDT_USDT,4H,TimeBased,2022-11-10 16:00:00,2022-11-14 00:00:00,SHORT,0.37168846,0.31904247,3404.370488,177.9331,14.0618,TP,IS
3,S30a_DOW_Seasonality,ADA_USDT_USDT,4H,TimeBased,2022-11-17 04:00:00,2022-11-21 00:00:00,SHORT,0.32850142,0.30477454,7621.325085,178.1757,7.1167,TP,IS
3,S30a_DOW_Seasonality,ADA_USDT_USDT,4H,TimeBased,2022-11-24 12:00:00,2022-11-26 00:00:00,SHORT,0.31300607,0.32347802,10785.604398,-116.722,-3.4574,SL,IS
3,S30a_DOW_Seasonality,ADA_USDT_USDT,4H,TimeBased,2022-12-02 08:00:00,2022-12-03 08:00:00,LONG,0.31389414,0.32609611,14704.527,174.2483,3.7752,TP,IS
3,S30a_DOW_Seasonality,ADA_USDT_USDT,4H,TimeBased,2022-12-08 04:00:00,2022-12-08 20:00:00,SHORT,0.30930718,0.31578344,17625.066064,-120.2039,-2.2049,SL,IS
3,S30a_DOW_Seasonality,ADA_USDT_USDT,4H,TimeBased,2022-12-09 00:00:00,2022-12-12 00:00:00,SHORT,0.31420571,0.30413831,17815.020377,173.2922,3.0958,TP,IS
3,S30a_DOW_Seasonality,ADA_USDT_USDT,4H,TimeBased,2022-12-15 04:00:00,2022-12-16 08:00:00,SHORT,0.30450862,0.29231737,15040.291018,178.4229,3.8958,TP,IS
3,S30a_DOW_Seasonality,ADA_USDT_USDT,4H,TimeBased,2022-12-22 04:00:00,2022-12-23 00:00:00,SHORT,0.25332398,0.26040895,16382.530251,-120.6987,-2.9083,SL,IS
3,S30a_DOW_Seasonality,ADA_USDT_USDT,4H,TimeBased,2022-12-23 04:00:00,2022-12-28 00:00:00,LONG,0.26157845,0.25401708,15174.511517,-119.0432,-2.9991,SL,IS
3,S30a_DOW_Seasonality,ADA_USDT_USDT,4H,TimeBased,2022-12-29 04:00:00,2022-12-31 12:00:00,SHORT,0.24582623,0.25180092,19052.335209,-119.0462,-2.5418,SL,IS
3,S30a_DOW_Seasonality,ADA_USDT_USDT,4H,TimeBased,2023-01-06 04:00:00,2023-01-08 08:00:00,LONG,0.27338199,0.28463858,16031.757671,175.5425,4.0053,TP,IS
3,S30a_DOW_Seasonality,ADA_USDT_USDT,4H,TimeBased,2023-01-13 04:00:00,2023-01-13 20:00:00,LONG,0.32889864,0.35000309,8767.632433,181.7622,6.3032,TP,IS
3,S30a_DOW_Seasonality,ADA_USDT_USDT,4H,TimeBased,2023-01-14 00:00:00,2023-01-14 04:00:00,LONG,0.34550362,0.36701723,8734.793257,184.4938,6.1133,TP,IS
3,S30a_DOW_Seasonality,ADA_USDT_USDT,4H,TimeBased,2023-01-19 04:00:00,2023-01-20 16:00:00,SHORT,0.32950112,0.34478714,7681.18354,-120.2634,-4.7517,SL,IS
3,S30a_DOW_Seasonality,ADA_USDT_USDT,4H,TimeBased,2023-01-20 20:00:00,2023-01-21 08:00:00,LONG,0.35060515,0.37148643,9042.522788,185.2282,5.8425,TP,IS
3,S30a_DOW_Seasonality,ADA_USDT_USDT,4H,TimeBased,2023-01-27 04:00:00,2023-01-28 00:00:00,LONG,0.37151142,0.39709764,7516.589935,189.1436,6.7733,TP,IS
3,S30a_DOW_Seasonality,ADA_USDT_USDT,4H,TimeBased,2023-02-03 04:00:00,2023-02-05 16:00:00,LONG,0.40012,0.38396381,7428.574474,-123.221,-4.1456,SL,IS
3,S30a_DOW_Seasonality,ADA_USDT_USDT,4H,TimeBased,2023-02-09 04:00:00,2023-02-09 20:00:00,SHORT,0.38168546,0.36088777,9266.207355,188.9312,5.3419,TP,IS
3,S30a_DOW_Seasonality,ADA_USDT_USDT,4H,TimeBased,2023-02-10 00:00:00,2023-02-14 12:00:00,SHORT,0.3618914,0.37670583,8150.121306,-124.0502,-4.2059,SL,IS
3,S30a_DOW_Seasonality,ADA_USDT_USDT,4H,TimeBased,2023-02-17 00:00:00,2023-02-17 16:00:00,SHORT,0.38728378,0.40310331,7553.406525,-122.7749,-4.197,SL,IS
3,S30a_DOW_Seasonality,ADA_USDT_USDT,4H,TimeBased,2023-02-17 20:00:00,2023-02-20 00:00:00,LONG,0.4071221,0.39238538,8027.270989,-121.8254,-3.7277,SL,IS
3,S30a_DOW_Seasonality,ADA_USDT_USDT,4H,TimeBased,2023-02-23 04:00:00,2023-02-24 16:00:00,SHORT,0.39158249,0.37101277,9219.317814,185.7719,5.1459,TP,IS
3,S30a_DOW_Seasonality,ADA_USDT_USDT,4H,TimeBased,2023-03-02 04:00:00,2023-03-03 00:00:00,SHORT,0.35549332,0.33963649,12106.612922,187.3439,4.353,TP,IS
3,S30a_DOW_Seasonality,ADA_USDT_USDT,4H,TimeBased,2023-03-09 04:00:00,2023-03-09 20:00:00,SHORT,0.31920421,0.30314887,12179.969801,191.3844,4.9226,TP,IS
3,S30a_DOW_Seasonality,ADA_USDT_USDT,4H,TimeBased,2023-03-10 00:00:00,2023-03-11 00:00:00,SHORT,0.30970706,0.32029846,11602.968931,-126.9122,-3.5317,SL,IS
3,S30a_DOW_Seasonality,ADA_USDT_USDT,4H,TimeBased,2023-03-16 04:00:00,2023-03-17 08:00:00,SHORT,0.32380283,0.34034095,7331.934722,-123.9346,-5.2203,SL,IS
3,S30a_DOW_Seasonality,ADA_USDT_USDT,4H,TimeBased,2023-03-17 12:00:00,2023-03-17 12:00:00,LONG,0.34600377,0.33072788,7858.698667,-122.9737,-4.5225,SL,IS
3,S30a_DOW_Seasonality,ADA_USDT_USDT,4H,TimeBased,2023-03-17 16:00:00,2023-03-21 16:00:00,LONG,0.33460035,0.3605046,7485.971271,191.0565,7.6276,TP,IS
3,S30a_DOW_Seasonality,ADA_USDT_USDT,4H,TimeBased,2023-03-24 04:00:00,2023-03-27 04:00:00,LONG,0.36590974,0.34737019,6506.509438,-123.1803,-5.1739,SL,IS
3,S30a_DOW_Seasonality,ADA_USDT_USDT,4H,TimeBased,2023-03-31 04:00:00,2023-03-31 12:00:00,LONG,0.3781134,0.39831513,9593.971159,189.7179,5.2298,TP,IS
3,S30a_DOW_Seasonality,ADA_USDT_USDT,4H,TimeBased,2023-03-31 16:00:00,2023-04-01 04:00:00,LONG,0.40642189,0.39196234,8409.950895,-125.297,-3.6658,SL,IS
3,S30a_DOW_Seasonality,ADA_USDT_USDT,4H,TimeBased,2023-04-06 08:00:00,2023-04-10 20:00:00,SHORT,0.38348492,0.39621025,9468.277476,-124.5473,-3.4302,SL,IS
3,S30a_DOW_Seasonality,ADA_USDT_USDT,4H,TimeBased,2023-04-14 04:00:00,2023-04-14 12:00:00,LONG,0.43773128,0.42393753,8642.750632,-123.3119,-3.2595,SL,IS
3,S30a_DOW_Seasonality,ADA_USDT_USDT,4H,TimeBased,2023-04-14 16:00:00,2023-04-15 08:00:00,LONG,0.42732816,0.45211009,7712.209348,187.3931,5.6861,TP,IS
3,S30a_DOW_Seasonality,ADA_USDT_USDT,4H,TimeBased,2023-04-20 04:00:00,2023-04-21 16:00:00,SHORT,0.41837445,0.39365675,7863.501253,190.8557,5.8013,TP,IS
3,S30a_DOW_Seasonality,ADA_USDT_USDT,4H,TimeBased,2023-04-28 04:00:00,2023-05-01 00:00:00,LONG,0.40782231,0.39230746,7836.907492,-125.0372,-3.9122,SL,IS
3,S30a_DOW_Seasonality,ADA_USDT_USDT,4H,TimeBased,2023-05-04 16:00:00,2023-05-06 12:00:00,SHORT,0.3888833,0.3735914,12664.579974,188.3545,3.8244,TP,IS
3,S30a_DOW_Seasonality,ADA_USDT_USDT,4H,TimeBased,2023-05-11 04:00:00,2023-05-17 00:00:00,SHORT,0.36539035,0.37698414,10565.439405,-126.8074,-3.2847,SL,IS
3,S30a_DOW_Seasonality,ADA_USDT_USDT,4H,TimeBased,2023-05-18 20:00:00,2023-05-25 00:00:00,SHORT,0.37048882,0.35536391,12883.302472,189.7155,3.9747,TP,IS
3,S30a_DOW_Seasonality,ADA_USDT_USDT,4H,TimeBased,2023-05-25 04:00:00,2023-05-28 00:00:00,SHORT,0.36039185,0.36814019,15963.493043,-130.087,-2.2612,SL,IS
3,S30a_DOW_Seasonality,ADA_USDT_USDT,4H,TimeBased,2023-06-01 04:00:00,2023-06-02 00:00:00,SHORT,0.36499047,0.3732159,14867.468325,-128.3277,-2.3648,SL,IS
3,S30a_DOW_Seasonality,ADA_USDT_USDT,4H,TimeBased,2023-06-02 04:00:00,2023-06-05 12:00:00,LONG,0.37181151,0.36346852,14494.18487,-126.7863,-2.3526,SL,IS
3,S30a_DOW_Seasonality,ADA_USDT_USDT,4H,TimeBased,2023-06-08 04:00:00,2023-06-09 16:00:00,SHORT,0.32160349,0.3044677,11255.327572,188.9933,5.2212,TP,IS
3,S30a_DOW_Seasonality,ADA_USDT_USDT,4H,TimeBased,2023-06-15 04:00:00,2023-06-21 00:00:00,SHORT,0.26212134,0.27590265,8757.555847,-123.2821,-5.3705,SL,IS
3,S30a_DOW_Seasonality,ADA_USDT_USDT,4H,TimeBased,2023-06-23 04:00:00,2023-06-26 16:00:00,LONG,0.29268778,0.28137937,10578.531501,-122.9664,-3.9715,SL,IS
3,S30a_DOW_Seasonality,ADA_USDT_USDT,4H,TimeBased,2023-06-29 04:00:00,2023-06-30 00:00:00,SHORT,0.26981903,0.28037629,11219.475903,-121.842,-4.0249,SL,IS
3,S30a_DOW_Seasonality,ADA_USDT_USDT,4H,TimeBased,2023-06-30 04:00:00,2023-06-30 12:00:00,LONG,0.28338499,0.27327612,11597.348698,-120.7868,-3.6752,SL,IS
3,S30a_DOW_Seasonality,ADA_USDT_USDT,4H,TimeBased,2023-06-30 20:00:00,2023-07-13 12:00:00,LONG,0.28548562,0.30921344,7975.211412,186.6258,8.1968,TP,IS
3,S30a_DOW_Seasonality,ADA_USDT_USDT,4H,TimeBased,2023-07-14 04:00:00,2023-07-14 16:00:00,LONG,0.36130836,0.34371861,6687.604201,-120.2265,-4.9757,SL,IS
3,S30a_DOW_Seasonality,ADA_USDT_USDT,4H,TimeBased,2023-07-14 20:00:00,2023-07-18 12:00:00,LONG,0.32119633,0.30163499,5944.33905,-118.3155,-6.1968,SL,IS
3,S30a_DOW_Seasonality,ADA_USDT_USDT,4H,TimeBased,2023-07-20 20:00:00,2023-08-01 00:00:00,SHORT,0.31660499,0.29546133,8886.405057,184.8997,6.5719,TP,IS
3,S30a_DOW_Seasonality,ADA_USDT_USDT,4H,TimeBased,2023-08-03 04:00:00,2023-08-07 16:00:00,SHORT,0.29931018,0.28752126,16014.611465,183.6261,3.8309,TP,IS
3,S30a_DOW_Seasonality,ADA_USDT_USDT,4H,TimeBased,2023-08-11 00:00:00,2023-08-13 20:00:00,SHORT,0.29611114,0.28758016,22257.51352,182.733,2.7726,TP,IS
3,S30a_DOW_Seasonality,ADA_USDT_USDT,4H,TimeBased,2023-08-17 04:00:00,2023-08-17 20:00:00,SHORT,0.27631708,0.26489419,17069.856609,189.906,4.0263,TP,IS
3,S30a_DOW_Seasonality,ADA_USDT_USDT,4H,TimeBased,2023-08-18 00:00:00,2023-08-18 08:00:00,SHORT,0.25482353,0.26644695,10566.08627,-125.8433,-4.6739,SL,IS
3,S30a_DOW_Seasonality,ADA_USDT_USDT,4H,TimeBased,2023-08-24 16:00:00,2023-08-25 00:00:00,SHORT,0.26242125,0.2692151,17981.423227,-127.4208,-2.7003,SL,IS
3,S30a_DOW_Seasonality,ADA_USDT_USDT,4H,TimeBased,2023-08-31 04:00:00,2023-08-31 16:00:00,SHORT,0.26442065,0.25408694,18741.373667,188.3233,3.8002,TP,IS
3,S30a_DOW_Seasonality,ADA_USDT_USDT,4H,TimeBased,2023-08-31 20:00:00,2023-09-10 04:00:00,SHORT,0.25432368,0.24275638,17072.51846,192.8154,4.4408,TP,IS
3,S30a_DOW_Seasonality,ADA_USDT_USDT,4H,TimeBased,2023-09-14 04:00:00,2023-09-15 00:00:00,SHORT,0.2479256,0.25432718,19484.986598,-130.1172,-2.6935,SL,IS
3,S30a_DOW_Seasonality,ADA_USDT_USDT,4H,TimeBased,2023-09-15 04:00:00,2023-09-15 12:00:00,LONG,0.25397617,0.24808007,20947.189509,-129.2909,-2.4302,SL,IS
3,S30a_DOW_Seasonality,ADA_USDT_USDT,4H,TimeBased,2023-09-16 00:00:00,2023-09-17 20:00:00,LONG,0.25037509,0.24445895,20650.163288,-127.7894,-2.4716,SL,IS
3,S30a_DOW_Seasonality,ADA_USDT_USDT,4H,TimeBased,2023-09-21 04:00:00,2023-09-24 20:00:00,SHORT,0.2509247,0.2421329,21947.718168,187.008,3.3957,TP,IS
3,S30a_DOW_Seasonality,ADA_USDT_USDT,4H,TimeBased,2023-09-28 04:00:00,2023-09-28 08:00:00,SHORT,0.24362689,0.2475551,31460.211194,-132.0813,-1.7233,SL,IS
3,S30a_DOW_Seasonality,ADA_USDT_USDT,4H,TimeBased,2023-09-29 04:00:00,2023-10-01 08:00:00,LONG,0.25047512,0.25713899,28794.994692,183.8468,2.549,TP,IS
3,S30a_DOW_Seasonality,ADA_USDT_USDT,4H,TimeBased,2023-10-05 04:00:00,2023-10-05 12:00:00,SHORT,0.25762269,0.26387873,19712.826701,-128.9784,-2.5397,SL,IS
3,S30a_DOW_Seasonality,ADA_USDT_USDT,4H,TimeBased,2023-10-06 04:00:00,2023-10-08 04:00:00,LONG,0.26187854,0.25554667,19259.948574,-127.4325,-2.5265,SL,IS
3,S30a_DOW_Seasonality,ADA_USDT_USDT,4H,TimeBased,2023-10-12 04:00:00,2023-10-16 04:00:00,SHORT,0.24622611,0.25100929,25319.175702,-128.0304,-2.0537,SL,IS
3,S30a_DOW_Seasonality,ADA_USDT_USDT,4H,TimeBased,2023-10-19 04:00:00,2023-10-19 12:00:00,SHORT,0.24052782,0.24487903,27565.732014,-127.3036,-1.92,SL,IS
3,S30a_DOW_Seasonality,ADA_USDT_USDT,4H,TimeBased,2023-10-19 16:00:00,2023-10-20 00:00:00,SHORT,0.24502647,0.24932081,27644.24706,-126.23,-1.8636,SL,IS
3,S30a_DOW_Seasonality,ADA_USDT_USDT,4H,TimeBased,2023-10-20 04:00:00,2023-10-21 08:00:00,LONG,0.24857455,0.25582908,25538.490761,178.1848,2.8068,TP,IS
3,S30a_DOW_Seasonality,ADA_USDT_USDT,4H,TimeBased,2023-10-27 04:00:00,2023-10-31 00:00:00,LONG,0.28518553,0.30397389,10219.834006,188.7024,6.4745,TP,IS
3,S30a_DOW_Seasonality,ADA_USDT_USDT,4H,TimeBased,2023-11-03 04:00:00,2023-11-05 08:00:00,LONG,0.31669498,0.3398878,8426.252758,192.3857,7.2094,TP,IS
3,S30a_DOW_Seasonality,ADA_USDT_USDT,4H,TimeBased,2023-11-10 04:00:00,2023-11-13 20:00:00,LONG,0.37251172,0.35464304,6810.91375,-124.4259,-4.9042,SL,IS
3,S30a_DOW_Seasonality,ADA_USDT_USDT,4H,TimeBased,2023-11-16 20:00:00,2023-11-20 04:00:00,SHORT,0.36718981,0.38804136,5774.386273,-122.8035,-5.7918,SL,IS
3,S30a_DOW_Seasonality,ADA_USDT_USDT,4H,TimeBased,2023-11-24 04:00:00,2023-11-26 16:00:00,LONG,0.39521853,0.38074844,8254.827161,-122.9711,-3.7693,SL,IS
3,S30a_DOW_Seasonality,ADA_USDT_USDT,4H,TimeBased,2023-11-30 04:00:00,2023-12-02 16:00:00,SHORT,0.3818854,0.3926018,11065.095527,-123.2914,-2.9177,SL,IS
3,S30a_DOW_Seasonality,ADA_USDT_USDT,4H,TimeBased,2023-12-08 04:00:00,2023-12-08 08:00:00,LONG,0.46423923,0.49302545,6599.582561,186.5024,6.0873,TP,IS
3,S30a_DOW_Seasonality,ADA_USDT_USDT,4H,TimeBased,2023-12-08 12:00:00,2023-12-08 16:00:00,LONG,0.52105627,0.55932478,5057.826566,190.5501,7.2304,TP,IS
3,S30a_DOW_Seasonality,ADA_USDT_USDT,4H,TimeBased,2023-12-08 20:00:00,2023-12-09 00:00:00,LONG,0.53335996,0.57995659,4230.925232,194.5562,8.6216,TP,IS
3,S30a_DOW_Seasonality,ADA_USDT_USDT,4H,TimeBased,2023-12-15 04:00:00,2023-12-16 00:00:00,LONG,0.63859152,0.59331511,2699.839746,-124.0683,-7.1961,SL,IS
3,S30a_DOW_Seasonality,ADA_USDT_USDT,4H,TimeBased,2023-12-22 04:00:00,2023-12-23 04:00:00,LONG,0.62858852,0.59772315,3927.448129,-123.8711,-5.0176,SL,IS
3,S30a_DOW_Seasonality,ADA_USDT_USDT,4H,TimeBased,2023-12-28 16:00:00,2024-01-03 12:00:00,SHORT,0.61751469,0.56004792,3419.955547,194.3188,9.2013,TP,IS
3,S30a_DOW_Seasonality,ADA_USDT_USDT,4H,TimeBased,2024-01-04 04:00:00,2024-01-07 20:00:00,SHORT,0.56003194,0.5058571,3688.506815,197.6619,9.5688,TP,IS
3,S30a_DOW_Seasonality,ADA_USDT_USDT,4H,TimeBased,2024-01-12 04:00:00,2024-01-12 16:00:00,LONG,0.57767325,0.54224926,3493.883636,-125.9194,-6.2388,SL,IS
3,S30a_DOW_Seasonality,ADA_USDT_USDT,4H,TimeBased,2024-01-12 20:00:00,2024-01-14 20:00:00,LONG,0.55886761,0.5240846,3521.644894,-124.591,-6.3304,SL,IS
3,S30a_DOW_Seasonality,ADA_USDT_USDT,4H,TimeBased,2024-01-18 04:00:00,2024-01-19 00:00:00,SHORT,0.52104364,0.49228216,6859.289422,193.4604,5.413,TP,IS
3,S30a_DOW_Seasonality,ADA_USDT_USDT,4H,TimeBased,2024-01-25 04:00:00,2024-01-26 16:00:00,SHORT,0.47155849,0.49004447,6686.744988,-127.1475,-4.0323,SL,IS
3,S30a_DOW_Seasonality,ADA_USDT_USDT,4H,TimeBased,2024-01-26 20:00:00,2024-01-29 16:00:00,LONG,0.48324493,0.51127631,7079.180546,194.567,5.6875,TP,IS
3,S30a_DOW_Seasonality,ADA_USDT_USDT,4H,TimeBased,2024-02-01 04:00:00,2024-02-02 00:00:00,SHORT,0.49145252,0.51003679,6689.837763,-128.0107,-3.8936,SL,IS
3,S30a_DOW_Seasonality,ADA_USDT_USDT,4H,TimeBased,2024-02-02 04:00:00,2024-02-05 00:00:00,LONG,0.50685201,0.4897122,7180.805365,-127.0135,-3.4898,SL,IS
3,S30a_DOW_Seasonality,ADA_USDT_USDT,4H,TimeBased,2024-02-09 04:00:00,2024-02-11 00:00:00,LONG,0.53406017,0.56011285,7552.331193,192.2135,4.7655,TP,IS
3,S30a_DOW_Seasonality,ADA_USDT_USDT,4H,TimeBased,2024-02-16 04:00:00,2024-02-16 12:00:00,LONG,0.60878258,0.58716715,5721.957851,-127.4463,-3.6586,SL,IS
3,S30a_DOW_Seasonality,ADA_USDT_USDT,4H,TimeBased,2024-02-16 16:00:00,2024-02-18 08:00:00,LONG,0.59037706,0.62823578,5252.758238,195.3421,6.2991,TP,IS
3,S30a_DOW_Seasonality,ADA_USDT_USDT,4H,TimeBased,2024-02-22 04:00:00,2024-02-26 16:00:00,SHORT,0.58692387,0.61414955,4561.630695,-127.2069,-4.7513,SL,IS
3,S30a_DOW_Seasonality,ADA_USDT_USDT,4H,TimeBased,2024-03-01 04:00:00,2024-03-02 00:00:00,LONG,0.67360202,0.73830044,3108.353004,198.6917,9.4896,TP,IS
3,S30a_DOW_Seasonality,ADA_USDT_USDT,4H,TimeBased,2024-03-08 04:00:00,2024-03-11 00:00:00,LONG,0.740222,0.69222139,2595.954546,-126.6526,-6.5911,SL,IS
3,S30a_DOW_Seasonality,ADA_USDT_USDT,4H,TimeBased,2024-03-14 16:00:00,2024-03-15 08:00:00,SHORT,0.74757566,0.68049446,3015.007796,199.8822,8.8681,TP,IS
3,S30a_DOW_Seasonality,ADA_USDT_USDT,4H,TimeBased,2024-03-21 04:00:00,2024-03-26 04:00:00,SHORT,0.63590917,0.67871717,2929.281938,-127.5147,-6.8455,SL,IS
3,S30a_DOW_Seasonality,ADA_USDT_USDT,4H,TimeBased,2024-03-28 04:00:00,2024-03-29 12:00:00,SHORT,0.64040782,0.66591392,4881.19143,-128.0072,-4.095,SL,IS
3,S30a_DOW_Seasonality,ADA_USDT_USDT,4H,TimeBased,2024-03-29 16:00:00,2024-04-01 04:00:00,LONG,0.65059512,0.62691687,5204.112189,-126.8809,-3.7475,SL,IS
3,S30a_DOW_Seasonality,ADA_USDT_USDT,4H,TimeBased,2024-04-04 04:00:00,2024-04-04 12:00:00,SHORT,0.56662996,0.58868639,5529.117933,-125.4659,-4.0047,SL,IS
3,S30a_DOW_Seasonality,ADA_USDT_USDT,4H,TimeBased,2024-04-04 16:00:00,2024-04-08 08:00:00,SHORT,0.58802354,0.60988942,5521.465191,-124.3695,-3.8306,SL,IS
3,S30a_DOW_Seasonality,ADA_USDT_USDT,4H,TimeBased,2024-04-11 04:00:00,2024-04-12 16:00:00,SHORT,0.58922318,0.55714057,6034.721609,189.8047,5.3379,TP,IS
3,S30a_DOW_Seasonality,ADA_USDT_USDT,4H,TimeBased,2024-04-18 04:00:00,2024-04-20 00:00:00,SHORT,0.45016491,0.48118721,3898.444601,-122.9357,-7.0051,SL,IS
3,S30a_DOW_Seasonality,ADA_USDT_USDT,4H,TimeBased,2024-04-25 04:00:00,2024-04-30 08:00:00,SHORT,0.47295807,0.44161759,6234.509938,192.2565,6.5201,TP,IS
3,S30a_DOW_Seasonality,ADA_USDT_USDT,4H,TimeBased,2024-05-02 04:00:00,2024-05-03 12:00:00,SHORT,0.44516641,0.46506611,6126.92034,-124.9912,-4.5826,SL,IS
3,S30a_DOW_Seasonality,ADA_USDT_USDT,4H,TimeBased,2024-05-03 16:00:00,2024-05-07 00:00:00,LONG,0.46684001,0.44897767,6758.915304,-124.1345,-3.9341,SL,IS
3,S30a_DOW_Seasonality,ADA_USDT_USDT,4H,TimeBased,2024-05-09 08:00:00,2024-05-13 00:00:00,SHORT,0.45306404,0.4254278,7026.500363,190.7911,5.9932,TP,IS
3,S30a_DOW_Seasonality,ADA_USDT_USDT,4H,TimeBased,2024-05-17 04:00:00,2024-05-17 04:00:00,LONG,0.460138,0.47852799,10623.972439,189.8899,3.8844,TP,IS
3,S30a_DOW_Seasonality,ADA_USDT_USDT,4H,TimeBased,2024-05-17 08:00:00,2024-05-19 16:00:00,LONG,0.48054412,0.46755338,9523.793241,-128.6874,-2.8119,SL,IS
3,S30a_DOW_Seasonality,ADA_USDT_USDT,4H,TimeBased,2024-05-23 16:00:00,2024-06-07 08:00:00,SHORT,0.46825948,0.48532217,7158.303363,-125.8942,-3.7559,SL,IS
3,S30a_DOW_Seasonality,ADA_USDT_USDT,4H,TimeBased,2024-06-07 12:00:00,2024-06-07 16:00:00,LONG,0.48444529,0.47358298,11178.811561,-127.3181,-2.351,SL,IS
3,S30a_DOW_Seasonality,ADA_USDT_USDT,4H,TimeBased,2024-06-13 04:00:00,2024-06-14 16:00:00,SHORT,0.43097067,0.40775526,8344.097471,189.8626,5.2797,TP,IS
3,S30a_DOW_Seasonality,ADA_USDT_USDT,4H,TimeBased,2024-06-20 04:00:00,2024-06-24 08:00:00,SHORT,0.38778363,0.36361923,8166.938544,193.974,6.1248,TP,IS
3,S30a_DOW_Seasonality,ADA_USDT_USDT,4H,TimeBased,2024-06-27 04:00:00,2024-06-27 12:00:00,SHORT,0.38158549,0.39298133,10853.384134,-128.3071,-3.0981,SL,IS
3,S30a_DOW_Seasonality,ADA_USDT_USDT,4H,TimeBased,2024-06-28 04:00:00,2024-06-30 00:00:00,LONG,0.39171748,0.38065109,11059.11072,-127.0824,-2.9335,SL,IS
3,S30a_DOW_Seasonality,ADA_USDT_USDT,4H,TimeBased,2024-07-04 04:00:00,2024-07-04 20:00:00,SHORT,0.39678093,0.3733176,8360.278866,192.619,5.8067,TP,IS
3,S30a_DOW_Seasonality,ADA_USDT_USDT,4H,TimeBased,2024-07-05 00:00:00,2024-07-05 00:00:00,SHORT,0.3618914,0.33576587,7654.328549,197.0364,7.1131,TP,IS
3,S30a_DOW_Seasonality,ADA_USDT_USDT,4H,TimeBased,2024-07-12 04:00:00,2024-07-13 04:00:00,LONG,0.39791934,0.42044274,8979.734569,198.2124,5.5472,TP,IS
3,S30a_DOW_Seasonality,ADA_USDT_USDT,4H,TimeBased,2024-07-18 16:00:00,2024-07-19 20:00:00,SHORT,0.42547232,0.44197551,7680.153245,-130.4112,-3.9909,SL,IS
3,S30a_DOW_Seasonality,ADA_USDT_USDT,4H,TimeBased,2024-07-20 00:00:00,2024-07-21 16:00:00,LONG,0.43893164,0.42354237,8152.504322,-129.3283,-3.6141,SL,IS
3,S30a_DOW_Seasonality,ADA_USDT_USDT,4H,TimeBased,2024-07-25 04:00:00,2024-07-26 00:00:00,SHORT,0.39408174,0.40897517,8336.164564,-127.836,-3.8914,SL,IS
3,S30a_DOW_Seasonality,ADA_USDT_USDT,4H,TimeBased,2024-07-26 08:00:00,2024-07-30 16:00:00,LONG,0.41262375,0.39699572,7856.990892,-126.288,-3.8954,SL,IS
3,S30a_DOW_Seasonality,ADA_USDT_USDT,4H,TimeBased,2024-08-01 04:00:00,2024-08-02 12:00:00,SHORT,0.38658399,0.36655195,9827.424956,192.7927,5.0747,TP,IS
3,S30a_DOW_Seasonality,ADA_USDT_USDT,4H,TimeBased,2024-08-08 04:00:00,2024-08-11 08:00:00,SHORT,0.33439965,0.35590586,5725.297004,-125.3031,-6.5448,SL,IS
3,S30a_DOW_Seasonality,ADA_USDT_USDT,4H,TimeBased,2024-08-15 08:00:00,2024-08-20 16:00:00,SHORT,0.33609914,0.3469587,11274.722008,-126.6742,-3.3428,SL,IS
3,S30a_DOW_Seasonality,ADA_USDT_USDT,4H,TimeBased,2024-08-23 04:00:00,2024-08-24 00:00:00,LONG,0.37461235,0.39336879,10430.619189,191.2355,4.8941,TP,IS
3,S30a_DOW_Seasonality,ADA_USDT_USDT,4H,TimeBased,2024-08-29 04:00:00,2024-09-01 20:00:00,SHORT,0.35479353,0.33098369,8398.487945,196.7989,6.6046,TP,IS
3,S30a_DOW_Seasonality,ADA_USDT_USDT,4H,TimeBased,2024-09-05 04:00:00,2024-09-05 12:00:00,SHORT,0.31970406,0.33169907,10413.904544,-128.6459,-3.864,SL,IS
3,S30a_DOW_Seasonality,ADA_USDT_USDT,4H,TimeBased,2024-09-05 16:00:00,2024-09-06 20:00:00,SHORT,0.32560229,0.30577853,10126.905583,197.2367,5.9817,TP,IS
3,S30a_DOW_Seasonality,ADA_USDT_USDT,4H,TimeBased,2024-09-13 04:00:00,2024-09-15 16:00:00,LONG,0.35380611,0.34445569,13470.754715,-131.1306,-2.7514,SL,IS
3,S30a_DOW_Seasonality,ADA_USDT_USDT,4H,TimeBased,2024-09-20 04:00:00,2024-09-22 12:00:00,LONG,0.35870758,0.34882529,12605.682846,-129.4785,-2.8635,SL,IS
3,S30a_DOW_Seasonality,ADA_USDT_USDT,4H,TimeBased,2024-09-27 04:00:00,2024-09-28 04:00:00,LONG,0.40972288,0.39781506,10345.615898,-127.7887,-3.0147,SL,IS
3,S30a_DOW_Seasonality,ADA_USDT_USDT,4H,TimeBased,2024-10-03 04:00:00,2024-10-07 00:00:00,SHORT,0.3488953,0.36465648,7710.338362,-124.55,-4.6299,SL,IS
3,S30a_DOW_Seasonality,ADA_USDT_USDT,4H,TimeBased,2024-10-10 04:00:00,2024-10-11 12:00:00,SHORT,0.33969806,0.34955431,12247.993517,-125.3624,-3.0131,SL,IS
3,S30a_DOW_Seasonality,ADA_USDT_USDT,4H,TimeBased,2024-10-11 16:00:00,2024-10-14 16:00:00,LONG,0.35000497,0.36422159,13485.66818,186.4231,3.9496,TP,IS
3,S30a_DOW_Seasonality,ADA_USDT_USDT,4H,TimeBased,2024-10-17 04:00:00,2024-10-20 20:00:00,SHORT,0.3528941,0.36389655,11020.145442,-125.5931,-3.2295,SL,IS
3,S30a_DOW_Seasonality,ADA_USDT_USDT,4H,TimeBased,2024-10-24 04:00:00,2024-10-25 16:00:00,SHORT,0.35109464,0.33332948,10910.523548,189.7201,4.9527,TP,IS
3,S30a_DOW_Seasonality,ADA_USDT_USDT,4H,TimeBased,2024-10-31 16:00:00,2024-11-01 12:00:00,SHORT,0.34449662,0.35554192,11033.076492,-126.1116,-3.318,SL,IS
3,S30a_DOW_Seasonality,ADA_USDT_USDT,4H,TimeBased,2024-11-01 16:00:00,2024-11-03 00:00:00,LONG,0.35250572,0.34091168,10392.348475,-124.4527,-3.3972,SL,IS
3,S30a_DOW_Seasonality,ADA_USDT_USDT,4H,TimeBased,2024-11-08 04:00:00,2024-11-08 12:00:00,LONG,0.4221266,0.44818185,7425.141331,189.9097,6.059,TP,IS
3,S30a_DOW_Seasonality,ADA_USDT_USDT,4H,TimeBased,2024-11-08 16:00:00,2024-11-09 00:00:00,LONG,0.45033506,0.43170152,6489.445448,-124.0695,-4.2454,SL,IS
3,S30a_DOW_Seasonality,ADA_USDT_USDT,4H,TimeBased,2024-11-14 16:00:00,2024-11-14 20:00:00,SHORT,0.54823548,0.59947854,2327.307806,-120.7275,-9.462,SL,IS
3,S30a_DOW_Seasonality,ADA_USDT_USDT,4H,TimeBased,2024-11-15 04:00:00,2024-11-15 12:00:00,LONG,0.59477838,0.67753872,2349.664519,192.8148,13.7968,TP,IS
3,S30a_DOW_Seasonality,ADA_USDT_USDT,4H,TimeBased,2024-11-15 16:00:00,2024-11-16 00:00:00,LONG,0.64769425,0.74447295,2043.353301,196.1885,14.8238,TP,IS
3,S30a_DOW_Seasonality,ADA_USDT_USDT,4H,TimeBased,2024-11-22 04:00:00,2024-11-22 16:00:00,LONG,0.8722616,0.97605609,1932.889854,198.6584,11.7829,TP,IS
3,S30a_DOW_Seasonality,ADA_USDT_USDT,4H,TimeBased,2024-11-22 20:00:00,2024-11-23 00:00:00,LONG,0.96879055,1.08310008,1783.640704,201.8742,11.6827,TP,IS
3,S30a_DOW_Seasonality,ADA_USDT_USDT,4H,TimeBased,2024-11-28 16:00:00,2024-11-29 00:00:00,SHORT,0.97790654,1.05187082,1704.413543,-127.9685,-7.6777,SL,IS
3,S30a_DOW_Seasonality,ADA_USDT_USDT,4H,TimeBased,2024-11-29 04:00:00,2024-12-02 00:00:00,LONG,1.05081515,1.16792762,1750.42031,202.86,11.0288,TP,IS
3,S30a_DOW_Seasonality,ADA_USDT_USDT,4H,TimeBased,2024-12-06 00:00:00,2024-12-09 20:00:00,SHORT,1.1606517,1.01127075,1397.366312,207.0707,12.7675,TP,IS
3,S30a_DOW_Seasonality,ADA_USDT_USDT,4H,TimeBased,2024-12-13 04:00:00,2024-12-18 04:00:00,LONG,1.10813234,1.03242005,1702.167708,-130.879,-6.9387,SL,IS
3,S30a_DOW_Seasonality,ADA_USDT_USDT,4H,TimeBased,2024-12-19 04:00:00,2024-12-19 16:00:00,SHORT,0.97660693,0.87293721,2022.016085,207.5649,10.5111,TP,IS
3,S30a_DOW_Seasonality,ADA_USDT_USDT,4H,TimeBased,2024-12-19 20:00:00,2024-12-20 08:00:00,SHORT,0.8757372,0.76482487,1924.052607,211.6651,12.562,TP,IS
3,S30a_DOW_Seasonality,ADA_USDT_USDT,4H,TimeBased,2024-12-26 04:00:00,2025-01-02 00:00:00,SHORT,0.89953006,0.94873806,2682.377018,-134.7212,-5.5834,SL,IS
3,S30a_DOW_Seasonality,ADA_USDT_USDT,4H,TimeBased,2025-01-03 04:00:00,2025-01-03 12:00:00,LONG,1.02680795,1.1005498,2890.421798,209.7631,7.0677,TP,IS
3,S30a_DOW_Seasonality,ADA_USDT_USDT,4H,TimeBased,2025-01-03 16:00:00,2025-01-07 12:00:00,LONG,1.08592568,1.03607487,2664.147676,-135.9192,-4.6981,SL,IS
3,S30a_DOW_Seasonality,ADA_USDT_USDT,4H,TimeBased,2025-01-09 04:00:00,2025-01-11 20:00:00,SHORT,0.93521935,0.99387973,2238.129629,-133.6642,-6.3858,SL,IS
3,S30a_DOW_Seasonality,ADA_USDT_USDT,4H,TimeBased,2025-01-17 04:00:00,2025-01-18 08:00:00,LONG,1.11763519,1.05376857,2034.381646,-132.3587,-5.8213,SL,IS
3,S30a_DOW_Seasonality,ADA_USDT_USDT,4H,TimeBased,2025-01-23 04:00:00,2025-01-27 04:00:00,SHORT,0.97360783,0.87659523,2175.015176,208.7905,9.8597,TP,IS
3,S30a_DOW_Seasonality,ADA_USDT_USDT,4H,TimeBased,2025-01-31 12:00:00,2025-01-31 20:00:00,LONG,0.97419217,0.93320682,3194.916807,-134.2965,-4.3148,SL,IS
3,S30a_DOW_Seasonality,ADA_USDT_USDT,4H,TimeBased,2025-02-06 04:00:00,2025-02-11 04:00:00,SHORT,0.74887527,0.8114903,2063.551078,-130.9803,-8.4758,SL,IS
3,S30a_DOW_Seasonality,ADA_USDT_USDT,4H,TimeBased,2025-02-14 04:00:00,2025-02-16 12:00:00,LONG,0.81284378,0.76895869,2918.319537,-130.6096,-5.506,SL,IS
3,S30a_DOW_Seasonality,ADA_USDT_USDT,4H,TimeBased,2025-02-21 04:00:00,2025-02-21 16:00:00,LONG,0.79913967,0.76693787,3943.844311,-130.3959,-4.1373,SL,IS
3,S30a_DOW_Seasonality,ADA_USDT_USDT,4H,TimeBased,2025-02-27 04:00:00,2025-02-28 04:00:00,SHORT,0.65750269,0.58859186,2987.620305,203.8318,10.3765,TP,IS
3,S30a_DOW_Seasonality,ADA_USDT_USDT,4H,TimeBased,2025-03-13 04:00:00,2025-03-31 04:00:00,SHORT,0.72648199,0.64260705,2497.086718,207.5627,11.4417,TP,IS
3,S30a_DOW_Seasonality,ADA_USDT_USDT,4H,TimeBased,2025-04-03 04:00:00,2025-04-06 16:00:00,SHORT,0.65130455,0.59857803,4021.081913,209.2534,7.99,TP,IS
3,S30a_DOW_Seasonality,ADA_USDT_USDT,4H,TimeBased,2025-04-10 16:00:00,2025-04-11 04:00:00,SHORT,0.58942312,0.63302349,3017.557213,-133.5955,-7.5112,SL,IS
3,S30a_DOW_Seasonality,ADA_USDT_USDT,4H,TimeBased,2025-04-11 08:00:00,2025-04-23 00:00:00,LONG,0.62748819,0.69114939,3357.07278,211.2806,10.0298,TP,IS
3,S30a_DOW_Seasonality,ADA_USDT_USDT,4H,TimeBased,2025-04-25 04:00:00,2025-04-30 12:00:00,LONG,0.71141336,0.68097721,4358.674793,-135.9992,-4.3859,SL,IS
3,S30a_DOW_Seasonality,ADA_USDT_USDT,4H,TimeBased,2025-05-01 04:00:00,2025-05-01 20:00:00,SHORT,0.68799354,0.71352859,5150.282887,-135.4827,-3.8236,SL,IS
3,S30a_DOW_Seasonality,ADA_USDT_USDT,4H,TimeBased,2025-05-02 04:00:00,2025-05-02 16:00:00,LONG,0.71361402,0.68884412,5254.031482,-134.1946,-3.5791,SL,IS
3,S30a_DOW_Seasonality,ADA_USDT_USDT,4H,TimeBased,2025-05-09 04:00:00,2025-05-09 08:00:00,LONG,0.75572665,0.80339549,4387.494224,205.3844,6.1942,TP,IS
3,S30a_DOW_Seasonality,ADA_USDT_USDT,4H,TimeBased,2025-05-09 12:00:00,2025-05-12 12:00:00,LONG,0.79403814,0.85009634,3797.817894,209.4646,6.946,TP,IS
3,S30a_DOW_Seasonality,ADA_USDT_USDT,4H,TimeBased,2025-05-15 04:00:00,2025-05-17 16:00:00,SHORT,0.7917624,0.72642158,3320.183116,214.1711,8.1471,TP,IS
3,S30a_DOW_Seasonality,ADA_USDT_USDT,4H,TimeBased,2025-05-23 04:00:00,2025-05-23 04:00:00,LONG,0.8382514,0.80783125,4440.494367,-139.1007,-3.737,SL,IS
3,S30a_DOW_Seasonality,ADA_USDT_USDT,4H,TimeBased,2025-05-23 08:00:00,2025-05-23 12:00:00,LONG,0.80864252,0.77629617,4129.52347,-137.1748,-4.1079,SL,IS
3,S30a_DOW_Seasonality,ADA_USDT_USDT,4H,TimeBased,2025-05-23 16:00:00,2025-05-24 20:00:00,LONG,0.77763322,0.7416069,3665.571168,-135.1199,-4.7403,SL,IS
3,S30a_DOW_Seasonality,ADA_USDT_USDT,4H,TimeBased,2025-05-29 08:00:00,2025-05-30 00:00:00,SHORT,0.74997494,0.70946982,5239.438643,208.0184,5.2938,TP,IS
3,S30a_DOW_Seasonality,ADA_USDT_USDT,4H,TimeBased,2025-06-05 04:00:00,2025-06-05 16:00:00,SHORT,0.67519738,0.63979774,6087.43935,211.0905,5.1357,TP,IS
3,S30a_DOW_Seasonality,ADA_USDT_USDT,4H,TimeBased,2025-06-05 20:00:00,2025-06-06 12:00:00,SHORT,0.64160746,0.66603571,5534.025534,-139.1667,-3.9194,SL,IS
3,S30a_DOW_Seasonality,ADA_USDT_USDT,4H,TimeBased,2025-06-12 04:00:00,2025-06-13 00:00:00,SHORT,0.69009291,0.65070227,5509.715617,212.9682,5.6012,TP,IS
3,S30a_DOW_Seasonality,ADA_USDT_USDT,4H,TimeBased,2025-06-19 04:00:00,2025-06-20 16:00:00,SHORT,0.6028191,0.56614739,6020.233113,216.9017,5.9767,TP,IS
3,S30a_DOW_Seasonality,ADA_USDT_USDT,4H,TimeBased,2025-06-26 08:00:00,2025-07-01 16:00:00,SHORT,0.57172843,0.53895975,6838.228059,219.9024,5.6247,TP,IS
3,S30a_DOW_Seasonality,ADA_USDT_USDT,4H,TimeBased,2025-07-04 04:00:00,2025-07-04 12:00:00,LONG,0.59347799,0.5728578,6806.791252,-144.7238,-3.5826,SL,IS
3,S30a_DOW_Seasonality,ADA_USDT_USDT,4H,TimeBased,2025-07-11 04:00:00,2025-07-11 08:00:00,LONG,0.68750619,0.72547669,5926.12795,220.4126,5.4099,TP,IS
3,S30a_DOW_Seasonality,ADA_USDT_USDT,4H,TimeBased,2025-07-11 12:00:00,2025-07-11 12:00:00,LONG,0.72781828,0.77081079,5324.399765,224.5207,5.7938,TP,IS
3,S30a_DOW_Seasonality,ADA_USDT_USDT,4H,TimeBased,2025-07-11 16:00:00,2025-07-11 20:00:00,LONG,0.73782128,0.70778414,4767.495213,-146.9925,-4.1788,SL,IS
3,S30a_DOW_Seasonality,ADA_USDT_USDT,4H,TimeBased,2025-07-12 00:00:00,2025-07-14 00:00:00,LONG,0.70951279,0.76444717,4208.274922,227.7674,7.6283,TP,IS
3,S30a_DOW_Seasonality,ADA_USDT_USDT,4H,TimeBased,2025-07-18 04:00:00,2025-07-18 12:00:00,LONG,0.86055809,0.81398612,3086.64219,-146.5938,-5.5189,SL,IS
3,S30a_DOW_Seasonality,ADA_USDT_USDT,4H,TimeBased,2025-07-18 16:00:00,2025-07-21 08:00:00,LONG,0.82284678,0.90393982,2875.863444,230.4812,9.7398,TP,IS
3,S30a_DOW_Seasonality,ADA_USDT_USDT,4H,TimeBased,2025-07-24 04:00:00,2025-07-30 16:00:00,SHORT,0.8157552,0.74206333,3214.90505,234.1578,8.9285,TP,IS
3,S30a_DOW_Seasonality,ADA_USDT_USDT,4H,TimeBased,2025-07-31 04:00:00,2025-08-01 00:00:00,SHORT,0.77896624,0.72294837,4284.866515,236.4896,7.0853,TP,IS
3,S30a_DOW_Seasonality,ADA_USDT_USDT,4H,TimeBased,2025-08-07 04:00:00,2025-08-07 08:00:00,SHORT,0.7337798,0.75869962,6015.743637,-154.8493,-3.508,SL,IS
3,S30a_DOW_Seasonality,ADA_USDT_USDT,4H,TimeBased,2025-08-08 04:00:00,2025-08-11 20:00:00,LONG,0.79563862,0.76737958,5244.395982,-152.71,-3.6598,SL,IS
3,S30a_DOW_Seasonality,ADA_USDT_USDT,4H,TimeBased,2025-08-15 04:00:00,2025-08-19 12:00:00,LONG,0.92957879,0.87316738,2590.710586,-148.7144,-6.1752,SL,IS
3,S30a_DOW_Seasonality,ADA_USDT_USDT,4H,TimeBased,2025-08-21 04:00:00,2025-08-22 16:00:00,SHORT,0.88453456,0.92931829,3235.133084,-148.1088,-5.1758,SL,IS
3,S30a_DOW_Seasonality,ADA_USDT_USDT,4H,TimeBased,2025-08-22 20:00:00,2025-08-25 04:00:00,LONG,0.93177945,0.88494211,3059.762544,-146.3684,-5.1339,SL,IS
3,S30a_DOW_Seasonality,ADA_USDT_USDT,4H,TimeBased,2025-08-28 04:00:00,2025-09-01 00:00:00,SHORT,0.85824245,0.80058541,4012.330626,227.6784,6.6117,TP,IS
3,S30a_DOW_Seasonality,ADA_USDT_USDT,4H,TimeBased,2025-09-04 04:00:00,2025-09-05 12:00:00,SHORT,0.82335292,0.84812518,5845.185043,-150.172,-3.1204,SL,IS
3,S30a_DOW_Seasonality,ADA_USDT_USDT,4H,TimeBased,2025-09-05 16:00:00,2025-09-08 12:00:00,LONG,0.82464732,0.86437444,5814.83416,225.6049,4.7048,TP,IS
3,S30a_DOW_Seasonality,ADA_USDT_USDT,4H,TimeBased,2025-09-12 04:00:00,2025-09-13 08:00:00,LONG,0.90107024,0.94024506,5976.212604,228.0648,4.2352,TP,IS
3,S30a_DOW_Seasonality,ADA_USDT_USDT,4H,TimeBased,2025-09-19 04:00:00,2025-09-19 12:00:00,LONG,0.91937573,0.89221976,5442.777876,-153.227,-3.0621,SL,IS
3,S30a_DOW_Seasonality,ADA_USDT_USDT,4H,TimeBased,2025-09-25 04:00:00,2025-09-25 16:00:00,SHORT,0.79985997,0.7579614,5643.677138,231.6265,5.1311,TP,IS
3,S30a_DOW_Seasonality,ADA_USDT_USDT,4H,TimeBased,2025-09-25 20:00:00,2025-09-28 20:00:00,SHORT,0.77096864,0.800527,5018.393801,-152.673,-3.946,SL,IS
3,S30a_DOW_Seasonality,ADA_USDT_USDT,4H,TimeBased,2025-10-03 04:00:00,2025-10-04 12:00:00,LONG,0.86155839,0.83778544,6190.237046,-152.9458,-2.8678,SL,IS
3,S30a_DOW_Seasonality,ADA_USDT_USDT,4H,TimeBased,2025-10-09 04:00:00,2025-10-10 16:00:00,SHORT,0.82055376,0.77458346,5124.369967,231.0731,5.4954,TP,IS
3,S30a_DOW_Seasonality,ADA_USDT_USDT,4H,TimeBased,2025-10-16 04:00:00,2025-10-17 08:00:00,SHORT,0.66959906,0.60589723,3787.296635,238.6008,9.4087,TP,IS
3,S30a_DOW_Seasonality,ADA_USDT_USDT,4H,TimeBased,2025-10-23 04:00:00,2025-10-23 16:00:00,SHORT,0.62671193,0.65257397,5796.356075,-153.984,-4.2389,SL,IS
3,S30a_DOW_Seasonality,ADA_USDT_USDT,4H,TimeBased,2025-10-24 00:00:00,2025-10-26 08:00:00,SHORT,0.64230725,0.66602485,6260.408093,-152.9867,-3.8046,SL,IS
3,S30a_DOW_Seasonality,ADA_USDT_USDT,4H,TimeBased,2025-10-30 04:00:00,2025-10-30 12:00:00,SHORT,0.64410671,0.60726929,6469.585786,233.8701,5.6123,TP,IS
3,S30a_DOW_Seasonality,ADA_USDT_USDT,4H,TimeBased,2025-10-30 16:00:00,2025-11-03 12:00:00,SHORT,0.60271913,0.56102576,5826.89355,239.2132,6.8113,TP,IS
3,S30a_DOW_Seasonality,ADA_USDT_USDT,4H,TimeBased,2025-11-06 04:00:00,2025-11-07 16:00:00,SHORT,0.54253719,0.57042474,5427.541029,-154.6832,-5.253,SL,IS
3,S30a_DOW_Seasonality,ADA_USDT_USDT,4H,TimeBased,2025-11-07 20:00:00,2025-11-09 00:00:00,LONG,0.57987391,0.55046781,5091.684563,-152.892,-5.1783,SL,IS
3,S30a_DOW_Seasonality,ADA_USDT_USDT,4H,TimeBased,2025-11-13 04:00:00,2025-11-13 20:00:00,SHORT,0.55813251,0.51845128,6096.668255,238.3133,7.0036,TP,IS
3,S30a_DOW_Seasonality,ADA_USDT_USDT,4H,TimeBased,2025-11-14 00:00:00,2025-11-16 12:00:00,SHORT,0.52924118,0.4862307,5726.644507,243.1073,8.0213,TP,IS
3,S30a_DOW_Seasonality,ADA_USDT_USDT,4H,TimeBased,2025-11-20 04:00:00,2025-11-20 16:00:00,SHORT,0.46646002,0.43044861,6945.814793,246.7022,7.6144,TP,IS
3,S30a_DOW_Seasonality,ADA_USDT_USDT,4H,TimeBased,2025-11-20 20:00:00,2025-11-21 04:00:00,SHORT,0.43546932,0.3986672,6915.17409,251.3205,8.3458,TP,IS
3,S30a_DOW_Seasonality,ADA_USDT_USDT,4H,TimeBased,2025-11-28 16:00:00,2025-11-28 16:00:00,LONG,0.43252972,0.41704315,10230.239062,-163.2116,-3.6885,SL,IS
3,S30a_DOW_Seasonality,ADA_USDT_USDT,4H,TimeBased,2025-12-05 04:00:00,2025-12-05 12:00:00,LONG,0.43953182,0.4231626,9574.972174,-161.2779,-3.8322,SL,IS
3,S30a_DOW_Seasonality,ADA_USDT_USDT,4H,TimeBased,2025-12-11 04:00:00,2025-12-14 20:00:00,SHORT,0.42927118,0.39460343,7301.821631,249.829,7.9704,TP,IS
3,S30a_DOW_Seasonality,ADA_USDT_USDT,4H,TimeBased,2025-12-18 04:00:00,2025-12-19 16:00:00,SHORT,0.36459059,0.37973913,10402.927009,-161.8479,-4.2672,SL,IS
3,S30a_DOW_Seasonality,ADA_USDT_USDT,4H,TimeBased,2025-12-19 20:00:00,2025-12-21 12:00:00,LONG,0.37791334,0.36131153,9384.728993,-159.6191,-4.5006,SL,IS
3,S30a_DOW_Seasonality,ADA_USDT_USDT,4H,TimeBased,2025-12-25 04:00:00,2025-12-25 20:00:00,SHORT,0.36019191,0.34180188,13594.546285,244.7553,4.9984,TP,IS
3,S30a_DOW_Seasonality,ADA_USDT_USDT,4H,TimeBased,2025-12-26 00:00:00,2025-12-26 00:00:00,SHORT,0.34319701,0.35613494,12129.675606,-161.5983,-3.8819,SL,IS
3,S30a_DOW_Seasonality,ADA_USDT_USDT,4H,TimeBased,2026-01-01 04:00:00,2026-01-01 12:00:00,SHORT,0.33250022,0.34308479,14694.345768,-160.9933,-3.2951,SL,OOS
3,S30a_DOW_Seasonality,ADA_USDT_USDT,4H,TimeBased,2026-01-01 16:00:00,2026-01-01 16:00:00,SHORT,0.34679593,0.35748601,14401.710719,-159.534,-3.1942,SL,OOS
3,S30a_DOW_Seasonality,ADA_USDT_USDT,4H,TimeBased,2026-01-02 04:00:00,2026-01-02 16:00:00,LONG,0.36220863,0.38043995,13488.475908,240.4033,4.9206,TP,OOS
3,S30a_DOW_Seasonality,ADA_USDT_USDT,4H,TimeBased,2026-01-02 20:00:00,2026-01-05 12:00:00,LONG,0.38841649,0.41173234,10752.263213,245.9663,5.8895,TP,OOS
3,S30a_DOW_Seasonality,ADA_USDT_USDT,4H,TimeBased,2026-01-08 04:00:00,2026-01-13 20:00:00,SHORT,0.39748072,0.41445555,9238.860227,-160.9539,-4.383,SL,OOS
3,S30a_DOW_Seasonality,ADA_USDT_USDT,4H,TimeBased,2026-01-15 04:00:00,2026-01-19 00:00:00,SHORT,0.39988,0.37424005,9848.949033,248.3332,6.3054,TP,OOS
3,S30a_DOW_Seasonality,ADA_USDT_USDT,4H,TimeBased,2026-01-22 04:00:00,2026-01-25 16:00:00,SHORT,0.36369086,0.34019346,10921.616262,252.4014,6.3544,TP,OOS
3,S30a_DOW_Seasonality,ADA_USDT_USDT,4H,TimeBased,2026-01-29 04:00:00,2026-01-29 12:00:00,SHORT,0.35079473,0.3334452,14953.489677,253.8086,4.8385,TP,OOS
3,S30a_DOW_Seasonality,ADA_USDT_USDT,4H,TimeBased,2026-01-29 16:00:00,2026-01-31 04:00:00,SHORT,0.3329001,0.31417981,14116.688197,259.2445,5.5165,TP,OOS
3,S30a_DOW_Seasonality,ADA_USDT_USDT,4H,TimeBased,2026-02-05 04:00:00,2026-02-05 16:00:00,SHORT,0.28251522,0.25578262,10123.032547,267.6179,9.3576,TP,OOS
3,S30a_DOW_Seasonality,ADA_USDT_USDT,4H,TimeBased,2026-02-05 20:00:00,2026-02-06 00:00:00,SHORT,0.25342395,0.22377579,9296.736738,273.1911,11.5955,TP,OOS
3,S30a_DOW_Seasonality,ADA_USDT_USDT,4H,TimeBased,2026-02-12 04:00:00,2026-02-12 08:00:00,SHORT,0.25902227,0.26961743,16131.952345,-175.611,-4.2027,SL,OOS
3,S30a_DOW_Seasonality,ADA_USDT_USDT,4H,TimeBased,2026-02-12 16:00:00,2026-02-13 12:00:00,SHORT,0.26222131,0.27274934,16068.953545,-173.9025,-4.1272,SL,OOS
3,S30a_DOW_Seasonality,ADA_USDT_USDT,4H,TimeBased,2026-02-13 16:00:00,2026-02-14 12:00:00,LONG,0.2690807,0.28568282,16379.787198,266.9414,6.0565,TP,OOS
3,S30a_DOW_Seasonality,ADA_USDT_USDT,4H,TimeBased,2026-02-19 04:00:00,2026-02-20 12:00:00,SHORT,0.2749175,0.28506205,16779.951275,-175.393,-3.8021,SL,OOS
3,S30a_DOW_Seasonality,ADA_USDT_USDT,4H,TimeBased,2026-02-20 16:00:00,2026-02-22 00:00:00,LONG,0.28878661,0.27843328,16264.872234,-173.4697,-3.6931,SL,OOS
3,S30a_DOW_Seasonality,ADA_USDT_USDT,4H,TimeBased,2026-02-27 04:00:00,2026-02-27 16:00:00,LONG,0.290087,0.27813986,13933.439761,-170.8193,-4.2262,SL,OOS
3,S30a_DOW_Seasonality,ADA_USDT_USDT,4H,TimeBased,2026-03-05 08:00:00,2026-03-07 12:00:00,SHORT,0.27211834,0.25196286,13333.591453,264.9016,7.301,TP,OOS
3,S30a_DOW_Seasonality,ADA_USDT_USDT,4H,TimeBased,2026-03-12 04:00:00,2026-03-13 00:00:00,SHORT,0.25872236,0.26828984,17523.169295,-172.7318,-3.81,SL,OOS
3,S30a_DOW_Seasonality,ADA_USDT_USDT,4H,TimeBased,2026-03-13 04:00:00,2026-03-14 04:00:00,LONG,0.27168148,0.26254232,18157.672898,-171.281,-3.4721,SL,OOS
3,S30a_DOW_Seasonality,ADA_USDT_USDT,4H,TimeBased,2026-03-19 04:00:00,2026-03-21 20:00:00,SHORT,0.27431768,0.25754398,15895.144929,261.9707,6.0081,TP,OOS
3,S30a_DOW_Seasonality,ADA_USDT_USDT,4H,TimeBased,2026-03-26 08:00:00,2026-03-27 08:00:00,SHORT,0.2619214,0.24858421,20240.566519,264.2692,4.9849,TP,OOS
3,S30a_DOW_Seasonality,ADA_USDT_USDT,4H,TimeBased,2026-04-02 04:00:00,2026-04-03 12:00:00,SHORT,0.23872836,0.24766294,18968.293288,-174.5481,-3.8546,SL,OOS
3,S30a_DOW_Seasonality,ADA_USDT_USDT,4H,TimeBased,2026-04-03 16:00:00,2026-04-06 00:00:00,LONG,0.2460738,0.25900825,20985.663744,265.6082,5.1434,TP,OOS
3,S30a_DOW_Seasonality,ADA_USDT_USDT,4H,TimeBased,2026-04-09 04:00:00,2026-04-09 20:00:00,SHORT,0.2489253,0.25721577,20573.319942,-176.2897,-3.4423,SL,OOS
3,S30a_DOW_Seasonality,ADA_USDT_USDT,4H,TimeBased,2026-04-10 04:00:00,2026-04-12 00:00:00,LONG,0.25157545,0.24359475,21145.814604,-174.5173,-3.2805,SL,OOS
3,S30a_DOW_Seasonality,ADA_USDT_USDT,4H,TimeBased,2026-04-17 04:00:00,2026-04-19 00:00:00,LONG,0.25497647,0.24665472,20062.179396,-172.4875,-3.3719,SL,OOS
3,S30a_DOW_Seasonality,ADA_USDT_USDT,4H,TimeBased,2026-04-23 04:00:00,2026-04-25 08:00:00,SHORT,0.24602617,0.25279612,24460.594954,-172.3079,-2.8632,SL,OOS
3,S30a_DOW_Seasonality,ADA_USDT_USDT,4H,TimeBased,2026-04-30 04:00:00,2026-05-02 20:00:00,SHORT,0.24652602,0.25246033,27655.015834,-171.7031,-2.5185,SL,OOS
3,S30a_DOW_Seasonality,ADA_USDT_USDT,4H,TimeBased,2026-05-08 04:00:00,2026-05-08 16:00:00,LONG,0.26177851,0.27327354,22667.713352,253.8955,4.2787,TP,OOS
3,S30a_DOW_Seasonality,ADA_USDT_USDT,4H,TimeBased,2026-05-08 20:00:00,2026-05-10 16:00:00,LONG,0.27168148,0.2831974,22964.798097,257.4524,4.1264,TP,OOS
3,S30a_DOW_Seasonality,ADA_USDT_USDT,4H,TimeBased,2026-05-14 04:00:00,2026-05-14 12:00:00,SHORT,0.26262119,0.27043467,21392.641621,-173.4229,-3.0868,SL,OOS
3,S30a_DOW_Seasonality,ADA_USDT_USDT,4H,TimeBased,2026-05-21 04:00:00,2026-05-22 16:00:00,SHORT,0.25182443,0.2427728,29251.975801,256.8208,3.4864,TP,OOS
3,S30a_DOW_Seasonality,ADA_USDT_USDT,4H,TimeBased,2026-05-28 04:00:00,2026-05-30 00:00:00,SHORT,0.2319304,0.23841538,25921.950819,-174.8092,-2.9076,SL,OOS
3,S30a_DOW_Seasonality,ADA_USDT_USDT,4H,TimeBased,2026-06-04 04:00:00,2026-06-04 20:00:00,SHORT,0.19974006,0.18400817,17192.641312,266.8441,7.7705,TP,OOS
3,S30a_DOW_Seasonality,ADA_USDT_USDT,4H,TimeBased,2026-06-05 00:00:00,2026-06-05 00:00:00,SHORT,0.17964609,0.16355016,17104.887833,272.0904,8.8547,TP,OOS
3,S30a_DOW_Seasonality,ADA_USDT_USDT,4H,TimeBased,2026-06-11 04:00:00,2026-06-13 12:00:00,SHORT,0.16645005,0.17528635,19341.563662,-174.5433,-5.4216,SL,OOS
3,S30a_DOW_Seasonality,ADA_USDT_USDT,4H,TimeBased,2026-06-18 04:00:00,2026-06-23 04:00:00,SHORT,0.16655002,0.1545525,23013.819858,272.0445,7.0975,TP,OOS
3,S30a_DOW_Seasonality,ADA_USDT_USDT,4H,TimeBased,2026-06-25 04:00:00,2026-07-01 12:00:00,SHORT,0.14735578,0.15347748,28122.998473,-176.8138,-4.2667,SL,OOS
3,S30a_DOW_Seasonality,ADA_USDT_USDT,4H,TimeBased,2026-07-03 04:00:00,2026-07-03 16:00:00,LONG,0.16675001,0.17697514,27068.8509,271.6652,6.0186,TP,OOS
3,S30a_DOW_Seasonality,ADA_USDT_USDT,4H,TimeBased,2026-07-03 20:00:00,2026-07-04 16:00:00,LONG,0.1810543,0.19301321,23545.999086,276.7402,6.4915,TP,OOS
3,S30a_DOW_Seasonality,ADA_USDT_USDT,4H,TimeBased,2026-07-09 04:00:00,2026-07-11 12:00:00,SHORT,0.16625011,0.17277336,26977.340966,-181.0102,-4.0359,SL,OOS
3,S30a_DOW_Seasonality,ADA_USDT_USDT,4H,TimeBased,2026-07-16 08:00:00,2026-07-18 00:00:00,SHORT,0.16285113,0.16811468,33141.686394,-180.4758,-3.3439,SL,OOS
3,S30a_DOW_Seasonality,ADA_USDT_USDT,4H,TimeBased,2026-07-23 16:00:00,2026-07-27 12:00:00,SHORT,0.17044885,0.16054828,28254.025604,274.5875,5.7017,TP,OOS
3,S30a_DOW_Seasonality,ADA_USDT_USDT,4H,TimeBased,2026-07-30 04:00:00,2026-07-30 12:00:00,SHORT,0.16225131,0.16740917,34010.353455,-181.5872,-3.2907,SL,OOS
3,S30a_DOW_Seasonality,ADA_USDT_USDT,4H,TimeBased,2026-07-31 04:00:00,2026-08-02 00:00:00,LONG,0.170051,0.17910086,31007.307776,274.6574,5.2089,TP,OOS
3,S30a_DOW_Seasonality,ADA_USDT_USDT,4H,TimeBased,2026-08-06 04:00:00,2026-08-06 12:00:00,SHORT,0.18664399,0.19383404,24487.646483,-181.1917,-3.9644,SL,OOS
3,S30a_DOW_Seasonality,ADA_USDT_USDT,4H,TimeBased,2026-08-07 04:00:00,2026-08-11 00:00:00,LONG,0.19925976,0.19012714,19043.653389,-177.9969,-4.6908,SL,OOS
3,S30a_DOW_Seasonality,ADA_USDT_USDT,4H,TimeBased,2026-08-13 04:00:00,2026-08-16 08:00:00,SHORT,0.18374486,0.17530849,33011.476271,271.9778,4.4839,TP,OOS
3,S30a_DOW_Seasonality,ADA_USDT_USDT,4H,TimeBased,2026-08-21 04:00:00,2026-08-21 20:00:00,LONG,0.2080624,0.22197959,20467.510777,280.0092,6.5753,TP,OOS
3,S30a_DOW_Seasonality,ADA_USDT_USDT,4H,TimeBased,2026-08-22 00:00:00,2026-08-22 00:00:00,LONG,0.22916873,0.24695424,16310.368472,285.817,7.6466,TP,OOS
3,S30a_DOW_Seasonality,ADA_USDT_USDT,4H,TimeBased,2026-08-27 04:00:00,2026-08-30 20:00:00,SHORT,0.20903727,0.19068497,16098.05688,291.8973,8.6743,TP,OOS
4,S30a_DOW_Seasonality,BSV_USDT_USDT,4H,TimeBased,2022-01-06 04:00:00,2022-01-07 00:00:00,SHORT,112.216325,106.59380958,29.01435,159.6419,4.9032,TP,IS
4,S30a_DOW_Seasonality,BSV_USDT_USDT,4H,TimeBased,2022-01-13 20:00:00,2022-01-14 04:00:00,SHORT,109.46715,113.85418412,23.340002,-105.2602,-4.1198,SL,IS
4,S30a_DOW_Seasonality,BSV_USDT_USDT,4H,TimeBased,2022-01-14 08:00:00,2022-01-18 08:00:00,LONG,112.683795,108.32903537,23.26191,-104.1277,-3.9725,SL,IS
4,S30a_DOW_Seasonality,BSV_USDT_USDT,4H,TimeBased,2022-01-20 04:00:00,2022-01-20 20:00:00,SHORT,109.317195,103.65011723,28.663634,159.0816,5.0769,TP,IS
4,S30a_DOW_Seasonality,BSV_USDT_USDT,4H,TimeBased,2022-01-21 00:00:00,2022-01-21 20:00:00,SHORT,104.118755,97.73354559,25.929988,162.6897,6.026,TP,IS
4,S30a_DOW_Seasonality,BSV_USDT_USDT,4H,TimeBased,2022-01-27 04:00:00,2022-02-04 20:00:00,SHORT,88.723375,94.60564568,17.547327,-104.9874,-6.7435,SL,IS
4,S30a_DOW_Seasonality,BSV_USDT_USDT,4H,TimeBased,2022-02-05 00:00:00,2022-02-07 00:00:00,LONG,95.678695,100.69271221,33.090953,162.3446,5.1276,TP,IS
4,S30a_DOW_Seasonality,BSV_USDT_USDT,4H,TimeBased,2022-02-10 20:00:00,2022-02-11 20:00:00,SHORT,99.320195,93.58502988,29.465147,165.8613,5.6676,TP,IS
4,S30a_DOW_Seasonality,BSV_USDT_USDT,4H,TimeBased,2022-02-17 04:00:00,2022-02-17 16:00:00,SHORT,93.921815,89.58864517,39.439212,166.9162,4.5061,TP,IS
4,S30a_DOW_Seasonality,BSV_USDT_USDT,4H,TimeBased,2022-02-17 20:00:00,2022-02-20 08:00:00,SHORT,88.47345,83.66187525,36.210679,170.8022,5.3314,TP,IS
4,S30a_DOW_Seasonality,BSV_USDT_USDT,4H,TimeBased,2022-02-24 04:00:00,2022-02-24 16:00:00,SHORT,76.87693,80.26561046,32.196803,-111.8874,-4.5204,SL,IS
4,S30a_DOW_Seasonality,BSV_USDT_USDT,4H,TimeBased,2022-02-24 20:00:00,2022-02-25 00:00:00,SHORT,81.425565,85.22002007,28.446189,-110.545,-4.7726,SL,IS
4,S30a_DOW_Seasonality,BSV_USDT_USDT,4H,TimeBased,2022-02-25 04:00:00,2022-03-01 00:00:00,LONG,83.675095,90.36683617,26.0607,171.8969,7.8829,TP,IS
4,S30a_DOW_Seasonality,BSV_USDT_USDT,4H,TimeBased,2022-03-03 04:00:00,2022-03-04 20:00:00,SHORT,85.324395,79.84405736,32.248552,173.8034,6.3165,TP,IS
4,S30a_DOW_Seasonality,BSV_USDT_USDT,4H,TimeBased,2022-03-10 08:00:00,2022-03-14 00:00:00,SHORT,79.626105,74.09106998,32.486146,177.0654,6.8451,TP,IS
4,S30a_DOW_Seasonality,BSV_USDT_USDT,4H,TimeBased,2022-03-18 04:00:00,2022-03-18 20:00:00,LONG,77.373205,80.35640749,60.457164,175.1112,3.7435,TP,IS
4,S30a_DOW_Seasonality,BSV_USDT_USDT,4H,TimeBased,2022-03-19 00:00:00,2022-03-20 00:00:00,LONG,80.674195,83.77008408,59.165163,177.8176,3.7254,TP,IS
4,S30a_DOW_Seasonality,BSV_USDT_USDT,4H,TimeBased,2022-03-25 04:00:00,2022-03-25 16:00:00,LONG,92.477735,89.40707986,37.736152,-119.6497,-3.4286,SL,IS
4,S30a_DOW_Seasonality,BSV_USDT_USDT,4H,TimeBased,2022-03-25 20:00:00,2022-03-28 00:00:00,LONG,90.277075,95.43275876,36.039591,182.1276,5.5978,TP,IS
4,S30a_DOW_Seasonality,BSV_USDT_USDT,4H,TimeBased,2022-03-31 16:00:00,2022-04-02 16:00:00,SHORT,94.821545,98.63301259,30.536882,-119.6395,-4.1318,SL,IS
4,S30a_DOW_Seasonality,BSV_USDT_USDT,4H,TimeBased,2022-04-07 04:00:00,2022-04-11 08:00:00,SHORT,89.17324,83.00204135,30.392636,184.6809,6.8143,TP,IS
4,S30a_DOW_Seasonality,BSV_USDT_USDT,4H,TimeBased,2022-04-14 16:00:00,2022-04-16 20:00:00,SHORT,84.07477,86.97207707,40.448765,-120.9977,-3.558,SL,IS
4,S30a_DOW_Seasonality,BSV_USDT_USDT,4H,TimeBased,2022-04-21 08:00:00,2022-04-21 20:00:00,SHORT,84.9745,81.52552588,54.08721,181.5923,3.9511,TP,IS
4,S30a_DOW_Seasonality,BSV_USDT_USDT,4H,TimeBased,2022-04-22 00:00:00,2022-04-25 04:00:00,SHORT,81.67549,77.65457372,47.346197,186.2261,4.8157,TP,IS
4,S30a_DOW_Seasonality,BSV_USDT_USDT,4H,TimeBased,2022-04-28 04:00:00,2022-04-30 20:00:00,SHORT,77.726675,74.13400104,53.758579,188.6469,4.5147,TP,IS
4,S30a_DOW_Seasonality,BSV_USDT_USDT,4H,TimeBased,2022-05-05 16:00:00,2022-05-09 08:00:00,SHORT,73.128055,67.67988975,36.334504,195.1425,7.3443,TP,IS
4,S30a_DOW_Seasonality,BSV_USDT_USDT,4H,TimeBased,2022-05-12 04:00:00,2022-05-13 04:00:00,SHORT,48.635405,54.29690023,21.689807,-124.0247,-11.7571,SL,IS
4,S30a_DOW_Seasonality,BSV_USDT_USDT,4H,TimeBased,2022-05-19 04:00:00,2022-05-21 00:00:00,SHORT,50.634805,45.71909414,40.645437,197.6472,9.6035,TP,IS
4,S30a_DOW_Seasonality,BSV_USDT_USDT,4H,TimeBased,2022-05-26 08:00:00,2022-05-27 00:00:00,SHORT,51.234625,47.33484068,51.909132,199.6203,7.5058,TP,IS
4,S30a_DOW_Seasonality,BSV_USDT_USDT,4H,TimeBased,2022-06-02 04:00:00,2022-06-02 20:00:00,SHORT,51.634505,53.85045782,56.903274,-129.3963,-4.404,SL,IS
4,S30a_DOW_Seasonality,BSV_USDT_USDT,4H,TimeBased,2022-06-03 04:00:00,2022-06-03 12:00:00,LONG,56.31689,53.82782383,50.095577,-127.726,-4.5273,SL,IS
4,S30a_DOW_Seasonality,BSV_USDT_USDT,4H,TimeBased,2022-06-03 16:00:00,2022-06-06 00:00:00,LONG,54.066215,58.04830093,50.545163,198.1584,7.2512,TP,IS
4,S30a_DOW_Seasonality,BSV_USDT_USDT,4H,TimeBased,2022-06-09 20:00:00,2022-06-10 08:00:00,SHORT,55.333395,57.68174997,53.446312,-128.833,-4.3563,SL,IS
4,S30a_DOW_Seasonality,BSV_USDT_USDT,4H,TimeBased,2022-06-10 12:00:00,2022-06-10 12:00:00,LONG,59.767925,57.02409314,45.218438,-126.9764,-4.6983,SL,IS
4,S30a_DOW_Seasonality,BSV_USDT_USDT,4H,TimeBased,2022-06-10 16:00:00,2022-06-11 00:00:00,LONG,58.21746,55.27167577,41.659268,-125.3195,-5.1672,SL,IS
4,S30a_DOW_Seasonality,BSV_USDT_USDT,4H,TimeBased,2022-06-16 12:00:00,2022-06-19 00:00:00,SHORT,51.48455,56.91923216,22.293041,-122.4848,-10.6718,SL,IS
4,S30a_DOW_Seasonality,BSV_USDT_USDT,4H,TimeBased,2022-06-24 04:00:00,2022-06-26 20:00:00,LONG,65.11953,61.94979511,37.938658,-122.907,-4.9749,SL,IS
4,S30a_DOW_Seasonality,BSV_USDT_USDT,4H,TimeBased,2022-06-30 04:00:00,2022-06-30 08:00:00,SHORT,56.38308,52.56829364,50.881979,191.0549,6.6596,TP,IS
4,S30a_DOW_Seasonality,BSV_USDT_USDT,4H,TimeBased,2022-06-30 12:00:00,2022-06-30 20:00:00,SHORT,52.68419,55.24850158,47.191462,-123.815,-4.98,SL,IS
4,S30a_DOW_Seasonality,BSV_USDT_USDT,4H,TimeBased,2022-07-01 00:00:00,2022-07-01 12:00:00,SHORT,55.533335,51.267283,45.845724,192.8872,7.5762,TP,IS
4,S30a_DOW_Seasonality,BSV_USDT_USDT,4H,TimeBased,2022-07-08 04:00:00,2022-07-10 04:00:00,LONG,57.267175,55.15205587,57.621368,-125.4388,-3.8014,SL,IS
4,S30a_DOW_Seasonality,BSV_USDT_USDT,4H,TimeBased,2022-07-14 04:00:00,2022-07-16 16:00:00,SHORT,51.434565,53.6883413,53.478733,-123.6211,-4.4942,SL,IS
4,S30a_DOW_Seasonality,BSV_USDT_USDT,4H,TimeBased,2022-07-21 04:00:00,2022-07-22 00:00:00,SHORT,55.433365,58.03594499,45.811915,-122.0882,-4.8076,SL,IS
4,S30a_DOW_Seasonality,BSV_USDT_USDT,4H,TimeBased,2022-07-22 04:00:00,2022-07-25 12:00:00,LONG,57.71731,55.28485064,48.517082,-121.0312,-4.3221,SL,IS
4,S30a_DOW_Seasonality,BSV_USDT_USDT,4H,TimeBased,2022-07-29 04:00:00,2022-07-29 08:00:00,LONG,62.768825,67.60635998,39.391488,187.7331,7.5927,TP,IS
4,S30a_DOW_Seasonality,BSV_USDT_USDT,4H,TimeBased,2022-07-29 12:00:00,2022-07-31 20:00:00,LONG,64.41932,61.13858096,36.132362,-121.036,-5.2,SL,IS
4,S30a_DOW_Seasonality,BSV_USDT_USDT,4H,TimeBased,2022-08-04 04:00:00,2022-08-08 08:00:00,SHORT,61.031685,63.86724826,41.42423,-120.3066,-4.7586,SL,IS
4,S30a_DOW_Seasonality,BSV_USDT_USDT,4H,TimeBased,2022-08-12 04:00:00,2022-08-15 08:00:00,LONG,62.868855,61.03152145,63.476262,-120.9527,-3.0309,SL,IS
4,S30a_DOW_Seasonality,BSV_USDT_USDT,4H,TimeBased,2022-08-18 04:00:00,2022-08-18 20:00:00,SHORT,59.632105,56.24436798,55.158464,183.347,5.5742,TP,IS
4,S30a_DOW_Seasonality,BSV_USDT_USDT,4H,TimeBased,2022-08-19 00:00:00,2022-08-19 04:00:00,SHORT,56.9829,53.33074606,52.098506,187.1108,6.3027,TP,IS
4,S30a_DOW_Seasonality,BSV_USDT_USDT,4H,TimeBased,2022-08-25 04:00:00,2022-08-27 00:00:00,SHORT,55.18344,51.35881138,50.61523,190.6185,6.8246,TP,IS
4,S30a_DOW_Seasonality,BSV_USDT_USDT,4H,TimeBased,2022-09-01 04:00:00,2022-09-02 00:00:00,SHORT,51.134655,52.98979735,65.170981,-124.6337,-3.74,SL,IS
4,S30a_DOW_Seasonality,BSV_USDT_USDT,4H,TimeBased,2022-09-02 04:00:00,2022-09-06 16:00:00,LONG,52.71581,50.97886096,68.898642,-123.6029,-3.4031,SL,IS
4,S30a_DOW_Seasonality,BSV_USDT_USDT,4H,TimeBased,2022-09-08 04:00:00,2022-09-08 08:00:00,SHORT,51.634505,53.27744668,72.148755,-122.6993,-3.2936,SL,IS
4,S30a_DOW_Seasonality,BSV_USDT_USDT,4H,TimeBased,2022-09-09 04:00:00,2022-09-13 12:00:00,LONG,54.31629,52.50216385,64.589784,-120.9687,-3.4481,SL,IS
4,S30a_DOW_Seasonality,BSV_USDT_USDT,4H,TimeBased,2022-09-15 04:00:00,2022-09-15 04:00:00,SHORT,51.634505,53.53256072,61.076857,-119.4601,-3.788,SL,IS
4,S30a_DOW_Seasonality,BSV_USDT_USDT,4H,TimeBased,2022-09-15 08:00:00,2022-09-18 20:00:00,SHORT,52.88413,49.49941978,55.082415,183.3363,6.2938,TP,IS
4,S30a_DOW_Seasonality,BSV_USDT_USDT,4H,TimeBased,2022-09-22 04:00:00,2022-09-22 08:00:00,SHORT,47.9856,49.69469059,68.224746,-120.2676,-3.6736,SL,IS
4,S30a_DOW_Seasonality,BSV_USDT_USDT,4H,TimeBased,2022-09-22 16:00:00,2022-09-26 08:00:00,SHORT,49.08527,50.78943645,67.724829,-119.1346,-3.5838,SL,IS
4,S30a_DOW_Seasonality,BSV_USDT_USDT,4H,TimeBased,2022-09-29 08:00:00,2022-10-11 00:00:00,SHORT,49.435165,46.6873779,67.343405,181.4851,5.4514,TP,IS
4,S30a_DOW_Seasonality,BSV_USDT_USDT,4H,TimeBased,2022-10-14 04:00:00,2022-10-14 20:00:00,LONG,50.565165,48.95587149,72.122235,-120.0136,-3.2909,SL,IS
4,S30a_DOW_Seasonality,BSV_USDT_USDT,4H,TimeBased,2022-10-15 00:00:00,2022-10-15 20:00:00,LONG,49.264775,47.70380201,73.581995,-118.7838,-3.2768,SL,IS
4,S30a_DOW_Seasonality,BSV_USDT_USDT,4H,TimeBased,2022-10-20 04:00:00,2022-10-20 08:00:00,SHORT,46.78596,47.95208907,97.780359,-119.1195,-2.6038,SL,IS
4,S30a_DOW_Seasonality,BSV_USDT_USDT,4H,TimeBased,2022-10-20 12:00:00,2022-10-21 08:00:00,SHORT,47.635705,45.71496368,94.147076,175.9984,3.9244,TP,IS
4,S30a_DOW_Seasonality,BSV_USDT_USDT,4H,TimeBased,2022-10-27 16:00:00,2022-10-29 16:00:00,SHORT,47.68569,48.83887167,99.414738,-119.921,-2.5296,SL,IS
4,S30a_DOW_Seasonality,BSV_USDT_USDT,4H,TimeBased,2022-11-03 04:00:00,2022-11-04 12:00:00,SHORT,47.08587,48.39837193,86.278143,-117.7712,-2.899,SL,IS
4,S30a_DOW_Seasonality,BSV_USDT_USDT,4H,TimeBased,2022-11-04 16:00:00,2022-11-08 00:00:00,LONG,47.71431,46.25926231,76.889266,-115.8516,-3.1578,SL,IS
4,S30a_DOW_Seasonality,BSV_USDT_USDT,4H,TimeBased,2022-11-10 04:00:00,2022-11-10 12:00:00,SHORT,36.639005,39.66029132,36.436485,-111.6141,-8.3606,SL,IS
4,S30a_DOW_Seasonality,BSV_USDT_USDT,4H,TimeBased,2022-11-10 16:00:00,2022-11-28 12:00:00,SHORT,39.338195,42.41273924,35.447992,-110.5803,-7.93,SL,IS
4,S30a_DOW_Seasonality,BSV_USDT_USDT,4H,TimeBased,2022-12-02 04:00:00,2022-12-07 04:00:00,LONG,41.862555,40.77906912,100.284592,-113.2152,-2.6968,SL,IS
4,S30a_DOW_Seasonality,BSV_USDT_USDT,4H,TimeBased,2022-12-08 04:00:00,2022-12-08 12:00:00,SHORT,40.78776,41.6810256,120.687766,-113.2804,-2.3012,SL,IS
4,S30a_DOW_Seasonality,BSV_USDT_USDT,4H,TimeBased,2022-12-09 04:00:00,2022-12-10 08:00:00,LONG,43.162945,45.11659439,87.562504,166.8149,4.4137,TP,IS
4,S30a_DOW_Seasonality,BSV_USDT_USDT,4H,TimeBased,2022-12-16 04:00:00,2022-12-16 08:00:00,LONG,46.71401,49.28556363,67.863932,170.9325,5.3919,TP,IS
4,S30a_DOW_Seasonality,BSV_USDT_USDT,4H,TimeBased,2022-12-16 12:00:00,2022-12-16 20:00:00,LONG,48.21446,46.36860632,59.249921,-112.4489,-3.9363,SL,IS
4,S30a_DOW_Seasonality,BSV_USDT_USDT,4H,TimeBased,2022-12-22 04:00:00,2022-12-25 12:00:00,SHORT,44.636605,42.60982439,86.267686,170.7061,4.4331,TP,IS
4,S30a_DOW_Seasonality,BSV_USDT_USDT,4H,TimeBased,2022-12-29 04:00:00,2022-12-29 04:00:00,SHORT,41.537535,42.62186545,101.838495,-115.1404,-2.7219,SL,IS
4,S30a_DOW_Seasonality,BSV_USDT_USDT,4H,TimeBased,2022-12-29 08:00:00,2023-01-05 00:00:00,SHORT,42.48725,43.65188274,93.764264,-113.6432,-2.8526,SL,IS
4,S30a_DOW_Seasonality,BSV_USDT_USDT,4H,TimeBased,2023-01-06 04:00:00,2023-01-06 08:00:00,LONG,42.962885,42.00542352,113.072218,-113.5464,-2.3374,SL,IS
4,S30a_DOW_Seasonality,BSV_USDT_USDT,4H,TimeBased,2023-01-06 16:00:00,2023-01-09 00:00:00,LONG,42.71281,44.24901811,111.242721,165.5713,3.4846,TP,IS
4,S30a_DOW_Seasonality,BSV_USDT_USDT,4H,TimeBased,2023-01-12 04:00:00,2023-01-12 16:00:00,SHORT,40.28791,42.57835981,47.134459,-110.1073,-5.7983,SL,IS
4,S30a_DOW_Seasonality,BSV_USDT_USDT,4H,TimeBased,2023-01-12 20:00:00,2023-01-14 00:00:00,SHORT,41.88743,44.33453152,43.658445,-108.907,-5.9553,SL,IS
4,S30a_DOW_Seasonality,BSV_USDT_USDT,4H,TimeBased,2023-01-19 04:00:00,2023-01-20 20:00:00,SHORT,42.88713,45.06220382,48.653341,-108.1781,-5.1844,SL,IS
4,S30a_DOW_Seasonality,BSV_USDT_USDT,4H,TimeBased,2023-01-21 00:00:00,2023-01-21 20:00:00,LONG,44.863455,43.20338664,63.192932,-107.9654,-3.8082,SL,IS
4,S30a_DOW_Seasonality,BSV_USDT_USDT,4H,TimeBased,2023-01-26 04:00:00,2023-01-26 04:00:00,SHORT,40.437865,43.08843863,39.052037,-105.3043,-6.6683,SL,IS
4,S30a_DOW_Seasonality,BSV_USDT_USDT,4H,TimeBased,2023-01-26 20:00:00,2023-02-05 12:00:00,SHORT,42.937115,46.31988895,30.263035,-103.8587,-7.9928,SL,IS
4,S30a_DOW_Seasonality,BSV_USDT_USDT,4H,TimeBased,2023-02-09 04:00:00,2023-02-09 12:00:00,SHORT,41.78746,43.05017027,80.744188,-105.7241,-3.1334,SL,IS
4,S30a_DOW_Seasonality,BSV_USDT_USDT,4H,TimeBased,2023-02-09 16:00:00,2023-02-09 20:00:00,SHORT,42.78716,40.74391398,79.64182,159.0689,4.668,TP,IS
4,S30a_DOW_Seasonality,BSV_USDT_USDT,4H,TimeBased,2023-02-10 00:00:00,2023-02-15 20:00:00,SHORT,40.937715,42.37215263,71.354951,-105.6237,-3.6159,SL,IS
4,S30a_DOW_Seasonality,BSV_USDT_USDT,4H,TimeBased,2023-02-17 00:00:00,2023-02-17 16:00:00,SHORT,41.38758,42.56839668,85.947711,-105.4572,-2.9646,SL,IS
4,S30a_DOW_Seasonality,BSV_USDT_USDT,4H,TimeBased,2023-02-17 20:00:00,2023-02-20 00:00:00,LONG,42.61278,41.36812491,80.614634,-104.061,-3.0292,SL,IS
4,S30a_DOW_Seasonality,BSV_USDT_USDT,4H,TimeBased,2023-02-23 12:00:00,2023-03-03 00:00:00,SHORT,42.837145,40.2343371,61.841139,158.1351,5.9694,TP,IS
4,S30a_DOW_Seasonality,BSV_USDT_USDT,4H,TimeBased,2023-03-09 04:00:00,2023-03-09 20:00:00,SHORT,36.039185,34.06734164,82.779989,160.0373,5.3644,TP,IS
4,S30a_DOW_Seasonality,BSV_USDT_USDT,4H,TimeBased,2023-03-10 00:00:00,2023-03-10 08:00:00,SHORT,33.78986,31.41971247,70.277098,164.0466,6.9082,TP,IS
4,S30a_DOW_Seasonality,BSV_USDT_USDT,4H,TimeBased,2023-03-16 04:00:00,2023-03-17 08:00:00,SHORT,34.639605,36.15629748,68.478474,-106.5272,-4.4909,SL,IS
4,S30a_DOW_Seasonality,BSV_USDT_USDT,4H,TimeBased,2023-03-17 12:00:00,2023-03-22 08:00:00,LONG,36.41092,38.5783633,77.027835,163.7765,5.8395,TP,IS
4,S30a_DOW_Seasonality,BSV_USDT_USDT,4H,TimeBased,2023-03-23 04:00:00,2023-03-23 12:00:00,SHORT,35.68929,37.26641693,66.215844,-107.0877,-4.5315,SL,IS
4,S30a_DOW_Seasonality,BSV_USDT_USDT,4H,TimeBased,2023-03-24 04:00:00,2023-03-24 08:00:00,LONG,37.061115,35.51783459,66.957056,-106.0063,-4.2719,SL,IS
4,S30a_DOW_Seasonality,BSV_USDT_USDT,4H,TimeBased,2023-03-30 04:00:00,2023-04-05 16:00:00,SHORT,35.88923,36.94932631,96.81444,-106.5111,-3.0654,SL,IS
4,S30a_DOW_Seasonality,BSV_USDT_USDT,4H,TimeBased,2023-04-07 04:00:00,2023-04-07 08:00:00,LONG,36.360905,35.45349421,112.062736,-106.1132,-2.6042,SL,IS
4,S30a_DOW_Seasonality,BSV_USDT_USDT,4H,TimeBased,2023-04-13 04:00:00,2023-04-13 08:00:00,SHORT,35.78926,36.4226352,159.744994,-107.523,-1.8807,SL,IS
4,S30a_DOW_Seasonality,BSV_USDT_USDT,4H,TimeBased,2023-04-14 04:00:00,2023-04-14 12:00:00,LONG,36.91107,36.26236056,154.208333,-106.2426,-1.8665,SL,IS
4,S30a_DOW_Seasonality,BSV_USDT_USDT,4H,TimeBased,2023-04-14 20:00:00,2023-04-16 16:00:00,LONG,36.560965,37.77330838,129.425635,151.6169,3.2041,TP,IS
4,S30a_DOW_Seasonality,BSV_USDT_USDT,4H,TimeBased,2023-04-20 04:00:00,2023-04-21 08:00:00,SHORT,34.239725,35.40592827,85.508276,-102.9954,-3.5179,SL,IS
4,S30a_DOW_Seasonality,BSV_USDT_USDT,4H,TimeBased,2023-04-21 16:00:00,2023-04-21 16:00:00,LONG,35.560665,34.43492214,87.664771,-102.0629,-3.274,SL,IS
4,S30a_DOW_Seasonality,BSV_USDT_USDT,4H,TimeBased,2023-04-27 04:00:00,2023-05-08 00:00:00,SHORT,33.639905,31.64818533,79.516114,155.5185,5.814,TP,IS
4,S30a_DOW_Seasonality,BSV_USDT_USDT,4H,TimeBased,2023-05-11 12:00:00,2023-06-05 12:00:00,SHORT,35.039485,29.69311785,30.438711,161.6528,15.1565,TP,IS
4,S30a_DOW_Seasonality,BSV_USDT_USDT,4H,TimeBased,2023-06-08 04:00:00,2023-06-10 04:00:00,SHORT,30.09097,28.4933239,102.16415,159.9303,5.2023,TP,IS
4,S30a_DOW_Seasonality,BSV_USDT_USDT,4H,TimeBased,2023-06-15 04:00:00,2023-06-15 20:00:00,SHORT,24.242725,25.31637123,95.241447,-104.8517,-4.5412,SL,IS
4,S30a_DOW_Seasonality,BSV_USDT_USDT,4H,TimeBased,2023-06-16 00:00:00,2023-06-21 00:00:00,SHORT,25.19244,26.20784415,99.731579,-104.0873,-4.1428,SL,IS
4,S30a_DOW_Seasonality,BSV_USDT_USDT,4H,TimeBased,2023-06-23 04:00:00,2023-06-23 16:00:00,LONG,30.40912,32.94674642,64.443714,161.2885,8.2304,TP,IS
4,S30a_DOW_Seasonality,BSV_USDT_USDT,4H,TimeBased,2023-06-23 20:00:00,2023-06-24 00:00:00,LONG,34.21026,37.88451984,45.361474,164.8712,10.6243,TP,IS
4,S30a_DOW_Seasonality,BSV_USDT_USDT,4H,TimeBased,2023-06-30 04:00:00,2023-06-30 12:00:00,LONG,42.462735,39.36044629,33.232635,-104.5928,-7.4119,SL,IS
4,S30a_DOW_Seasonality,BSV_USDT_USDT,4H,TimeBased,2023-06-30 16:00:00,2023-07-01 00:00:00,LONG,40.81224,46.75992569,28.265125,166.7507,14.4553,TP,IS
4,S30a_DOW_Seasonality,BSV_USDT_USDT,4H,TimeBased,2023-07-06 04:00:00,2023-07-06 08:00:00,SHORT,42.437265,45.52074906,33.658609,-105.4141,-7.38,SL,IS
4,S30a_DOW_Seasonality,BSV_USDT_USDT,4H,TimeBased,2023-07-06 16:00:00,2023-07-14 16:00:00,SHORT,43.28701,37.80662105,30.843688,167.6597,12.5575,TP,IS
4,S30a_DOW_Seasonality,BSV_USDT_USDT,4H,TimeBased,2023-07-21 04:00:00,2023-07-22 08:00:00,LONG,38.91167,37.25185064,63.051182,-107.2948,-4.3733,SL,IS
4,S30a_DOW_Seasonality,BSV_USDT_USDT,4H,TimeBased,2023-07-27 04:00:00,2023-07-29 04:00:00,SHORT,35.18944,36.31387675,92.385761,-107.5152,-3.3071,SL,IS
4,S30a_DOW_Seasonality,BSV_USDT_USDT,4H,TimeBased,2023-08-03 04:00:00,2023-08-15 16:00:00,SHORT,36.239125,33.88302199,70.834636,164.1618,6.3951,TP,IS
4,S30a_DOW_Seasonality,BSV_USDT_USDT,4H,TimeBased,2023-08-17 04:00:00,2023-08-17 20:00:00,SHORT,31.240625,29.31381753,87.934222,166.5037,6.061,TP,IS
4,S30a_DOW_Seasonality,BSV_USDT_USDT,4H,TimeBased,2023-08-18 00:00:00,2023-08-19 00:00:00,SHORT,28.29151,29.99315188,62.096413,-107.6565,-6.128,SL,IS
4,S30a_DOW_Seasonality,BSV_USDT_USDT,4H,TimeBased,2023-08-24 16:00:00,2023-08-27 12:00:00,SHORT,30.29091,31.24987221,109.553295,-108.7656,-3.2776,SL,IS
4,S30a_DOW_Seasonality,BSV_USDT_USDT,4H,TimeBased,2023-08-31 20:00:00,2023-09-10 12:00:00,SHORT,31.340595,29.31848652,83.450062,165.961,6.3456,TP,IS
4,S30a_DOW_Seasonality,BSV_USDT_USDT,4H,TimeBased,2023-09-15 04:00:00,2023-09-15 12:00:00,LONG,32.10963,31.16158023,111.43373,-109.5225,-3.0609,SL,IS
4,S30a_DOW_Seasonality,BSV_USDT_USDT,4H,TimeBased,2023-09-15 16:00:00,2023-09-17 20:00:00,LONG,31.40942,30.4822562,112.7512,-108.3769,-3.0602,SL,IS
4,S30a_DOW_Seasonality,BSV_USDT_USDT,4H,TimeBased,2023-09-21 04:00:00,2023-09-24 00:00:00,SHORT,31.19064,32.02869638,123.632807,-107.9101,-2.7984,SL,IS
4,S30a_DOW_Seasonality,BSV_USDT_USDT,4H,TimeBased,2023-09-29 04:00:00,2023-10-02 00:00:00,LONG,31.649492,32.95467038,126.01476,159.9941,4.0116,TP,IS
4,S30a_DOW_Seasonality,BSV_USDT_USDT,4H,TimeBased,2023-10-05 20:00:00,2023-10-09 08:00:00,SHORT,36.279113,32.78702585,48.591481,167.8399,9.5209,TP,IS
4,S30a_DOW_Seasonality,BSV_USDT_USDT,4H,TimeBased,2023-10-12 04:00:00,2023-10-16 04:00:00,SHORT,33.699887,35.10083403,75.245554,-108.2624,-4.2694,SL,IS
4,S30a_DOW_Seasonality,BSV_USDT_USDT,4H,TimeBased,2023-10-20 04:00:00,2023-10-21 04:00:00,LONG,52.545759,58.91820033,26.828862,169.3206,12.0107,TP,IS
4,S30a_DOW_Seasonality,BSV_USDT_USDT,4H,TimeBased,2023-10-26 04:00:00,2023-10-27 16:00:00,SHORT,50.554829,44.64082344,29.389005,172.268,11.5946,TP,IS
4,S30a_DOW_Seasonality,BSV_USDT_USDT,4H,TimeBased,2023-11-04 00:00:00,2023-11-09 00:00:00,LONG,49.024703,52.52631725,50.1212,172.7057,7.0286,TP,IS
4,S30a_DOW_Seasonality,BSV_USDT_USDT,4H,TimeBased,2023-11-09 20:00:00,2023-11-13 16:00:00,SHORT,48.425468,52.05237611,30.095347,-110.8162,-7.6038,SL,IS
4,S30a_DOW_Seasonality,BSV_USDT_USDT,4H,TimeBased,2023-11-16 16:00:00,2023-11-21 16:00:00,SHORT,48.635405,44.9569501,48.056452,174.2997,7.4575,TP,IS
4,S30a_DOW_Seasonality,BSV_USDT_USDT,4H,TimeBased,2023-11-23 04:00:00,2023-11-24 12:00:00,SHORT,46.975903,48.69565649,64.110563,-113.6278,-3.7729,SL,IS
4,S30a_DOW_Seasonality,BSV_USDT_USDT,4H,TimeBased,2023-11-24 16:00:00,2023-11-26 12:00:00,LONG,48.21446,46.74577895,74.36948,-113.1092,-3.1545,SL,IS
4,S30a_DOW_Seasonality,BSV_USDT_USDT,4H,TimeBased,2023-11-30 04:00:00,2023-12-02 00:00:00,SHORT,46.496047,47.79098239,83.594021,-112.5839,-2.8966,SL,IS
4,S30a_DOW_Seasonality,BSV_USDT_USDT,4H,TimeBased,2023-12-08 04:00:00,2023-12-11 00:00:00,LONG,52.405717,50.17747683,47.860883,-109.3459,-4.3596,SL,IS
4,S30a_DOW_Seasonality,BSV_USDT_USDT,4H,TimeBased,2023-12-14 04:00:00,2023-12-18 08:00:00,SHORT,49.405174,46.11404129,52.240716,169.1866,6.5552,TP,IS
4,S30a_DOW_Seasonality,BSV_USDT_USDT,4H,TimeBased,2023-12-22 04:00:00,2023-12-25 20:00:00,LONG,49.454832,52.08417413,66.134176,170.196,5.2037,TP,IS
4,S30a_DOW_Seasonality,BSV_USDT_USDT,4H,TimeBased,2023-12-29 04:00:00,2023-12-29 12:00:00,LONG,84.235263,99.26987964,11.920306,178.0141,17.7285,TP,IS
4,S30a_DOW_Seasonality,BSV_USDT_USDT,4H,TimeBased,2023-12-29 16:00:00,2023-12-29 20:00:00,LONG,103.160939,92.18094806,10.044017,-111.3623,-10.7477,SL,IS
4,S30a_DOW_Seasonality,BSV_USDT_USDT,4H,TimeBased,2023-12-30 00:00:00,2024-01-03 12:00:00,LONG,95.758719,84.63187424,9.808788,-110.114,-11.7233,SL,IS
4,S30a_DOW_Seasonality,BSV_USDT_USDT,4H,TimeBased,2024-01-04 04:00:00,2024-01-09 00:00:00,SHORT,85.57432,96.29075358,10.085619,-109.0907,-12.6398,SL,IS
4,S30a_DOW_Seasonality,BSV_USDT_USDT,4H,TimeBased,2024-01-12 04:00:00,2024-01-12 16:00:00,LONG,98.089418,89.39922946,12.316202,-108.3002,-8.9646,SL,IS
4,S30a_DOW_Seasonality,BSV_USDT_USDT,4H,TimeBased,2024-01-18 04:00:00,2024-01-19 00:00:00,SHORT,79.216228,72.44728715,25.68227,171.6995,8.4396,TP,IS
4,S30a_DOW_Seasonality,BSV_USDT_USDT,4H,TimeBased,2024-01-25 04:00:00,2024-01-27 00:00:00,SHORT,69.449159,72.94900509,30.861037,-110.4259,-5.1522,SL,IS
4,S30a_DOW_Seasonality,BSV_USDT_USDT,4H,TimeBased,2024-02-01 04:00:00,2024-02-02 04:00:00,SHORT,68.099564,70.6522683,41.962792,-110.3209,-3.8606,SL,IS
4,S30a_DOW_Seasonality,BSV_USDT_USDT,4H,TimeBased,2024-02-02 16:00:00,2024-02-03 00:00:00,LONG,70.951279,74.55112089,47.625002,167.6312,4.9609,TP,IS
4,S30a_DOW_Seasonality,BSV_USDT_USDT,4H,TimeBased,2024-02-09 04:00:00,2024-02-11 00:00:00,LONG,77.533253,81.5975625,42.884277,170.5417,5.1291,TP,IS
4,S30a_DOW_Seasonality,BSV_USDT_USDT,4H,TimeBased,2024-02-15 16:00:00,2024-02-17 12:00:00,SHORT,80.055976,75.11862598,35.996945,174.6573,6.0608,TP,IS
4,S30a_DOW_Seasonality,BSV_USDT_USDT,4H,TimeBased,2024-02-22 04:00:00,2024-02-26 16:00:00,SHORT,75.747269,78.51698655,40.148479,-114.6064,-3.7685,SL,IS
4,S30a_DOW_Seasonality,BSV_USDT_USDT,4H,TimeBased,2024-03-01 04:00:00,2024-03-02 00:00:00,LONG,83.12493,91.29892995,21.994452,177.6727,9.718,TP,IS
4,S30a_DOW_Seasonality,BSV_USDT_USDT,4H,TimeBased,2024-03-07 04:00:00,2024-03-08 00:00:00,SHORT,100.749766,111.22087323,10.623476,-112.4781,-10.5089,SL,IS
4,S30a_DOW_Seasonality,BSV_USDT_USDT,4H,TimeBased,2024-03-08 04:00:00,2024-03-14 16:00:00,LONG,108.222457,99.01360387,11.957592,-111.4786,-8.6145,SL,IS
4,S30a_DOW_Seasonality,BSV_USDT_USDT,4H,TimeBased,2024-03-14 20:00:00,2024-03-15 08:00:00,SHORT,98.640399,86.98429678,15.396149,177.8872,11.7133,TP,IS
4,S30a_DOW_Seasonality,BSV_USDT_USDT,4H,TimeBased,2024-03-21 04:00:00,2024-03-23 12:00:00,SHORT,79.486147,85.58514243,18.181878,-112.5419,-7.7872,SL,IS
4,S30a_DOW_Seasonality,BSV_USDT_USDT,4H,TimeBased,2024-03-29 04:00:00,2024-03-31 20:00:00,LONG,94.308284,103.24937216,20.134314,177.8349,9.3655,TP,IS
4,S30a_DOW_Seasonality,BSV_USDT_USDT,4H,TimeBased,2024-04-05 04:00:00,2024-04-05 08:00:00,LONG,99.839943,93.97612885,19.034407,-113.6433,-5.98,SL,IS
4,S30a_DOW_Seasonality,BSV_USDT_USDT,4H,TimeBased,2024-04-05 16:00:00,2024-04-07 00:00:00,LONG,94.368302,104.60757981,17.710467,179.4042,10.7344,TP,IS
4,S30a_DOW_Seasonality,BSV_USDT_USDT,4H,TimeBased,2024-04-11 04:00:00,2024-04-12 16:00:00,SHORT,94.111758,87.24369827,26.719862,180.8484,7.1918,TP,IS
4,S30a_DOW_Seasonality,BSV_USDT_USDT,4H,TimeBased,2024-04-18 04:00:00,2024-04-20 16:00:00,SHORT,65.730275,70.7286172,22.813052,-115.7396,-7.7185,SL,IS
4,S30a_DOW_Seasonality,BSV_USDT_USDT,4H,TimeBased,2024-04-25 04:00:00,2024-04-30 08:00:00,SHORT,67.439762,62.96695305,41.206371,181.3528,6.526,TP,IS
4,S30a_DOW_Seasonality,BSV_USDT_USDT,4H,TimeBased,2024-05-02 04:00:00,2024-05-03 12:00:00,SHORT,57.252819,60.47550912,35.636689,-117.1535,-5.742,SL,IS
4,S30a_DOW_Seasonality,BSV_USDT_USDT,4H,TimeBased,2024-05-03 16:00:00,2024-05-13 04:00:00,LONG,62.238666,59.19718685,37.380551,-116.1888,-4.9941,SL,IS
4,S30a_DOW_Seasonality,BSV_USDT_USDT,4H,TimeBased,2024-05-17 04:00:00,2024-05-17 16:00:00,LONG,62.368705,65.38871149,60.347362,178.009,4.7295,TP,IS
4,S30a_DOW_Seasonality,BSV_USDT_USDT,4H,TimeBased,2024-05-17 20:00:00,2024-05-20 20:00:00,LONG,65.21956,68.40204721,58.187531,180.9048,4.767,TP,IS
4,S30a_DOW_Seasonality,BSV_USDT_USDT,4H,TimeBased,2024-05-23 04:00:00,2024-05-23 20:00:00,SHORT,66.470053,62.45984641,47.138521,185.6925,5.9264,TP,IS
4,S30a_DOW_Seasonality,BSV_USDT_USDT,4H,TimeBased,2024-05-24 00:00:00,2024-06-07 16:00:00,SHORT,64.040782,59.35952585,41.159551,189.8849,7.2038,TP,IS
4,S30a_DOW_Seasonality,BSV_USDT_USDT,4H,TimeBased,2024-06-13 04:00:00,2024-06-14 16:00:00,SHORT,51.494547,47.56166764,49.81638,193.2078,7.5317,TP,IS
4,S30a_DOW_Seasonality,BSV_USDT_USDT,4H,TimeBased,2024-06-20 04:00:00,2024-06-22 16:00:00,SHORT,43.976803,46.00849803,60.034404,-124.9428,-4.7325,SL,IS
4,S30a_DOW_Seasonality,BSV_USDT_USDT,4H,TimeBased,2024-06-27 04:00:00,2024-06-28 08:00:00,SHORT,44.476653,46.07304362,75.758783,-124.7136,-3.7013,SL,IS
4,S30a_DOW_Seasonality,BSV_USDT_USDT,4H,TimeBased,2024-06-28 12:00:00,2024-06-28 16:00:00,LONG,46.323893,44.83992254,80.683775,-123.7778,-3.3117,SL,IS
4,S30a_DOW_Seasonality,BSV_USDT_USDT,4H,TimeBased,2024-07-04 04:00:00,2024-07-04 08:00:00,SHORT,40.777763,38.41812703,81.405392,188.5413,5.6798,TP,IS
4,S30a_DOW_Seasonality,BSV_USDT_USDT,4H,TimeBased,2024-07-04 12:00:00,2024-07-05 00:00:00,SHORT,38.58842,36.03277727,76.54933,192.491,6.5165,TP,IS
4,S30a_DOW_Seasonality,BSV_USDT_USDT,4H,TimeBased,2024-07-12 04:00:00,2024-07-13 00:00:00,LONG,37.691304,39.9128805,89.248657,194.4634,5.7809,TP,IS
4,S30a_DOW_Seasonality,BSV_USDT_USDT,4H,TimeBased,2024-07-19 04:00:00,2024-07-19 08:00:00,LONG,46.443929,44.54409564,65.288125,-127.3038,-4.1983,SL,IS
4,S30a_DOW_Seasonality,BSV_USDT_USDT,4H,TimeBased,2024-07-19 12:00:00,2024-07-25 00:00:00,LONG,44.983491,43.0315572,62.862048,-125.7456,-4.4468,SL,IS
4,S30a_DOW_Seasonality,BSV_USDT_USDT,4H,TimeBased,2024-07-25 04:00:00,2024-07-26 04:00:00,SHORT,42.217331,43.9692466,69.380195,-124.837,-4.262,SL,IS
4,S30a_DOW_Seasonality,BSV_USDT_USDT,4H,TimeBased,2024-07-26 16:00:00,2024-07-28 16:00:00,LONG,44.41332,47.129843,71.931149,191.781,6.0031,TP,IS
4,S30a_DOW_Seasonality,BSV_USDT_USDT,4H,TimeBased,2024-08-01 04:00:00,2024-08-02 12:00:00,SHORT,49.325198,44.55919573,41.954367,197.7882,9.5577,TP,IS
4,S30a_DOW_Seasonality,BSV_USDT_USDT,4H,TimeBased,2024-08-09 04:00:00,2024-08-11 20:00:00,LONG,43.072918,40.16084547,42.510271,-125.7391,-6.8671,SL,IS
4,S30a_DOW_Seasonality,BSV_USDT_USDT,4H,TimeBased,2024-08-15 08:00:00,2024-08-15 16:00:00,SHORT,42.38728,44.49150274,58.359788,-125.5906,-5.077,SL,IS
4,S30a_DOW_Seasonality,BSV_USDT_USDT,4H,TimeBased,2024-08-15 20:00:00,2024-08-23 04:00:00,SHORT,42.537235,44.73427302,55.305991,-124.164,-5.2778,SL,IS
4,S30a_DOW_Seasonality,BSV_USDT_USDT,4H,TimeBased,2024-08-23 08:00:00,2024-08-23 16:00:00,LONG,45.103527,46.96335009,104.298828,188.696,4.0112,TP,IS
4,S30a_DOW_Seasonality,BSV_USDT_USDT,4H,TimeBased,2024-08-23 20:00:00,2024-08-25 04:00:00,LONG,47.154142,45.83929154,93.315806,-127.4691,-2.8969,SL,IS
4,S30a_DOW_Seasonality,BSV_USDT_USDT,4H,TimeBased,2024-08-29 04:00:00,2024-08-29 12:00:00,SHORT,42.497247,44.12826999,74.260632,-124.6589,-3.9501,SL,IS
4,S30a_DOW_Seasonality,BSV_USDT_USDT,4H,TimeBased,2024-08-29 16:00:00,2024-09-01 04:00:00,SHORT,43.556929,40.9197978,73.820116,191.2435,5.9478,TP,IS
4,S30a_DOW_Seasonality,BSV_USDT_USDT,4H,TimeBased,2024-09-06 04:00:00,2024-09-06 20:00:00,LONG,45.293584,43.16173225,57.012544,-124.316,-4.8142,SL,IS
4,S30a_DOW_Seasonality,BSV_USDT_USDT,4H,TimeBased,2024-09-07 00:00:00,2024-09-10 08:00:00,LONG,44.573368,48.44907762,50.757271,194.1236,8.5803,TP,IS
4,S30a_DOW_Seasonality,BSV_USDT_USDT,4H,TimeBased,2024-09-13 16:00:00,2024-09-15 20:00:00,LONG,48.354502,46.6772003,73.048958,-126.3432,-3.5769,SL,IS
4,S30a_DOW_Seasonality,BSV_USDT_USDT,4H,TimeBased,2024-09-20 04:00:00,2024-09-20 16:00:00,LONG,49.444829,47.853876,76.264782,-125.4149,-3.3259,SL,IS
4,S30a_DOW_Seasonality,BSV_USDT_USDT,4H,TimeBased,2024-09-20 20:00:00,2024-09-25 04:00:00,LONG,48.364505,50.89882204,76.617636,189.9905,5.1272,TP,IS
4,S30a_DOW_Seasonality,BSV_USDT_USDT,4H,TimeBased,2024-09-27 04:00:00,2024-09-28 08:00:00,LONG,53.155942,51.34233397,67.22511,-125.7837,-3.52,SL,IS
4,S30a_DOW_Seasonality,BSV_USDT_USDT,4H,TimeBased,2024-10-03 04:00:00,2024-10-07 00:00:00,SHORT,45.176443,47.28443482,57.133341,-123.342,-4.7787,SL,IS
4,S30a_DOW_Seasonality,BSV_USDT_USDT,4H,TimeBased,2024-10-10 04:00:00,2024-10-11 16:00:00,SHORT,44.256719,45.57247077,90.925755,-124.128,-3.0846,SL,IS
4,S30a_DOW_Seasonality,BSV_USDT_USDT,4H,TimeBased,2024-10-11 20:00:00,2024-10-13 12:00:00,LONG,45.51365,44.3158754,98.905945,-123.3536,-2.7402,SL,IS
4,S30a_DOW_Seasonality,BSV_USDT_USDT,4H,TimeBased,2024-10-18 04:00:00,2024-10-21 12:00:00,LONG,51.165345,48.92131591,51.996437,-119.5438,-4.4934,SL,IS
4,S30a_DOW_Seasonality,BSV_USDT_USDT,4H,TimeBased,2024-10-24 04:00:00,2024-10-24 20:00:00,SHORT,47.305804,48.64121456,86.857033,-120.5733,-2.9345,SL,IS
4,S30a_DOW_Seasonality,BSV_USDT_USDT,4H,TimeBased,2024-11-01 04:00:00,2024-11-03 00:00:00,LONG,50.495144,47.79052017,42.195197,-116.4031,-5.4633,SL,IS
4,S30a_DOW_Seasonality,BSV_USDT_USDT,4H,TimeBased,2024-11-08 04:00:00,2024-11-09 20:00:00,LONG,51.665495,55.13310624,53.114795,181.0615,6.598,TP,IS
4,S30a_DOW_Seasonality,BSV_USDT_USDT,4H,TimeBased,2024-11-15 04:00:00,2024-11-16 16:00:00,LONG,63.589071,71.31834692,24.389131,186.7007,12.0384,TP,IS
4,S30a_DOW_Seasonality,BSV_USDT_USDT,4H,TimeBased,2024-11-21 16:00:00,2024-11-23 00:00:00,SHORT,67.269813,72.80643757,21.039895,-118.111,-8.345,SL,IS
4,S30a_DOW_Seasonality,BSV_USDT_USDT,4H,TimeBased,2024-11-29 04:00:00,2024-12-02 00:00:00,LONG,69.92097,75.55824646,33.488475,186.1043,7.9479,TP,IS
4,S30a_DOW_Seasonality,BSV_USDT_USDT,4H,TimeBased,2024-12-06 04:00:00,2024-12-09 08:00:00,LONG,80.674195,74.89273245,20.265804,-118.9,-7.2725,SL,IS
4,S30a_DOW_Seasonality,BSV_USDT_USDT,4H,TimeBased,2024-12-12 04:00:00,2024-12-18 12:00:00,SHORT,68.299504,60.45691074,24.324271,189.0428,11.379,TP,IS
4,S30a_DOW_Seasonality,BSV_USDT_USDT,4H,TimeBased,2024-12-19 04:00:00,2024-12-20 08:00:00,SHORT,56.343092,50.49031062,33.094231,191.7487,10.2835,TP,IS
4,S30a_DOW_Seasonality,BSV_USDT_USDT,4H,TimeBased,2024-12-26 04:00:00,2024-12-30 12:00:00,SHORT,55.553329,51.2975587,46.084412,193.4164,7.5549,TP,IS
4,S30a_DOW_Seasonality,BSV_USDT_USDT,4H,TimeBased,2025-01-02 04:00:00,2025-01-02 16:00:00,SHORT,51.894427,53.66739041,69.022601,-126.3819,-3.5284,SL,IS
4,S30a_DOW_Seasonality,BSV_USDT_USDT,4H,TimeBased,2025-01-03 04:00:00,2025-01-04 00:00:00,LONG,53.055912,55.88895925,69.150166,191.7622,5.2268,TP,IS
4,S30a_DOW_Seasonality,BSV_USDT_USDT,4H,TimeBased,2025-01-09 04:00:00,2025-01-10 12:00:00,SHORT,53.134055,55.59045591,49.971703,-125.7388,-4.7356,SL,IS
4,S30a_DOW_Seasonality,BSV_USDT_USDT,4H,TimeBased,2025-01-10 16:00:00,2025-01-10 20:00:00,LONG,57.71731,62.34636319,42.842637,195.4917,7.9058,TP,IS
4,S30a_DOW_Seasonality,BSV_USDT_USDT,4H,TimeBased,2025-01-11 00:00:00,2025-01-11 00:00:00,LONG,63.749119,60.28786039,35.611093,-125.6886,-5.5365,SL,IS
4,S30a_DOW_Seasonality,BSV_USDT_USDT,4H,TimeBased,2025-01-17 04:00:00,2025-01-18 04:00:00,LONG,57.887361,55.27395199,46.733297,-125.0418,-4.6222,SL,IS
4,S30a_DOW_Seasonality,BSV_USDT_USDT,4H,TimeBased,2025-01-23 04:00:00,2025-01-27 04:00:00,SHORT,51.104664,47.24492107,51.133893,194.5977,7.4468,TP,IS
4,S30a_DOW_Seasonality,BSV_USDT_USDT,4H,TimeBased,2025-01-30 08:00:00,2025-02-01 20:00:00,SHORT,49.295207,46.25627993,65.784727,196.4578,6.0581,TP,IS
4,S30a_DOW_Seasonality,BSV_USDT_USDT,4H,TimeBased,2025-02-06 04:00:00,2025-02-21 16:00:00,SHORT,40.467856,36.36966509,49.908932,202.4271,10.0226,TP,IS
4,S30a_DOW_Seasonality,BSV_USDT_USDT,4H,TimeBased,2025-02-27 04:00:00,2025-03-02 16:00:00,SHORT,35.18944,36.85778236,76.053425,-129.8968,-4.8536,SL,IS
4,S30a_DOW_Seasonality,BSV_USDT_USDT,4H,TimeBased,2025-03-07 04:00:00,2025-03-09 08:00:00,LONG,36.791034,34.60371653,57.302394,-127.5886,-6.052,SL,IS
4,S30a_DOW_Seasonality,BSV_USDT_USDT,4H,TimeBased,2025-03-13 04:00:00,2025-03-14 12:00:00,SHORT,32.910124,34.50069813,78.132824,-127.1729,-4.9457,SL,IS
4,S30a_DOW_Seasonality,BSV_USDT_USDT,4H,TimeBased,2025-03-14 16:00:00,2025-03-28 08:00:00,LONG,34.350302,33.01547073,92.228613,-126.5268,-3.9938,SL,IS
4,S30a_DOW_Seasonality,BSV_USDT_USDT,4H,TimeBased,2025-04-03 04:00:00,2025-04-06 12:00:00,SHORT,31.340595,29.05687001,86.96842,195.723,7.1808,TP,IS
4,S30a_DOW_Seasonality,BSV_USDT_USDT,4H,TimeBased,2025-04-10 16:00:00,2025-04-11 08:00:00,SHORT,26.751972,28.1802123,86.553602,-126.2344,-5.4518,SL,IS
4,S30a_DOW_Seasonality,BSV_USDT_USDT,4H,TimeBased,2025-04-11 12:00:00,2025-04-12 16:00:00,LONG,28.048412,30.06542896,98.956304,196.4336,7.0772,TP,IS
4,S30a_DOW_Seasonality,BSV_USDT_USDT,4H,TimeBased,2025-04-17 04:00:00,2025-04-18 16:00:00,SHORT,27.571726,28.59881276,121.34379,-128.3794,-3.8372,SL,IS
4,S30a_DOW_Seasonality,BSV_USDT_USDT,4H,TimeBased,2025-04-18 20:00:00,2025-04-22 12:00:00,LONG,28.468538,29.77921915,151.85159,194.1643,4.4914,TP,IS
4,S30a_DOW_Seasonality,BSV_USDT_USDT,4H,TimeBased,2025-04-25 04:00:00,2025-04-25 04:00:00,LONG,31.859555,33.47226965,125.636764,198.1018,4.9492,TP,IS
4,S30a_DOW_Seasonality,BSV_USDT_USDT,4H,TimeBased,2025-04-25 08:00:00,2025-04-25 08:00:00,LONG,34.990494,37.11851014,97.07783,202.7331,5.9684,TP,IS
4,S30a_DOW_Seasonality,BSV_USDT_USDT,4H,TimeBased,2025-04-25 12:00:00,2025-04-25 12:00:00,LONG,37.391214,39.87842127,84.520923,206.6291,6.5382,TP,IS
4,S30a_DOW_Seasonality,BSV_USDT_USDT,4H,TimeBased,2025-04-25 16:00:00,2025-04-25 16:00:00,LONG,42.102627,40.12002971,66.134737,-134.1093,-4.8164,SL,IS
4,S30a_DOW_Seasonality,BSV_USDT_USDT,4H,TimeBased,2025-04-25 20:00:00,2025-04-26 04:00:00,LONG,44.91347,49.06183641,51.195099,209.7299,9.1213,TP,IS
4,S30a_DOW_Seasonality,BSV_USDT_USDT,4H,TimeBased,2025-05-01 04:00:00,2025-05-02 00:00:00,SHORT,37.908624,40.07766831,60.768208,-134.4154,-5.8349,SL,IS
4,S30a_DOW_Seasonality,BSV_USDT_USDT,4H,TimeBased,2025-05-02 04:00:00,2025-05-02 16:00:00,LONG,41.082321,38.75516214,56.027964,-132.8462,-5.7715,SL,IS
4,S30a_DOW_Seasonality,BSV_USDT_USDT,4H,TimeBased,2025-05-03 00:00:00,2025-05-03 16:00:00,LONG,38.801637,36.71294522,61.802702,-131.6536,-5.49,SL,IS
4,S30a_DOW_Seasonality,BSV_USDT_USDT,4H,TimeBased,2025-05-09 04:00:00,2025-05-10 00:00:00,LONG,39.651892,42.26252864,79.778954,204.6796,6.4703,TP,IS
4,S30a_DOW_Seasonality,BSV_USDT_USDT,4H,TimeBased,2025-05-15 04:00:00,2025-05-17 00:00:00,SHORT,37.858639,35.00732871,74.418776,209.2086,7.4256,TP,IS
4,S30a_DOW_Seasonality,BSV_USDT_USDT,4H,TimeBased,2025-05-23 04:00:00,2025-05-23 08:00:00,LONG,39.621883,38.08098937,85.800049,-135.8755,-3.9969,SL,IS
4,S30a_DOW_Seasonality,BSV_USDT_USDT,4H,TimeBased,2025-05-23 12:00:00,2025-05-25 08:00:00,LONG,37.51125,35.82982685,77.734932,-133.841,-4.59,SL,IS
4,S30a_DOW_Seasonality,BSV_USDT_USDT,4H,TimeBased,2025-05-29 08:00:00,2025-05-30 00:00:00,SHORT,36.48905,34.57285172,109.531693,205.6035,5.1443,TP,IS
4,S30a_DOW_Seasonality,BSV_USDT_USDT,4H,TimeBased,2025-06-05 04:00:00,2025-06-05 16:00:00,SHORT,33.409974,32.08571436,159.960492,206.067,3.8558,TP,IS
4,S30a_DOW_Seasonality,BSV_USDT_USDT,4H,TimeBased,2025-06-05 20:00:00,2025-06-08 12:00:00,SHORT,32.240325,33.21330119,137.742157,-138.9785,-3.1295,SL,IS
4,S30a_DOW_Seasonality,BSV_USDT_USDT,4H,TimeBased,2025-06-12 04:00:00,2025-06-12 08:00:00,SHORT,32.650202,31.12347798,140.036656,208.8855,4.5686,TP,IS
4,S30a_DOW_Seasonality,BSV_USDT_USDT,4H,TimeBased,2025-06-12 12:00:00,2025-06-13 00:00:00,SHORT,31.330598,29.61189259,126.804388,213.6891,5.3787,TP,IS
4,S30a_DOW_Seasonality,BSV_USDT_USDT,4H,TimeBased,2025-06-19 04:00:00,2025-06-19 16:00:00,SHORT,30.49085,31.65492626,117.344352,-140.6086,-3.9299,SL,IS
4,S30a_DOW_Seasonality,BSV_USDT_USDT,4H,TimeBased,2025-06-20 04:00:00,2025-06-20 16:00:00,LONG,31.959585,30.75249353,111.930721,-138.9713,-3.8849,SL,IS
4,S30a_DOW_Seasonality,BSV_USDT_USDT,4H,TimeBased,2025-06-26 16:00:00,2025-06-30 08:00:00,SHORT,30.700787,28.79684244,114.160853,213.6202,6.095,TP,IS
4,S30a_DOW_Seasonality,BSV_USDT_USDT,4H,TimeBased,2025-07-03 04:00:00,2025-07-10 20:00:00,SHORT,24.302707,25.91099189,84.238038,-137.8052,-6.7314,SL,IS
4,S30a_DOW_Seasonality,BSV_USDT_USDT,4H,TimeBased,2025-07-11 04:00:00,2025-07-11 20:00:00,LONG,26.888064,26.04772935,160.292154,-139.3659,-3.2336,SL,IS
4,S30a_DOW_Seasonality,BSV_USDT_USDT,4H,TimeBased,2025-07-12 00:00:00,2025-07-16 00:00:00,LONG,26.167848,27.84449518,129.013072,212.4768,6.2938,TP,IS
4,S30a_DOW_Seasonality,BSV_USDT_USDT,4H,TimeBased,2025-07-18 04:00:00,2025-07-19 08:00:00,LONG,29.218763,31.35574127,103.066291,216.8167,7.1997,TP,IS
4,S30a_DOW_Seasonality,BSV_USDT_USDT,4H,TimeBased,2025-07-24 04:00:00,2025-07-25 00:00:00,SHORT,28.581423,29.8490498,108.324549,-140.7963,-4.5476,SL,IS
4,S30a_DOW_Seasonality,BSV_USDT_USDT,4H,TimeBased,2025-07-26 00:00:00,2025-07-29 16:00:00,LONG,29.148742,27.70330292,93.893961,-138.6539,-5.0661,SL,IS
4,S30a_DOW_Seasonality,BSV_USDT_USDT,4H,TimeBased,2025-07-31 04:00:00,2025-08-01 00:00:00,SHORT,28.061579,26.48559593,138.56277,214.2156,5.5092,TP,IS
4,S30a_DOW_Seasonality,BSV_USDT_USDT,4H,TimeBased,2025-08-07 04:00:00,2025-08-07 08:00:00,SHORT,25.632308,26.28891369,209.169966,-143.3154,-2.673,SL,IS
4,S30a_DOW_Seasonality,BSV_USDT_USDT,4H,TimeBased,2025-08-08 04:00:00,2025-08-09 04:00:00,LONG,26.397917,27.42676588,211.461238,211.3017,3.7853,TP,IS
4,S30a_DOW_Seasonality,BSV_USDT_USDT,4H,TimeBased,2025-08-14 16:00:00,2025-08-22 00:00:00,SHORT,27.571726,25.51219676,108.789633,220.8792,7.3638,TP,IS
4,S30a_DOW_Seasonality,BSV_USDT_USDT,4H,TimeBased,2025-08-22 16:00:00,2025-08-23 20:00:00,LONG,26.698007,25.89168037,173.540173,-144.9496,-3.1285,SL,IS
4,S30a_DOW_Seasonality,BSV_USDT_USDT,4H,TimeBased,2025-08-28 20:00:00,2025-09-01 20:00:00,SHORT,26.502047,25.21016118,173.06088,218.6527,4.7673,TP,IS
4,S30a_DOW_Seasonality,BSV_USDT_USDT,4H,TimeBased,2025-09-04 04:00:00,2025-09-11 04:00:00,SHORT,25.842245,26.44427684,234.503446,-147.9223,-2.4409,SL,IS
4,S30a_DOW_Seasonality,BSV_USDT_USDT,4H,TimeBased,2025-09-12 04:00:00,2025-09-14 00:00:00,LONG,26.287884,27.02532901,299.685325,212.214,2.6937,TP,IS
4,S30a_DOW_Seasonality,BSV_USDT_USDT,4H,TimeBased,2025-09-19 04:00:00,2025-09-20 00:00:00,LONG,26.287884,25.71871245,249.284407,-149.016,-2.274,SL,IS
4,S30a_DOW_Seasonality,BSV_USDT_USDT,4H,TimeBased,2025-09-25 04:00:00,2025-09-25 16:00:00,SHORT,24.132758,23.2674446,258.843509,217.2327,3.4776,TP,IS
4,S30a_DOW_Seasonality,BSV_USDT_USDT,4H,TimeBased,2025-09-25 20:00:00,2025-09-27 16:00:00,SHORT,22.923121,23.600349,209.869128,-147.4994,-3.066,SL,IS
4,S30a_DOW_Seasonality,BSV_USDT_USDT,4H,TimeBased,2025-10-03 04:00:00,2025-10-04 00:00:00,LONG,27.028106,28.92452021,120.385522,224.5961,6.9026,TP,IS
4,S30a_DOW_Seasonality,BSV_USDT_USDT,4H,TimeBased,2025-10-09 04:00:00,2025-10-10 20:00:00,SHORT,25.502347,23.67942074,127.370676,228.742,7.042,TP,IS
4,S30a_DOW_Seasonality,BSV_USDT_USDT,4H,TimeBased,2025-10-16 04:00:00,2025-10-26 12:00:00,SHORT,21.913424,23.11143368,120.648813,-147.5262,-5.58,SL,IS
4,S30a_DOW_Seasonality,BSV_USDT_USDT,4H,TimeBased,2025-10-30 04:00:00,2025-10-30 16:00:00,SHORT,22.153352,20.84295392,177.644592,228.5842,5.8084,TP,IS
4,S30a_DOW_Seasonality,BSV_USDT_USDT,4H,TimeBased,2025-10-30 20:00:00,2025-10-31 00:00:00,SHORT,20.783763,21.70840699,157.398438,-149.216,-4.5613,SL,IS
4,S30a_DOW_Seasonality,BSV_USDT_USDT,4H,TimeBased,2025-10-31 16:00:00,2025-11-03 04:00:00,LONG,21.996597,21.14914692,170.039261,-148.1348,-3.9605,SL,IS
4,S30a_DOW_Seasonality,BSV_USDT_USDT,4H,TimeBased,2025-11-07 04:00:00,2025-11-07 16:00:00,LONG,23.036909,25.01440843,117.747444,229.7336,8.4693,TP,IS
4,S30a_DOW_Seasonality,BSV_USDT_USDT,4H,TimeBased,2025-11-07 20:00:00,2025-11-08 04:00:00,LONG,25.227566,23.95579214,113.742135,-147.7311,-5.1484,SL,IS
4,S30a_DOW_Seasonality,BSV_USDT_USDT,4H,TimeBased,2025-11-13 04:00:00,2025-11-14 04:00:00,SHORT,23.682893,21.97793126,137.107638,230.32,7.0931,TP,IS
4,S30a_DOW_Seasonality,BSV_USDT_USDT,4H,TimeBased,2025-11-20 04:00:00,2025-11-21 04:00:00,SHORT,21.59352,20.24911871,176.277389,232.9308,6.1194,TP,IS
4,S30a_DOW_Seasonality,BSV_USDT_USDT,4H,TimeBased,2025-11-22 00:00:00,2025-11-23 16:00:00,LONG,21.626486,20.5895043,142.599307,-151.1839,-4.9023,SL,IS
4,S30a_DOW_Seasonality,BSV_USDT_USDT,4H,TimeBased,2025-11-28 04:00:00,2025-12-01 00:00:00,LONG,21.056315,20.53557112,282.715161,-153.6895,-2.5817,SL,IS
4,S30a_DOW_Seasonality,BSV_USDT_USDT,4H,TimeBased,2025-12-04 20:00:00,2025-12-07 12:00:00,SHORT,20.743775,19.7451266,234.931559,229.3824,4.7069,TP,IS
4,S30a_DOW_Seasonality,BSV_USDT_USDT,4H,TimeBased,2025-12-11 04:00:00,2025-12-15 12:00:00,SHORT,19.844045,19.03252049,292.551272,231.1572,3.9818,TP,IS
4,S30a_DOW_Seasonality,BSV_USDT_USDT,4H,TimeBased,2025-12-18 04:00:00,2025-12-18 12:00:00,SHORT,17.354792,17.88868773,281.059255,-155.5044,-3.1881,SL,IS
4,S30a_DOW_Seasonality,BSV_USDT_USDT,4H,TimeBased,2025-12-18 16:00:00,2025-12-19 20:00:00,SHORT,17.874636,18.40849467,278.218626,-154.0815,-3.0983,SL,IS
4,S30a_DOW_Seasonality,BSV_USDT_USDT,4H,TimeBased,2025-12-20 00:00:00,2025-12-23 04:00:00,LONG,18.475541,19.44411466,245.071527,232.2587,5.1296,TP,IS
4,S30a_DOW_Seasonality,BSV_USDT_USDT,4H,TimeBased,2025-12-25 12:00:00,2025-12-28 16:00:00,SHORT,18.604417,17.8285686,309.379622,233.8323,4.0625,TP,IS
4,S30a_DOW_Seasonality,BSV_USDT_USDT,4H,TimeBased,2026-01-01 04:00:00,2026-01-01 12:00:00,SHORT,17.424771,17.7385734,486.619311,-162.1134,-1.9119,SL,OOS
4,S30a_DOW_Seasonality,BSV_USDT_USDT,4H,TimeBased,2026-01-01 16:00:00,2026-01-02 16:00:00,SHORT,17.744675,18.0552702,486.572693,-160.7077,-1.8613,SL,OOS
4,S30a_DOW_Seasonality,BSV_USDT_USDT,4H,TimeBased,2026-01-02 20:00:00,2026-01-03 00:00:00,LONG,18.075421,18.55373624,491.24955,225.0754,2.5348,TP,OOS
4,S30a_DOW_Seasonality,BSV_USDT_USDT,4H,TimeBased,2026-01-08 04:00:00,2026-01-12 00:00:00,SHORT,19.4411659,20.20899974,195.774929,-154.592,-4.0617,SL,OOS
4,S30a_DOW_Seasonality,BSV_USDT_USDT,4H,TimeBased,2026-01-15 04:00:00,2026-01-15 04:00:00,SHORT,19.5961194,20.20167225,246.191098,-154.4705,-3.2019,SL,OOS
4,S30a_DOW_Seasonality,BSV_USDT_USDT,4H,TimeBased,2026-01-15 20:00:00,2026-01-19 00:00:00,SHORT,19.634108,18.43461966,199.396446,234.9988,6.0026,TP,OOS
4,S30a_DOW_Seasonality,BSV_USDT_USDT,4H,TimeBased,2026-01-22 04:00:00,2026-01-25 16:00:00,SHORT,18.3474941,17.46560078,274.253594,236.4604,4.6993,TP,OOS
4,S30a_DOW_Seasonality,BSV_USDT_USDT,4H,TimeBased,2026-01-29 04:00:00,2026-01-29 16:00:00,SHORT,17.5027476,16.96081798,447.872558,234.226,2.988,TP,OOS
4,S30a_DOW_Seasonality,BSV_USDT_USDT,4H,TimeBased,2026-01-29 20:00:00,2026-01-30 16:00:00,SHORT,17.0258907,16.4039896,398.426421,240.4562,3.5447,TP,OOS
4,S30a_DOW_Seasonality,BSV_USDT_USDT,4H,TimeBased,2026-02-05 04:00:00,2026-02-05 12:00:00,SHORT,14.1867427,13.02070106,219.400808,252.5473,8.1138,TP,OOS
4,S30a_DOW_Seasonality,BSV_USDT_USDT,4H,TimeBased,2026-02-05 16:00:00,2026-02-05 20:00:00,SHORT,13.1020682,11.8370551,205.9244,257.6725,9.5504,TP,OOS
4,S30a_DOW_Seasonality,BSV_USDT_USDT,4H,TimeBased,2026-02-06 00:00:00,2026-02-06 12:00:00,SHORT,12.4132749,13.26797914,188.790769,-164.0269,-6.9992,SL,OOS
4,S30a_DOW_Seasonality,BSV_USDT_USDT,4H,TimeBased,2026-02-06 20:00:00,2026-02-13 08:00:00,LONG,14.2812831,15.89997207,162.059368,259.6336,11.2181,TP,OOS
4,S30a_DOW_Seasonality,BSV_USDT_USDT,4H,TimeBased,2026-02-13 12:00:00,2026-02-13 12:00:00,LONG,17.2221651,16.33317493,182.747604,-165.8335,-5.2691,SL,OOS
4,S30a_DOW_Seasonality,BSV_USDT_USDT,4H,TimeBased,2026-02-13 16:00:00,2026-02-15 08:00:00,LONG,17.0841237,18.64310866,168.865831,259.9411,9.0103,TP,OOS
4,S30a_DOW_Seasonality,BSV_USDT_USDT,4H,TimeBased,2026-02-19 04:00:00,2026-02-23 00:00:00,SHORT,16.2501235,15.32658602,287.783095,260.7805,5.5764,TP,OOS
4,S30a_DOW_Seasonality,BSV_USDT_USDT,4H,TimeBased,2026-02-27 04:00:00,2026-02-27 16:00:00,LONG,16.0508138,15.56209942,341.113333,-172.638,-3.1531,SL,OOS
4,S30a_DOW_Seasonality,BSV_USDT_USDT,4H,TimeBased,2026-03-05 04:00:00,2026-03-06 16:00:00,SHORT,15.0644793,14.14179511,290.008818,262.928,6.0183,TP,OOS
4,S30a_DOW_Seasonality,BSV_USDT_USDT,4H,TimeBased,2026-03-13 04:00:00,2026-03-14 04:00:00,LONG,14.9414811,16.15468453,224.954961,269.0688,8.0052,TP,OOS
4,S30a_DOW_Seasonality,BSV_USDT_USDT,4H,TimeBased,2026-03-19 04:00:00,2026-03-22 00:00:00,SHORT,14.9075264,14.00353348,305.589023,271.3911,5.9573,TP,OOS
4,S30a_DOW_Seasonality,BSV_USDT_USDT,4H,TimeBased,2026-03-26 04:00:00,2026-03-27 08:00:00,SHORT,14.1867427,13.61470435,486.323316,270.7593,3.9244,TP,OOS
4,S30a_DOW_Seasonality,BSV_USDT_USDT,4H,TimeBased,2026-04-02 04:00:00,2026-04-02 04:00:00,SHORT,13.775866,14.20659859,408.301407,-182.1526,-3.2384,SL,OOS
4,S30a_DOW_Seasonality,BSV_USDT_USDT,4H,TimeBased,2026-04-03 04:00:00,2026-04-04 08:00:00,LONG,14.834449,15.71270628,320.929293,276.4666,5.8071,TP,OOS
4,S30a_DOW_Seasonality,BSV_USDT_USDT,4H,TimeBased,2026-04-09 08:00:00,2026-05-06 08:00:00,SHORT,16.0931706,16.83607815,237.270799,-180.5675,-4.7288,SL,OOS
4,S30a_DOW_Seasonality,BSV_USDT_USDT,4H,TimeBased,2026-05-07 04:00:00,2026-05-09 00:00:00,SHORT,16.1021679,16.54245926,398.011843,-182.3873,-2.8459,SL,OOS
4,S30a_DOW_Seasonality,BSV_USDT_USDT,4H,TimeBased,2026-05-14 04:00:00,2026-05-14 04:00:00,SHORT,16.3680881,16.90249887,323.879103,-179.0111,-3.3768,SL,OOS
4,S30a_DOW_Seasonality,BSV_USDT_USDT,4H,TimeBased,2026-05-14 12:00:00,2026-05-15 12:00:00,SHORT,16.6540023,15.75260523,307.525888,271.7217,5.3055,TP,OOS
4,S30a_DOW_Seasonality,BSV_USDT_USDT,4H,TimeBased,2026-05-21 04:00:00,2026-05-23 04:00:00,SHORT,15.0324889,14.43024306,464.405851,272.161,3.8985,TP,OOS
4,S30a_DOW_Seasonality,BSV_USDT_USDT,4H,TimeBased,2026-05-28 04:00:00,2026-05-30 00:00:00,SHORT,13.8878324,14.28560077,444.977163,-183.8929,-2.9757,SL,OOS
4,S30a_DOW_Seasonality,BSV_USDT_USDT,4H,TimeBased,2026-06-04 04:00:00,2026-06-05 04:00:00,SHORT,13.4629599,12.5257642,303.400472,280.0089,6.8551,TP,OOS
4,S30a_DOW_Seasonality,BSV_USDT_USDT,4H,TimeBased,2026-06-11 04:00:00,2026-06-11 08:00:00,SHORT,11.3106058,11.6890989,469.489191,-183.6374,-3.4582,SL,OOS
4,S30a_DOW_Seasonality,BSV_USDT_USDT,4H,TimeBased,2026-06-11 12:00:00,2026-06-13 12:00:00,SHORT,11.6345086,12.02729208,447.653507,-181.6567,-3.4879,SL,OOS
4,S30a_DOW_Seasonality,BSV_USDT_USDT,4H,TimeBased,2026-06-18 04:00:00,2026-06-18 12:00:00,SHORT,12.1503538,11.49997405,433.022143,275.9962,5.2457,TP,OOS
4,S30a_DOW_Seasonality,BSV_USDT_USDT,4H,TimeBased,2026-06-18 16:00:00,2026-06-21 16:00:00,SHORT,11.4825542,11.91437988,409.010076,-181.8843,-3.8728,SL,OOS
4,S30a_DOW_Seasonality,BSV_USDT_USDT,4H,TimeBased,2026-06-25 04:00:00,2026-06-25 12:00:00,SHORT,11.0146946,10.49862491,547.127443,275.8821,4.5779,TP,OOS
4,S30a_DOW_Seasonality,BSV_USDT_USDT,4H,TimeBased,2026-06-25 16:00:00,2026-06-26 12:00:00,SHORT,10.736778,11.1137248,471.341247,-183.3351,-3.6227,SL,OOS
4,S30a_DOW_Seasonality,BSV_USDT_USDT,4H,TimeBased,2026-06-26 20:00:00,2026-06-27 04:00:00,LONG,11.20336,11.83488911,450.970999,279.087,5.5239,TP,OOS
4,S30a_DOW_Seasonality,BSV_USDT_USDT,4H,TimeBased,2026-07-03 04:00:00,2026-07-05 16:00:00,LONG,14.034209,15.07581244,279.088923,286.2316,7.3078,TP,OOS
4,S30a_DOW_Seasonality,BSV_USDT_USDT,4H,TimeBased,2026-07-09 04:00:00,2026-07-10 00:00:00,SHORT,13.1280604,13.63494204,357.840297,-186.65,-3.9732,SL,OOS
4,S30a_DOW_Seasonality,BSV_USDT_USDT,4H,TimeBased,2026-07-16 04:00:00,2026-07-20 00:00:00,SHORT,13.3210025,13.945233,287.159741,-183.5602,-4.7986,SL,OOS
4,S30a_DOW_Seasonality,BSV_USDT_USDT,4H,TimeBased,2026-07-23 08:00:00,2026-07-28 00:00:00,SHORT,13.5649293,13.07306834,579.696143,276.6368,3.518,TP,OOS
4,S30a_DOW_Seasonality,BSV_USDT_USDT,4H,TimeBased,2026-07-30 04:00:00,2026-08-04 08:00:00,SHORT,12.5792251,12.89502589,573.787933,-189.2419,-2.6219,SL,OOS
4,S30a_DOW_Seasonality,BSV_USDT_USDT,4H,TimeBased,2026-08-07 04:00:00,2026-08-08 00:00:00,LONG,13.3680092,13.87140402,569.518155,278.1602,3.6536,TP,OOS
4,S30a_DOW_Seasonality,BSV_USDT_USDT,4H,TimeBased,2026-08-14 04:00:00,2026-08-14 08:00:00,LONG,15.314593,14.80838711,358.482328,-187.4051,-3.4136,SL,OOS
4,S30a_DOW_Seasonality,BSV_USDT_USDT,4H,TimeBased,2026-08-14 12:00:00,2026-08-18 16:00:00,LONG,15.0805228,14.55209445,339.65251,-185.0177,-3.6121,SL,OOS
4,S30a_DOW_Seasonality,BSV_USDT_USDT,4H,TimeBased,2026-08-21 04:00:00,2026-08-21 04:00:00,LONG,16.0798225,16.94696411,331.697247,281.6033,5.2798,TP,OOS
4,S30a_DOW_Seasonality,BSV_USDT_USDT,4H,TimeBased,2026-08-21 08:00:00,2026-08-21 16:00:00,LONG,17.165148,18.21947155,277.847319,287.5336,6.0289,TP,OOS
4,S30a_DOW_Seasonality,BSV_USDT_USDT,4H,TimeBased,2026-08-21 20:00:00,2026-08-22 04:00:00,LONG,17.9173736,17.18045159,248.494583,-187.918,-4.2206,SL,OOS
5,S30a_DOW_Seasonality,ETC_USDT_USDT,4H,TimeBased,2022-01-06 04:00:00,2022-01-08 16:00:00,SHORT,31.1256595,29.11682558,81.600372,161.2179,6.3475,TP,IS
5,S30a_DOW_Seasonality,ETC_USDT_USDT,4H,TimeBased,2022-01-14 00:00:00,2022-01-14 04:00:00,SHORT,30.230928,31.34969203,91.595155,-105.5756,-3.8128,SL,IS
5,S30a_DOW_Seasonality,ETC_USDT_USDT,4H,TimeBased,2022-01-14 08:00:00,2022-01-14 08:00:00,LONG,32.339699,30.962206,73.495329,-103.7981,-4.3671,SL,IS
5,S30a_DOW_Seasonality,ETC_USDT_USDT,4H,TimeBased,2022-01-14 12:00:00,2022-01-18 12:00:00,LONG,31.199357,33.56183714,69.181986,160.9769,7.458,TP,IS
5,S30a_DOW_Seasonality,ETC_USDT_USDT,4H,TimeBased,2022-01-20 04:00:00,2022-01-21 00:00:00,SHORT,31.160649,28.55369621,63.83263,164.3122,8.2608,TP,IS
5,S30a_DOW_Seasonality,ETC_USDT_USDT,4H,TimeBased,2022-01-27 04:00:00,2022-01-28 20:00:00,SHORT,23.452962,25.08791996,63.149315,-104.9324,-7.0851,SL,IS
5,S30a_DOW_Seasonality,ETC_USDT_USDT,4H,TimeBased,2022-01-29 00:00:00,2022-02-02 00:00:00,LONG,25.1925555,27.30549162,79.175456,165.0066,8.2725,TP,IS
5,S30a_DOW_Seasonality,ETC_USDT_USDT,4H,TimeBased,2022-02-03 04:00:00,2022-02-03 16:00:00,SHORT,25.9672075,27.09653903,92.1973,-106.8121,-4.4615,SL,IS
5,S30a_DOW_Seasonality,ETC_USDT_USDT,4H,TimeBased,2022-02-04 04:00:00,2022-02-05 04:00:00,LONG,27.818343,29.89233475,80.992669,165.4073,7.3414,TP,IS
5,S30a_DOW_Seasonality,ETC_USDT_USDT,4H,TimeBased,2022-02-11 04:00:00,2022-02-11 20:00:00,LONG,35.3956155,33.33117293,50.601632,-106.3769,-5.9393,SL,IS
5,S30a_DOW_Seasonality,ETC_USDT_USDT,4H,TimeBased,2022-02-17 04:00:00,2022-02-17 20:00:00,SHORT,31.780463,29.2123025,65.898206,167.0265,7.9754,TP,IS
5,S30a_DOW_Seasonality,ETC_USDT_USDT,4H,TimeBased,2022-02-18 00:00:00,2022-02-21 08:00:00,SHORT,29.39118,26.71452576,64.350895,170.2593,9.002,TP,IS
5,S30a_DOW_Seasonality,ETC_USDT_USDT,4H,TimeBased,2022-02-24 04:00:00,2022-02-24 20:00:00,SHORT,24.4376665,26.12469943,63.284452,-108.5229,-7.0172,SL,IS
5,S30a_DOW_Seasonality,ETC_USDT_USDT,4H,TimeBased,2022-02-25 00:00:00,2022-02-25 20:00:00,SHORT,26.49205,28.2864485,58.895234,-107.4559,-6.8871,SL,IS
5,S30a_DOW_Seasonality,ETC_USDT_USDT,4H,TimeBased,2022-02-26 00:00:00,2022-02-28 20:00:00,LONG,27.9833925,30.66102203,64.045304,169.4239,9.4534,TP,IS
5,S30a_DOW_Seasonality,ETC_USDT_USDT,4H,TimeBased,2022-03-10 08:00:00,2022-03-18 16:00:00,SHORT,26.5770245,27.91154679,79.780915,-108.8603,-5.1341,SL,IS
5,S30a_DOW_Seasonality,ETC_USDT_USDT,4H,TimeBased,2022-03-18 20:00:00,2022-03-19 00:00:00,LONG,28.058415,29.41205799,126.016637,166.5983,4.7117,TP,IS
5,S30a_DOW_Seasonality,ETC_USDT_USDT,4H,TimeBased,2022-03-25 04:00:00,2022-04-01 00:00:00,LONG,48.034406,44.28967412,28.508811,-108.2055,-7.9016,SL,IS
5,S30a_DOW_Seasonality,ETC_USDT_USDT,4H,TimeBased,2022-04-07 04:00:00,2022-04-07 08:00:00,SHORT,38.9833015,41.68858766,39.103366,-107.5208,-7.0534,SL,IS
5,S30a_DOW_Seasonality,ETC_USDT_USDT,4H,TimeBased,2022-04-07 12:00:00,2022-04-11 08:00:00,SHORT,42.9021255,38.22411824,36.771814,170.3781,10.7999,TP,IS
5,S30a_DOW_Seasonality,ETC_USDT_USDT,4H,TimeBased,2022-04-14 04:00:00,2022-04-18 04:00:00,SHORT,38.6234095,35.44624071,54.848862,172.0296,8.1205,TP,IS
5,S30a_DOW_Seasonality,ETC_USDT_USDT,4H,TimeBased,2022-04-21 08:00:00,2022-04-21 20:00:00,SHORT,36.758969,34.41737749,75.340096,173.4664,6.2636,TP,IS
5,S30a_DOW_Seasonality,ETC_USDT_USDT,4H,TimeBased,2022-04-22 00:00:00,2022-04-25 04:00:00,SHORT,34.8445435,32.25400329,69.366037,177.1356,7.3287,TP,IS
5,S30a_DOW_Seasonality,ETC_USDT_USDT,4H,TimeBased,2022-04-28 04:00:00,2022-04-29 16:00:00,SHORT,30.9757045,28.74569643,81.846586,179.8302,7.0932,TP,IS
5,S30a_DOW_Seasonality,ETC_USDT_USDT,4H,TimeBased,2022-05-05 16:00:00,2022-05-09 12:00:00,SHORT,28.031588,24.83019141,58.258772,184.8156,11.317,TP,IS
5,S30a_DOW_Seasonality,ETC_USDT_USDT,4H,TimeBased,2022-05-12 04:00:00,2022-05-13 00:00:00,SHORT,18.424471,20.88385633,46.796791,-116.1031,-13.4658,SL,IS
5,S30a_DOW_Seasonality,ETC_USDT_USDT,4H,TimeBased,2022-05-19 04:00:00,2022-05-23 04:00:00,SHORT,20.1189625,21.37541268,90.906896,-116.2947,-6.3585,SL,IS
5,S30a_DOW_Seasonality,ETC_USDT_USDT,4H,TimeBased,2022-05-26 12:00:00,2022-05-27 12:00:00,SHORT,21.7984585,23.36991098,71.894098,-114.7642,-7.323,SL,IS
5,S30a_DOW_Seasonality,ETC_USDT_USDT,4H,TimeBased,2022-05-27 16:00:00,2022-06-07 00:00:00,LONG,22.646792,21.03088634,69.164389,-113.4246,-7.2413,SL,IS
5,S30a_DOW_Seasonality,ETC_USDT_USDT,4H,TimeBased,2022-06-09 04:00:00,2022-06-10 12:00:00,SHORT,21.2986085,19.9608384,134.96023,177.4831,6.1745,TP,IS
5,S30a_DOW_Seasonality,ETC_USDT_USDT,4H,TimeBased,2022-06-16 04:00:00,2022-06-18 08:00:00,SHORT,15.465359,13.10945784,78.665928,184.0928,15.1318,TP,IS
5,S30a_DOW_Seasonality,ETC_USDT_USDT,4H,TimeBased,2022-06-23 16:00:00,2022-06-24 00:00:00,SHORT,15.3403965,16.28135144,121.580534,-116.5163,-6.2472,SL,IS
5,S30a_DOW_Seasonality,ETC_USDT_USDT,4H,TimeBased,2022-06-24 04:00:00,2022-06-26 20:00:00,LONG,16.1898555,17.69145379,123.523787,183.1813,9.1598,TP,IS
5,S30a_DOW_Seasonality,ETC_USDT_USDT,4H,TimeBased,2022-06-30 04:00:00,2022-07-07 16:00:00,SHORT,15.005497,15.85771397,135.079693,-117.4102,-5.7925,SL,IS
5,S30a_DOW_Seasonality,ETC_USDT_USDT,4H,TimeBased,2022-07-08 04:00:00,2022-07-08 08:00:00,LONG,16.174851,15.63886625,213.255139,-118.0329,-3.4219,SL,IS
5,S30a_DOW_Seasonality,ETC_USDT_USDT,4H,TimeBased,2022-07-08 12:00:00,2022-07-10 12:00:00,LONG,15.624686,15.0771797,206.490077,-116.5414,-3.6122,SL,IS
5,S30a_DOW_Seasonality,ETC_USDT_USDT,4H,TimeBased,2022-07-14 04:00:00,2022-07-15 08:00:00,SHORT,14.3406965,14.88834686,204.267235,-115.1508,-3.931,SL,IS
5,S30a_DOW_Seasonality,ETC_USDT_USDT,4H,TimeBased,2022-07-15 12:00:00,2022-07-16 16:00:00,LONG,14.814443,15.64686142,215.564114,175.828,5.5059,TP,IS
5,S30a_DOW_Seasonality,ETC_USDT_USDT,4H,TimeBased,2022-07-22 04:00:00,2022-07-25 16:00:00,LONG,25.9827925,23.77904481,50.788086,-113.3141,-8.5869,SL,IS
5,S30a_DOW_Seasonality,ETC_USDT_USDT,4H,TimeBased,2022-07-29 04:00:00,2022-07-29 16:00:00,LONG,41.3874125,37.84770248,31.297489,-112.148,-8.6579,SL,IS
5,S30a_DOW_Seasonality,ETC_USDT_USDT,4H,TimeBased,2022-07-29 20:00:00,2022-08-01 16:00:00,LONG,39.331796,35.28717731,27.096255,-110.7061,-10.3877,SL,IS
5,S30a_DOW_Seasonality,ETC_USDT_USDT,4H,TimeBased,2022-08-04 04:00:00,2022-08-06 00:00:00,SHORT,36.3940785,39.48024004,35.194772,-110.0855,-8.5945,SL,IS
5,S30a_DOW_Seasonality,ETC_USDT_USDT,4H,TimeBased,2022-08-12 04:00:00,2022-08-13 04:00:00,LONG,41.5974755,45.49604511,45.241174,174.2087,9.257,TP,IS
5,S30a_DOW_Seasonality,ETC_USDT_USDT,4H,TimeBased,2022-08-18 04:00:00,2022-08-19 04:00:00,SHORT,40.877733,37.41359335,51.709909,176.9037,8.3691,TP,IS
5,S30a_DOW_Seasonality,ETC_USDT_USDT,4H,TimeBased,2022-08-26 04:00:00,2022-08-26 12:00:00,LONG,37.0060985,35.03614578,56.449991,-113.4405,-5.4304,SL,IS
5,S30a_DOW_Seasonality,ETC_USDT_USDT,4H,TimeBased,2022-09-01 04:00:00,2022-09-02 12:00:00,SHORT,32.0353865,33.80075274,62.371286,-112.3666,-5.6237,SL,IS
5,S30a_DOW_Seasonality,ETC_USDT_USDT,4H,TimeBased,2022-09-02 16:00:00,2022-09-02 16:00:00,LONG,33.680101,32.09075773,68.589811,-111.4939,-4.8263,SL,IS
5,S30a_DOW_Seasonality,ETC_USDT_USDT,4H,TimeBased,2022-09-09 04:00:00,2022-09-13 12:00:00,LONG,37.551262,35.10015608,43.939395,-109.4559,-6.6338,SL,IS
5,S30a_DOW_Seasonality,ETC_USDT_USDT,4H,TimeBased,2022-09-15 04:00:00,2022-09-15 04:00:00,SHORT,35.659299,38.44568109,38.251674,-108.1428,-7.9282,SL,IS
5,S30a_DOW_Seasonality,ETC_USDT_USDT,4H,TimeBased,2022-09-15 16:00:00,2022-09-18 16:00:00,SHORT,37.1638475,31.99173787,33.599547,172.5026,13.8147,TP,IS
5,S30a_DOW_Seasonality,ETC_USDT_USDT,4H,TimeBased,2022-09-22 04:00:00,2022-09-27 08:00:00,SHORT,27.851642,29.89677988,52.444661,-108.9223,-7.457,SL,IS
5,S30a_DOW_Seasonality,ETC_USDT_USDT,4H,TimeBased,2022-09-29 04:00:00,2022-10-06 00:00:00,SHORT,27.611714,28.78791415,90.527705,-109.2869,-4.3721,SL,IS
5,S30a_DOW_Seasonality,ETC_USDT_USDT,4H,TimeBased,2022-10-13 04:00:00,2022-10-13 04:00:00,SHORT,23.1780445,21.78325816,122.786393,168.2244,5.911,TP,IS
5,S30a_DOW_Seasonality,ETC_USDT_USDT,4H,TimeBased,2022-10-13 08:00:00,2022-10-13 08:00:00,SHORT,22.043385,20.47881515,111.527024,171.8835,6.9916,TP,IS
5,S30a_DOW_Seasonality,ETC_USDT_USDT,4H,TimeBased,2022-10-13 12:00:00,2022-10-13 12:00:00,SHORT,21.413574,22.48768342,101.188722,-111.131,-5.1288,SL,IS
5,S30a_DOW_Seasonality,ETC_USDT_USDT,4H,TimeBased,2022-10-13 16:00:00,2022-10-14 00:00:00,SHORT,22.69319,23.89214469,89.69204,-109.8348,-5.3962,SL,IS
5,S30a_DOW_Seasonality,ETC_USDT_USDT,4H,TimeBased,2022-10-20 04:00:00,2022-10-21 08:00:00,SHORT,22.323301,21.13393658,145.295759,169.3368,5.2208,TP,IS
5,S30a_DOW_Seasonality,ETC_USDT_USDT,4H,TimeBased,2022-10-28 04:00:00,2022-10-29 04:00:00,LONG,24.697407,26.42321096,102.167024,173.4477,6.874,TP,IS
5,S30a_DOW_Seasonality,ETC_USDT_USDT,4H,TimeBased,2022-11-03 04:00:00,2022-11-03 04:00:00,SHORT,23.6978885,24.87001367,93.780932,-112.4281,-5.0588,SL,IS
5,S30a_DOW_Seasonality,ETC_USDT_USDT,4H,TimeBased,2022-11-03 12:00:00,2022-11-04 00:00:00,SHORT,23.8578405,25.05340295,90.988881,-111.2306,-5.1239,SL,IS
5,S30a_DOW_Seasonality,ETC_USDT_USDT,4H,TimeBased,2022-11-04 04:00:00,2022-11-06 00:00:00,LONG,25.0325075,27.04455641,87.399696,173.3491,7.9233,TP,IS
5,S30a_DOW_Seasonality,ETC_USDT_USDT,4H,TimeBased,2022-11-10 04:00:00,2022-11-10 12:00:00,SHORT,19.4891515,21.57623313,52.254084,-110.2387,-10.8248,SL,IS
5,S30a_DOW_Seasonality,ETC_USDT_USDT,4H,TimeBased,2022-11-10 16:00:00,2022-11-20 16:00:00,SHORT,22.333298,18.71129134,49.201437,177.0972,16.1169,TP,IS
5,S30a_DOW_Seasonality,ETC_USDT_USDT,4H,TimeBased,2022-11-25 04:00:00,2022-11-28 00:00:00,LONG,19.935979,19.02234869,120.482821,-112.6584,-4.6903,SL,IS
5,S30a_DOW_Seasonality,ETC_USDT_USDT,4H,TimeBased,2022-12-02 00:00:00,2022-12-07 04:00:00,SHORT,19.7390765,18.76095996,180.52054,172.7476,4.848,TP,IS
5,S30a_DOW_Seasonality,ETC_USDT_USDT,4H,TimeBased,2022-12-08 04:00:00,2022-12-08 16:00:00,SHORT,18.744375,19.21845473,234.862574,-116.2474,-2.6406,SL,IS
5,S30a_DOW_Seasonality,ETC_USDT_USDT,4H,TimeBased,2022-12-09 04:00:00,2022-12-11 20:00:00,LONG,19.2207645,18.76615787,242.390747,-115.2567,-2.4739,SL,IS
5,S30a_DOW_Seasonality,ETC_USDT_USDT,4H,TimeBased,2022-12-15 04:00:00,2022-12-16 08:00:00,SHORT,18.5894215,17.68078345,193.211503,171.705,4.7806,TP,IS
5,S30a_DOW_Seasonality,ETC_USDT_USDT,4H,TimeBased,2022-12-22 16:00:00,2022-12-28 04:00:00,SHORT,16.025191,15.08686965,190.776952,175.7456,5.7485,TP,IS
5,S30a_DOW_Seasonality,ETC_USDT_USDT,4H,TimeBased,2022-12-29 04:00:00,2022-12-29 12:00:00,SHORT,15.3004085,15.72960007,261.851892,-116.8535,-2.9166,SL,IS
5,S30a_DOW_Seasonality,ETC_USDT_USDT,4H,TimeBased,2022-12-29 20:00:00,2023-01-02 04:00:00,SHORT,15.7202825,16.19074126,236.211567,-115.2736,-3.1043,SL,IS
5,S30a_DOW_Seasonality,ETC_USDT_USDT,4H,TimeBased,2023-01-06 04:00:00,2023-01-06 16:00:00,LONG,18.295487,19.63450896,133.41227,175.8588,7.2048,TP,IS
5,S30a_DOW_Seasonality,ETC_USDT_USDT,4H,TimeBased,2023-01-06 20:00:00,2023-01-09 00:00:00,LONG,19.745922,21.25102387,120.680022,178.9146,7.5082,TP,IS
5,S30a_DOW_Seasonality,ETC_USDT_USDT,4H,TimeBased,2023-01-12 16:00:00,2023-01-12 20:00:00,SHORT,20.013994,20.92775971,123.83156,-115.9415,-4.6781,SL,IS
5,S30a_DOW_Seasonality,ETC_USDT_USDT,4H,TimeBased,2023-01-13 04:00:00,2023-01-14 00:00:00,LONG,21.2113615,22.85839688,110.937347,180.0288,7.6506,TP,IS
5,S30a_DOW_Seasonality,ETC_USDT_USDT,4H,TimeBased,2023-01-19 04:00:00,2023-01-20 20:00:00,SHORT,20.603817,21.6996068,103.753388,-116.1059,-5.4313,SL,IS
5,S30a_DOW_Seasonality,ETC_USDT_USDT,4H,TimeBased,2023-01-21 00:00:00,2023-01-24 20:00:00,LONG,22.4817425,21.58341468,125.419654,-115.7076,-4.1036,SL,IS
5,S30a_DOW_Seasonality,ETC_USDT_USDT,4H,TimeBased,2023-01-26 04:00:00,2023-01-29 20:00:00,SHORT,21.823451,22.78278288,116.219059,-114.3439,-4.5083,SL,IS
5,S30a_DOW_Seasonality,ETC_USDT_USDT,4H,TimeBased,2023-02-03 04:00:00,2023-02-05 12:00:00,LONG,23.517053,22.49980889,108.417577,-113.0311,-4.4332,SL,IS
5,S30a_DOW_Seasonality,ETC_USDT_USDT,4H,TimeBased,2023-02-09 04:00:00,2023-02-09 20:00:00,SHORT,21.8884315,20.44473037,123.152729,174.9283,6.4894,TP,IS
5,S30a_DOW_Seasonality,ETC_USDT_USDT,4H,TimeBased,2023-02-10 00:00:00,2023-02-15 16:00:00,SHORT,20.8887315,21.88911777,110.859025,-113.5101,-4.9018,SL,IS
5,S30a_DOW_Seasonality,ETC_USDT_USDT,4H,TimeBased,2023-02-17 00:00:00,2023-02-17 16:00:00,SHORT,21.343595,22.08707878,147.977952,-113.5539,-3.5953,SL,IS
5,S30a_DOW_Seasonality,ETC_USDT_USDT,4H,TimeBased,2023-02-17 20:00:00,2023-02-20 00:00:00,LONG,22.5217545,21.76934232,144.666068,-112.3726,-3.449,SL,IS
5,S30a_DOW_Seasonality,ETC_USDT_USDT,4H,TimeBased,2023-02-23 04:00:00,2023-02-24 16:00:00,SHORT,22.523241,21.07769051,121.074012,172.1152,6.3116,TP,IS
5,S30a_DOW_Seasonality,ETC_USDT_USDT,4H,TimeBased,2023-03-02 04:00:00,2023-03-03 00:00:00,SHORT,20.9487135,20.07578102,201.888204,171.6795,4.0593,TP,IS
5,S30a_DOW_Seasonality,ETC_USDT_USDT,4H,TimeBased,2023-03-09 04:00:00,2023-03-09 20:00:00,SHORT,18.404477,17.45803386,190.081516,176.1521,5.0353,TP,IS
5,S30a_DOW_Seasonality,ETC_USDT_USDT,4H,TimeBased,2023-03-10 00:00:00,2023-03-11 00:00:00,SHORT,17.0398865,17.73126442,163.220652,-115.9686,-4.1696,SL,IS
5,S30a_DOW_Seasonality,ETC_USDT_USDT,4H,TimeBased,2023-03-16 04:00:00,2023-03-17 08:00:00,SHORT,18.4494635,19.52516244,103.584809,-113.5895,-5.9437,SL,IS
5,S30a_DOW_Seasonality,ETC_USDT_USDT,4H,TimeBased,2023-03-17 12:00:00,2023-03-18 00:00:00,LONG,19.795937,21.33993021,116.717281,177.57,7.6853,TP,IS
5,S30a_DOW_Seasonality,ETC_USDT_USDT,4H,TimeBased,2023-03-23 04:00:00,2023-04-01 16:00:00,SHORT,20.1889415,21.34583013,96.880122,-114.2927,-5.8435,SL,IS
5,S30a_DOW_Seasonality,ETC_USDT_USDT,4H,TimeBased,2023-04-06 08:00:00,2023-04-11 04:00:00,SHORT,20.6088155,21.29109166,163.216284,-115.1199,-3.4224,SL,IS
5,S30a_DOW_Seasonality,ETC_USDT_USDT,4H,TimeBased,2023-04-14 04:00:00,2023-04-14 12:00:00,LONG,22.9118715,22.06947329,130.615449,-113.2616,-3.7847,SL,IS
5,S30a_DOW_Seasonality,ETC_USDT_USDT,4H,TimeBased,2023-04-14 16:00:00,2023-04-19 08:00:00,LONG,21.9215745,21.07509984,128.587193,-111.8867,-3.9693,SL,IS
5,S30a_DOW_Seasonality,ETC_USDT_USDT,4H,TimeBased,2023-04-20 04:00:00,2023-04-21 16:00:00,SHORT,20.4188725,19.22236394,146.223133,171.7692,5.753,TP,IS
5,S30a_DOW_Seasonality,ETC_USDT_USDT,4H,TimeBased,2023-04-27 04:00:00,2023-05-08 00:00:00,SHORT,19.6191125,18.38349544,144.05468,174.9855,6.1915,TP,IS
5,S30a_DOW_Seasonality,ETC_USDT_USDT,4H,TimeBased,2023-05-11 12:00:00,2023-05-12 16:00:00,SHORT,18.6094155,17.63038091,184.113425,176.5837,5.1539,TP,IS
5,S30a_DOW_Seasonality,ETC_USDT_USDT,4H,TimeBased,2023-05-18 20:00:00,2023-05-18 20:00:00,SHORT,18.1095655,18.53104918,269.632263,-119.0793,-2.4387,SL,IS
5,S30a_DOW_Seasonality,ETC_USDT_USDT,4H,TimeBased,2023-05-19 00:00:00,2023-05-24 12:00:00,SHORT,18.324501,17.5999939,248.4079,175.0651,3.8459,TP,IS
5,S30a_DOW_Seasonality,ETC_USDT_USDT,4H,TimeBased,2023-05-25 04:00:00,2023-05-26 12:00:00,SHORT,17.704687,18.05521551,326.579261,-120.8985,-2.091,SL,IS
5,S30a_DOW_Seasonality,ETC_USDT_USDT,4H,TimeBased,2023-05-26 16:00:00,2023-05-28 20:00:00,LONG,18.0304075,18.53583768,353.683786,171.6494,2.6917,TP,IS
5,S30a_DOW_Seasonality,ETC_USDT_USDT,4H,TimeBased,2023-06-01 04:00:00,2023-06-02 04:00:00,SHORT,17.79466,18.09659642,381.824557,-122.824,-1.8077,SL,IS
5,S30a_DOW_Seasonality,ETC_USDT_USDT,4H,TimeBased,2023-06-02 12:00:00,2023-06-05 12:00:00,LONG,18.075421,17.79815325,411.824967,-122.3113,-1.6431,SL,IS
5,S30a_DOW_Seasonality,ETC_USDT_USDT,4H,TimeBased,2023-06-08 04:00:00,2023-06-10 04:00:00,SHORT,16.854942,16.24576923,294.175989,173.8484,3.5062,TP,IS
5,S30a_DOW_Seasonality,ETC_USDT_USDT,4H,TimeBased,2023-06-15 04:00:00,2023-06-17 04:00:00,SHORT,15.015494,15.52691579,221.999446,-117.2646,-3.5178,SL,IS
5,S30a_DOW_Seasonality,ETC_USDT_USDT,4H,TimeBased,2023-06-23 04:00:00,2023-06-23 16:00:00,LONG,16.9800925,17.93926343,189.696049,178.3077,5.5357,TP,IS
5,S30a_DOW_Seasonality,ETC_USDT_USDT,4H,TimeBased,2023-06-23 20:00:00,2023-06-26 00:00:00,LONG,18.645592,17.88267569,149.312945,-116.9131,-4.1994,SL,IS
5,S30a_DOW_Seasonality,ETC_USDT_USDT,4H,TimeBased,2023-06-29 04:00:00,2023-06-30 00:00:00,SHORT,17.754672,18.66727727,123.420111,-115.1062,-5.2529,SL,IS
5,S30a_DOW_Seasonality,ETC_USDT_USDT,4H,TimeBased,2023-06-30 04:00:00,2023-06-30 12:00:00,LONG,19.5308575,18.5731272,116.358804,-113.8789,-5.011,SL,IS
5,S30a_DOW_Seasonality,ETC_USDT_USDT,4H,TimeBased,2023-06-30 16:00:00,2023-07-01 00:00:00,LONG,19.195757,21.30094825,85.924112,178.9729,10.8509,TP,IS
5,S30a_DOW_Seasonality,ETC_USDT_USDT,4H,TimeBased,2023-07-06 04:00:00,2023-07-06 08:00:00,SHORT,19.254222,20.09693781,133.195029,-115.1283,-4.4892,SL,IS
5,S30a_DOW_Seasonality,ETC_USDT_USDT,4H,TimeBased,2023-07-06 12:00:00,2023-07-10 00:00:00,SHORT,19.564129,18.11432399,124.971043,178.5939,7.3046,TP,IS
5,S30a_DOW_Seasonality,ETC_USDT_USDT,4H,TimeBased,2023-07-13 04:00:00,2023-07-13 04:00:00,SHORT,18.6394065,19.1493201,222.300597,-117.9743,-2.8472,SL,IS
5,S30a_DOW_Seasonality,ETC_USDT_USDT,4H,TimeBased,2023-07-14 04:00:00,2023-07-14 16:00:00,LONG,20.136039,19.4837844,171.559935,-115.6392,-3.3475,SL,IS
5,S30a_DOW_Seasonality,ETC_USDT_USDT,4H,TimeBased,2023-07-20 04:00:00,2023-07-24 08:00:00,SHORT,18.8393465,18.01093508,215.460567,174.1231,4.2897,TP,IS
5,S30a_DOW_Seasonality,ETC_USDT_USDT,4H,TimeBased,2023-07-27 16:00:00,2023-07-28 00:00:00,SHORT,18.204537,18.55366031,324.493157,-119.8484,-2.0288,SL,IS
5,S30a_DOW_Seasonality,ETC_USDT_USDT,4H,TimeBased,2023-07-28 04:00:00,2023-07-30 20:00:00,LONG,18.595577,18.21719295,295.733225,-117.8885,-2.1437,SL,IS
5,S30a_DOW_Seasonality,ETC_USDT_USDT,4H,TimeBased,2023-08-03 04:00:00,2023-08-07 16:00:00,SHORT,18.0495835,17.44715469,292.300787,170.3838,3.2295,TP,IS
5,S30a_DOW_Seasonality,ETC_USDT_USDT,4H,TimeBased,2023-08-10 04:00:00,2023-08-15 04:00:00,SHORT,17.7896615,17.34509254,398.014796,169.2537,2.3904,TP,IS
5,S30a_DOW_Seasonality,ETC_USDT_USDT,4H,TimeBased,2023-08-17 04:00:00,2023-08-17 20:00:00,SHORT,16.3101055,15.63772064,271.692865,177.9082,4.0148,TP,IS
5,S30a_DOW_Seasonality,ETC_USDT_USDT,4H,TimeBased,2023-08-18 00:00:00,2023-08-18 04:00:00,SHORT,14.9105255,15.62298935,161.463812,-117.7487,-4.8909,SL,IS
5,S30a_DOW_Seasonality,ETC_USDT_USDT,4H,TimeBased,2023-08-25 04:00:00,2023-08-29 12:00:00,LONG,15.8997685,16.59232238,265.407142,179.0657,4.2434,TP,IS
5,S30a_DOW_Seasonality,ETC_USDT_USDT,4H,TimeBased,2023-08-31 04:00:00,2023-08-31 16:00:00,SHORT,15.925221,15.26020907,280.639675,181.8152,4.0681,TP,IS
5,S30a_DOW_Seasonality,ETC_USDT_USDT,4H,TimeBased,2023-08-31 20:00:00,2023-09-10 04:00:00,SHORT,15.49535,14.73030408,248.789992,186.1999,4.83,TP,IS
5,S30a_DOW_Seasonality,ETC_USDT_USDT,4H,TimeBased,2023-09-14 08:00:00,2023-09-15 00:00:00,SHORT,15.065479,15.41396339,344.830356,-125.9486,-2.4244,SL,IS
5,S30a_DOW_Seasonality,ETC_USDT_USDT,4H,TimeBased,2023-09-15 04:00:00,2023-09-16 00:00:00,LONG,15.324596,15.86390297,351.457422,183.5147,3.4073,TP,IS
5,S30a_DOW_Seasonality,ETC_USDT_USDT,4H,TimeBased,2023-09-21 04:00:00,2023-09-24 20:00:00,SHORT,15.555332,15.0240315,362.208926,186.3499,3.3074,TP,IS
5,S30a_DOW_Seasonality,ETC_USDT_USDT,4H,TimeBased,2023-09-29 04:00:00,2023-09-30 16:00:00,LONG,15.784734,16.29296934,383.621412,188.2018,3.108,TP,IS
5,S30a_DOW_Seasonality,ETC_USDT_USDT,4H,TimeBased,2023-10-05 04:00:00,2023-10-09 08:00:00,SHORT,15.605317,14.91555796,289.824892,195.0442,4.3125,TP,IS
5,S30a_DOW_Seasonality,ETC_USDT_USDT,4H,TimeBased,2023-10-12 04:00:00,2023-10-16 04:00:00,SHORT,14.8605405,15.1542632,431.725884,-133.9347,-2.0876,SL,IS
5,S30a_DOW_Seasonality,ETC_USDT_USDT,4H,TimeBased,2023-10-19 04:00:00,2023-10-20 00:00:00,SHORT,14.675596,14.95873343,443.228691,-132.7188,-2.0404,SL,IS
5,S30a_DOW_Seasonality,ETC_USDT_USDT,4H,TimeBased,2023-10-20 04:00:00,2023-10-21 00:00:00,LONG,15.0895255,15.55397909,423.184212,189.4171,2.9663,TP,IS
5,S30a_DOW_Seasonality,ETC_USDT_USDT,4H,TimeBased,2023-10-27 04:00:00,2023-10-27 16:00:00,LONG,16.374911,15.69604705,184.042846,-128.1864,-4.2535,SL,IS
5,S30a_DOW_Seasonality,ETC_USDT_USDT,4H,TimeBased,2023-11-02 16:00:00,2023-11-05 08:00:00,SHORT,17.0698775,17.75183296,181.474415,-127.2331,-4.1073,SL,IS
5,S30a_DOW_Seasonality,ETC_USDT_USDT,4H,TimeBased,2023-11-10 04:00:00,2023-11-10 12:00:00,LONG,21.616483,20.45016132,104.741052,-124.5851,-5.5026,SL,IS
5,S30a_DOW_Seasonality,ETC_USDT_USDT,4H,TimeBased,2023-11-10 16:00:00,2023-11-12 00:00:00,LONG,20.3010885,19.07185313,98.301542,-122.9645,-6.1617,SL,IS
5,S30a_DOW_Seasonality,ETC_USDT_USDT,4H,TimeBased,2023-11-16 16:00:00,2023-11-21 20:00:00,SHORT,19.624111,18.06199742,125.316744,193.1615,7.8546,TP,IS
5,S30a_DOW_Seasonality,ETC_USDT_USDT,4H,TimeBased,2023-11-23 04:00:00,2023-12-02 16:00:00,SHORT,18.9793045,19.70811753,167.34638,-125.525,-3.9522,SL,IS
5,S30a_DOW_Seasonality,ETC_USDT_USDT,4H,TimeBased,2023-12-08 04:00:00,2023-12-10 08:00:00,LONG,22.4877443,21.56197929,130.230136,-123.7176,-4.2245,SL,IS
5,S30a_DOW_Seasonality,ETC_USDT_USDT,4H,TimeBased,2023-12-14 04:00:00,2023-12-18 08:00:00,SHORT,20.3988785,18.88031659,128.182358,191.8837,7.3384,TP,IS
5,S30a_DOW_Seasonality,ETC_USDT_USDT,4H,TimeBased,2023-12-22 04:00:00,2023-12-22 04:00:00,LONG,20.7992379,21.70874478,215.158863,190.6582,4.2604,TP,IS
5,S30a_DOW_Seasonality,ETC_USDT_USDT,4H,TimeBased,2023-12-22 08:00:00,2023-12-24 04:00:00,LONG,21.5354587,20.89307855,192.274953,-128.0005,-3.0913,SL,IS
5,S30a_DOW_Seasonality,ETC_USDT_USDT,4H,TimeBased,2023-12-29 04:00:00,2023-12-31 20:00:00,LONG,22.8318475,21.73202923,110.700125,-124.4633,-4.9244,SL,IS
5,S30a_DOW_Seasonality,ETC_USDT_USDT,4H,TimeBased,2024-01-04 04:00:00,2024-01-10 00:00:00,SHORT,20.1479538,21.29408235,105.096964,-122.8501,-5.8017,SL,IS
5,S30a_DOW_Seasonality,ETC_USDT_USDT,4H,TimeBased,2024-01-12 04:00:00,2024-01-12 20:00:00,LONG,29.9159721,27.50320041,49.305073,-120.519,-8.1707,SL,IS
5,S30a_DOW_Seasonality,ETC_USDT_USDT,4H,TimeBased,2024-01-13 00:00:00,2024-01-14 20:00:00,LONG,29.0107006,26.40260991,45.131614,-119.0828,-9.0952,SL,IS
5,S30a_DOW_Seasonality,ETC_USDT_USDT,4H,TimeBased,2024-01-18 04:00:00,2024-01-19 16:00:00,SHORT,25.522341,23.28127958,85.343166,188.9685,8.6756,TP,IS
5,S30a_DOW_Seasonality,ETC_USDT_USDT,4H,TimeBased,2024-01-25 04:00:00,2024-01-26 08:00:00,SHORT,22.6182125,23.67424203,112.542004,-121.7131,-4.7815,SL,IS
5,S30a_DOW_Seasonality,ETC_USDT_USDT,4H,TimeBased,2024-01-26 12:00:00,2024-01-30 16:00:00,LONG,24.0152024,25.74597592,110.780265,188.7036,7.093,TP,IS
5,S30a_DOW_Seasonality,ETC_USDT_USDT,4H,TimeBased,2024-02-01 04:00:00,2024-02-01 16:00:00,SHORT,23.6369068,24.68401967,114.184275,-122.5984,-4.5424,SL,IS
5,S30a_DOW_Seasonality,ETC_USDT_USDT,4H,TimeBased,2024-02-02 04:00:00,2024-02-09 08:00:00,LONG,24.6884043,26.32401688,117.733398,189.263,6.5114,TP,IS
5,S30a_DOW_Seasonality,ETC_USDT_USDT,4H,TimeBased,2024-02-09 12:00:00,2024-02-10 08:00:00,LONG,26.4099206,25.70949355,172.344619,-125.6552,-2.7607,SL,IS
5,S30a_DOW_Seasonality,ETC_USDT_USDT,4H,TimeBased,2024-02-16 04:00:00,2024-02-16 12:00:00,LONG,27.30819,26.43504038,136.530664,-123.2474,-3.3056,SL,IS
5,S30a_DOW_Seasonality,ETC_USDT_USDT,4H,TimeBased,2024-02-17 00:00:00,2024-02-17 12:00:00,LONG,26.8090403,25.92511646,133.421154,-121.8039,-3.4053,SL,IS
5,S30a_DOW_Seasonality,ETC_USDT_USDT,4H,TimeBased,2024-02-22 04:00:00,2024-02-25 12:00:00,SHORT,25.822251,26.91054988,107.086732,-119.6482,-4.3269,SL,IS
5,S30a_DOW_Seasonality,ETC_USDT_USDT,4H,TimeBased,2024-03-01 04:00:00,2024-03-02 00:00:00,LONG,29.4908446,32.20604711,69.421857,186.1387,9.0919,TP,IS
5,S30a_DOW_Seasonality,ETC_USDT_USDT,4H,TimeBased,2024-03-08 04:00:00,2024-03-10 12:00:00,LONG,38.7436196,36.05682733,43.476915,-118.6021,-7.041,SL,IS
5,S30a_DOW_Seasonality,ETC_USDT_USDT,4H,TimeBased,2024-03-14 04:00:00,2024-03-14 16:00:00,SHORT,36.1841415,33.48478032,70.088789,186.5093,7.3542,TP,IS
5,S30a_DOW_Seasonality,ETC_USDT_USDT,4H,TimeBased,2024-03-14 20:00:00,2024-03-15 08:00:00,SHORT,34.1437538,31.16209691,64.617541,190.3464,8.6275,TP,IS
5,S30a_DOW_Seasonality,ETC_USDT_USDT,4H,TimeBased,2024-03-21 04:00:00,2024-03-25 12:00:00,SHORT,30.3898803,32.30818215,62.309953,-121.678,-6.4258,SL,IS
5,S30a_DOW_Seasonality,ETC_USDT_USDT,4H,TimeBased,2024-03-29 04:00:00,2024-03-29 08:00:00,LONG,32.3807113,34.09863336,111.844645,188.0509,5.1925,TP,IS
5,S30a_DOW_Seasonality,ETC_USDT_USDT,4H,TimeBased,2024-03-29 12:00:00,2024-03-29 16:00:00,LONG,34.670398,33.32943381,89.851731,-123.8484,-3.9756,SL,IS
5,S30a_DOW_Seasonality,ETC_USDT_USDT,4H,TimeBased,2024-03-29 20:00:00,2024-04-01 12:00:00,LONG,33.5670671,32.20681272,87.62899,-122.3678,-4.1601,SL,IS
5,S30a_DOW_Seasonality,ETC_USDT_USDT,4H,TimeBased,2024-04-04 04:00:00,2024-04-04 08:00:00,SHORT,30.5548308,31.88177196,88.909164,-121.0304,-4.4552,SL,IS
5,S30a_DOW_Seasonality,ETC_USDT_USDT,4H,TimeBased,2024-04-05 04:00:00,2024-04-05 12:00:00,LONG,33.2559738,31.74170315,77.034172,-119.4045,-4.6609,SL,IS
5,S30a_DOW_Seasonality,ETC_USDT_USDT,4H,TimeBased,2024-04-05 16:00:00,2024-04-10 12:00:00,LONG,33.6580944,31.86740814,64.410347,-117.66,-5.4273,SL,IS
5,S30a_DOW_Seasonality,ETC_USDT_USDT,4H,TimeBased,2024-04-11 12:00:00,2024-04-12 16:00:00,SHORT,33.5479326,31.24654901,80.956327,183.4265,6.7538,TP,IS
5,S30a_DOW_Seasonality,ETC_USDT_USDT,4H,TimeBased,2024-04-18 04:00:00,2024-04-20 16:00:00,SHORT,25.7402756,27.4660138,67.179254,-117.8997,-6.8181,SL,IS
5,S30a_DOW_Seasonality,ETC_USDT_USDT,4H,TimeBased,2024-04-25 04:00:00,2024-04-26 04:00:00,SHORT,26.1111643,27.09551167,116.983154,-118.5754,-3.8819,SL,IS
5,S30a_DOW_Seasonality,ETC_USDT_USDT,4H,TimeBased,2024-04-26 16:00:00,2024-04-27 00:00:00,LONG,27.2121612,26.2225983,115.123148,-117.305,-3.7445,SL,IS
5,S30a_DOW_Seasonality,ETC_USDT_USDT,4H,TimeBased,2024-05-02 04:00:00,2024-05-03 12:00:00,SHORT,25.0604796,26.38646002,84.85353,-114.9151,-5.404,SL,IS
5,S30a_DOW_Seasonality,ETC_USDT_USDT,4H,TimeBased,2024-05-03 16:00:00,2024-05-06 04:00:00,LONG,26.5499626,28.39984987,98.151132,178.6022,6.8537,TP,IS
5,S30a_DOW_Seasonality,ETC_USDT_USDT,4H,TimeBased,2024-05-09 08:00:00,2024-05-17 08:00:00,SHORT,27.1548511,28.43600526,88.383786,-115.9356,-4.8306,SL,IS
5,S30a_DOW_Seasonality,ETC_USDT_USDT,4H,TimeBased,2024-05-17 12:00:00,2024-05-19 16:00:00,LONG,28.1774507,27.31723236,130.654267,-116.379,-3.1612,SL,IS
5,S30a_DOW_Seasonality,ETC_USDT_USDT,4H,TimeBased,2024-05-24 04:00:00,2024-05-24 08:00:00,LONG,33.1919546,31.04205553,51.460895,-112.4538,-6.5836,SL,IS
5,S30a_DOW_Seasonality,ETC_USDT_USDT,4H,TimeBased,2024-05-24 12:00:00,2024-05-30 08:00:00,LONG,31.5154518,29.37867196,51.237631,-111.1996,-6.8864,SL,IS
5,S30a_DOW_Seasonality,ETC_USDT_USDT,4H,TimeBased,2024-05-30 12:00:00,2024-06-07 16:00:00,SHORT,29.7660675,27.88481748,94.001914,173.8605,6.2136,TP,IS
5,S30a_DOW_Seasonality,ETC_USDT_USDT,4H,TimeBased,2024-06-13 04:00:00,2024-06-14 16:00:00,SHORT,25.6872915,24.24448377,124.275601,175.8929,5.5099,TP,IS
5,S30a_DOW_Seasonality,ETC_USDT_USDT,4H,TimeBased,2024-06-20 04:00:00,2024-06-23 20:00:00,SHORT,24.0187922,22.58689386,127.372559,179.1196,5.8549,TP,IS
5,S30a_DOW_Seasonality,ETC_USDT_USDT,4H,TimeBased,2024-06-27 08:00:00,2024-06-27 12:00:00,SHORT,23.2300289,23.83720311,188.672989,-119.4415,-2.7252,SL,IS
5,S30a_DOW_Seasonality,ETC_USDT_USDT,4H,TimeBased,2024-06-28 04:00:00,2024-06-28 16:00:00,LONG,24.2232648,23.60712526,183.914555,-118.1552,-2.6522,SL,IS
5,S30a_DOW_Seasonality,ETC_USDT_USDT,4H,TimeBased,2024-06-28 20:00:00,2024-06-29 16:00:00,LONG,23.7031088,23.11992916,192.337003,-117.1202,-2.569,SL,IS
5,S30a_DOW_Seasonality,ETC_USDT_USDT,4H,TimeBased,2024-07-04 04:00:00,2024-07-04 20:00:00,SHORT,22.053382,20.96631384,164.507899,174.9389,4.822,TP,IS
5,S30a_DOW_Seasonality,ETC_USDT_USDT,4H,TimeBased,2024-07-05 00:00:00,2024-07-05 00:00:00,SHORT,20.7457744,19.48529105,144.734931,179.2334,5.9692,TP,IS
5,S30a_DOW_Seasonality,ETC_USDT_USDT,4H,TimeBased,2024-07-12 00:00:00,2024-07-12 12:00:00,SHORT,20.6378068,21.34815902,160.811349,-117.9462,-3.5539,SL,IS
5,S30a_DOW_Seasonality,ETC_USDT_USDT,4H,TimeBased,2024-07-12 16:00:00,2024-07-13 20:00:00,LONG,21.3233951,22.41667069,167.141153,178.7104,5.0143,TP,IS
5,S30a_DOW_Seasonality,ETC_USDT_USDT,4H,TimeBased,2024-07-18 16:00:00,2024-07-19 12:00:00,SHORT,22.6921903,23.35055837,174.726522,-119.4591,-3.0129,SL,IS
5,S30a_DOW_Seasonality,ETC_USDT_USDT,4H,TimeBased,2024-07-19 16:00:00,2024-07-23 00:00:00,LONG,23.236969,24.32313302,168.782039,178.91,4.5617,TP,IS
5,S30a_DOW_Seasonality,ETC_USDT_USDT,4H,TimeBased,2024-07-25 04:00:00,2024-07-26 20:00:00,SHORT,21.9983985,22.89548657,128.513245,-118.4609,-4.1902,SL,IS
5,S30a_DOW_Seasonality,ETC_USDT_USDT,4H,TimeBased,2024-07-27 00:00:00,2024-07-30 16:00:00,LONG,22.90687,22.16263574,153.502141,-118.0466,-3.3572,SL,IS
5,S30a_DOW_Seasonality,ETC_USDT_USDT,4H,TimeBased,2024-08-01 04:00:00,2024-08-01 16:00:00,SHORT,21.9104249,20.92162585,184.408738,177.999,4.4054,TP,IS
5,S30a_DOW_Seasonality,ETC_USDT_USDT,4H,TimeBased,2024-08-01 20:00:00,2024-08-01 20:00:00,SHORT,20.8417456,21.53914218,164.733113,-118.7242,-3.458,SL,IS
5,S30a_DOW_Seasonality,ETC_USDT_USDT,4H,TimeBased,2024-08-02 00:00:00,2024-08-02 12:00:00,SHORT,21.5175428,20.31046383,152.570826,180.6551,5.5028,TP,IS
5,S30a_DOW_Seasonality,ETC_USDT_USDT,4H,TimeBased,2024-08-08 08:00:00,2024-08-08 16:00:00,SHORT,18.4534623,19.43415472,117.390204,-117.5699,-5.4273,SL,IS
5,S30a_DOW_Seasonality,ETC_USDT_USDT,4H,TimeBased,2024-08-09 04:00:00,2024-08-11 12:00:00,LONG,19.6528941,18.74059133,124.921597,-116.6042,-4.7495,SL,IS
5,S30a_DOW_Seasonality,ETC_USDT_USDT,4H,TimeBased,2024-08-15 04:00:00,2024-08-20 04:00:00,SHORT,18.8373471,19.38668352,206.243172,-117.6328,-3.0278,SL,IS
5,S30a_DOW_Seasonality,ETC_USDT_USDT,4H,TimeBased,2024-08-23 04:00:00,2024-08-23 12:00:00,LONG,19.5938764,20.19277777,297.872463,171.878,2.9449,TP,IS
5,S30a_DOW_Seasonality,ETC_USDT_USDT,4H,TimeBased,2024-08-23 16:00:00,2024-08-23 20:00:00,LONG,20.146042,20.80116842,277.105544,175.2985,3.1401,TP,IS
5,S30a_DOW_Seasonality,ETC_USDT_USDT,4H,TimeBased,2024-08-24 00:00:00,2024-08-25 04:00:00,LONG,20.5701692,20.13118618,264.222945,-121.9042,-2.2429,SL,IS
5,S30a_DOW_Seasonality,ETC_USDT_USDT,4H,TimeBased,2024-08-29 04:00:00,2024-09-01 20:00:00,SHORT,18.6194125,17.63452193,187.670306,181.0926,5.1825,TP,IS
5,S30a_DOW_Seasonality,ETC_USDT_USDT,4H,TimeBased,2024-09-05 04:00:00,2024-09-06 20:00:00,SHORT,17.8656387,17.04259789,227.481771,182.8592,4.4994,TP,IS
5,S30a_DOW_Seasonality,ETC_USDT_USDT,4H,TimeBased,2024-09-13 04:00:00,2024-09-15 20:00:00,LONG,18.3715098,17.99420599,314.096297,-124.792,-2.1626,SL,IS
5,S30a_DOW_Seasonality,ETC_USDT_USDT,4H,TimeBased,2024-09-20 04:00:00,2024-09-22 20:00:00,LONG,19.065718,18.61829091,261.555649,-122.4481,-2.4555,SL,IS
5,S30a_DOW_Seasonality,ETC_USDT_USDT,4H,TimeBased,2024-09-27 04:00:00,2024-09-30 00:00:00,LONG,20.5991779,20.05754288,213.476179,-120.3998,-2.738,SL,IS
5,S30a_DOW_Seasonality,ETC_USDT_USDT,4H,TimeBased,2024-10-03 04:00:00,2024-10-04 16:00:00,SHORT,18.1705472,18.82398502,174.650494,-117.6769,-3.7081,SL,IS
5,S30a_DOW_Seasonality,ETC_USDT_USDT,4H,TimeBased,2024-10-04 20:00:00,2024-10-08 12:00:00,LONG,18.8596562,18.29584574,200.531001,-117.1594,-3.0979,SL,IS
5,S30a_DOW_Seasonality,ETC_USDT_USDT,4H,TimeBased,2024-10-10 04:00:00,2024-10-11 16:00:00,SHORT,18.2455247,18.67266228,262.820971,-117.5973,-2.4523,SL,IS
5,S30a_DOW_Seasonality,ETC_USDT_USDT,4H,TimeBased,2024-10-11 20:00:00,2024-10-13 12:00:00,LONG,18.6615968,18.28357944,294.238647,-117.2062,-2.1345,SL,IS
5,S30a_DOW_Seasonality,ETC_USDT_USDT,4H,TimeBased,2024-10-17 12:00:00,2024-10-18 16:00:00,SHORT,18.8753357,19.39608116,210.594045,-114.0987,-2.8704,SL,IS
5,S30a_DOW_Seasonality,ETC_USDT_USDT,4H,TimeBased,2024-10-18 20:00:00,2024-10-20 12:00:00,LONG,19.245772,19.99257891,232.795441,168.8293,3.7682,TP,IS
5,S30a_DOW_Seasonality,ETC_USDT_USDT,4H,TimeBased,2024-10-24 04:00:00,2024-10-25 08:00:00,SHORT,18.7703672,19.22139083,244.774772,-115.5139,-2.5142,SL,IS
5,S30a_DOW_Seasonality,ETC_USDT_USDT,4H,TimeBased,2024-10-25 12:00:00,2024-10-25 16:00:00,LONG,19.2077606,18.74834097,237.625773,-114.1306,-2.5005,SL,IS
5,S30a_DOW_Seasonality,ETC_USDT_USDT,4H,TimeBased,2024-10-31 16:00:00,2024-11-03 00:00:00,SHORT,18.7633693,17.93548382,209.623684,169.3133,4.3047,TP,IS
5,S30a_DOW_Seasonality,ETC_USDT_USDT,4H,TimeBased,2024-11-08 04:00:00,2024-11-09 04:00:00,LONG,20.0150027,21.11635138,160.756947,173.4128,5.3896,TP,IS
5,S30a_DOW_Seasonality,ETC_USDT_USDT,4H,TimeBased,2024-11-14 16:00:00,2024-11-15 12:00:00,SHORT,21.4945497,22.93130211,77.013001,-112.5304,-6.7979,SL,IS
5,S30a_DOW_Seasonality,ETC_USDT_USDT,4H,TimeBased,2024-11-15 16:00:00,2024-11-16 08:00:00,LONG,22.2876843,24.70861197,74.261525,177.8623,10.7462,TP,IS
5,S30a_DOW_Seasonality,ETC_USDT_USDT,4H,TimeBased,2024-11-21 04:00:00,2024-11-21 04:00:00,SHORT,25.4233707,27.01407254,69.993863,-113.358,-6.3703,SL,IS
5,S30a_DOW_Seasonality,ETC_USDT_USDT,4H,TimeBased,2024-11-22 04:00:00,2024-11-23 12:00:00,LONG,27.8403496,30.58461024,65.832365,178.5457,9.7417,TP,IS
5,S30a_DOW_Seasonality,ETC_USDT_USDT,4H,TimeBased,2024-11-29 04:00:00,2024-12-03 20:00:00,LONG,31.6885037,34.93358766,56.602261,181.6051,10.1249,TP,IS
5,S30a_DOW_Seasonality,ETC_USDT_USDT,4H,TimeBased,2024-12-06 04:00:00,2024-12-09 08:00:00,LONG,36.8080391,34.21499848,43.844433,-115.4031,-7.1509,SL,IS
5,S30a_DOW_Seasonality,ETC_USDT_USDT,4H,TimeBased,2024-12-13 04:00:00,2024-12-14 12:00:00,LONG,34.4433299,32.1979775,50.134939,-114.4082,-6.6254,SL,IS
5,S30a_DOW_Seasonality,ETC_USDT_USDT,4H,TimeBased,2024-12-19 04:00:00,2024-12-19 16:00:00,SHORT,29.4931494,26.4776613,60.683181,181.1213,10.12,TP,IS
5,S30a_DOW_Seasonality,ETC_USDT_USDT,4H,TimeBased,2024-12-19 20:00:00,2024-12-20 08:00:00,SHORT,26.7149831,23.54997123,58.84608,184.6217,11.7438,TP,IS
5,S30a_DOW_Seasonality,ETC_USDT_USDT,4H,TimeBased,2024-12-26 04:00:00,2025-01-01 08:00:00,SHORT,26.7869615,24.77737189,93.697961,185.6371,7.3962,TP,IS
5,S30a_DOW_Seasonality,ETC_USDT_USDT,4H,TimeBased,2025-01-03 04:00:00,2025-01-03 16:00:00,LONG,27.0231045,28.35584124,142.416284,185.4656,4.8191,TP,IS
5,S30a_DOW_Seasonality,ETC_USDT_USDT,4H,TimeBased,2025-01-03 20:00:00,2025-01-05 12:00:00,LONG,28.2734795,27.41991601,139.957008,-123.7493,-3.1273,SL,IS
5,S30a_DOW_Seasonality,ETC_USDT_USDT,4H,TimeBased,2025-01-09 04:00:00,2025-01-13 08:00:00,SHORT,25.1794439,23.43001864,109.828657,189.2007,6.8417,TP,IS
5,S30a_DOW_Seasonality,ETC_USDT_USDT,4H,TimeBased,2025-01-17 04:00:00,2025-01-18 04:00:00,LONG,27.6562944,26.59301888,112.731562,-123.2283,-3.9525,SL,IS
5,S30a_DOW_Seasonality,ETC_USDT_USDT,4H,TimeBased,2025-01-24 04:00:00,2025-01-26 20:00:00,LONG,28.0154021,26.51855344,79.074169,-120.7338,-5.45,SL,IS
5,S30a_DOW_Seasonality,ETC_USDT_USDT,4H,TimeBased,2025-01-31 08:00:00,2025-01-31 16:00:00,LONG,26.187854,27.59389721,135.312091,186.2521,5.2561,TP,IS
5,S30a_DOW_Seasonality,ETC_USDT_USDT,4H,TimeBased,2025-01-31 20:00:00,2025-02-01 08:00:00,LONG,27.0831225,26.13410936,125.788018,-123.0562,-3.6121,SL,IS
5,S30a_DOW_Seasonality,ETC_USDT_USDT,4H,TimeBased,2025-02-06 04:00:00,2025-02-24 20:00:00,SHORT,20.7877618,18.57032313,87.18458,191.4392,10.5629,TP,IS
5,S30a_DOW_Seasonality,ETC_USDT_USDT,4H,TimeBased,2025-02-27 04:00:00,2025-03-02 12:00:00,SHORT,18.9313189,19.84573374,131.069533,-122.6473,-4.9428,SL,IS
5,S30a_DOW_Seasonality,ETC_USDT_USDT,4H,TimeBased,2025-03-07 04:00:00,2025-03-09 08:00:00,LONG,20.1510435,19.16786454,120.566907,-121.1462,-4.9864,SL,IS
5,S30a_DOW_Seasonality,ETC_USDT_USDT,4H,TimeBased,2025-03-13 04:00:00,2025-03-25 16:00:00,SHORT,17.7886618,18.6548331,135.529927,-120.1087,-4.9819,SL,IS
5,S30a_DOW_Seasonality,ETC_USDT_USDT,4H,TimeBased,2025-03-27 12:00:00,2025-03-28 04:00:00,SHORT,18.0435853,17.34642146,268.396382,181.8921,3.7559,TP,IS
5,S30a_DOW_Seasonality,ETC_USDT_USDT,4H,TimeBased,2025-04-03 04:00:00,2025-04-06 12:00:00,SHORT,16.6530026,15.46208786,161.653576,189.6603,7.0453,TP,IS
5,S30a_DOW_Seasonality,ETC_USDT_USDT,4H,TimeBased,2025-04-10 12:00:00,2025-04-12 12:00:00,SHORT,14.6885921,15.40935367,166.375688,-122.6714,-5.0196,SL,IS
5,S30a_DOW_Seasonality,ETC_USDT_USDT,4H,TimeBased,2025-04-17 04:00:00,2025-04-18 04:00:00,SHORT,14.785563,15.28633411,237.655754,-122.9419,-3.4988,SL,IS
5,S30a_DOW_Seasonality,ETC_USDT_USDT,4H,TimeBased,2025-04-18 08:00:00,2025-04-19 00:00:00,LONG,15.2295675,15.93249912,270.161007,185.2744,4.503,TP,IS
5,S30a_DOW_Seasonality,ETC_USDT_USDT,4H,TimeBased,2025-04-25 04:00:00,2025-04-27 00:00:00,LONG,16.7990382,17.60670573,239.082937,188.5753,4.6952,TP,IS
5,S30a_DOW_Seasonality,ETC_USDT_USDT,4H,TimeBased,2025-05-01 04:00:00,2025-05-02 00:00:00,SHORT,16.615014,17.11178165,244.959195,-126.2317,-3.1015,SL,IS
5,S30a_DOW_Seasonality,ETC_USDT_USDT,4H,TimeBased,2025-05-02 04:00:00,2025-05-03 08:00:00,LONG,17.1621471,16.68903922,254.579028,-125.1831,-2.8652,SL,IS
5,S30a_DOW_Seasonality,ETC_USDT_USDT,4H,TimeBased,2025-05-09 04:00:00,2025-05-09 08:00:00,LONG,18.4645377,19.44937161,195.464671,188.4243,5.2207,TP,IS
5,S30a_DOW_Seasonality,ETC_USDT_USDT,4H,TimeBased,2025-05-09 12:00:00,2025-05-10 20:00:00,LONG,19.155745,20.32299148,167.976607,192.4228,5.9801,TP,IS
5,S30a_DOW_Seasonality,ETC_USDT_USDT,4H,TimeBased,2025-05-15 04:00:00,2025-05-17 00:00:00,SHORT,19.6281098,18.31631809,152.19519,196.4722,6.5769,TP,IS
5,S30a_DOW_Seasonality,ETC_USDT_USDT,4H,TimeBased,2025-05-23 04:00:00,2025-05-23 08:00:00,LONG,20.0200042,19.32418734,179.25582,-128.6082,-3.5837,SL,IS
5,S30a_DOW_Seasonality,ETC_USDT_USDT,4H,TimeBased,2025-05-23 16:00:00,2025-05-25 00:00:00,LONG,19.0397102,18.24212283,154.527982,-126.4182,-4.2968,SL,IS
5,S30a_DOW_Seasonality,ETC_USDT_USDT,4H,TimeBased,2025-05-29 16:00:00,2025-05-30 00:00:00,SHORT,18.3514929,17.36759582,201.136504,193.9462,5.2543,TP,IS
5,S30a_DOW_Seasonality,ETC_USDT_USDT,4H,TimeBased,2025-06-05 04:00:00,2025-06-05 16:00:00,SHORT,17.3088058,16.54072209,260.684543,195.3743,4.33,TP,IS
5,S30a_DOW_Seasonality,ETC_USDT_USDT,4H,TimeBased,2025-06-05 20:00:00,2025-06-07 12:00:00,SHORT,16.6709972,17.20457769,236.615766,-130.6621,-3.3124,SL,IS
5,S30a_DOW_Seasonality,ETC_USDT_USDT,4H,TimeBased,2025-06-12 08:00:00,2025-06-13 00:00:00,SHORT,17.7226816,16.81578589,222.659881,197.6996,5.01,TP,IS
5,S30a_DOW_Seasonality,ETC_USDT_USDT,4H,TimeBased,2025-06-19 04:00:00,2025-06-21 16:00:00,SHORT,16.5510332,15.7213775,247.169925,200.6787,4.9055,TP,IS
5,S30a_DOW_Seasonality,ETC_USDT_USDT,4H,TimeBased,2025-06-27 00:00:00,2025-06-29 08:00:00,SHORT,16.1011682,16.56994271,275.352396,-134.026,-3.023,SL,IS
5,S30a_DOW_Seasonality,ETC_USDT_USDT,4H,TimeBased,2025-07-04 04:00:00,2025-07-04 12:00:00,LONG,16.8320481,16.44130646,327.545411,-133.9798,-2.4301,SL,IS
5,S30a_DOW_Seasonality,ETC_USDT_USDT,4H,TimeBased,2025-07-11 04:00:00,2025-07-11 20:00:00,LONG,18.5465623,18.05839645,258.996621,-131.6476,-2.7407,SL,IS
5,S30a_DOW_Seasonality,ETC_USDT_USDT,4H,TimeBased,2025-07-12 00:00:00,2025-07-14 04:00:00,LONG,18.265478,19.18269195,219.916324,197.1808,4.9088,TP,IS
5,S30a_DOW_Seasonality,ETC_USDT_USDT,4H,TimeBased,2025-07-18 04:00:00,2025-07-18 04:00:00,LONG,21.516453,22.97889011,140.9145,202.6301,6.6831,TP,IS
5,S30a_DOW_Seasonality,ETC_USDT_USDT,4H,TimeBased,2025-07-18 08:00:00,2025-07-18 08:00:00,LONG,22.9018685,24.62601826,121.639926,206.5457,7.4143,TP,IS
5,S30a_DOW_Seasonality,ETC_USDT_USDT,4H,TimeBased,2025-07-18 12:00:00,2025-07-18 12:00:00,LONG,24.4013182,23.20892205,109.476479,-133.406,-4.9939,SL,IS
5,S30a_DOW_Seasonality,ETC_USDT_USDT,4H,TimeBased,2025-07-18 16:00:00,2025-07-19 04:00:00,LONG,23.1849534,25.36794346,96.902336,208.9491,9.3004,TP,IS
5,S30a_DOW_Seasonality,ETC_USDT_USDT,4H,TimeBased,2025-07-24 04:00:00,2025-07-30 16:00:00,SHORT,22.7091852,20.63104309,103.473752,212.5666,9.0461,TP,IS
5,S30a_DOW_Seasonality,ETC_USDT_USDT,4H,TimeBased,2025-07-31 04:00:00,2025-08-01 00:00:00,SHORT,21.7404759,20.25521627,146.544642,214.272,6.7255,TP,IS
5,S30a_DOW_Seasonality,ETC_USDT_USDT,4H,TimeBased,2025-08-07 04:00:00,2025-08-07 08:00:00,SHORT,20.0989685,20.78276934,198.94785,-140.514,-3.514,SL,IS
5,S30a_DOW_Seasonality,ETC_USDT_USDT,4H,TimeBased,2025-08-08 04:00:00,2025-08-09 00:00:00,LONG,21.6204842,22.82600288,180.802769,213.5413,5.4628,TP,IS
5,S30a_DOW_Seasonality,ETC_USDT_USDT,4H,TimeBased,2025-08-14 16:00:00,2025-08-19 16:00:00,SHORT,22.4962491,20.78998811,130.531697,219.6135,7.4788,TP,IS
5,S30a_DOW_Seasonality,ETC_USDT_USDT,4H,TimeBased,2025-08-21 04:00:00,2025-08-22 12:00:00,SHORT,21.4445647,22.13093341,202.619851,-143.928,-3.3124,SL,IS
5,S30a_DOW_Seasonality,ETC_USDT_USDT,4H,TimeBased,2025-08-22 16:00:00,2025-08-22 16:00:00,LONG,23.1289366,24.5971569,152.028943,219.2213,6.2345,TP,IS
5,S30a_DOW_Seasonality,ETC_USDT_USDT,4H,TimeBased,2025-08-22 20:00:00,2025-08-24 00:00:00,LONG,24.7994376,23.7040082,127.24246,-142.7796,-4.5247,SL,IS
5,S30a_DOW_Seasonality,ETC_USDT_USDT,4H,TimeBased,2025-08-28 04:00:00,2025-09-01 00:00:00,SHORT,21.6425053,20.40656821,181.375765,219.9744,5.6038,TP,IS
5,S30a_DOW_Seasonality,ETC_USDT_USDT,4H,TimeBased,2025-09-04 04:00:00,2025-09-08 12:00:00,SHORT,20.513844,21.03336427,271.334104,-147.1638,-2.6439,SL,IS
5,S30a_DOW_Seasonality,ETC_USDT_USDT,4H,TimeBased,2025-09-12 04:00:00,2025-09-13 08:00:00,LONG,21.4454317,22.22755261,284.925916,216.0026,3.535,TP,IS
5,S30a_DOW_Seasonality,ETC_USDT_USDT,4H,TimeBased,2025-09-25 04:00:00,2025-09-25 16:00:00,SHORT,18.5234413,17.69903229,276.1667,222.1724,4.3431,TP,IS
5,S30a_DOW_Seasonality,ETC_USDT_USDT,4H,TimeBased,2025-09-25 20:00:00,2025-09-29 12:00:00,SHORT,18.0395865,18.62966438,243.223857,-148.4264,-3.3828,SL,IS
5,S30a_DOW_Seasonality,ETC_USDT_USDT,4H,TimeBased,2025-10-03 04:00:00,2025-10-04 12:00:00,LONG,19.7979376,19.28040271,274.896092,-148.1767,-2.7226,SL,IS
5,S30a_DOW_Seasonality,ETC_USDT_USDT,4H,TimeBased,2025-10-09 04:00:00,2025-10-10 00:00:00,SHORT,19.2852127,19.86313231,243.365694,-145.8859,-3.1083,SL,IS
5,S30a_DOW_Seasonality,ETC_USDT_USDT,4H,TimeBased,2025-10-10 04:00:00,2025-10-10 12:00:00,LONG,20.3300972,19.63637025,200.247629,-143.3189,-3.5204,SL,IS
5,S30a_DOW_Seasonality,ETC_USDT_USDT,4H,TimeBased,2025-10-16 04:00:00,2025-10-17 08:00:00,SHORT,16.2381271,14.77028471,152.951215,221.8998,8.9345,TP,IS
5,S30a_DOW_Seasonality,ETC_USDT_USDT,4H,TimeBased,2025-10-23 04:00:00,2025-10-24 12:00:00,SHORT,15.4593608,16.02945229,245.050217,-143.945,-3.7997,SL,IS
5,S30a_DOW_Seasonality,ETC_USDT_USDT,4H,TimeBased,2025-10-24 20:00:00,2025-10-26 12:00:00,LONG,15.8857643,16.66379175,287.12219,218.2488,4.7849,TP,IS
5,S30a_DOW_Seasonality,ETC_USDT_USDT,4H,TimeBased,2025-10-30 04:00:00,2025-10-30 16:00:00,SHORT,16.005197,15.15492629,267.523831,222.8828,5.2054,TP,IS
5,S30a_DOW_Seasonality,ETC_USDT_USDT,4H,TimeBased,2025-10-30 20:00:00,2025-10-31 00:00:00,SHORT,14.8675384,15.44599538,246.582082,-146.7483,-4.0029,SL,IS
5,S30a_DOW_Seasonality,ETC_USDT_USDT,4H,TimeBased,2025-10-31 16:00:00,2025-11-03 00:00:00,LONG,16.0618171,15.50624169,254.16908,-145.6231,-3.5671,SL,IS
5,S30a_DOW_Seasonality,ETC_USDT_USDT,4H,TimeBased,2025-11-06 04:00:00,2025-11-07 00:00:00,SHORT,14.5806245,15.31431886,190.057426,-142.569,-5.1447,SL,IS
5,S30a_DOW_Seasonality,ETC_USDT_USDT,4H,TimeBased,2025-11-07 04:00:00,2025-11-07 08:00:00,LONG,15.1435417,16.38623577,181.449276,222.3394,8.0916,TP,IS
5,S30a_DOW_Seasonality,ETC_USDT_USDT,4H,TimeBased,2025-11-07 12:00:00,2025-11-07 16:00:00,LONG,16.1808528,17.62769417,158.546067,226.4429,8.8268,TP,IS
5,S30a_DOW_Seasonality,ETC_USDT_USDT,4H,TimeBased,2025-11-07 20:00:00,2025-11-08 04:00:00,LONG,17.745322,16.65005102,129.906075,-144.7398,-6.2788,SL,IS
5,S30a_DOW_Seasonality,ETC_USDT_USDT,4H,TimeBased,2025-11-13 04:00:00,2025-11-14 04:00:00,SHORT,15.5693278,14.49599427,214.323924,226.497,6.7877,TP,IS
5,S30a_DOW_Seasonality,ETC_USDT_USDT,4H,TimeBased,2025-11-20 04:00:00,2025-11-21 04:00:00,SHORT,14.2587211,13.34210923,254.733952,229.6252,6.322,TP,IS
5,S30a_DOW_Seasonality,ETC_USDT_USDT,4H,TimeBased,2025-11-27 12:00:00,2025-12-01 00:00:00,SHORT,13.8988291,13.24394921,360.081234,230.4345,4.6044,TP,IS
5,S30a_DOW_Seasonality,ETC_USDT_USDT,4H,TimeBased,2025-12-05 04:00:00,2025-12-05 12:00:00,LONG,13.7851343,13.41060151,396.890985,-154.5852,-2.8254,SL,IS
5,S30a_DOW_Seasonality,ETC_USDT_USDT,4H,TimeBased,2025-12-11 04:00:00,2025-12-15 16:00:00,SHORT,13.0610805,12.28453686,306.709859,233.898,5.8387,TP,IS
5,S30a_DOW_Seasonality,ETC_USDT_USDT,4H,TimeBased,2025-12-18 04:00:00,2025-12-19 16:00:00,SHORT,11.9944006,12.43985816,334.696917,-153.5912,-3.8259,SL,IS
5,S30a_DOW_Seasonality,ETC_USDT_USDT,4H,TimeBased,2025-12-19 20:00:00,2025-12-23 12:00:00,LONG,12.4247263,11.94198051,305.34271,-151.495,-3.9932,SL,IS
5,S30a_DOW_Seasonality,ETC_USDT_USDT,4H,TimeBased,2025-12-25 04:00:00,2025-12-26 16:00:00,SHORT,12.0473847,11.57119762,493.201997,228.4496,3.8448,TP,IS
5,S30a_DOW_Seasonality,ETC_USDT_USDT,4H,TimeBased,2026-01-01 04:00:00,2026-01-01 12:00:00,SHORT,11.4745566,11.76945827,504.778293,-155.3132,-2.6815,SL,OOS
5,S30a_DOW_Seasonality,ETC_USDT_USDT,4H,TimeBased,2026-01-02 04:00:00,2026-01-04 00:00:00,LONG,12.193657,12.68862623,476.947841,229.5474,3.947,TP,OOS
5,S30a_DOW_Seasonality,ETC_USDT_USDT,4H,TimeBased,2026-01-08 04:00:00,2026-01-12 12:00:00,SHORT,12.7731669,12.08926348,353.088254,236.65,5.2472,TP,OOS
5,S30a_DOW_Seasonality,ETC_USDT_USDT,4H,TimeBased,2026-01-15 04:00:00,2026-01-19 00:00:00,SHORT,12.8431459,12.13967064,348.918257,240.661,5.3704,TP,OOS
5,S30a_DOW_Seasonality,ETC_USDT_USDT,4H,TimeBased,2026-01-22 04:00:00,2026-01-25 16:00:00,SHORT,11.7054873,11.04131046,375.741629,244.8581,5.5672,TP,OOS
5,S30a_DOW_Seasonality,ETC_USDT_USDT,4H,TimeBased,2026-01-29 04:00:00,2026-01-29 12:00:00,SHORT,11.2876127,10.85919311,586.336184,244.0559,3.6876,TP,OOS
5,S30a_DOW_Seasonality,ETC_USDT_USDT,4H,TimeBased,2026-01-29 16:00:00,2026-01-31 08:00:00,SHORT,10.756772,10.26891252,525.418449,250.2544,4.4279,TP,OOS
5,S30a_DOW_Seasonality,ETC_USDT_USDT,4H,TimeBased,2026-02-05 04:00:00,2026-02-05 12:00:00,SHORT,9.2362283,8.49632579,355.597972,259.6397,7.9053,TP,OOS
5,S30a_DOW_Seasonality,ETC_USDT_USDT,4H,TimeBased,2026-02-05 16:00:00,2026-02-06 00:00:00,SHORT,8.5264413,7.69442408,322.142533,265.1541,9.6534,TP,OOS
5,S30a_DOW_Seasonality,ETC_USDT_USDT,4H,TimeBased,2026-02-12 04:00:00,2026-02-13 20:00:00,SHORT,8.267519,8.593056,511.621739,-171.2962,-4.0497,SL,OOS
5,S30a_DOW_Seasonality,ETC_USDT_USDT,4H,TimeBased,2026-02-14 00:00:00,2026-02-14 16:00:00,LONG,8.5185548,8.98629848,571.046727,261.6056,5.3779,TP,OOS
5,S30a_DOW_Seasonality,ETC_USDT_USDT,4H,TimeBased,2026-02-19 04:00:00,2026-02-20 16:00:00,SHORT,8.4514638,8.70249793,668.760928,-174.1914,-3.0819,SL,OOS
5,S30a_DOW_Seasonality,ETC_USDT_USDT,4H,TimeBased,2026-02-20 20:00:00,2026-02-21 08:00:00,LONG,8.6565962,9.06994739,647.738147,261.4281,4.6624,TP,OOS
5,S30a_DOW_Seasonality,ETC_USDT_USDT,4H,TimeBased,2026-02-27 04:00:00,2026-02-27 16:00:00,LONG,8.90267,8.55244365,480.379727,-172.8534,-4.0418,SL,OOS
5,S30a_DOW_Seasonality,ETC_USDT_USDT,4H,TimeBased,2026-03-05 20:00:00,2026-03-07 16:00:00,SHORT,8.6434062,8.08243441,483.010579,266.512,6.3837,TP,OOS
5,S30a_DOW_Seasonality,ETC_USDT_USDT,4H,TimeBased,2026-03-12 04:00:00,2026-03-13 00:00:00,SHORT,8.1915418,8.42671281,721.899156,-176.3679,-2.9825,SL,OOS
5,S30a_DOW_Seasonality,ETC_USDT_USDT,4H,TimeBased,2026-03-13 04:00:00,2026-03-13 12:00:00,LONG,8.4485338,8.81115392,744.499285,262.903,4.1797,TP,OOS
5,S30a_DOW_Seasonality,ETC_USDT_USDT,4H,TimeBased,2026-03-13 16:00:00,2026-03-14 04:00:00,LONG,8.5715707,8.32337381,687.062591,-176.9111,-3.004,SL,OOS
5,S30a_DOW_Seasonality,ETC_USDT_USDT,4H,TimeBased,2026-03-19 04:00:00,2026-03-22 00:00:00,SHORT,8.5534332,8.09889477,600.248613,267.3385,5.207,TP,OOS
5,S30a_DOW_Seasonality,ETC_USDT_USDT,4H,TimeBased,2026-03-26 08:00:00,2026-03-27 08:00:00,SHORT,8.4624605,8.06592331,697.161864,270.113,4.5784,TP,OOS
5,S30a_DOW_Seasonality,ETC_USDT_USDT,4H,TimeBased,2026-04-02 04:00:00,2026-04-03 20:00:00,SHORT,7.9416168,8.17878054,734.589341,-180.731,-3.098,SL,OOS
5,S30a_DOW_Seasonality,ETC_USDT_USDT,4H,TimeBased,2026-04-04 00:00:00,2026-04-04 08:00:00,LONG,8.082424,8.40138323,867.06148,268.6964,3.8342,TP,OOS
5,S30a_DOW_Seasonality,ETC_USDT_USDT,4H,TimeBased,2026-04-09 04:00:00,2026-04-16 12:00:00,SHORT,8.3894824,8.65207448,666.529145,-181.2726,-3.2417,SL,OOS
5,S30a_DOW_Seasonality,ETC_USDT_USDT,4H,TimeBased,2026-04-17 04:00:00,2026-04-19 00:00:00,LONG,8.6115827,8.35164195,666.122878,-179.3673,-3.1268,SL,OOS
5,S30a_DOW_Seasonality,ETC_USDT_USDT,4H,TimeBased,2026-04-23 04:00:00,2026-04-24 08:00:00,SHORT,8.3714878,8.58610885,800.247812,-179.2137,-2.6751,SL,OOS
5,S30a_DOW_Seasonality,ETC_USDT_USDT,4H,TimeBased,2026-04-24 12:00:00,2026-04-27 04:00:00,LONG,8.5495641,8.3484532,845.379942,-177.872,-2.461,SL,OOS
5,S30a_DOW_Seasonality,ETC_USDT_USDT,4H,TimeBased,2026-04-30 04:00:00,2026-05-02 08:00:00,SHORT,8.3414968,8.526228,911.866627,-176.9098,-2.3258,SL,OOS
5,S30a_DOW_Seasonality,ETC_USDT_USDT,4H,TimeBased,2026-05-08 04:00:00,2026-05-08 16:00:00,LONG,9.2647786,9.6905819,628.072647,260.8875,4.4834,TP,OOS
5,S30a_DOW_Seasonality,ETC_USDT_USDT,4H,TimeBased,2026-05-08 20:00:00,2026-05-09 12:00:00,LONG,9.8239463,9.53414509,581.857513,-174.818,-3.0583,SL,OOS
5,S30a_DOW_Seasonality,ETC_USDT_USDT,4H,TimeBased,2026-05-14 04:00:00,2026-05-14 12:00:00,SHORT,9.1402571,9.41411701,609.549132,-173.1515,-3.1078,SL,OOS
5,S30a_DOW_Seasonality,ETC_USDT_USDT,4H,TimeBased,2026-05-15 04:00:00,2026-05-15 12:00:00,LONG,9.4598371,9.18674464,604.724491,-171.3475,-2.9953,SL,OOS
5,S30a_DOW_Seasonality,ETC_USDT_USDT,4H,TimeBased,2026-05-21 12:00:00,2026-05-22 00:00:00,SHORT,8.8503441,9.1061419,639.218982,-169.8238,-3.0018,SL,OOS
5,S30a_DOW_Seasonality,ETC_USDT_USDT,4H,TimeBased,2026-05-22 04:00:00,2026-05-22 16:00:00,LONG,9.142742,8.89339981,648.902024,-168.2357,-2.8357,SL,OOS
5,S30a_DOW_Seasonality,ETC_USDT_USDT,4H,TimeBased,2026-05-28 04:00:00,2026-06-02 12:00:00,SHORT,8.2215328,7.78724373,595.604534,253.4203,5.1752,TP,OOS
5,S30a_DOW_Seasonality,ETC_USDT_USDT,4H,TimeBased,2026-06-04 04:00:00,2026-06-05 00:00:00,SHORT,7.6237122,7.10553797,509.488495,259.8764,6.6906,TP,OOS
5,S30a_DOW_Seasonality,ETC_USDT_USDT,4H,TimeBased,2026-06-12 04:00:00,2026-06-14 12:00:00,LONG,7.3091921,7.0825197,728.210388,-170.8293,-3.2095,SL,OOS
5,S30a_DOW_Seasonality,ETC_USDT_USDT,4H,TimeBased,2026-06-18 04:00:00,2026-06-19 16:00:00,SHORT,7.2548229,7.48109958,722.255871,-169.2834,-3.2307,SL,OOS
5,S30a_DOW_Seasonality,ETC_USDT_USDT,4H,TimeBased,2026-06-19 20:00:00,2026-06-22 16:00:00,LONG,7.4712407,7.21291066,625.050304,-166.5174,-3.5658,SL,OOS
5,S30a_DOW_Seasonality,ETC_USDT_USDT,4H,TimeBased,2026-06-25 04:00:00,2026-06-26 16:00:00,SHORT,7.0408871,7.27637445,679.158594,-165.2813,-3.4564,SL,OOS
5,S30a_DOW_Seasonality,ETC_USDT_USDT,4H,TimeBased,2026-06-26 20:00:00,2026-06-28 08:00:00,LONG,7.3111927,7.02331141,548.680194,-162.2805,-4.0454,SL,OOS
5,S30a_DOW_Seasonality,ETC_USDT_USDT,4H,TimeBased,2026-07-03 04:00:00,2026-07-04 12:00:00,LONG,7.0711207,7.3570324,880.354663,244.7177,3.9311,TP,OOS
5,S30a_DOW_Seasonality,ETC_USDT_USDT,4H,TimeBased,2026-07-09 04:00:00,2026-07-10 08:00:00,SHORT,6.9439162,7.11652516,924.610936,-166.7464,-2.5971,SL,OOS
5,S30a_DOW_Seasonality,ETC_USDT_USDT,4H,TimeBased,2026-07-10 12:00:00,2026-07-12 00:00:00,LONG,7.0851249,6.93814617,1076.320593,-166.4977,-2.1833,SL,OOS
5,S30a_DOW_Seasonality,ETC_USDT_USDT,4H,TimeBased,2026-07-16 12:00:00,2026-07-24 00:00:00,SHORT,6.9539132,6.71589791,1047.054071,241.3427,3.3146,TP,OOS
5,S30a_DOW_Seasonality,ETC_USDT_USDT,4H,TimeBased,2026-07-30 04:00:00,2026-08-01 16:00:00,SHORT,6.7419768,6.48847772,1001.275137,246.5363,3.6521,TP,OOS
5,S30a_DOW_Seasonality,ETC_USDT_USDT,4H,TimeBased,2026-08-06 04:00:00,2026-08-11 12:00:00,SHORT,6.4950509,6.30164582,1323.149928,246.5913,2.8694,TP,OOS
5,S30a_DOW_Seasonality,ETC_USDT_USDT,4H,TimeBased,2026-08-13 04:00:00,2026-08-16 20:00:00,SHORT,6.2991097,6.07748488,1179.017093,253.2737,3.4103,TP,OOS
5,S30a_DOW_Seasonality,ETC_USDT_USDT,4H,TimeBased,2026-08-21 04:00:00,2026-08-21 08:00:00,LONG,7.0351099,7.34568856,859.311434,260.0871,4.3023,TP,OOS
5,S30a_DOW_Seasonality,ETC_USDT_USDT,4H,TimeBased,2026-08-21 12:00:00,2026-08-21 20:00:00,LONG,7.3011897,7.66390374,749.481807,265.6787,4.8551,TP,OOS
5,S30a_DOW_Seasonality,ETC_USDT_USDT,4H,TimeBased,2026-08-22 00:00:00,2026-08-22 00:00:00,LONG,8.3475035,8.85941456,541.732316,272.1919,6.0191,TP,OOS
6,S30a_DOW_Seasonality,AVAX_USDT_USDT,4H,TimeBased,2022-01-06 04:00:00,2022-01-08 12:00:00,SHORT,92.532232,83.27686378,17.816943,163.1796,9.8978,TP,IS
6,S30a_DOW_Seasonality,AVAX_USDT_USDT,4H,TimeBased,2022-01-13 20:00:00,2022-01-19 04:00:00,SHORT,91.0376805,83.01076683,20.848417,165.3527,8.712,TP,IS
6,S30a_DOW_Seasonality,AVAX_USDT_USDT,4H,TimeBased,2022-01-20 04:00:00,2022-01-20 12:00:00,SHORT,83.454956,86.74302153,31.6627,-107.0729,-4.0521,SL,IS
6,S30a_DOW_Seasonality,AVAX_USDT_USDT,4H,TimeBased,2022-01-20 20:00:00,2022-01-20 20:00:00,SHORT,85.9592045,80.74852544,32.120625,164.4252,5.9551,TP,IS
6,S30a_DOW_Seasonality,AVAX_USDT_USDT,4H,TimeBased,2022-01-21 00:00:00,2022-01-21 12:00:00,SHORT,79.216228,73.03679775,27.630587,168.4275,7.695,TP,IS
6,S30a_DOW_Seasonality,AVAX_USDT_USDT,4H,TimeBased,2022-01-27 04:00:00,2022-01-29 00:00:00,SHORT,61.931415,67.82198709,17.979379,-107.1919,-9.6267,SL,IS
6,S30a_DOW_Seasonality,AVAX_USDT_USDT,4H,TimeBased,2022-02-03 04:00:00,2022-02-04 08:00:00,SHORT,67.7246765,71.66248833,26.675862,-107.0896,-5.9276,SL,IS
6,S30a_DOW_Seasonality,AVAX_USDT_USDT,4H,TimeBased,2022-02-04 12:00:00,2022-02-04 20:00:00,LONG,71.3163885,77.74334623,26.48306,168.0343,8.8969,TP,IS
6,S30a_DOW_Seasonality,AVAX_USDT_USDT,4H,TimeBased,2022-02-05 00:00:00,2022-02-07 12:00:00,LONG,77.7283115,84.67495621,24.897493,170.7301,8.8222,TP,IS
6,S30a_DOW_Seasonality,AVAX_USDT_USDT,4H,TimeBased,2022-02-11 04:00:00,2022-02-11 20:00:00,LONG,89.12673,83.77522009,20.048918,-109.1986,-6.1111,SL,IS
6,S30a_DOW_Seasonality,AVAX_USDT_USDT,4H,TimeBased,2022-02-17 20:00:00,2022-02-20 04:00:00,SHORT,88.2785085,79.67302261,20.248212,172.3753,9.6435,TP,IS
6,S30a_DOW_Seasonality,AVAX_USDT_USDT,4H,TimeBased,2022-02-24 04:00:00,2022-02-24 16:00:00,SHORT,67.229825,73.38221723,17.52251,-109.1605,-9.2663,SL,IS
6,S30a_DOW_Seasonality,AVAX_USDT_USDT,4H,TimeBased,2022-02-25 04:00:00,2022-03-01 00:00:00,LONG,75.9877895,87.30309647,15.54194,174.466,14.7728,TP,IS
6,S30a_DOW_Seasonality,AVAX_USDT_USDT,4H,TimeBased,2022-03-03 04:00:00,2022-03-06 20:00:00,SHORT,81.5605245,72.30657885,19.283078,176.8127,11.2423,TP,IS
6,S30a_DOW_Seasonality,AVAX_USDT_USDT,4H,TimeBased,2022-03-10 04:00:00,2022-03-13 20:00:00,SHORT,75.4223665,68.0954683,24.713304,179.1211,9.6098,TP,IS
6,S30a_DOW_Seasonality,AVAX_USDT_USDT,4H,TimeBased,2022-03-18 04:00:00,2022-03-18 16:00:00,LONG,78.72361,85.1049046,28.757256,180.9173,7.9915,TP,IS
6,S30a_DOW_Seasonality,AVAX_USDT_USDT,4H,TimeBased,2022-03-18 20:00:00,2022-03-19 04:00:00,LONG,86.62598,82.16451483,25.568218,-116.4453,-5.2574,SL,IS
6,S30a_DOW_Seasonality,AVAX_USDT_USDT,4H,TimeBased,2022-03-24 04:00:00,2022-03-27 20:00:00,SHORT,83.964803,88.41570004,25.376849,-115.3557,-5.4138,SL,IS
6,S30a_DOW_Seasonality,AVAX_USDT_USDT,4H,TimeBased,2022-04-01 08:00:00,2022-04-06 00:00:00,LONG,94.348296,88.43654774,18.881788,-113.5226,-6.3724,SL,IS
6,S30a_DOW_Seasonality,AVAX_USDT_USDT,4H,TimeBased,2022-04-07 04:00:00,2022-04-07 16:00:00,SHORT,83.255016,88.52548529,20.974396,-112.5266,-6.444,SL,IS
6,S30a_DOW_Seasonality,AVAX_USDT_USDT,4H,TimeBased,2022-04-07 20:00:00,2022-04-11 08:00:00,SHORT,86.693984,77.86377113,20.333875,177.7121,10.0811,TP,IS
6,S30a_DOW_Seasonality,AVAX_USDT_USDT,4H,TimeBased,2022-04-14 12:00:00,2022-04-18 04:00:00,SHORT,79.166243,73.24895734,30.719965,179.2036,7.3686,TP,IS
6,S30a_DOW_Seasonality,AVAX_USDT_USDT,4H,TimeBased,2022-04-21 20:00:00,2022-04-24 16:00:00,SHORT,76.157146,71.47072253,39.294262,180.959,6.047,TP,IS
6,S30a_DOW_Seasonality,AVAX_USDT_USDT,4H,TimeBased,2022-04-28 04:00:00,2022-04-29 12:00:00,SHORT,69.3341935,65.02525421,43.431981,183.9362,6.1082,TP,IS
6,S30a_DOW_Seasonality,AVAX_USDT_USDT,4H,TimeBased,2022-05-05 16:00:00,2022-05-08 12:00:00,SHORT,58.332495,51.33645364,27.410729,190.1132,11.89,TP,IS
6,S30a_DOW_Seasonality,AVAX_USDT_USDT,4H,TimeBased,2022-05-12 04:00:00,2022-05-13 04:00:00,SHORT,28.631408,35.89098028,16.276058,-118.7348,-25.4792,SL,IS
6,S30a_DOW_Seasonality,AVAX_USDT_USDT,4H,TimeBased,2022-05-19 04:00:00,2022-05-23 16:00:00,SHORT,29.761069,32.86846914,37.705592,-118.4652,-10.5569,SL,IS
6,S30a_DOW_Seasonality,AVAX_USDT_USDT,4H,TimeBased,2022-05-26 04:00:00,2022-05-26 08:00:00,SHORT,27.621711,24.3309326,58.034023,189.3188,11.8103,TP,IS
6,S30a_DOW_Seasonality,AVAX_USDT_USDT,4H,TimeBased,2022-05-26 12:00:00,2022-05-29 08:00:00,SHORT,24.152752,26.3823657,52.888842,-119.3917,-9.3464,SL,IS
6,S30a_DOW_Seasonality,AVAX_USDT_USDT,4H,TimeBased,2022-06-02 04:00:00,2022-06-02 20:00:00,SHORT,22.833148,24.84898273,57.911931,-118.2596,-8.9434,SL,IS
6,S30a_DOW_Seasonality,AVAX_USDT_USDT,4H,TimeBased,2022-06-03 00:00:00,2022-06-06 00:00:00,SHORT,24.612614,26.43879758,63.31716,-117.4066,-7.5338,SL,IS
6,S30a_DOW_Seasonality,AVAX_USDT_USDT,4H,TimeBased,2022-06-09 04:00:00,2022-06-11 08:00:00,SHORT,24.0377865,21.29813251,68.68065,186.4487,11.2935,TP,IS
6,S30a_DOW_Seasonality,AVAX_USDT_USDT,4H,TimeBased,2022-06-16 08:00:00,2022-06-24 00:00:00,SHORT,16.884933,18.88754327,57.99713,-117.2867,-11.9769,SL,IS
6,S30a_DOW_Seasonality,AVAX_USDT_USDT,4H,TimeBased,2022-06-24 04:00:00,2022-06-26 00:00:00,LONG,19.5508635,22.03109374,76.353834,187.6289,12.5691,TP,IS
6,S30a_DOW_Seasonality,AVAX_USDT_USDT,4H,TimeBased,2022-06-30 04:00:00,2022-07-06 04:00:00,SHORT,17.3098055,18.64579612,87.583184,-118.7423,-7.8324,SL,IS
6,S30a_DOW_Seasonality,AVAX_USDT_USDT,4H,TimeBased,2022-07-08 04:00:00,2022-07-08 08:00:00,LONG,20.7312175,19.61901869,104.250146,-118.2605,-5.4719,SL,IS
6,S30a_DOW_Seasonality,AVAX_USDT_USDT,4H,TimeBased,2022-07-08 12:00:00,2022-07-11 00:00:00,LONG,19.755925,18.60936012,100.04599,-116.8203,-5.9105,SL,IS
6,S30a_DOW_Seasonality,AVAX_USDT_USDT,4H,TimeBased,2022-07-14 12:00:00,2022-07-14 16:00:00,SHORT,17.924621,18.95846819,109.887724,-115.8363,-5.8809,SL,IS
6,S30a_DOW_Seasonality,AVAX_USDT_USDT,4H,TimeBased,2022-07-15 04:00:00,2022-07-16 04:00:00,LONG,19.855955,18.73230652,100.018997,-114.509,-5.7659,SL,IS
6,S30a_DOW_Seasonality,AVAX_USDT_USDT,4H,TimeBased,2022-07-21 04:00:00,2022-07-21 16:00:00,SHORT,22.8681375,24.63349327,62.958406,-112.7888,-7.834,SL,IS
6,S30a_DOW_Seasonality,AVAX_USDT_USDT,4H,TimeBased,2022-07-22 04:00:00,2022-07-23 12:00:00,LONG,24.8524535,23.21965389,67.381498,-111.802,-6.6764,SL,IS
6,S30a_DOW_Seasonality,AVAX_USDT_USDT,4H,TimeBased,2022-07-29 04:00:00,2022-08-01 04:00:00,LONG,24.717413,23.37740188,81.345306,-111.1554,-5.5283,SL,IS
6,S30a_DOW_Seasonality,AVAX_USDT_USDT,4H,TimeBased,2022-08-04 08:00:00,2022-08-05 12:00:00,SHORT,23.4679575,24.70077464,87.580053,-110.2904,-5.3661,SL,IS
6,S30a_DOW_Seasonality,AVAX_USDT_USDT,4H,TimeBased,2022-08-05 16:00:00,2022-08-06 12:00:00,LONG,24.147242,26.00369001,93.987182,171.8899,7.5738,TP,IS
6,S30a_DOW_Seasonality,AVAX_USDT_USDT,4H,TimeBased,2022-08-12 04:00:00,2022-08-15 04:00:00,LONG,28.968688,27.52030795,74.950199,-110.885,-5.1071,SL,IS
6,S30a_DOW_Seasonality,AVAX_USDT_USDT,4H,TimeBased,2022-08-18 04:00:00,2022-08-18 20:00:00,SHORT,25.832248,23.84810323,88.494188,173.1672,7.5751,TP,IS
6,S30a_DOW_Seasonality,AVAX_USDT_USDT,4H,TimeBased,2022-08-19 00:00:00,2022-08-19 04:00:00,SHORT,24.1877415,22.13280981,86.948661,176.4584,8.3904,TP,IS
6,S30a_DOW_Seasonality,AVAX_USDT_USDT,4H,TimeBased,2022-08-25 04:00:00,2022-08-26 16:00:00,SHORT,23.003097,21.47522245,118.420762,178.0351,6.5357,TP,IS
6,S30a_DOW_Seasonality,AVAX_USDT_USDT,4H,TimeBased,2022-09-01 04:00:00,2022-09-06 00:00:00,SHORT,19.0692775,20.10344624,109.036904,-115.1118,-5.5362,SL,IS
6,S30a_DOW_Seasonality,AVAX_USDT_USDT,4H,TimeBased,2022-09-08 04:00:00,2022-09-09 00:00:00,SHORT,18.9193225,19.69090194,144.910289,-114.8871,-4.1905,SL,IS
6,S30a_DOW_Seasonality,AVAX_USDT_USDT,4H,TimeBased,2022-09-09 04:00:00,2022-09-10 00:00:00,LONG,19.8409505,21.11439856,141.248238,176.6906,6.3048,TP,IS
6,S30a_DOW_Seasonality,AVAX_USDT_USDT,4H,TimeBased,2022-09-15 04:00:00,2022-09-18 20:00:00,SHORT,18.6194125,16.9984512,113.319961,181.4674,8.6005,TP,IS
6,S30a_DOW_Seasonality,AVAX_USDT_USDT,4H,TimeBased,2022-09-22 04:00:00,2022-09-22 08:00:00,SHORT,16.6799945,17.45493642,147.31156,-116.9236,-4.7585,SL,IS
6,S30a_DOW_Seasonality,AVAX_USDT_USDT,4H,TimeBased,2022-09-23 04:00:00,2022-09-26 00:00:00,LONG,17.8903655,17.10734357,144.259172,-115.7349,-4.4844,SL,IS
6,S30a_DOW_Seasonality,AVAX_USDT_USDT,4H,TimeBased,2022-09-29 04:00:00,2022-10-10 20:00:00,SHORT,17.264819,16.31210532,190.545705,178.0166,5.4113,TP,IS
6,S30a_DOW_Seasonality,AVAX_USDT_USDT,4H,TimeBased,2022-10-13 04:00:00,2022-10-13 04:00:00,SHORT,15.5803245,14.93328963,283.241626,178.5137,4.0452,TP,IS
6,S30a_DOW_Seasonality,AVAX_USDT_USDT,4H,TimeBased,2022-10-13 08:00:00,2022-10-13 12:00:00,SHORT,15.1504535,14.42768721,258.438801,182.5866,4.6632,TP,IS
6,S30a_DOW_Seasonality,AVAX_USDT_USDT,4H,TimeBased,2022-10-13 16:00:00,2022-10-14 00:00:00,SHORT,15.2704175,15.84258694,205.230195,-120.9384,-3.859,SL,IS
6,S30a_DOW_Seasonality,AVAX_USDT_USDT,4H,TimeBased,2022-10-14 04:00:00,2022-10-15 08:00:00,LONG,16.1298375,15.52496765,192.002392,-119.4792,-3.8579,SL,IS
6,S30a_DOW_Seasonality,AVAX_USDT_USDT,4H,TimeBased,2022-10-20 04:00:00,2022-10-21 20:00:00,SHORT,15.135458,15.5965618,249.869836,-119.4394,-3.1582,SL,IS
6,S30a_DOW_Seasonality,AVAX_USDT_USDT,4H,TimeBased,2022-10-22 00:00:00,2022-10-25 16:00:00,LONG,15.684704,16.49623832,226.877466,180.1032,5.0612,TP,IS
6,S30a_DOW_Seasonality,AVAX_USDT_USDT,4H,TimeBased,2022-10-28 04:00:00,2022-10-28 16:00:00,LONG,17.0301075,17.96365254,200.607308,183.415,5.3687,TP,IS
6,S30a_DOW_Seasonality,AVAX_USDT_USDT,4H,TimeBased,2022-10-28 20:00:00,2022-10-31 08:00:00,LONG,18.1704495,19.18499199,187.611724,186.4855,5.4704,TP,IS
6,S30a_DOW_Seasonality,AVAX_USDT_USDT,4H,TimeBased,2022-11-03 12:00:00,2022-11-04 04:00:00,SHORT,18.2495235,19.09028004,141.734579,-122.0751,-4.7195,SL,IS
6,S30a_DOW_Seasonality,AVAX_USDT_USDT,4H,TimeBased,2022-11-04 08:00:00,2022-11-05 16:00:00,LONG,19.175751,20.52475792,142.444185,189.0479,6.9211,TP,IS
6,S30a_DOW_Seasonality,AVAX_USDT_USDT,4H,TimeBased,2022-11-10 04:00:00,2022-11-10 12:00:00,SHORT,13.4409665,14.93925495,79.677253,-120.6232,-11.2633,SL,IS
6,S30a_DOW_Seasonality,AVAX_USDT_USDT,4H,TimeBased,2022-11-10 16:00:00,2022-11-12 04:00:00,SHORT,15.575326,12.98486634,75.325736,193.9451,16.531,TP,IS
6,S30a_DOW_Seasonality,AVAX_USDT_USDT,4H,TimeBased,2022-11-17 04:00:00,2022-11-21 00:00:00,SHORT,13.09607,11.95140037,172.250837,194.7974,8.6354,TP,IS
6,S30a_DOW_Seasonality,AVAX_USDT_USDT,4H,TimeBased,2022-11-25 08:00:00,2022-11-28 00:00:00,LONG,12.713813,12.25046148,264.760188,-126.3123,-3.7525,SL,IS
6,S30a_DOW_Seasonality,AVAX_USDT_USDT,4H,TimeBased,2022-12-02 04:00:00,2022-12-02 20:00:00,LONG,12.933879,13.61531561,288.466733,192.3596,5.1557,TP,IS
6,S30a_DOW_Seasonality,AVAX_USDT_USDT,4H,TimeBased,2022-12-03 00:00:00,2022-12-05 04:00:00,LONG,13.574071,14.28772959,279.829439,195.4146,5.1446,TP,IS
6,S30a_DOW_Seasonality,AVAX_USDT_USDT,4H,TimeBased,2022-12-08 04:00:00,2022-12-12 00:00:00,SHORT,13.2610205,12.6781209,346.881629,197.2484,4.288,TP,IS
6,S30a_DOW_Seasonality,AVAX_USDT_USDT,4H,TimeBased,2022-12-15 16:00:00,2022-12-16 08:00:00,SHORT,13.465959,12.72998338,280.433323,202.3517,5.3585,TP,IS
6,S30a_DOW_Seasonality,AVAX_USDT_USDT,4H,TimeBased,2022-12-22 04:00:00,2022-12-28 04:00:00,SHORT,11.726481,11.19305661,391.561342,203.9324,4.4414,TP,IS
6,S30a_DOW_Seasonality,AVAX_USDT_USDT,4H,TimeBased,2022-12-29 04:00:00,2022-12-29 20:00:00,SHORT,11.176646,10.76443643,511.935303,204.8468,3.5802,TP,IS
6,S30a_DOW_Seasonality,AVAX_USDT_USDT,4H,TimeBased,2022-12-30 00:00:00,2023-01-02 04:00:00,SHORT,10.966709,11.2450654,481.490472,-139.9081,-2.6496,SL,IS
6,S30a_DOW_Seasonality,AVAX_USDT_USDT,4H,TimeBased,2023-01-06 04:00:00,2023-01-06 12:00:00,LONG,11.6885055,11.36927696,414.807162,-137.6788,-2.8396,SL,IS
6,S30a_DOW_Seasonality,AVAX_USDT_USDT,4H,TimeBased,2023-01-06 16:00:00,2023-01-08 20:00:00,LONG,11.6084815,12.13477853,400.657866,205.6329,4.4212,TP,IS
6,S30a_DOW_Seasonality,AVAX_USDT_USDT,4H,TimeBased,2023-01-13 04:00:00,2023-01-14 00:00:00,LONG,15.434629,16.95295036,142.907751,214.4343,9.7217,TP,IS
6,S30a_DOW_Seasonality,AVAX_USDT_USDT,4H,TimeBased,2023-01-19 04:00:00,2023-01-20 20:00:00,SHORT,15.8502435,16.90737353,127.204733,-136.7638,-6.7832,SL,IS
6,S30a_DOW_Seasonality,AVAX_USDT_USDT,4H,TimeBased,2023-01-21 00:00:00,2023-01-24 00:00:00,LONG,17.5002485,18.86019401,160.021224,214.42,7.6567,TP,IS
6,S30a_DOW_Seasonality,AVAX_USDT_USDT,4H,TimeBased,2023-01-27 04:00:00,2023-01-27 16:00:00,LONG,17.835349,19.29248906,151.868488,218.1925,8.0555,TP,IS
6,S30a_DOW_Seasonality,AVAX_USDT_USDT,4H,TimeBased,2023-01-27 20:00:00,2023-01-27 20:00:00,LONG,19.2507735,20.75415098,149.4921,221.4538,7.6951,TP,IS
6,S30a_DOW_Seasonality,AVAX_USDT_USDT,4H,TimeBased,2023-01-28 00:00:00,2023-01-28 12:00:00,LONG,21.2313675,20.10361304,123.916627,-142.5647,-5.4188,SL,IS
6,S30a_DOW_Seasonality,AVAX_USDT_USDT,4H,TimeBased,2023-02-03 04:00:00,2023-02-05 12:00:00,LONG,21.166348,19.94390754,113.094401,-140.8083,-5.8822,SL,IS
6,S30a_DOW_Seasonality,AVAX_USDT_USDT,4H,TimeBased,2023-02-09 04:00:00,2023-02-09 20:00:00,SHORT,19.2692175,17.88328374,161.328599,220.2942,7.0864,TP,IS
6,S30a_DOW_Seasonality,AVAX_USDT_USDT,4H,TimeBased,2023-02-10 00:00:00,2023-02-15 16:00:00,SHORT,17.8796345,18.85659617,142.456764,-142.0531,-5.5771,SL,IS
6,S30a_DOW_Seasonality,AVAX_USDT_USDT,4H,TimeBased,2023-02-17 00:00:00,2023-02-17 16:00:00,SHORT,18.5894215,19.4407221,161.979268,-141.2811,-4.692,SL,IS
6,S30a_DOW_Seasonality,AVAX_USDT_USDT,4H,TimeBased,2023-02-17 20:00:00,2023-02-20 08:00:00,LONG,19.5008485,20.79786789,171.27945,218.3565,6.5374,TP,IS
6,S30a_DOW_Seasonality,AVAX_USDT_USDT,4H,TimeBased,2023-02-23 12:00:00,2023-02-24 16:00:00,SHORT,19.914024,18.18806872,131.360534,223.9696,8.5618,TP,IS
6,S30a_DOW_Seasonality,AVAX_USDT_USDT,4H,TimeBased,2023-03-02 04:00:00,2023-03-03 00:00:00,SHORT,17.4397665,16.46250454,234.165451,224.4747,5.4967,TP,IS
6,S30a_DOW_Seasonality,AVAX_USDT_USDT,4H,TimeBased,2023-03-09 04:00:00,2023-03-09 20:00:00,SHORT,15.3503935,14.42647224,251.991859,228.6937,5.9122,TP,IS
6,S30a_DOW_Seasonality,AVAX_USDT_USDT,4H,TimeBased,2023-03-10 00:00:00,2023-03-10 12:00:00,SHORT,14.405677,15.01412875,239.243378,-149.4392,-4.336,SL,IS
6,S30a_DOW_Seasonality,AVAX_USDT_USDT,4H,TimeBased,2023-03-16 04:00:00,2023-03-17 08:00:00,SHORT,15.525341,16.46664167,152.714815,-146.4377,-6.1763,SL,IS
6,S30a_DOW_Seasonality,AVAX_USDT_USDT,4H,TimeBased,2023-03-17 12:00:00,2023-03-27 12:00:00,LONG,16.915073,16.05199095,164.904775,-145.3164,-5.2096,SL,IS
6,S30a_DOW_Seasonality,AVAX_USDT_USDT,4H,TimeBased,2023-03-31 04:00:00,2023-04-03 00:00:00,LONG,17.40522,16.91416276,288.239045,-146.9826,-2.9298,SL,IS
6,S30a_DOW_Seasonality,AVAX_USDT_USDT,4H,TimeBased,2023-04-07 04:00:00,2023-04-07 12:00:00,LONG,17.9903955,17.50366674,287.883476,-145.7412,-2.814,SL,IS
6,S30a_DOW_Seasonality,AVAX_USDT_USDT,4H,TimeBased,2023-04-14 04:00:00,2023-04-14 12:00:00,LONG,19.2307675,18.7251582,274.308643,-144.4194,-2.7377,SL,IS
6,S30a_DOW_Seasonality,AVAX_USDT_USDT,4H,TimeBased,2023-04-14 16:00:00,2023-04-15 08:00:00,LONG,18.5705695,19.43119087,256.641162,215.5068,4.5218,TP,IS
6,S30a_DOW_Seasonality,AVAX_USDT_USDT,4H,TimeBased,2023-04-20 04:00:00,2023-04-21 16:00:00,SHORT,18.9793045,17.52446236,155.746615,223.4598,7.5596,TP,IS
6,S30a_DOW_Seasonality,AVAX_USDT_USDT,4H,TimeBased,2023-04-27 04:00:00,2023-05-08 00:00:00,SHORT,17.3597905,16.0505562,175.832576,226.975,7.4359,TP,IS
6,S30a_DOW_Seasonality,AVAX_USDT_USDT,4H,TimeBased,2023-05-11 04:00:00,2023-05-12 16:00:00,SHORT,15.3204025,14.50779992,286.148259,227.8304,5.197,TP,IS
6,S30a_DOW_Seasonality,AVAX_USDT_USDT,4H,TimeBased,2023-05-18 12:00:00,2023-05-18 16:00:00,SHORT,15.0104955,14.4591933,424.689375,227.2487,3.5648,TP,IS
6,S30a_DOW_Seasonality,AVAX_USDT_USDT,4H,TimeBased,2023-05-18 20:00:00,2023-05-23 00:00:00,SHORT,14.5706275,14.94560997,396.538613,-155.1324,-2.685,SL,IS
6,S30a_DOW_Seasonality,AVAX_USDT_USDT,4H,TimeBased,2023-05-25 04:00:00,2023-05-27 00:00:00,SHORT,14.1107655,14.43836399,449.676921,-154.3743,-2.4329,SL,IS
6,S30a_DOW_Seasonality,AVAX_USDT_USDT,4H,TimeBased,2023-06-01 04:00:00,2023-06-02 04:00:00,SHORT,14.0107955,14.33356015,451.610538,-152.8043,-2.415,SL,IS
6,S30a_DOW_Seasonality,AVAX_USDT_USDT,4H,TimeBased,2023-06-02 08:00:00,2023-06-04 16:00:00,LONG,14.3393005,14.82528516,472.51794,222.057,3.2773,TP,IS
6,S30a_DOW_Seasonality,AVAX_USDT_USDT,4H,TimeBased,2023-06-08 04:00:00,2023-06-10 00:00:00,SHORT,13.875836,13.23573187,367.623116,229.8353,4.5056,TP,IS
6,S30a_DOW_Seasonality,AVAX_USDT_USDT,4H,TimeBased,2023-06-15 04:00:00,2023-06-20 20:00:00,SHORT,11.526541,11.98177079,325.069996,-152.1846,-4.0616,SL,IS
6,S30a_DOW_Seasonality,AVAX_USDT_USDT,4H,TimeBased,2023-06-23 04:00:00,2023-06-23 16:00:00,LONG,12.783834,13.48259217,339.611593,232.4002,5.3529,TP,IS
6,S30a_DOW_Seasonality,AVAX_USDT_USDT,4H,TimeBased,2023-06-23 20:00:00,2023-06-24 12:00:00,LONG,13.2689795,12.81335346,326.741534,-153.5592,-3.5419,SL,IS
6,S30a_DOW_Seasonality,AVAX_USDT_USDT,4H,TimeBased,2023-06-29 04:00:00,2023-06-29 08:00:00,SHORT,12.316304,12.78900883,311.558029,-151.577,-3.9502,SL,IS
6,S30a_DOW_Seasonality,AVAX_USDT_USDT,4H,TimeBased,2023-06-29 12:00:00,2023-06-30 12:00:00,SHORT,12.8811345,12.08952471,299.102839,232.6649,6.0389,TP,IS
6,S30a_DOW_Seasonality,AVAX_USDT_USDT,4H,TimeBased,2023-06-30 20:00:00,2023-07-06 12:00:00,LONG,12.8988685,12.306176,249.390462,-151.2691,-4.7024,SL,IS
6,S30a_DOW_Seasonality,AVAX_USDT_USDT,4H,TimeBased,2023-07-06 16:00:00,2023-07-08 00:00:00,SHORT,12.646205,13.09664768,325.58418,-151.2668,-3.6738,SL,IS
6,S30a_DOW_Seasonality,AVAX_USDT_USDT,4H,TimeBased,2023-07-13 04:00:00,2023-07-13 12:00:00,SHORT,12.9411165,13.31613519,387.751473,-151.0138,-3.0095,SL,IS
6,S30a_DOW_Seasonality,AVAX_USDT_USDT,4H,TimeBased,2023-07-14 04:00:00,2023-07-14 04:00:00,LONG,14.7694295,15.56586479,291.860705,227.5786,5.2795,TP,IS
6,S30a_DOW_Seasonality,AVAX_USDT_USDT,4H,TimeBased,2023-07-14 08:00:00,2023-07-14 16:00:00,LONG,15.314593,14.73303017,250.599086,-149.8806,-3.9054,SL,IS
6,S30a_DOW_Seasonality,AVAX_USDT_USDT,4H,TimeBased,2023-07-14 20:00:00,2023-07-22 20:00:00,LONG,14.30429,13.48775484,176.165578,-146.5382,-5.8152,SL,IS
6,S30a_DOW_Seasonality,AVAX_USDT_USDT,4H,TimeBased,2023-07-27 04:00:00,2023-07-31 16:00:00,SHORT,13.266019,12.70605723,411.066095,224.3094,4.1133,TP,IS
6,S30a_DOW_Seasonality,AVAX_USDT_USDT,4H,TimeBased,2023-08-03 04:00:00,2023-08-08 20:00:00,SHORT,12.5012485,12.78230714,519.109063,-153.1188,-2.3595,SL,IS
6,S30a_DOW_Seasonality,AVAX_USDT_USDT,4H,TimeBased,2023-08-10 04:00:00,2023-08-13 20:00:00,SHORT,12.556232,12.20215724,645.213533,219.6679,2.7115,TP,IS
6,S30a_DOW_Seasonality,AVAX_USDT_USDT,4H,TimeBased,2023-08-17 04:00:00,2023-08-17 20:00:00,SHORT,11.416574,10.92216399,475.432031,229.217,4.223,TP,IS
6,S30a_DOW_Seasonality,AVAX_USDT_USDT,4H,TimeBased,2023-08-18 00:00:00,2023-08-22 16:00:00,SHORT,10.5618305,9.78835872,311.87693,237.7373,7.2173,TP,IS
6,S30a_DOW_Seasonality,AVAX_USDT_USDT,4H,TimeBased,2023-08-24 04:00:00,2023-08-29 00:00:00,SHORT,10.286913,10.58245358,510.472121,-156.7245,-2.9846,SL,IS
6,S30a_DOW_Seasonality,AVAX_USDT_USDT,4H,TimeBased,2023-08-31 04:00:00,2023-08-31 16:00:00,SHORT,10.286913,9.86564118,569.135321,233.4524,3.9875,TP,IS
6,S30a_DOW_Seasonality,AVAX_USDT_USDT,4H,TimeBased,2023-08-31 20:00:00,2023-09-10 04:00:00,SHORT,10.026991,9.52570115,488.15878,239.4594,4.8922,TP,IS
6,S30a_DOW_Seasonality,AVAX_USDT_USDT,4H,TimeBased,2023-09-14 04:00:00,2023-09-16 00:00:00,SHORT,9.337198,9.61148833,561.542452,-159.8779,-3.0492,SL,IS
6,S30a_DOW_Seasonality,AVAX_USDT_USDT,4H,TimeBased,2023-09-21 04:00:00,2023-09-25 00:00:00,SHORT,9.067279,8.70310328,671.975536,238.1495,3.9086,TP,IS
6,S30a_DOW_Seasonality,AVAX_USDT_USDT,4H,TimeBased,2023-09-28 04:00:00,2023-09-28 08:00:00,SHORT,8.9523135,9.1539662,770.156039,-162.9736,-2.3638,SL,IS
6,S30a_DOW_Seasonality,AVAX_USDT_USDT,4H,TimeBased,2023-09-29 04:00:00,2023-09-29 12:00:00,LONG,9.332799,9.12948532,755.631056,-161.303,-2.2873,SL,IS
6,S30a_DOW_Seasonality,AVAX_USDT_USDT,4H,TimeBased,2023-09-29 16:00:00,2023-10-01 08:00:00,LONG,9.20276,9.52977911,741.051905,234.7032,3.4415,TP,IS
6,S30a_DOW_Seasonality,AVAX_USDT_USDT,4H,TimeBased,2023-10-06 04:00:00,2023-10-07 04:00:00,LONG,10.413123,11.04021915,397.382911,244.5084,5.9089,TP,IS
6,S30a_DOW_Seasonality,AVAX_USDT_USDT,4H,TimeBased,2023-10-12 04:00:00,2023-10-16 04:00:00,SHORT,9.1322595,9.45940506,477.135176,-160.9716,-3.6943,SL,IS
6,S30a_DOW_Seasonality,AVAX_USDT_USDT,4H,TimeBased,2023-10-19 04:00:00,2023-10-19 16:00:00,SHORT,8.8023585,9.04244806,645.087384,-161.21,-2.8391,SL,IS
6,S30a_DOW_Seasonality,AVAX_USDT_USDT,4H,TimeBased,2023-10-19 20:00:00,2023-10-20 08:00:00,SHORT,9.0622805,9.2987698,648.339285,-159.8726,-2.721,SL,IS
6,S30a_DOW_Seasonality,AVAX_USDT_USDT,4H,TimeBased,2023-10-20 12:00:00,2023-10-21 12:00:00,LONG,9.2477735,9.63143462,634.257637,236.7541,4.0364,TP,IS
6,S30a_DOW_Seasonality,AVAX_USDT_USDT,4H,TimeBased,2023-10-27 04:00:00,2023-10-31 04:00:00,LONG,10.753225,11.7394241,254.236671,247.5828,9.0561,TP,IS
6,S30a_DOW_Seasonality,AVAX_USDT_USDT,4H,TimeBased,2023-11-03 04:00:00,2023-11-06 08:00:00,LONG,11.733519,12.72117212,257.716192,251.0679,8.3027,TP,IS
6,S30a_DOW_Seasonality,AVAX_USDT_USDT,4H,TimeBased,2023-11-09 20:00:00,2023-11-10 00:00:00,SHORT,12.736178,13.46604717,216.679413,-161.2702,-5.8438,SL,IS
6,S30a_DOW_Seasonality,AVAX_USDT_USDT,4H,TimeBased,2023-11-10 04:00:00,2023-11-10 16:00:00,LONG,13.454035,14.7259546,201.564234,253.2495,9.3386,TP,IS
6,S30a_DOW_Seasonality,AVAX_USDT_USDT,4H,TimeBased,2023-11-10 20:00:00,2023-11-11 16:00:00,LONG,14.5293575,15.97341168,180.527034,257.6622,9.8234,TP,IS
6,S30a_DOW_Seasonality,AVAX_USDT_USDT,4H,TimeBased,2023-11-17 04:00:00,2023-11-17 12:00:00,LONG,23.5620665,21.32642366,72.118184,-163.011,-9.5931,SL,IS
6,S30a_DOW_Seasonality,AVAX_USDT_USDT,4H,TimeBased,2023-11-17 16:00:00,2023-12-05 16:00:00,LONG,20.1810525,24.01153329,68.822874,261.9519,18.8601,TP,IS
6,S30a_DOW_Seasonality,AVAX_USDT_USDT,4H,TimeBased,2023-12-08 04:00:00,2023-12-08 16:00:00,LONG,26.738019,29.40516308,99.948857,263.4917,9.8596,TP,IS
6,S30a_DOW_Seasonality,AVAX_USDT_USDT,4H,TimeBased,2023-12-08 20:00:00,2023-12-09 04:00:00,LONG,29.458835,32.32285466,94.567615,267.6301,9.6068,TP,IS
6,S30a_DOW_Seasonality,AVAX_USDT_USDT,4H,TimeBased,2023-12-15 04:00:00,2023-12-16 16:00:00,LONG,39.561865,45.12794175,49.623319,273.8958,13.9516,TP,IS
6,S30a_DOW_Seasonality,AVAX_USDT_USDT,4H,TimeBased,2023-12-22 04:00:00,2023-12-22 08:00:00,LONG,47.8093385,44.89008466,58.43814,-173.5752,-6.2127,SL,IS
6,S30a_DOW_Seasonality,AVAX_USDT_USDT,4H,TimeBased,2023-12-22 12:00:00,2023-12-24 04:00:00,LONG,44.6583935,49.79382507,54.013969,274.5791,11.383,TP,IS
6,S30a_DOW_Seasonality,AVAX_USDT_USDT,4H,TimeBased,2023-12-28 04:00:00,2024-01-03 12:00:00,SHORT,42.2123325,37.40234276,58.640245,279.4912,11.291,TP,IS
6,S30a_DOW_Seasonality,AVAX_USDT_USDT,4H,TimeBased,2024-01-04 04:00:00,2024-01-08 00:00:00,SHORT,36.978903,32.38475035,62.449228,284.5188,12.3205,TP,IS
6,S30a_DOW_Seasonality,AVAX_USDT_USDT,4H,TimeBased,2024-01-12 04:00:00,2024-01-12 16:00:00,LONG,38.801637,36.27367601,70.10464,-180.1165,-6.6215,SL,IS
6,S30a_DOW_Seasonality,AVAX_USDT_USDT,4H,TimeBased,2024-01-18 04:00:00,2024-01-18 16:00:00,SHORT,35.699287,33.19493085,114.474887,282.3482,6.909,TP,IS
6,S30a_DOW_Seasonality,AVAX_USDT_USDT,4H,TimeBased,2024-01-18 20:00:00,2024-01-22 12:00:00,SHORT,32.960109,30.34484178,111.591942,287.9574,7.829,TP,IS
6,S30a_DOW_Seasonality,AVAX_USDT_USDT,4H,TimeBased,2024-01-25 04:00:00,2024-01-26 16:00:00,SHORT,30.730778,32.48235745,103.546143,-184.9693,-5.8129,SL,IS
6,S30a_DOW_Seasonality,AVAX_USDT_USDT,4H,TimeBased,2024-01-26 20:00:00,2024-01-28 00:00:00,LONG,32.719813,35.28067117,114.535178,289.0247,7.7123,TP,IS
6,S30a_DOW_Seasonality,AVAX_USDT_USDT,4H,TimeBased,2024-02-01 04:00:00,2024-02-02 04:00:00,SHORT,32.870136,34.50026189,111.991287,-186.7096,-5.072,SL,IS
6,S30a_DOW_Seasonality,AVAX_USDT_USDT,4H,TimeBased,2024-02-02 08:00:00,2024-02-03 00:00:00,LONG,34.900467,37.27683429,123.878134,289.4623,6.6952,TP,IS
6,S30a_DOW_Seasonality,AVAX_USDT_USDT,4H,TimeBased,2024-02-09 04:00:00,2024-02-09 12:00:00,LONG,35.920773,37.61522597,175.297321,289.9432,4.6046,TP,IS
6,S30a_DOW_Seasonality,AVAX_USDT_USDT,4H,TimeBased,2024-02-09 16:00:00,2024-02-10 00:00:00,LONG,37.5762695,39.31517115,173.454915,294.2856,4.5151,TP,IS
6,S30a_DOW_Seasonality,AVAX_USDT_USDT,4H,TimeBased,2024-02-16 04:00:00,2024-02-16 12:00:00,LONG,41.7475205,40.06340498,112.595982,-194.691,-4.1418,SL,IS
6,S30a_DOW_Seasonality,AVAX_USDT_USDT,4H,TimeBased,2024-02-22 04:00:00,2024-02-26 16:00:00,SHORT,36.9938985,38.61918864,115.463298,-192.4632,-4.5058,SL,IS
6,S30a_DOW_Seasonality,AVAX_USDT_USDT,4H,TimeBased,2024-03-01 04:00:00,2024-03-03 04:00:00,LONG,42.7178115,40.27041986,75.719163,-188.7705,-5.8361,SL,IS
6,S30a_DOW_Seasonality,AVAX_USDT_USDT,4H,TimeBased,2024-03-08 04:00:00,2024-03-11 00:00:00,LONG,43.0129,40.26332434,66.671108,-186.3709,-6.4989,SL,IS
6,S30a_DOW_Seasonality,AVAX_USDT_USDT,4H,TimeBased,2024-03-15 04:00:00,2024-03-15 08:00:00,LONG,54.236266,49.68155351,39.792027,-183.5155,-8.5033,SL,IS
6,S30a_DOW_Seasonality,AVAX_USDT_USDT,4H,TimeBased,2024-03-15 16:00:00,2024-03-17 04:00:00,LONG,55.5116485,50.28650956,34.320761,-181.3278,-9.5175,SL,IS
6,S30a_DOW_Seasonality,AVAX_USDT_USDT,4H,TimeBased,2024-03-21 04:00:00,2024-04-03 00:00:00,SHORT,55.8082525,46.23082203,30.614426,291.4894,17.0608,TP,IS
6,S30a_DOW_Seasonality,AVAX_USDT_USDT,4H,TimeBased,2024-04-04 04:00:00,2024-04-06 12:00:00,SHORT,46.08617,48.33735075,80.438029,-185.2579,-4.9974,SL,IS
6,S30a_DOW_Seasonality,AVAX_USDT_USDT,4H,TimeBased,2024-04-11 04:00:00,2024-04-12 16:00:00,SHORT,46.88593,43.76832008,93.669745,287.3554,6.543,TP,IS
6,S30a_DOW_Seasonality,AVAX_USDT_USDT,4H,TimeBased,2024-04-18 04:00:00,2024-04-20 16:00:00,SHORT,34.299707,37.1159695,64.501592,-184.1869,-8.3253,SL,IS
6,S30a_DOW_Seasonality,AVAX_USDT_USDT,4H,TimeBased,2024-04-25 04:00:00,2024-04-29 04:00:00,SHORT,35.8342465,32.99505312,103.722596,290.562,7.8175,TP,IS
6,S30a_DOW_Seasonality,AVAX_USDT_USDT,4H,TimeBased,2024-05-02 04:00:00,2024-05-03 12:00:00,SHORT,32.7651675,34.60489342,99.488568,-186.7181,-5.728,SL,IS
6,S30a_DOW_Seasonality,AVAX_USDT_USDT,4H,TimeBased,2024-05-03 16:00:00,2024-05-05 00:00:00,LONG,35.0555135,37.69500585,112.070879,291.326,7.4153,TP,IS
6,S30a_DOW_Seasonality,AVAX_USDT_USDT,4H,TimeBased,2024-05-09 04:00:00,2024-05-10 04:00:00,SHORT,34.2747145,35.63467424,135.662175,-189.7113,-4.08,SL,IS
6,S30a_DOW_Seasonality,AVAX_USDT_USDT,4H,TimeBased,2024-05-10 08:00:00,2024-05-10 12:00:00,LONG,36.0158015,34.75631754,145.028272,-188.306,-3.6051,SL,IS
6,S30a_DOW_Seasonality,AVAX_USDT_USDT,4H,TimeBased,2024-05-17 04:00:00,2024-05-17 04:00:00,LONG,34.770428,36.66719248,154.359805,286.7193,5.3421,TP,IS
6,S30a_DOW_Seasonality,AVAX_USDT_USDT,4H,TimeBased,2024-05-17 08:00:00,2024-05-19 12:00:00,LONG,37.291184,35.91444184,133.336009,-188.9378,-3.7998,SL,IS
6,S30a_DOW_Seasonality,AVAX_USDT_USDT,4H,TimeBased,2024-05-23 16:00:00,2024-05-30 04:00:00,SHORT,38.368486,35.4650649,102.013295,292.045,7.4614,TP,IS
6,S30a_DOW_Seasonality,AVAX_USDT_USDT,4H,TimeBased,2024-05-30 08:00:00,2024-05-30 12:00:00,SHORT,35.5743245,36.86761637,142.846945,-190.4343,-3.7475,SL,IS
6,S30a_DOW_Seasonality,AVAX_USDT_USDT,4H,TimeBased,2024-05-30 16:00:00,2024-06-04 08:00:00,SHORT,36.7339765,34.5599904,136.464704,291.3214,5.8114,TP,IS
6,S30a_DOW_Seasonality,AVAX_USDT_USDT,4H,TimeBased,2024-06-06 20:00:00,2024-06-07 16:00:00,SHORT,36.069176,34.47871688,188.354012,292.261,4.3019,TP,IS
6,S30a_DOW_Seasonality,AVAX_USDT_USDT,4H,TimeBased,2024-06-13 04:00:00,2024-06-14 16:00:00,SHORT,32.4652575,30.26712765,139.632132,302.1119,6.6644,TP,IS
6,S30a_DOW_Seasonality,AVAX_USDT_USDT,4H,TimeBased,2024-06-20 04:00:00,2024-06-20 04:00:00,SHORT,26.8769345,28.11111758,155.101436,-196.1144,-4.7045,SL,IS
6,S30a_DOW_Seasonality,AVAX_USDT_USDT,4H,TimeBased,2024-06-20 16:00:00,2024-06-22 04:00:00,SHORT,27.2868115,25.01555341,136.308702,305.6711,8.2182,TP,IS
6,S30a_DOW_Seasonality,AVAX_USDT_USDT,4H,TimeBased,2024-06-27 04:00:00,2024-06-27 08:00:00,SHORT,25.622311,26.76400282,168.66667,-197.4251,-4.5683,SL,IS
6,S30a_DOW_Seasonality,AVAX_USDT_USDT,4H,TimeBased,2024-06-28 04:00:00,2024-07-01 00:00:00,LONG,27.978391,29.80589266,169.674884,304.6886,6.4182,TP,IS
6,S30a_DOW_Seasonality,AVAX_USDT_USDT,4H,TimeBased,2024-07-04 04:00:00,2024-07-04 20:00:00,SHORT,26.19214,24.50226925,186.51929,309.993,6.3454,TP,IS
6,S30a_DOW_Seasonality,AVAX_USDT_USDT,4H,TimeBased,2024-07-05 00:00:00,2024-07-05 00:00:00,SHORT,24.422671,22.60242423,176.348697,316.4371,7.3472,TP,IS
6,S30a_DOW_Seasonality,AVAX_USDT_USDT,4H,TimeBased,2024-07-11 04:00:00,2024-07-14 20:00:00,SHORT,25.3174025,26.48627379,171.025661,-204.7799,-4.7294,SL,IS
6,S30a_DOW_Seasonality,AVAX_USDT_USDT,4H,TimeBased,2024-07-18 16:00:00,2024-07-19 16:00:00,SHORT,26.861939,27.96156128,180.071574,-203.4404,-4.2059,SL,IS
6,S30a_DOW_Seasonality,AVAX_USDT_USDT,4H,TimeBased,2024-07-19 20:00:00,2024-07-21 12:00:00,LONG,28.3234945,30.07783406,181.470998,312.5328,6.0805,TP,IS
6,S30a_DOW_Seasonality,AVAX_USDT_USDT,4H,TimeBased,2024-07-25 04:00:00,2024-07-26 20:00:00,SHORT,27.321801,28.82425633,132.273503,-202.8197,-5.6121,SL,IS
6,S30a_DOW_Seasonality,AVAX_USDT_USDT,4H,TimeBased,2024-07-27 00:00:00,2024-07-28 04:00:00,LONG,28.70861,27.41916585,152.638884,-201.5313,-4.599,SL,IS
6,S30a_DOW_Seasonality,AVAX_USDT_USDT,4H,TimeBased,2024-08-01 04:00:00,2024-08-02 12:00:00,SHORT,25.3873815,23.80268673,200.093173,311.6732,6.1355,TP,IS
6,S30a_DOW_Seasonality,AVAX_USDT_USDT,4H,TimeBased,2024-08-08 04:00:00,2024-08-08 16:00:00,SHORT,20.6288095,22.05610833,138.429652,-200.8304,-7.0328,SL,IS
6,S30a_DOW_Seasonality,AVAX_USDT_USDT,4H,TimeBased,2024-08-09 04:00:00,2024-08-11 16:00:00,LONG,22.1816525,20.85190502,147.078165,-199.0579,-6.1015,SL,IS
6,S30a_DOW_Seasonality,AVAX_USDT_USDT,4H,TimeBased,2024-08-15 04:00:00,2024-08-20 00:00:00,SHORT,20.9187225,21.7267213,240.386845,-199.8706,-3.9747,SL,IS
6,S30a_DOW_Seasonality,AVAX_USDT_USDT,4H,TimeBased,2024-08-23 04:00:00,2024-08-27 12:00:00,LONG,26.457935,25.42659804,186.251787,-197.4033,-4.0059,SL,IS
6,S30a_DOW_Seasonality,AVAX_USDT_USDT,4H,TimeBased,2024-08-29 04:00:00,2024-09-01 20:00:00,SHORT,23.4579605,21.43607186,153.627191,306.8238,8.5139,TP,IS
6,S30a_DOW_Seasonality,AVAX_USDT_USDT,4H,TimeBased,2024-09-05 04:00:00,2024-09-08 04:00:00,SHORT,21.683493,22.56634477,218.88475,-198.5699,-4.1838,SL,IS
6,S30a_DOW_Seasonality,AVAX_USDT_USDT,4H,TimeBased,2024-09-13 04:00:00,2024-09-13 20:00:00,LONG,23.6821025,24.9292376,248.354069,303.091,5.1533,TP,IS
6,S30a_DOW_Seasonality,AVAX_USDT_USDT,4H,TimeBased,2024-09-14 00:00:00,2024-09-15 20:00:00,LONG,24.897467,24.12175538,250.895784,-201.3871,-3.2239,SL,IS
6,S30a_DOW_Seasonality,AVAX_USDT_USDT,4H,TimeBased,2024-09-20 04:00:00,2024-09-20 16:00:00,LONG,27.838349,26.83200419,191.119026,-198.0783,-3.723,SL,IS
6,S30a_DOW_Seasonality,AVAX_USDT_USDT,4H,TimeBased,2024-09-20 20:00:00,2024-09-26 12:00:00,LONG,27.0931255,28.79743987,181.414859,303.6113,6.1771,TP,IS
6,S30a_DOW_Seasonality,AVAX_USDT_USDT,4H,TimeBased,2024-09-27 04:00:00,2024-09-29 12:00:00,LONG,29.418823,28.46732524,203.454117,-200.0636,-3.3425,SL,IS
6,S30a_DOW_Seasonality,AVAX_USDT_USDT,4H,TimeBased,2024-10-03 04:00:00,2024-10-06 12:00:00,SHORT,25.5373365,26.81925538,149.031391,-195.3377,-5.1325,SL,IS
6,S30a_DOW_Seasonality,AVAX_USDT_USDT,4H,TimeBased,2024-10-10 04:00:00,2024-10-11 12:00:00,SHORT,25.932218,26.78492557,222.445525,-196.1307,-3.4,SL,IS
6,S30a_DOW_Seasonality,AVAX_USDT_USDT,4H,TimeBased,2024-10-11 16:00:00,2024-10-12 00:00:00,LONG,26.7630265,28.09728285,227.175229,296.2554,4.8727,TP,IS
6,S30a_DOW_Seasonality,AVAX_USDT_USDT,4H,TimeBased,2024-10-17 04:00:00,2024-10-21 00:00:00,SHORT,28.041585,29.04984327,188.981121,-196.4758,-3.7076,SL,IS
6,S30a_DOW_Seasonality,AVAX_USDT_USDT,4H,TimeBased,2024-10-24 04:00:00,2024-10-25 16:00:00,SHORT,26.981903,25.65236596,229.280081,298.199,4.8202,TP,IS
6,S30a_DOW_Seasonality,AVAX_USDT_USDT,4H,TimeBased,2024-10-31 04:00:00,2024-10-31 16:00:00,SHORT,26.052182,24.80924645,248.989069,302.5122,4.6636,TP,IS
6,S30a_DOW_Seasonality,AVAX_USDT_USDT,4H,TimeBased,2024-10-31 20:00:00,2024-11-01 12:00:00,SHORT,24.6775945,25.44045097,255.469891,-201.9289,-3.203,SL,IS
6,S30a_DOW_Seasonality,AVAX_USDT_USDT,4H,TimeBased,2024-11-08 04:00:00,2024-11-09 00:00:00,LONG,27.418223,29.2699358,169.035893,307.7356,6.6399,TP,IS
6,S30a_DOW_Seasonality,AVAX_USDT_USDT,4H,TimeBased,2024-11-14 12:00:00,2024-11-16 04:00:00,SHORT,32.49025,35.19690924,71.954116,-197.434,-8.4453,SL,IS
6,S30a_DOW_Seasonality,AVAX_USDT_USDT,4H,TimeBased,2024-11-21 04:00:00,2024-11-21 12:00:00,SHORT,33.09007,35.24265989,89.644993,-196.338,-6.6188,SL,IS
6,S30a_DOW_Seasonality,AVAX_USDT_USDT,4H,TimeBased,2024-11-22 04:00:00,2024-11-22 16:00:00,LONG,36.2158615,39.6727202,90.562601,309.2821,9.4299,TP,IS
6,S30a_DOW_Seasonality,AVAX_USDT_USDT,4H,TimeBased,2024-11-22 20:00:00,2024-11-22 20:00:00,LONG,39.5468605,43.24877755,85.924471,314.1725,9.2457,TP,IS
6,S30a_DOW_Seasonality,AVAX_USDT_USDT,4H,TimeBased,2024-11-23 00:00:00,2024-11-24 08:00:00,LONG,43.242969,40.6796712,76.944576,-200.7834,-6.0344,SL,IS
6,S30a_DOW_Seasonality,AVAX_USDT_USDT,4H,TimeBased,2024-11-28 16:00:00,2024-11-29 12:00:00,SHORT,41.6724945,44.46984366,69.785873,-198.5218,-6.8264,SL,IS
6,S30a_DOW_Seasonality,AVAX_USDT_USDT,4H,TimeBased,2024-11-29 16:00:00,2024-12-02 00:00:00,LONG,44.373308,48.39085281,78.794072,312.5386,8.939,TP,IS
6,S30a_DOW_Seasonality,AVAX_USDT_USDT,4H,TimeBased,2024-12-06 00:00:00,2024-12-08 20:00:00,SHORT,50.3099025,53.88009412,54.986806,-199.4644,-7.2103,SL,IS
6,S30a_DOW_Seasonality,AVAX_USDT_USDT,4H,TimeBased,2024-12-13 04:00:00,2024-12-15 04:00:00,LONG,52.595774,49.23677804,57.84016,-197.5244,-6.4929,SL,IS
6,S30a_DOW_Seasonality,AVAX_USDT_USDT,4H,TimeBased,2024-12-19 04:00:00,2024-12-19 16:00:00,SHORT,42.9421135,38.22774797,67.033328,313.027,10.8745,TP,IS
6,S30a_DOW_Seasonality,AVAX_USDT_USDT,4H,TimeBased,2024-12-19 20:00:00,2024-12-21 04:00:00,SHORT,38.618411,41.68958536,63.617584,-198.1906,-8.067,SL,IS
6,S30a_DOW_Seasonality,AVAX_USDT_USDT,4H,TimeBased,2024-12-26 04:00:00,2024-12-29 20:00:00,SHORT,39.558129,35.97674332,88.581827,313.5656,8.9485,TP,IS
6,S30a_DOW_Seasonality,AVAX_USDT_USDT,4H,TimeBased,2025-01-03 04:00:00,2025-01-04 20:00:00,LONG,39.871958,42.41367579,126.136741,314.8954,6.2612,TP,IS
6,S30a_DOW_Seasonality,AVAX_USDT_USDT,4H,TimeBased,2025-01-09 04:00:00,2025-01-13 08:00:00,SHORT,37.0338865,33.92957,105.428255,323.1678,8.277,TP,IS
6,S30a_DOW_Seasonality,AVAX_USDT_USDT,4H,TimeBased,2025-01-17 04:00:00,2025-01-18 08:00:00,LONG,40.462135,38.77375499,120.542914,-208.7755,-4.2804,SL,IS
6,S30a_DOW_Seasonality,AVAX_USDT_USDT,4H,TimeBased,2025-01-23 04:00:00,2025-01-26 16:00:00,SHORT,36.049182,38.06699549,99.697078,-205.2342,-5.7105,SL,IS
6,S30a_DOW_Seasonality,AVAX_USDT_USDT,4H,TimeBased,2025-01-30 04:00:00,2025-01-31 12:00:00,SHORT,33.819851,35.48125678,119.932037,-203.8271,-5.0252,SL,IS
6,S30a_DOW_Seasonality,AVAX_USDT_USDT,4H,TimeBased,2025-01-31 16:00:00,2025-01-31 16:00:00,LONG,35.950782,34.50746882,136.739047,-202.6562,-4.1225,SL,IS
6,S30a_DOW_Seasonality,AVAX_USDT_USDT,4H,TimeBased,2025-01-31 20:00:00,2025-02-01 16:00:00,LONG,34.6553935,33.12589598,127.61269,-199.9407,-4.521,SL,IS
6,S30a_DOW_Seasonality,AVAX_USDT_USDT,4H,TimeBased,2025-02-06 04:00:00,2025-02-18 16:00:00,SHORT,26.1271595,22.95187774,99.859991,314.388,12.0499,TP,IS
6,S30a_DOW_Seasonality,AVAX_USDT_USDT,4H,TimeBased,2025-02-20 04:00:00,2025-02-20 16:00:00,SHORT,24.212734,25.18645086,201.890533,-202.0695,-4.1337,SL,IS
6,S30a_DOW_Seasonality,AVAX_USDT_USDT,4H,TimeBased,2025-02-21 04:00:00,2025-02-21 12:00:00,LONG,24.8424505,26.45903976,195.652737,310.7696,6.3938,TP,IS
6,S30a_DOW_Seasonality,AVAX_USDT_USDT,4H,TimeBased,2025-02-21 16:00:00,2025-02-21 16:00:00,LONG,25.4526335,24.3585846,180.490604,-202.4103,-4.406,SL,IS
6,S30a_DOW_Seasonality,AVAX_USDT_USDT,4H,TimeBased,2025-02-27 04:00:00,2025-03-02 16:00:00,SHORT,22.323301,23.7115786,140.549408,-198.6802,-6.3324,SL,IS
6,S30a_DOW_Seasonality,AVAX_USDT_USDT,4H,TimeBased,2025-03-06 20:00:00,2025-03-09 16:00:00,SHORT,21.043685,18.57823569,128.715182,314.5358,11.6123,TP,IS
6,S30a_DOW_Seasonality,AVAX_USDT_USDT,4H,TimeBased,2025-03-13 16:00:00,2025-03-16 00:00:00,SHORT,18.3724866,19.60125525,159.687829,-199.5546,-6.8018,SL,IS
6,S30a_DOW_Seasonality,AVAX_USDT_USDT,4H,TimeBased,2025-03-20 12:00:00,2025-03-22 16:00:00,SHORT,18.8203522,19.65840031,232.271299,-199.5702,-4.5653,SL,IS
6,S30a_DOW_Seasonality,AVAX_USDT_USDT,4H,TimeBased,2025-03-28 04:00:00,2025-03-28 04:00:00,LONG,21.7685286,21.01791661,257.004158,-198.9584,-3.5563,SL,IS
6,S30a_DOW_Seasonality,AVAX_USDT_USDT,4H,TimeBased,2025-04-03 04:00:00,2025-04-06 12:00:00,SHORT,18.7493735,16.88195263,167.153231,308.8697,9.8554,TP,IS
6,S30a_DOW_Seasonality,AVAX_USDT_USDT,4H,TimeBased,2025-04-11 04:00:00,2025-04-12 12:00:00,LONG,18.5405605,20.25636166,184.629515,312.8479,9.1392,TP,IS
6,S30a_DOW_Seasonality,AVAX_USDT_USDT,4H,TimeBased,2025-04-17 04:00:00,2025-04-19 12:00:00,SHORT,18.9583108,19.78516664,238.167553,-202.0053,-4.4738,SL,IS
6,S30a_DOW_Seasonality,AVAX_USDT_USDT,4H,TimeBased,2025-04-25 04:00:00,2025-04-28 00:00:00,LONG,22.0796219,21.17324232,214.990468,-199.9774,-4.2128,SL,IS
6,S30a_DOW_Seasonality,AVAX_USDT_USDT,4H,TimeBased,2025-05-01 04:00:00,2025-05-01 16:00:00,SHORT,20.9227213,21.76266375,229.773923,-198.3913,-4.1267,SL,IS
6,S30a_DOW_Seasonality,AVAX_USDT_USDT,4H,TimeBased,2025-05-02 04:00:00,2025-05-02 08:00:00,LONG,21.9585856,21.15785602,238.567416,-196.6854,-3.7545,SL,IS
6,S30a_DOW_Seasonality,AVAX_USDT_USDT,4H,TimeBased,2025-05-09 04:00:00,2025-05-09 08:00:00,LONG,22.066618,23.33274118,242.162888,300.5613,5.6246,TP,IS
6,S30a_DOW_Seasonality,AVAX_USDT_USDT,4H,TimeBased,2025-05-09 12:00:00,2025-05-10 20:00:00,LONG,23.5330578,25.03470715,207.847035,306.5613,6.2675,TP,IS
6,S30a_DOW_Seasonality,AVAX_USDT_USDT,4H,TimeBased,2025-05-15 04:00:00,2025-05-17 00:00:00,SHORT,24.3876815,22.3483199,156.22539,314.5843,8.2569,TP,IS
6,S30a_DOW_Seasonality,AVAX_USDT_USDT,4H,TimeBased,2025-05-23 04:00:00,2025-05-23 08:00:00,LONG,25.7357184,24.62702151,178.663672,-203.0328,-4.4156,SL,IS
6,S30a_DOW_Seasonality,AVAX_USDT_USDT,4H,TimeBased,2025-05-23 12:00:00,2025-05-23 20:00:00,LONG,24.4523335,23.21985644,158.899809,-200.0067,-5.1476,SL,IS
6,S30a_DOW_Seasonality,AVAX_USDT_USDT,4H,TimeBased,2025-05-29 16:00:00,2025-05-30 00:00:00,SHORT,22.763169,21.12089857,192.715259,311.8392,7.1086,TP,IS
6,S30a_DOW_Seasonality,AVAX_USDT_USDT,4H,TimeBased,2025-06-05 04:00:00,2025-06-05 20:00:00,SHORT,20.1989385,18.98824971,264.832883,314.9223,5.8871,TP,IS
6,S30a_DOW_Seasonality,AVAX_USDT_USDT,4H,TimeBased,2025-06-06 00:00:00,2025-06-06 12:00:00,SHORT,18.7233813,19.55863764,239.936064,-205.46,-4.5735,SL,IS
6,S30a_DOW_Seasonality,AVAX_USDT_USDT,4H,TimeBased,2025-06-12 04:00:00,2025-06-13 00:00:00,SHORT,21.1956394,19.70128618,216.344861,318.4293,6.9442,TP,IS
6,S30a_DOW_Seasonality,AVAX_USDT_USDT,4H,TimeBased,2025-06-19 04:00:00,2025-06-21 16:00:00,SHORT,18.0315889,16.81321644,269.460862,323.1396,6.6506,TP,IS
6,S30a_DOW_Seasonality,AVAX_USDT_USDT,4H,TimeBased,2025-06-26 12:00:00,2025-06-28 16:00:00,SHORT,17.3997785,18.06718631,307.198003,-211.0188,-3.9478,SL,IS
6,S30a_DOW_Seasonality,AVAX_USDT_USDT,4H,TimeBased,2025-07-04 04:00:00,2025-07-04 04:00:00,LONG,18.7586259,18.17607152,348.729204,-210.2378,-3.2138,SL,IS
6,S30a_DOW_Seasonality,AVAX_USDT_USDT,4H,TimeBased,2025-07-11 04:00:00,2025-07-12 12:00:00,LONG,20.8682586,20.23626505,318.169973,-208.2744,-3.1368,SL,IS
6,S30a_DOW_Seasonality,AVAX_USDT_USDT,4H,TimeBased,2025-07-18 04:00:00,2025-07-18 20:00:00,LONG,24.3402999,23.16876334,169.216218,-202.6646,-4.9205,SL,IS
6,S30a_DOW_Seasonality,AVAX_USDT_USDT,4H,TimeBased,2025-07-19 00:00:00,2025-07-20 12:00:00,LONG,23.5220545,25.43329173,167.76048,316.1131,8.0108,TP,IS
6,S30a_DOW_Seasonality,AVAX_USDT_USDT,4H,TimeBased,2025-07-24 04:00:00,2025-07-26 16:00:00,SHORT,23.9408156,25.1934115,159.192424,-203.7058,-5.3449,SL,IS
6,S30a_DOW_Seasonality,AVAX_USDT_USDT,4H,TimeBased,2025-07-31 04:00:00,2025-08-01 00:00:00,SHORT,23.662899,21.89897278,182.706138,317.7017,7.3485,TP,IS
6,S30a_DOW_Seasonality,AVAX_USDT_USDT,4H,TimeBased,2025-08-07 04:00:00,2025-08-07 08:00:00,SHORT,21.9864021,22.77184249,256.021232,-207.3919,-3.6844,SL,IS
6,S30a_DOW_Seasonality,AVAX_USDT_USDT,4H,TimeBased,2025-08-08 04:00:00,2025-08-09 04:00:00,LONG,23.2779813,24.59988219,243.918957,316.0136,5.5656,TP,IS
6,S30a_DOW_Seasonality,AVAX_USDT_USDT,4H,TimeBased,2025-08-14 16:00:00,2025-08-15 04:00:00,SHORT,23.8608396,24.96311551,183.07372,-206.7139,-4.7321,SL,IS
6,S30a_DOW_Seasonality,AVAX_USDT_USDT,4H,TimeBased,2025-08-15 08:00:00,2025-08-15 12:00:00,LONG,25.427626,24.2674442,172.053173,-204.3156,-4.6702,SL,IS
6,S30a_DOW_Seasonality,AVAX_USDT_USDT,4H,TimeBased,2025-08-21 04:00:00,2025-08-22 12:00:00,SHORT,23.3899809,24.30144705,217.121919,-203.5944,-4.009,SL,IS
6,S30a_DOW_Seasonality,AVAX_USDT_USDT,4H,TimeBased,2025-08-22 16:00:00,2025-08-23 08:00:00,LONG,24.2612762,25.90165602,194.177301,313.1672,6.6476,TP,IS
6,S30a_DOW_Seasonality,AVAX_USDT_USDT,4H,TimeBased,2025-08-28 20:00:00,2025-08-29 00:00:00,SHORT,24.1337577,25.09554519,206.874797,-204.571,-4.0974,SL,IS
6,S30a_DOW_Seasonality,AVAX_USDT_USDT,4H,TimeBased,2025-08-29 04:00:00,2025-08-29 04:00:00,LONG,25.0995276,24.12445093,201.859224,-202.2932,-3.9927,SL,IS
6,S30a_DOW_Seasonality,AVAX_USDT_USDT,4H,TimeBased,2025-09-04 20:00:00,2025-09-05 12:00:00,SHORT,24.202737,24.99107817,247.60824,-201.8992,-3.369,SL,IS
6,S30a_DOW_Seasonality,AVAX_USDT_USDT,4H,TimeBased,2025-09-06 00:00:00,2025-09-08 12:00:00,LONG,24.4713392,25.72982644,248.001187,305.2589,5.0299,TP,IS
6,S30a_DOW_Seasonality,AVAX_USDT_USDT,4H,TimeBased,2025-09-12 04:00:00,2025-09-13 04:00:00,LONG,28.7856331,30.50054723,185.429938,311.95,5.8443,TP,IS
6,S30a_DOW_Seasonality,AVAX_USDT_USDT,4H,TimeBased,2025-09-19 04:00:00,2025-09-19 20:00:00,LONG,34.7724286,33.33700303,138.553424,-204.0734,-4.2358,SL,IS
6,S30a_DOW_Seasonality,AVAX_USDT_USDT,4H,TimeBased,2025-09-20 00:00:00,2025-09-22 00:00:00,LONG,33.7371181,32.37797181,144.843596,-202.1306,-4.1364,SL,IS
6,S30a_DOW_Seasonality,AVAX_USDT_USDT,4H,TimeBased,2025-09-25 04:00:00,2025-09-25 20:00:00,SHORT,31.8114537,28.77227764,104.902102,315.3205,9.449,TP,IS
6,S30a_DOW_Seasonality,AVAX_USDT_USDT,4H,TimeBased,2025-09-26 00:00:00,2025-09-29 12:00:00,SHORT,28.6084149,30.35914303,112.876424,-201.2768,-6.233,SL,IS
6,S30a_DOW_Seasonality,AVAX_USDT_USDT,4H,TimeBased,2025-10-02 16:00:00,2025-10-02 16:00:00,SHORT,29.981003,31.05639614,182.51501,-202.4025,-3.6989,SL,IS
6,S30a_DOW_Seasonality,AVAX_USDT_USDT,4H,TimeBased,2025-10-03 04:00:00,2025-10-05 16:00:00,LONG,30.7452208,29.66121406,179.099967,-200.0959,-3.6338,SL,IS
6,S30a_DOW_Seasonality,AVAX_USDT_USDT,4H,TimeBased,2025-10-09 04:00:00,2025-10-10 12:00:00,SHORT,28.381483,26.74809625,190.841956,305.9322,5.6483,TP,IS
6,S30a_DOW_Seasonality,AVAX_USDT_USDT,4H,TimeBased,2025-10-16 04:00:00,2025-10-17 04:00:00,SHORT,21.9014276,19.64643911,141.626551,316.1299,10.1917,TP,IS
6,S30a_DOW_Seasonality,AVAX_USDT_USDT,4H,TimeBased,2025-10-23 04:00:00,2025-10-24 12:00:00,SHORT,19.0932703,19.92890123,237.172419,-203.2788,-4.489,SL,IS
6,S30a_DOW_Seasonality,AVAX_USDT_USDT,4H,TimeBased,2025-10-30 04:00:00,2025-10-30 12:00:00,SHORT,19.8160534,18.65910125,275.426159,312.8265,5.7317,TP,IS
6,S30a_DOW_Seasonality,AVAX_USDT_USDT,4H,TimeBased,2025-10-30 16:00:00,2025-11-03 12:00:00,SHORT,18.2085358,16.8397253,237.517958,320.5385,7.4115,TP,IS
6,S30a_DOW_Seasonality,AVAX_USDT_USDT,4H,TimeBased,2025-11-06 04:00:00,2025-11-07 16:00:00,SHORT,16.6260107,17.53235879,223.143002,-206.4374,-5.5644,SL,IS
6,S30a_DOW_Seasonality,AVAX_USDT_USDT,4H,TimeBased,2025-11-07 20:00:00,2025-11-09 00:00:00,LONG,17.8193442,16.86463686,209.55962,-204.0657,-5.4648,SL,IS
6,S30a_DOW_Seasonality,AVAX_USDT_USDT,4H,TimeBased,2025-11-13 12:00:00,2025-11-13 16:00:00,SHORT,17.2558217,16.04368513,266.728638,318.4265,6.9184,TP,IS
6,S30a_DOW_Seasonality,AVAX_USDT_USDT,4H,TimeBased,2025-11-13 20:00:00,2025-11-16 16:00:00,SHORT,15.9632096,14.624111,245.959861,325.2267,8.2833,TP,IS
6,S30a_DOW_Seasonality,AVAX_USDT_USDT,4H,TimeBased,2025-11-20 04:00:00,2025-11-21 04:00:00,SHORT,14.3316992,13.24224863,306.822795,329.6151,7.4959,TP,IS
6,S30a_DOW_Seasonality,AVAX_USDT_USDT,4H,TimeBased,2025-11-28 04:00:00,2025-11-29 04:00:00,LONG,15.044512,14.71243511,630.832011,-219.8091,-2.3161,SL,IS
6,S30a_DOW_Seasonality,AVAX_USDT_USDT,4H,TimeBased,2025-12-05 04:00:00,2025-12-05 08:00:00,LONG,14.4433317,13.99276385,458.1447,-213.5906,-3.2278,SL,IS
6,S30a_DOW_Seasonality,AVAX_USDT_USDT,4H,TimeBased,2025-12-11 04:00:00,2025-12-15 16:00:00,SHORT,13.2940106,12.37194552,360.178272,327.0234,6.8298,TP,IS
6,S30a_DOW_Seasonality,AVAX_USDT_USDT,4H,TimeBased,2025-12-18 04:00:00,2025-12-18 12:00:00,SHORT,11.7244816,12.16918664,466.235806,-213.4645,-3.905,SL,IS
6,S30a_DOW_Seasonality,AVAX_USDT_USDT,4H,TimeBased,2025-12-18 16:00:00,2025-12-18 16:00:00,SHORT,12.176346,11.44300929,454.337429,327.2802,5.9159,TP,IS
6,S30a_DOW_Seasonality,AVAX_USDT_USDT,4H,TimeBased,2025-12-18 20:00:00,2025-12-19 00:00:00,SHORT,11.2906118,11.80895563,401.657107,-213.2994,-4.7035,SL,IS
6,S30a_DOW_Seasonality,AVAX_USDT_USDT,4H,TimeBased,2025-12-19 16:00:00,2025-12-29 00:00:00,LONG,12.1826537,13.065055,380.628874,330.5819,7.1291,TP,IS
6,S30a_DOW_Seasonality,AVAX_USDT_USDT,4H,TimeBased,2026-01-01 04:00:00,2026-01-01 12:00:00,SHORT,12.2743166,12.56052938,736.236222,-220.7766,-2.4431,SL,OOS
6,S30a_DOW_Seasonality,AVAX_USDT_USDT,4H,TimeBased,2026-01-02 04:00:00,2026-01-02 08:00:00,LONG,13.7391205,13.35109035,535.745755,-215.8679,-2.9327,SL,OOS
6,S30a_DOW_Seasonality,AVAX_USDT_USDT,4H,TimeBased,2026-01-02 12:00:00,2026-01-03 00:00:00,LONG,13.3880152,14.03133804,515.465809,323.8374,4.6926,TP,OOS
6,S30a_DOW_Seasonality,AVAX_USDT_USDT,4H,TimeBased,2026-01-08 04:00:00,2026-01-13 16:00:00,SHORT,14.015794,14.47585037,453.833555,-215.9008,-3.3942,SL,OOS
6,S30a_DOW_Seasonality,AVAX_USDT_USDT,4H,TimeBased,2026-01-15 04:00:00,2026-01-16 12:00:00,SHORT,14.1367577,13.37933879,441.413177,327.6544,5.2507,TP,OOS
6,S30a_DOW_Seasonality,AVAX_USDT_USDT,4H,TimeBased,2026-01-22 04:00:00,2026-01-25 16:00:00,SHORT,12.4792551,11.72279157,450.098517,334.4918,5.9551,TP,OOS
6,S30a_DOW_Seasonality,AVAX_USDT_USDT,4H,TimeBased,2026-01-29 04:00:00,2026-01-29 12:00:00,SHORT,11.776466,11.20026925,597.873266,336.9372,4.7855,TP,OOS
6,S30a_DOW_Seasonality,AVAX_USDT_USDT,4H,TimeBased,2026-01-29 16:00:00,2026-01-31 12:00:00,SHORT,10.986703,10.32574226,531.695262,345.1972,5.9093,TP,OOS
6,S30a_DOW_Seasonality,AVAX_USDT_USDT,4H,TimeBased,2026-02-05 04:00:00,2026-02-05 12:00:00,SHORT,9.6131152,8.81699299,450.7409,354.2759,8.1762,TP,OOS
6,S30a_DOW_Seasonality,AVAX_USDT_USDT,4H,TimeBased,2026-02-05 16:00:00,2026-02-06 00:00:00,SHORT,8.857342,7.97141934,412.56224,361.6796,9.8976,TP,OOS
6,S30a_DOW_Seasonality,AVAX_USDT_USDT,4H,TimeBased,2026-02-12 04:00:00,2026-02-13 12:00:00,SHORT,8.7463753,9.1175081,611.463279,-232.9418,-4.3556,SL,OOS
6,S30a_DOW_Seasonality,AVAX_USDT_USDT,4H,TimeBased,2026-02-13 16:00:00,2026-02-14 20:00:00,LONG,9.10273,9.6533121,662.59204,357.9761,5.9352,TP,OOS
6,S30a_DOW_Seasonality,AVAX_USDT_USDT,4H,TimeBased,2026-02-19 04:00:00,2026-02-20 04:00:00,SHORT,8.9033282,9.17977966,827.598769,-237.0219,-3.2167,SL,OOS
6,S30a_DOW_Seasonality,AVAX_USDT_USDT,4H,TimeBased,2026-02-20 08:00:00,2026-02-20 12:00:00,LONG,9.1977585,8.92212065,821.152772,-234.5243,-3.1051,SL,OOS
6,S30a_DOW_Seasonality,AVAX_USDT_USDT,4H,TimeBased,2026-02-20 16:00:00,2026-02-22 12:00:00,LONG,9.1737513,8.88017636,762.424411,-231.3993,-3.3084,SL,OOS
6,S30a_DOW_Seasonality,AVAX_USDT_USDT,4H,TimeBased,2026-02-27 04:00:00,2026-02-27 08:00:00,LONG,9.412823,9.05641508,620.551473,-227.4731,-3.8943,SL,OOS
6,S30a_DOW_Seasonality,AVAX_USDT_USDT,4H,TimeBased,2026-03-06 04:00:00,2026-03-06 12:00:00,LONG,9.4158239,9.08417432,660.360915,-225.7276,-3.6303,SL,OOS
6,S30a_DOW_Seasonality,AVAX_USDT_USDT,4H,TimeBased,2026-03-13 04:00:00,2026-03-14 00:00:00,LONG,9.9559859,9.63967366,685.825137,-224.3264,-3.2854,SL,OOS
6,S30a_DOW_Seasonality,AVAX_USDT_USDT,4H,TimeBased,2026-03-19 04:00:00,2026-03-22 00:00:00,SHORT,9.6551026,9.11605546,645.146413,341.1037,5.4761,TP,OOS
6,S30a_DOW_Seasonality,AVAX_USDT_USDT,4H,TimeBased,2026-03-26 08:00:00,2026-03-26 16:00:00,SHORT,9.4291704,8.99872571,817.351463,343.5405,4.4575,TP,OOS
6,S30a_DOW_Seasonality,AVAX_USDT_USDT,4H,TimeBased,2026-03-26 20:00:00,2026-03-29 20:00:00,SHORT,9.0032982,8.55208694,793.793283,350.504,4.9044,TP,OOS
6,S30a_DOW_Seasonality,AVAX_USDT_USDT,4H,TimeBased,2026-04-02 04:00:00,2026-04-03 16:00:00,SHORT,8.7623705,9.08182652,704.251432,-231.8891,-3.7578,SL,OOS
6,S30a_DOW_Seasonality,AVAX_USDT_USDT,4H,TimeBased,2026-04-03 20:00:00,2026-04-06 00:00:00,LONG,8.9646886,9.39522011,835.149437,351.1249,4.6899,TP,OOS
6,S30a_DOW_Seasonality,AVAX_USDT_USDT,4H,TimeBased,2026-04-09 04:00:00,2026-04-09 12:00:00,SHORT,9.0182937,9.36282149,656.243904,-232.7286,-3.9324,SL,OOS
6,S30a_DOW_Seasonality,AVAX_USDT_USDT,4H,TimeBased,2026-04-10 04:00:00,2026-04-12 12:00:00,LONG,9.3057909,8.96835596,662.967798,-230.3718,-3.7341,SL,OOS
6,S30a_DOW_Seasonality,AVAX_USDT_USDT,4H,TimeBased,2026-04-17 04:00:00,2026-04-19 00:00:00,LONG,9.5538653,9.21877979,660.872518,-228.2723,-3.6154,SL,OOS
6,S30a_DOW_Seasonality,AVAX_USDT_USDT,4H,TimeBased,2026-04-23 04:00:00,2026-04-26 08:00:00,SHORT,9.2612208,9.5210401,845.79137,-228.4902,-2.917,SL,OOS
6,S30a_DOW_Seasonality,AVAX_USDT_USDT,4H,TimeBased,2026-04-30 04:00:00,2026-05-04 04:00:00,SHORT,9.157252,9.37720372,990.390931,-227.9342,-2.5133,SL,OOS
6,S30a_DOW_Seasonality,AVAX_USDT_USDT,4H,TimeBased,2026-05-08 04:00:00,2026-05-08 16:00:00,LONG,9.4818437,9.88103638,865.479716,336.2762,4.0978,TP,OOS
6,S30a_DOW_Seasonality,AVAX_USDT_USDT,4H,TimeBased,2026-05-08 20:00:00,2026-05-10 16:00:00,LONG,9.9079715,10.32555347,840.465149,341.61,4.1023,TP,OOS
6,S30a_DOW_Seasonality,AVAX_USDT_USDT,4H,TimeBased,2026-05-14 04:00:00,2026-05-14 12:00:00,SHORT,9.6411068,9.93561352,753.111973,-229.9054,-3.1664,SL,OOS
6,S30a_DOW_Seasonality,AVAX_USDT_USDT,4H,TimeBased,2026-05-15 04:00:00,2026-05-15 12:00:00,LONG,9.8779625,9.58276608,743.202051,-227.3454,-3.0968,SL,OOS
6,S30a_DOW_Seasonality,AVAX_USDT_USDT,4H,TimeBased,2026-05-21 12:00:00,2026-05-21 16:00:00,SHORT,9.2862133,9.5177017,940.279947,-227.3884,-2.6042,SL,OOS
6,S30a_DOW_Seasonality,AVAX_USDT_USDT,4H,TimeBased,2026-05-22 04:00:00,2026-05-22 16:00:00,LONG,9.50285,9.27467968,943.736545,-225.0792,-2.5098,SL,OOS
6,S30a_DOW_Seasonality,AVAX_USDT_USDT,4H,TimeBased,2026-05-28 04:00:00,2026-06-02 12:00:00,SHORT,8.8663393,8.45354009,830.336308,334.8524,4.5484,TP,OOS
6,S30a_DOW_Seasonality,AVAX_USDT_USDT,4H,TimeBased,2026-06-04 04:00:00,2026-06-05 00:00:00,SHORT,8.0305901,7.42009905,575.537002,346.4693,7.4963,TP,OOS
6,S30a_DOW_Seasonality,AVAX_USDT_USDT,4H,TimeBased,2026-06-11 04:00:00,2026-06-15 08:00:00,SHORT,6.5920218,6.89467644,722.814202,-224.1247,-4.7038,SL,OOS
6,S30a_DOW_Seasonality,AVAX_USDT_USDT,4H,TimeBased,2026-06-18 04:00:00,2026-06-18 12:00:00,SHORT,6.7039882,6.31385975,901.838308,345.3758,5.7125,TP,OOS
6,S30a_DOW_Seasonality,AVAX_USDT_USDT,4H,TimeBased,2026-06-18 16:00:00,2026-06-19 16:00:00,SHORT,6.2371283,5.80535849,830.406379,353.0443,6.8164,TP,OOS
6,S30a_DOW_Seasonality,AVAX_USDT_USDT,4H,TimeBased,2026-06-25 16:00:00,2026-06-26 16:00:00,SHORT,6.1111661,6.42852791,703.828786,-228.2226,-5.306,SL,OOS
6,S30a_DOW_Seasonality,AVAX_USDT_USDT,4H,TimeBased,2026-06-26 20:00:00,2026-07-03 16:00:00,LONG,6.3779128,6.92670011,658.70001,356.6661,8.4898,TP,OOS
6,S30a_DOW_Seasonality,AVAX_USDT_USDT,4H,TimeBased,2026-07-03 20:00:00,2026-07-06 12:00:00,LONG,6.912073,6.71792608,1162.206587,-234.3513,-2.9173,SL,OOS
6,S30a_DOW_Seasonality,AVAX_USDT_USDT,4H,TimeBased,2026-07-09 04:00:00,2026-07-09 04:00:00,SHORT,6.458062,6.65929516,1108.998202,-231.1681,-3.2277,SL,OOS
6,S30a_DOW_Seasonality,AVAX_USDT_USDT,4H,TimeBased,2026-07-10 00:00:00,2026-07-12 04:00:00,SHORT,6.6729975,6.34793202,1096.572051,348.6046,4.764,TP,OOS
6,S30a_DOW_Seasonality,AVAX_USDT_USDT,4H,TimeBased,2026-07-16 12:00:00,2026-07-23 16:00:00,SHORT,6.5730275,6.29688219,1306.809921,351.6192,4.0935,TP,OOS
6,S30a_DOW_Seasonality,AVAX_USDT_USDT,4H,TimeBased,2026-07-23 20:00:00,2026-07-25 12:00:00,SHORT,6.2771163,6.45217835,1303.337521,-237.2898,-2.9004,SL,OOS
6,S30a_DOW_Seasonality,AVAX_USDT_USDT,4H,TimeBased,2026-07-30 04:00:00,2026-08-01 16:00:00,SHORT,6.4800554,6.18006103,1211.974365,355.1464,4.522,TP,OOS
6,S30a_DOW_Seasonality,AVAX_USDT_USDT,4H,TimeBased,2026-08-06 12:00:00,2026-08-11 12:00:00,SHORT,6.4370683,6.12879287,1199.105805,361.3676,4.6817,TP,OOS
6,S30a_DOW_Seasonality,AVAX_USDT_USDT,4H,TimeBased,2026-08-13 16:00:00,2026-08-15 00:00:00,SHORT,6.4070773,6.58409501,1316.44818,-242.4408,-2.8744,SL,OOS
6,S30a_DOW_Seasonality,AVAX_USDT_USDT,4H,TimeBased,2026-08-21 04:00:00,2026-08-21 16:00:00,LONG,7.3031903,7.69530333,949.420165,364.4481,5.2561,TP,OOS
6,S30a_DOW_Seasonality,AVAX_USDT_USDT,4H,TimeBased,2026-08-21 20:00:00,2026-08-22 00:00:00,LONG,7.5402614,7.99352957,836.2448,371.8986,5.898,TP,OOS
6,S30a_DOW_Seasonality,AVAX_USDT_USDT,4H,TimeBased,2026-08-27 04:00:00,2026-08-31 20:00:00,SHORT,7.3397974,7.2301684,860.445755,87.4346,1.3844,EOD,OOS
7,S30a_DOW_Seasonality,QTUM_USDT_USDT,4H,TimeBased,2022-01-06 04:00:00,2022-01-10 12:00:00,SHORT,8.077576,7.34760922,225.641624,162.7966,8.9319,TP,IS
7,S30a_DOW_Seasonality,QTUM_USDT_USDT,4H,TimeBased,2022-01-13 20:00:00,2022-01-14 04:00:00,SHORT,7.6327095,7.94220206,330.916492,-105.2509,-4.167,SL,IS
7,S30a_DOW_Seasonality,QTUM_USDT_USDT,4H,TimeBased,2022-01-14 08:00:00,2022-01-15 04:00:00,LONG,7.8073415,8.31403006,325.216945,161.9001,6.3763,TP,IS
7,S30a_DOW_Seasonality,QTUM_USDT_USDT,4H,TimeBased,2022-01-20 04:00:00,2022-01-21 00:00:00,SHORT,7.4227725,6.92295809,335.395445,164.9892,6.6272,TP,IS
7,S30a_DOW_Seasonality,QTUM_USDT_USDT,4H,TimeBased,2022-01-27 04:00:00,2022-01-28 00:00:00,SHORT,5.408377,5.77404324,285.337986,-106.0934,-6.8748,SL,IS
7,S30a_DOW_Seasonality,QTUM_USDT_USDT,4H,TimeBased,2022-01-28 04:00:00,2022-02-02 00:00:00,LONG,5.7467235,6.30698147,302.261508,167.3406,9.6338,TP,IS
7,S30a_DOW_Seasonality,QTUM_USDT_USDT,4H,TimeBased,2022-02-03 04:00:00,2022-02-04 04:00:00,SHORT,5.978206,6.29086974,336.114978,-107.3591,-5.3429,SL,IS
7,S30a_DOW_Seasonality,QTUM_USDT_USDT,4H,TimeBased,2022-02-04 08:00:00,2022-02-05 08:00:00,LONG,6.6269875,7.15175628,323.751492,167.4412,7.8043,TP,IS
7,S30a_DOW_Seasonality,QTUM_USDT_USDT,4H,TimeBased,2022-02-11 00:00:00,2022-02-11 20:00:00,SHORT,7.1028685,6.48476864,279.827454,170.8701,8.5969,TP,IS
7,S30a_DOW_Seasonality,QTUM_USDT_USDT,4H,TimeBased,2022-02-17 20:00:00,2022-02-20 04:00:00,SHORT,7.1628505,6.46031903,250.554294,174.1449,9.7034,TP,IS
7,S30a_DOW_Seasonality,QTUM_USDT_USDT,4H,TimeBased,2022-02-24 04:00:00,2022-02-24 20:00:00,SHORT,5.2534235,5.72349601,231.678036,-110.3042,-9.0628,SL,IS
7,S30a_DOW_Seasonality,QTUM_USDT_USDT,4H,TimeBased,2022-02-25 00:00:00,2022-02-26 00:00:00,SHORT,5.868239,6.3279494,234.604191,-109.4237,-7.9482,SL,IS
7,S30a_DOW_Seasonality,QTUM_USDT_USDT,4H,TimeBased,2022-03-03 16:00:00,2022-03-05 00:00:00,SHORT,6.3730875,5.80761639,309.593229,172.9919,8.7677,TP,IS
7,S30a_DOW_Seasonality,QTUM_USDT_USDT,4H,TimeBased,2022-03-10 08:00:00,2022-03-10 08:00:00,SHORT,5.8732375,6.13516253,415.404274,-111.5484,-4.5721,SL,IS
7,S30a_DOW_Seasonality,QTUM_USDT_USDT,4H,TimeBased,2022-03-10 16:00:00,2022-03-19 04:00:00,SHORT,5.8932315,6.19386785,357.87335,-109.9688,-5.2142,SL,IS
7,S30a_DOW_Seasonality,QTUM_USDT_USDT,4H,TimeBased,2022-03-25 04:00:00,2022-03-30 04:00:00,LONG,8.2374705,8.99964862,228.623486,172.0844,9.1375,TP,IS
7,S30a_DOW_Seasonality,QTUM_USDT_USDT,4H,TimeBased,2022-03-31 16:00:00,2022-04-02 00:00:00,SHORT,8.39748,8.98174414,184.923613,-109.8118,-7.0714,SL,IS
7,S30a_DOW_Seasonality,QTUM_USDT_USDT,4H,TimeBased,2022-04-07 04:00:00,2022-04-11 08:00:00,SHORT,7.0428865,6.28295843,231.172953,173.9805,10.6859,TP,IS
7,S30a_DOW_Seasonality,QTUM_USDT_USDT,4H,TimeBased,2022-04-14 12:00:00,2022-04-16 00:00:00,SHORT,6.6530035,6.93019356,393.25053,-111.943,-4.2787,SL,IS
7,S30a_DOW_Seasonality,QTUM_USDT_USDT,4H,TimeBased,2022-04-21 20:00:00,2022-04-25 04:00:00,SHORT,6.59802,6.04850567,320.597547,173.943,8.2231,TP,IS
7,S30a_DOW_Seasonality,QTUM_USDT_USDT,4H,TimeBased,2022-04-28 04:00:00,2022-04-30 16:00:00,SHORT,6.0431865,5.61317669,415.427635,175.9747,7.0095,TP,IS
7,S30a_DOW_Seasonality,QTUM_USDT_USDT,4H,TimeBased,2022-05-05 16:00:00,2022-05-09 08:00:00,SHORT,5.308407,4.79620097,355.825284,180.2783,9.5443,TP,IS
7,S30a_DOW_Seasonality,QTUM_USDT_USDT,4H,TimeBased,2022-05-12 04:00:00,2022-05-13 08:00:00,SHORT,3.568929,4.13933479,197.430353,-113.4524,-16.1013,SL,IS
7,S30a_DOW_Seasonality,QTUM_USDT_USDT,4H,TimeBased,2022-05-19 04:00:00,2022-05-22 12:00:00,SHORT,3.8138555,4.11489249,371.029764,-113.3117,-8.0076,SL,IS
7,S30a_DOW_Seasonality,QTUM_USDT_USDT,4H,TimeBased,2022-05-26 08:00:00,2022-05-30 20:00:00,SHORT,3.948815,4.17969745,479.480904,-112.8473,-5.9601,SL,IS
7,S30a_DOW_Seasonality,QTUM_USDT_USDT,4H,TimeBased,2022-06-02 04:00:00,2022-06-06 00:00:00,SHORT,3.838848,4.04149962,540.977251,-111.9746,-5.3919,SL,IS
7,S30a_DOW_Seasonality,QTUM_USDT_USDT,4H,TimeBased,2022-06-10 00:00:00,2022-06-10 12:00:00,SHORT,3.918824,3.68096341,742.490823,173.5058,5.963,TP,IS
7,S30a_DOW_Seasonality,QTUM_USDT_USDT,4H,TimeBased,2022-06-16 04:00:00,2022-06-18 16:00:00,SHORT,2.879136,2.44938735,422.029996,180.13,14.8245,TP,IS
7,S30a_DOW_Seasonality,QTUM_USDT_USDT,4H,TimeBased,2022-06-24 04:00:00,2022-06-29 04:00:00,LONG,3.0059015,2.83688151,662.375555,-114.0833,-5.7298,SL,IS
7,S30a_DOW_Seasonality,QTUM_USDT_USDT,4H,TimeBased,2022-06-30 04:00:00,2022-07-07 12:00:00,SHORT,2.809157,2.96973034,690.431654,-113.0594,-5.8292,SL,IS
7,S30a_DOW_Seasonality,QTUM_USDT_USDT,4H,TimeBased,2022-07-08 04:00:00,2022-07-08 08:00:00,LONG,3.030909,2.92401334,1029.251589,-113.3935,-3.6349,SL,IS
7,S30a_DOW_Seasonality,QTUM_USDT_USDT,4H,TimeBased,2022-07-08 12:00:00,2022-07-09 00:00:00,LONG,2.9158745,3.09445789,989.726101,173.4769,6.0112,TP,IS
7,S30a_DOW_Seasonality,QTUM_USDT_USDT,4H,TimeBased,2022-07-14 04:00:00,2022-07-15 20:00:00,SHORT,2.689193,2.8082546,928.106955,-113.3081,-4.5398,SL,IS
7,S30a_DOW_Seasonality,QTUM_USDT_USDT,4H,TimeBased,2022-07-16 00:00:00,2022-07-17 04:00:00,LONG,2.7658295,2.93804048,1032.366021,174.5461,6.113,TP,IS
7,S30a_DOW_Seasonality,QTUM_USDT_USDT,4H,TimeBased,2022-07-21 04:00:00,2022-07-22 00:00:00,SHORT,2.9841045,3.15574016,646.394698,-113.1272,-5.8648,SL,IS
7,S30a_DOW_Seasonality,QTUM_USDT_USDT,4H,TimeBased,2022-07-22 04:00:00,2022-07-26 20:00:00,LONG,3.330999,3.60848118,647.167215,177.1073,8.2157,TP,IS
7,S30a_DOW_Seasonality,QTUM_USDT_USDT,4H,TimeBased,2022-07-29 04:00:00,2022-07-29 08:00:00,LONG,4.5763725,5.08404154,360.636273,181.1677,10.9772,TP,IS
7,S30a_DOW_Seasonality,QTUM_USDT_USDT,4H,TimeBased,2022-07-29 12:00:00,2022-07-30 20:00:00,LONG,4.811443,4.44997065,313.169983,-114.7975,-7.6186,SL,IS
7,S30a_DOW_Seasonality,QTUM_USDT_USDT,4H,TimeBased,2022-08-04 04:00:00,2022-08-06 12:00:00,SHORT,3.978806,4.21240803,480.488686,-114.4078,-5.9844,SL,IS
7,S30a_DOW_Seasonality,QTUM_USDT_USDT,4H,TimeBased,2022-08-12 04:00:00,2022-08-15 04:00:00,LONG,4.2262675,4.07610111,741.840075,-114.7869,-3.6612,SL,IS
7,S30a_DOW_Seasonality,QTUM_USDT_USDT,4H,TimeBased,2022-08-18 04:00:00,2022-08-18 20:00:00,SHORT,4.048785,3.79606999,708.848245,176.0781,6.1352,TP,IS
7,S30a_DOW_Seasonality,QTUM_USDT_USDT,4H,TimeBased,2022-08-19 00:00:00,2022-08-19 04:00:00,SHORT,3.7638705,3.48930077,664.594974,179.8264,7.1889,TP,IS
7,S30a_DOW_Seasonality,QTUM_USDT_USDT,4H,TimeBased,2022-08-25 04:00:00,2022-08-26 16:00:00,SHORT,3.458962,3.22505259,791.82099,182.3035,6.6561,TP,IS
7,S30a_DOW_Seasonality,QTUM_USDT_USDT,4H,TimeBased,2022-09-01 04:00:00,2022-09-02 12:00:00,SHORT,3.089073,3.2103454,953.591886,-118.9483,-4.038,SL,IS
7,S30a_DOW_Seasonality,QTUM_USDT_USDT,4H,TimeBased,2022-09-02 16:00:00,2022-09-02 16:00:00,LONG,3.2259675,3.10956977,983.303768,-117.8807,-3.7162,SL,IS
7,S30a_DOW_Seasonality,QTUM_USDT_USDT,4H,TimeBased,2022-09-08 04:00:00,2022-09-09 00:00:00,SHORT,3.0940715,3.21105736,968.412446,-116.6488,-3.893,SL,IS
7,S30a_DOW_Seasonality,QTUM_USDT_USDT,4H,TimeBased,2022-09-09 04:00:00,2022-09-10 00:00:00,LONG,3.2359705,3.42546072,959.674715,178.3329,5.7425,TP,IS
7,S30a_DOW_Seasonality,QTUM_USDT_USDT,4H,TimeBased,2022-09-15 04:00:00,2022-09-18 20:00:00,SHORT,2.9941015,2.78814943,900.121825,182.5194,6.7724,TP,IS
7,S30a_DOW_Seasonality,QTUM_USDT_USDT,4H,TimeBased,2022-09-22 04:00:00,2022-09-22 20:00:00,SHORT,2.789163,2.91217199,939.938801,-118.5683,-4.5227,SL,IS
7,S30a_DOW_Seasonality,QTUM_USDT_USDT,4H,TimeBased,2022-09-23 04:00:00,2022-09-23 08:00:00,LONG,2.9558865,2.8423598,1008.347745,-117.69,-3.9486,SL,IS
7,S30a_DOW_Seasonality,QTUM_USDT_USDT,4H,TimeBased,2022-09-24 00:00:00,2022-09-25 20:00:00,LONG,2.9058715,2.79216612,996.18953,-116.3941,-4.0208,SL,IS
7,S30a_DOW_Seasonality,QTUM_USDT_USDT,4H,TimeBased,2022-09-29 04:00:00,2022-10-10 00:00:00,SHORT,2.8341495,2.93813323,1079.25031,-115.6508,-3.781,SL,IS
7,S30a_DOW_Seasonality,QTUM_USDT_USDT,4H,TimeBased,2022-10-13 04:00:00,2022-10-13 04:00:00,SHORT,2.6242125,2.50406205,1492.082172,175.0658,4.4711,TP,IS
7,S30a_DOW_Seasonality,QTUM_USDT_USDT,4H,TimeBased,2022-10-13 08:00:00,2022-10-13 16:00:00,SHORT,2.5442365,2.62858646,1338.743877,-116.7318,-3.4272,SL,IS
7,S30a_DOW_Seasonality,QTUM_USDT_USDT,4H,TimeBased,2022-10-13 20:00:00,2022-10-18 00:00:00,SHORT,2.649205,2.75123966,1093.773397,-114.8516,-3.9636,SL,IS
7,S30a_DOW_Seasonality,QTUM_USDT_USDT,4H,TimeBased,2022-10-20 04:00:00,2022-10-20 12:00:00,SHORT,2.59922,2.67283313,1504.593987,-115.1206,-2.9437,SL,IS
7,S30a_DOW_Seasonality,QTUM_USDT_USDT,4H,TimeBased,2022-10-20 16:00:00,2022-10-21 08:00:00,SHORT,2.659202,2.54310402,1518.359705,171.9341,4.2583,TP,IS
7,S30a_DOW_Seasonality,QTUM_USDT_USDT,4H,TimeBased,2022-10-28 04:00:00,2022-10-29 00:00:00,LONG,2.7958385,2.93921211,1252.857799,175.6749,5.0153,TP,IS
7,S30a_DOW_Seasonality,QTUM_USDT_USDT,4H,TimeBased,2022-11-03 12:00:00,2022-11-04 04:00:00,SHORT,2.8041585,2.9035651,1135.391148,-116.4296,-3.6569,SL,IS
7,S30a_DOW_Seasonality,QTUM_USDT_USDT,4H,TimeBased,2022-11-04 08:00:00,2022-11-06 20:00:00,LONG,2.940882,2.83930084,1099.109867,-115.143,-3.5622,SL,IS
7,S30a_DOW_Seasonality,QTUM_USDT_USDT,4H,TimeBased,2022-11-10 04:00:00,2022-11-10 12:00:00,SHORT,2.1043685,2.32303686,502.638454,-111.1351,-10.5069,SL,IS
7,S30a_DOW_Seasonality,QTUM_USDT_USDT,4H,TimeBased,2022-11-10 16:00:00,2022-11-13 20:00:00,SHORT,2.329301,1.97363503,504.714495,178.3153,15.1676,TP,IS
7,S30a_DOW_Seasonality,QTUM_USDT_USDT,4H,TimeBased,2022-11-17 04:00:00,2022-11-20 00:00:00,SHORT,2.0443865,2.13702374,1198.229845,-113.7564,-4.6438,SL,IS
7,S30a_DOW_Seasonality,QTUM_USDT_USDT,4H,TimeBased,2022-11-25 04:00:00,2022-11-30 08:00:00,LONG,2.1156345,2.22544869,1620.921504,174.1301,5.0777,TP,IS
7,S30a_DOW_Seasonality,QTUM_USDT_USDT,4H,TimeBased,2022-12-02 04:00:00,2022-12-07 04:00:00,LONG,2.1956585,2.1359746,1877.218879,-116.512,-2.8268,SL,IS
7,S30a_DOW_Seasonality,QTUM_USDT_USDT,4H,TimeBased,2022-12-08 04:00:00,2022-12-08 08:00:00,SHORT,2.129361,2.17813033,2279.307476,-116.5602,-2.4016,SL,IS
7,S30a_DOW_Seasonality,QTUM_USDT_USDT,4H,TimeBased,2022-12-08 12:00:00,2022-12-09 04:00:00,SHORT,2.1243625,2.17768692,2060.054019,-114.7255,-2.6215,SL,IS
7,S30a_DOW_Seasonality,QTUM_USDT_USDT,4H,TimeBased,2022-12-09 08:00:00,2022-12-10 08:00:00,LONG,2.1756525,2.2532585,2236.015481,168.0815,3.4551,TP,IS
7,S30a_DOW_Seasonality,QTUM_USDT_USDT,4H,TimeBased,2022-12-16 04:00:00,2022-12-16 20:00:00,LONG,2.3256975,2.25290282,1511.944235,-113.8689,-3.2383,SL,IS
7,S30a_DOW_Seasonality,QTUM_USDT_USDT,4H,TimeBased,2022-12-22 04:00:00,2022-12-28 00:00:00,SHORT,1.9844045,1.88312932,1738.740598,172.3927,4.9964,TP,IS
7,S30a_DOW_Seasonality,QTUM_USDT_USDT,4H,TimeBased,2022-12-29 04:00:00,2022-12-30 04:00:00,SHORT,1.849445,1.76900878,2216.067434,173.8418,4.2416,TP,IS
7,S30a_DOW_Seasonality,QTUM_USDT_USDT,4H,TimeBased,2023-01-06 04:00:00,2023-01-06 08:00:00,LONG,1.9255775,1.88011042,2480.085571,-117.9534,-2.4699,SL,IS
7,S30a_DOW_Seasonality,QTUM_USDT_USDT,4H,TimeBased,2023-01-06 20:00:00,2023-01-08 20:00:00,LONG,1.940582,2.02187482,2200.546697,174.0929,4.0768,TP,IS
7,S30a_DOW_Seasonality,QTUM_USDT_USDT,4H,TimeBased,2023-01-13 04:00:00,2023-01-14 00:00:00,LONG,2.20066,2.32335139,1490.552764,179.1692,5.4621,TP,IS
7,S30a_DOW_Seasonality,QTUM_USDT_USDT,4H,TimeBased,2023-01-19 04:00:00,2023-01-20 16:00:00,SHORT,2.2643205,2.37147917,1068.283569,-117.1996,-4.8451,SL,IS
7,S30a_DOW_Seasonality,QTUM_USDT_USDT,4H,TimeBased,2023-01-20 20:00:00,2023-01-22 08:00:00,LONG,2.420726,2.56325968,1291.482173,180.5395,5.7748,TP,IS
7,S30a_DOW_Seasonality,QTUM_USDT_USDT,4H,TimeBased,2023-01-27 04:00:00,2023-01-30 00:00:00,LONG,2.580774,2.75656729,1066.586146,184.3677,6.6979,TP,IS
7,S30a_DOW_Seasonality,QTUM_USDT_USDT,4H,TimeBased,2023-02-03 04:00:00,2023-02-05 12:00:00,LONG,2.7358205,2.92044693,1031.777752,187.2836,6.6348,TP,IS
7,S30a_DOW_Seasonality,QTUM_USDT_USDT,4H,TimeBased,2023-02-09 04:00:00,2023-02-09 04:00:00,SHORT,2.8241525,2.94977151,946.539348,-121.9092,-4.5605,SL,IS
7,S30a_DOW_Seasonality,QTUM_USDT_USDT,4H,TimeBased,2023-02-09 20:00:00,2023-02-13 08:00:00,SHORT,2.79916,2.52243639,696.213047,190.6209,9.7814,TP,IS
7,S30a_DOW_Seasonality,QTUM_USDT_USDT,4H,TimeBased,2023-02-17 04:00:00,2023-02-19 08:00:00,LONG,2.920876,3.18596863,737.455594,193.0171,8.9608,TP,IS
7,S30a_DOW_Seasonality,QTUM_USDT_USDT,4H,TimeBased,2023-02-23 20:00:00,2023-02-24 20:00:00,SHORT,3.49895,3.13062508,540.602819,197.1463,10.4225,TP,IS
7,S30a_DOW_Seasonality,QTUM_USDT_USDT,4H,TimeBased,2023-03-02 04:00:00,2023-03-03 00:00:00,SHORT,3.29901,3.06647275,865.850068,198.311,6.9426,TP,IS
7,S30a_DOW_Seasonality,QTUM_USDT_USDT,4H,TimeBased,2023-03-09 04:00:00,2023-03-09 20:00:00,SHORT,2.8041585,2.61451483,1078.153245,201.2517,6.6567,TP,IS
7,S30a_DOW_Seasonality,QTUM_USDT_USDT,4H,TimeBased,2023-03-10 00:00:00,2023-03-11 12:00:00,SHORT,2.5642305,2.35973083,1018.452854,205.5151,7.8695,TP,IS
7,S30a_DOW_Seasonality,QTUM_USDT_USDT,4H,TimeBased,2023-03-16 04:00:00,2023-03-17 00:00:00,SHORT,2.7441765,2.89574828,854.032276,-132.0964,-5.6364,SL,IS
7,S30a_DOW_Seasonality,QTUM_USDT_USDT,4H,TimeBased,2023-03-17 04:00:00,2023-03-18 00:00:00,LONG,2.8958685,3.13431479,878.382421,206.5338,8.1195,TP,IS
7,S30a_DOW_Seasonality,QTUM_USDT_USDT,4H,TimeBased,2023-03-23 04:00:00,2023-03-24 00:00:00,SHORT,3.139058,3.35463529,603.295625,-132.2115,-6.9814,SL,IS
7,S30a_DOW_Seasonality,QTUM_USDT_USDT,4H,TimeBased,2023-03-24 04:00:00,2023-03-25 00:00:00,LONG,3.320996,3.12633248,661.388713,-131.0936,-5.9684,SL,IS
7,S30a_DOW_Seasonality,QTUM_USDT_USDT,4H,TimeBased,2023-03-30 08:00:00,2023-04-06 04:00:00,SHORT,3.0940715,3.22086937,1007.827226,-131.2908,-4.2103,SL,IS
7,S30a_DOW_Seasonality,QTUM_USDT_USDT,4H,TimeBased,2023-04-14 04:00:00,2023-04-16 00:00:00,LONG,3.2959885,3.4291762,1528.454221,197.9178,3.9287,TP,IS
7,S30a_DOW_Seasonality,QTUM_USDT_USDT,4H,TimeBased,2023-04-20 04:00:00,2023-04-21 16:00:00,SHORT,3.069079,2.87590128,1081.30222,205.3479,6.1878,TP,IS
7,S30a_DOW_Seasonality,QTUM_USDT_USDT,4H,TimeBased,2023-04-27 04:00:00,2023-05-08 00:00:00,SHORT,2.8841345,2.67012196,994.348547,209.7655,7.3144,TP,IS
7,S30a_DOW_Seasonality,QTUM_USDT_USDT,4H,TimeBased,2023-05-11 04:00:00,2023-05-23 08:00:00,SHORT,2.6142155,2.70598238,1447.240317,-137.0435,-3.6222,SL,IS
7,S30a_DOW_Seasonality,QTUM_USDT_USDT,4H,TimeBased,2023-05-25 08:00:00,2023-05-27 20:00:00,SHORT,2.6142155,2.71326504,1326.031641,-135.2283,-3.901,SL,IS
7,S30a_DOW_Seasonality,QTUM_USDT_USDT,4H,TimeBased,2023-06-01 04:00:00,2023-06-02 16:00:00,SHORT,2.569229,2.63868096,1877.518086,-135.7752,-2.8147,SL,IS
7,S30a_DOW_Seasonality,QTUM_USDT_USDT,4H,TimeBased,2023-06-02 20:00:00,2023-06-05 12:00:00,LONG,2.6457935,2.58778272,2228.627939,-135.6995,-2.3014,SL,IS
7,S30a_DOW_Seasonality,QTUM_USDT_USDT,4H,TimeBased,2023-06-08 04:00:00,2023-06-10 04:00:00,SHORT,2.3342995,2.21185025,1682.884582,201.8601,5.1385,TP,IS
7,S30a_DOW_Seasonality,QTUM_USDT_USDT,4H,TimeBased,2023-06-15 04:00:00,2023-06-17 04:00:00,SHORT,2.039388,2.11195907,1782.311703,-133.4137,-3.6704,SL,IS
7,S30a_DOW_Seasonality,QTUM_USDT_USDT,4H,TimeBased,2023-06-23 04:00:00,2023-06-23 16:00:00,LONG,2.280684,2.40699817,1641.067065,203.059,5.4254,TP,IS
7,S30a_DOW_Seasonality,QTUM_USDT_USDT,4H,TimeBased,2023-06-23 20:00:00,2023-06-24 12:00:00,LONG,2.4557365,2.36552653,1440.35385,-133.7537,-3.7814,SL,IS
7,S30a_DOW_Seasonality,QTUM_USDT_USDT,4H,TimeBased,2023-06-29 04:00:00,2023-06-30 00:00:00,SHORT,2.2743175,2.37392263,1290.021112,-131.7907,-4.492,SL,IS
7,S30a_DOW_Seasonality,QTUM_USDT_USDT,4H,TimeBased,2023-06-30 04:00:00,2023-06-30 08:00:00,LONG,2.410723,2.56587926,1333.047875,203.182,6.3225,TP,IS
7,S30a_DOW_Seasonality,QTUM_USDT_USDT,4H,TimeBased,2023-06-30 12:00:00,2023-06-30 12:00:00,LONG,2.7458235,2.61924341,1019.826879,-132.0991,-4.7174,SL,IS
7,S30a_DOW_Seasonality,QTUM_USDT_USDT,4H,TimeBased,2023-06-30 16:00:00,2023-07-01 00:00:00,LONG,2.5657695,2.81291987,846.290577,206.6575,9.5173,TP,IS
7,S30a_DOW_Seasonality,QTUM_USDT_USDT,4H,TimeBased,2023-07-06 04:00:00,2023-07-06 08:00:00,SHORT,2.7641705,2.93223384,771.807256,-132.1306,-6.1934,SL,IS
7,S30a_DOW_Seasonality,QTUM_USDT_USDT,4H,TimeBased,2023-07-07 00:00:00,2023-07-07 08:00:00,SHORT,2.729181,2.89455549,776.337469,-130.7877,-6.1728,SL,IS
7,S30a_DOW_Seasonality,QTUM_USDT_USDT,4H,TimeBased,2023-07-07 12:00:00,2023-07-17 08:00:00,LONG,2.8058415,2.64551308,792.333737,-129.4092,-5.821,SL,IS
7,S30a_DOW_Seasonality,QTUM_USDT_USDT,4H,TimeBased,2023-07-20 04:00:00,2023-07-20 08:00:00,SHORT,2.6841945,2.76416318,1580.882089,-131.1583,-3.0909,SL,IS
7,S30a_DOW_Seasonality,QTUM_USDT_USDT,4H,TimeBased,2023-07-20 16:00:00,2023-07-22 00:00:00,SHORT,2.7141855,2.79864189,1480.546376,-129.5307,-3.2234,SL,IS
7,S30a_DOW_Seasonality,QTUM_USDT_USDT,4H,TimeBased,2023-07-27 04:00:00,2023-07-30 12:00:00,SHORT,2.5642305,2.6352992,1743.120239,-128.8662,-2.8831,SL,IS
7,S30a_DOW_Seasonality,QTUM_USDT_USDT,4H,TimeBased,2023-08-03 08:00:00,2023-08-15 16:00:00,SHORT,2.6342095,2.43163555,983.514481,196.4941,7.5844,TP,IS
7,S30a_DOW_Seasonality,QTUM_USDT_USDT,4H,TimeBased,2023-08-17 04:00:00,2023-08-17 20:00:00,SHORT,2.329301,2.20382407,1603.881291,197.2513,5.2799,TP,IS
7,S30a_DOW_Seasonality,QTUM_USDT_USDT,4H,TimeBased,2023-08-18 00:00:00,2023-08-18 20:00:00,SHORT,2.0843745,2.20711269,1025.198549,-128.2508,-6.0017,SL,IS
7,S30a_DOW_Seasonality,QTUM_USDT_USDT,4H,TimeBased,2023-08-24 16:00:00,2023-08-28 04:00:00,SHORT,2.2143355,2.11997357,2133.413179,196.2272,4.1538,TP,IS
7,S30a_DOW_Seasonality,QTUM_USDT_USDT,4H,TimeBased,2023-08-31 16:00:00,2023-09-01 12:00:00,SHORT,2.19934,2.1068912,2211.290326,199.1939,4.0958,TP,IS
7,S30a_DOW_Seasonality,QTUM_USDT_USDT,4H,TimeBased,2023-09-07 12:00:00,2023-09-07 16:00:00,SHORT,2.1043685,2.1599058,2328.752219,-134.7944,-2.7506,SL,IS
7,S30a_DOW_Seasonality,QTUM_USDT_USDT,4H,TimeBased,2023-09-08 04:00:00,2023-09-10 00:00:00,LONG,2.1656495,2.10759806,2202.689459,-133.0462,-2.7891,SL,IS
7,S30a_DOW_Seasonality,QTUM_USDT_USDT,4H,TimeBased,2023-09-15 04:00:00,2023-09-17 20:00:00,LONG,2.170651,2.10729822,1995.29481,-131.1022,-3.027,SL,IS
7,S30a_DOW_Seasonality,QTUM_USDT_USDT,4H,TimeBased,2023-09-21 12:00:00,2023-09-22 00:00:00,SHORT,2.159352,2.21819134,2128.691556,-130.3759,-2.8364,SL,IS
7,S30a_DOW_Seasonality,QTUM_USDT_USDT,4H,TimeBased,2023-09-22 04:00:00,2023-09-24 20:00:00,LONG,2.2156645,2.15941921,2203.901549,-129.2623,-2.6471,SL,IS
7,S30a_DOW_Seasonality,QTUM_USDT_USDT,4H,TimeBased,2023-09-29 04:00:00,2023-10-01 04:00:00,LONG,2.220666,2.29736262,2552.534392,189.4279,3.3419,TP,IS
7,S30a_DOW_Seasonality,QTUM_USDT_USDT,4H,TimeBased,2023-10-05 04:00:00,2023-10-09 16:00:00,SHORT,2.229331,2.10344943,1599.584419,197.5463,5.5397,TP,IS
7,S30a_DOW_Seasonality,QTUM_USDT_USDT,4H,TimeBased,2023-10-12 04:00:00,2023-10-13 12:00:00,SHORT,2.089373,2.1450929,2271.529339,-131.8597,-2.7783,SL,IS
7,S30a_DOW_Seasonality,QTUM_USDT_USDT,4H,TimeBased,2023-10-14 00:00:00,2023-10-16 04:00:00,LONG,2.1356405,2.21778322,2441.136803,194.6766,3.7342,TP,IS
7,S30a_DOW_Seasonality,QTUM_USDT_USDT,4H,TimeBased,2023-10-19 04:00:00,2023-10-20 08:00:00,SHORT,2.149355,2.20218689,2410.058347,-133.0961,-2.5694,SL,IS
7,S30a_DOW_Seasonality,QTUM_USDT_USDT,4H,TimeBased,2023-10-20 12:00:00,2023-10-21 16:00:00,LONG,2.240672,2.33355439,2173.974397,196.4546,4.033,TP,IS
7,S30a_DOW_Seasonality,QTUM_USDT_USDT,4H,TimeBased,2023-10-26 16:00:00,2023-10-26 20:00:00,SHORT,2.3742875,2.48768402,1121.786912,-130.2065,-4.8887,SL,IS
7,S30a_DOW_Seasonality,QTUM_USDT_USDT,4H,TimeBased,2023-10-27 04:00:00,2023-10-27 20:00:00,LONG,2.5057515,2.69960876,1059.870536,202.4292,7.6222,TP,IS
7,S30a_DOW_Seasonality,QTUM_USDT_USDT,4H,TimeBased,2023-10-28 00:00:00,2023-10-28 04:00:00,LONG,2.7558265,2.96518504,997.023642,205.5982,7.4828,TP,IS
7,S30a_DOW_Seasonality,QTUM_USDT_USDT,4H,TimeBased,2023-11-09 12:00:00,2023-11-09 16:00:00,SHORT,3.119064,2.87165755,858.364568,209.5367,7.8264,TP,IS
7,S30a_DOW_Seasonality,QTUM_USDT_USDT,4H,TimeBased,2023-11-09 20:00:00,2023-11-10 04:00:00,SHORT,3.0040985,3.19909339,676.388603,-134.2,-6.6045,SL,IS
7,S30a_DOW_Seasonality,QTUM_USDT_USDT,4H,TimeBased,2023-11-10 08:00:00,2023-11-14 16:00:00,LONG,3.2159645,3.01683601,655.328878,-132.7411,-6.2985,SL,IS
7,S30a_DOW_Seasonality,QTUM_USDT_USDT,4H,TimeBased,2023-11-16 16:00:00,2023-11-21 20:00:00,SHORT,3.109067,2.86562408,868.307573,208.53,7.7244,TP,IS
7,S30a_DOW_Seasonality,QTUM_USDT_USDT,4H,TimeBased,2023-11-23 04:00:00,2023-11-25 00:00:00,SHORT,3.049085,3.1786443,1015.965491,-135.1077,-4.3615,SL,IS
7,S30a_DOW_Seasonality,QTUM_USDT_USDT,4H,TimeBased,2023-11-30 04:00:00,2023-12-02 16:00:00,SHORT,3.0430868,3.13526103,1417.325436,-135.4571,-3.1406,SL,IS
7,S30a_DOW_Seasonality,QTUM_USDT_USDT,4H,TimeBased,2023-12-08 04:00:00,2023-12-09 00:00:00,LONG,3.2989894,3.50474953,1018.170137,205.6888,6.1236,TP,IS
7,S30a_DOW_Seasonality,QTUM_USDT_USDT,4H,TimeBased,2023-12-14 04:00:00,2023-12-18 08:00:00,SHORT,3.159052,2.92598691,916.325912,210.4968,7.2717,TP,IS
7,S30a_DOW_Seasonality,QTUM_USDT_USDT,4H,TimeBased,2023-12-22 04:00:00,2023-12-24 20:00:00,LONG,3.2729816,3.14904268,1074.162547,-136.9246,-3.8946,SL,IS
7,S30a_DOW_Seasonality,QTUM_USDT_USDT,4H,TimeBased,2023-12-29 12:00:00,2023-12-31 16:00:00,LONG,3.4560365,3.77942855,665.801636,212.6654,9.2422,TP,IS
7,S30a_DOW_Seasonality,QTUM_USDT_USDT,4H,TimeBased,2024-01-04 04:00:00,2024-01-08 00:00:00,SHORT,3.2080373,2.77276989,504.836681,218.0783,13.4655,TP,IS
7,S30a_DOW_Seasonality,QTUM_USDT_USDT,4H,TimeBased,2024-01-12 04:00:00,2024-01-12 16:00:00,LONG,3.3770128,3.19150699,731.807475,-138.3983,-5.6002,SL,IS
7,S30a_DOW_Seasonality,QTUM_USDT_USDT,4H,TimeBased,2024-01-12 20:00:00,2024-01-18 16:00:00,LONG,3.1919573,2.99878934,695.225607,-136.6625,-6.1584,SL,IS
7,S30a_DOW_Seasonality,QTUM_USDT_USDT,4H,TimeBased,2024-01-18 20:00:00,2024-01-20 20:00:00,SHORT,2.9611114,3.07788687,1141.996736,-137.1503,-4.0558,SL,IS
7,S30a_DOW_Seasonality,QTUM_USDT_USDT,4H,TimeBased,2024-01-25 04:00:00,2024-01-27 00:00:00,SHORT,2.8411474,2.9458448,1261.213852,-136.0601,-3.7971,SL,IS
7,S30a_DOW_Seasonality,QTUM_USDT_USDT,4H,TimeBased,2024-02-01 04:00:00,2024-02-03 00:00:00,SHORT,2.8221531,2.91270549,1444.832879,-135.3903,-3.3204,SL,IS
7,S30a_DOW_Seasonality,QTUM_USDT_USDT,4H,TimeBased,2024-02-09 04:00:00,2024-02-12 16:00:00,LONG,2.9638889,3.05960532,2158.427558,199.4463,3.1176,TP,IS
7,S30a_DOW_Seasonality,QTUM_USDT_USDT,4H,TimeBased,2024-02-16 04:00:00,2024-02-17 12:00:00,LONG,3.3730116,3.21947467,853.449694,-134.1305,-4.6594,SL,IS
7,S30a_DOW_Seasonality,QTUM_USDT_USDT,4H,TimeBased,2024-02-22 04:00:00,2024-02-22 16:00:00,SHORT,3.2370286,3.38624076,869.589476,-132.9211,-4.7221,SL,IS
7,S30a_DOW_Seasonality,QTUM_USDT_USDT,4H,TimeBased,2024-02-22 20:00:00,2024-02-25 12:00:00,SHORT,3.2930118,3.43598339,898.548649,-131.7924,-4.4541,SL,IS
7,S30a_DOW_Seasonality,QTUM_USDT_USDT,4H,TimeBased,2024-03-01 04:00:00,2024-03-02 00:00:00,LONG,3.7201157,4.04598425,637.378359,204.9791,8.6448,TP,IS
7,S30a_DOW_Seasonality,QTUM_USDT_USDT,4H,TimeBased,2024-03-08 04:00:00,2024-03-15 08:00:00,LONG,4.9854952,4.53903584,288.190625,-130.1751,-9.0602,SL,IS
7,S30a_DOW_Seasonality,QTUM_USDT_USDT,4H,TimeBased,2024-03-21 04:00:00,2024-03-25 16:00:00,SHORT,4.258722,4.57477721,403.488679,-129.485,-7.5354,SL,IS
7,S30a_DOW_Seasonality,QTUM_USDT_USDT,4H,TimeBased,2024-03-28 04:00:00,2024-03-28 08:00:00,SHORT,4.5026488,4.71916132,584.276565,-129.4666,-4.9212,SL,IS
7,S30a_DOW_Seasonality,QTUM_USDT_USDT,4H,TimeBased,2024-03-29 04:00:00,2024-04-01 12:00:00,LONG,4.7634286,4.54746396,579.597335,-128.1406,-4.6413,SL,IS
7,S30a_DOW_Seasonality,QTUM_USDT_USDT,4H,TimeBased,2024-04-04 04:00:00,2024-04-04 08:00:00,SHORT,4.0857739,4.28353639,626.534756,-126.7891,-4.9529,SL,IS
7,S30a_DOW_Seasonality,QTUM_USDT_USDT,4H,TimeBased,2024-04-04 12:00:00,2024-04-08 08:00:00,SHORT,4.2607214,4.45777336,622.498386,-125.6495,-4.7374,SL,IS
7,S30a_DOW_Seasonality,QTUM_USDT_USDT,4H,TimeBased,2024-04-12 04:00:00,2024-04-12 08:00:00,LONG,5.0625183,5.67348875,325.851387,197.1615,11.9519,TP,IS
7,S30a_DOW_Seasonality,QTUM_USDT_USDT,4H,TimeBased,2024-04-12 12:00:00,2024-04-12 12:00:00,LONG,5.6596974,5.26012813,307.91521,-124.8828,-7.166,SL,IS
7,S30a_DOW_Seasonality,QTUM_USDT_USDT,4H,TimeBased,2024-04-12 16:00:00,2024-04-12 16:00:00,LONG,5.1925573,4.76501195,284.661327,-123.2646,-8.3393,SL,IS
7,S30a_DOW_Seasonality,QTUM_USDT_USDT,4H,TimeBased,2024-04-18 04:00:00,2024-04-19 00:00:00,SHORT,3.7458759,4.11889997,322.941256,-121.8618,-10.0737,SL,IS
7,S30a_DOW_Seasonality,QTUM_USDT_USDT,4H,TimeBased,2024-04-19 08:00:00,2024-04-30 08:00:00,LONG,4.1372408,3.74462801,303.577613,-120.5045,-9.5945,SL,IS
7,S30a_DOW_Seasonality,QTUM_USDT_USDT,4H,TimeBased,2024-05-02 04:00:00,2024-05-03 12:00:00,SHORT,3.4539635,3.67051561,546.027249,-120.3829,-6.3831,SL,IS
7,S30a_DOW_Seasonality,QTUM_USDT_USDT,4H,TimeBased,2024-05-03 16:00:00,2024-05-08 20:00:00,LONG,3.6941079,3.51447134,652.017046,-119.7112,-4.9701,SL,IS
7,S30a_DOW_Seasonality,QTUM_USDT_USDT,4H,TimeBased,2024-05-09 04:00:00,2024-05-10 00:00:00,SHORT,3.5529338,3.68277241,895.18879,-119.7926,-3.7664,SL,IS
7,S30a_DOW_Seasonality,QTUM_USDT_USDT,4H,TimeBased,2024-05-10 04:00:00,2024-05-10 12:00:00,LONG,3.7731316,3.61582897,730.029361,-117.8023,-4.2767,SL,IS
7,S30a_DOW_Seasonality,QTUM_USDT_USDT,4H,TimeBased,2024-05-17 04:00:00,2024-05-20 00:00:00,LONG,3.6420923,3.52524338,974.733387,-117.739,-3.3165,SL,IS
7,S30a_DOW_Seasonality,QTUM_USDT_USDT,4H,TimeBased,2024-05-23 16:00:00,2024-05-27 16:00:00,SHORT,3.69889,3.833178,838.886448,-116.1276,-3.7425,SL,IS
7,S30a_DOW_Seasonality,QTUM_USDT_USDT,4H,TimeBased,2024-05-30 04:00:00,2024-05-30 08:00:00,SHORT,3.7138855,3.55607043,1138.134863,175.064,4.1417,TP,IS
7,S30a_DOW_Seasonality,QTUM_USDT_USDT,4H,TimeBased,2024-05-30 12:00:00,2024-06-03 00:00:00,SHORT,3.5869236,3.41120756,1041.865472,179.0624,4.7915,TP,IS
7,S30a_DOW_Seasonality,QTUM_USDT_USDT,4H,TimeBased,2024-06-06 20:00:00,2024-06-07 08:00:00,SHORT,3.5299407,3.61058719,1433.669654,-121.2509,-2.3959,SL,IS
7,S30a_DOW_Seasonality,QTUM_USDT_USDT,4H,TimeBased,2024-06-07 12:00:00,2024-06-07 16:00:00,LONG,3.6190854,3.53897059,1427.596179,-119.9919,-2.3225,SL,IS
7,S30a_DOW_Seasonality,QTUM_USDT_USDT,4H,TimeBased,2024-06-13 04:00:00,2024-06-14 16:00:00,SHORT,3.0310904,2.83950242,954.981225,179.8795,6.2142,TP,IS
7,S30a_DOW_Seasonality,QTUM_USDT_USDT,4H,TimeBased,2024-06-20 04:00:00,2024-06-28 12:00:00,SHORT,2.539238,2.65771387,964.101886,-116.9785,-4.7784,SL,IS
7,S30a_DOW_Seasonality,QTUM_USDT_USDT,4H,TimeBased,2024-06-28 16:00:00,2024-06-28 20:00:00,LONG,2.640792,2.57429717,1708.469393,-118.5048,-2.6266,SL,IS
7,S30a_DOW_Seasonality,QTUM_USDT_USDT,4H,TimeBased,2024-07-04 04:00:00,2024-07-04 12:00:00,SHORT,2.3702887,2.23974114,1391.010428,178.0661,5.4007,TP,IS
7,S30a_DOW_Seasonality,QTUM_USDT_USDT,4H,TimeBased,2024-07-04 16:00:00,2024-07-05 00:00:00,SHORT,2.2763169,2.13864214,1342.490533,181.5672,5.9415,TP,IS
7,S30a_DOW_Seasonality,QTUM_USDT_USDT,4H,TimeBased,2024-07-12 00:00:00,2024-07-12 16:00:00,SHORT,2.2443265,2.31643651,1606.040588,-119.8402,-3.3248,SL,IS
7,S30a_DOW_Seasonality,QTUM_USDT_USDT,4H,TimeBased,2024-07-12 20:00:00,2024-07-14 04:00:00,LONG,2.3116933,2.42182828,1678.302685,180.4705,4.6516,TP,IS
7,S30a_DOW_Seasonality,QTUM_USDT_USDT,4H,TimeBased,2024-07-19 04:00:00,2024-07-23 16:00:00,LONG,2.6637989,2.55341585,1051.865662,-119.1264,-4.2515,SL,IS
7,S30a_DOW_Seasonality,QTUM_USDT_USDT,4H,TimeBased,2024-07-25 04:00:00,2024-07-27 00:00:00,SHORT,2.49925,2.59960018,1146.030608,-118.2183,-4.1274,SL,IS
7,S30a_DOW_Seasonality,QTUM_USDT_USDT,4H,TimeBased,2024-08-01 04:00:00,2024-08-01 16:00:00,SHORT,2.5572326,2.41183857,1270.313988,181.2243,5.5787,TP,IS
7,S30a_DOW_Seasonality,QTUM_USDT_USDT,4H,TimeBased,2024-08-01 20:00:00,2024-08-01 20:00:00,SHORT,2.4082773,2.50372401,1211.679059,-118.9243,-4.0755,SL,IS
7,S30a_DOW_Seasonality,QTUM_USDT_USDT,4H,TimeBased,2024-08-02 00:00:00,2024-08-02 12:00:00,SHORT,2.5302407,2.36198808,1106.833595,183.2495,6.5433,TP,IS
7,S30a_DOW_Seasonality,QTUM_USDT_USDT,4H,TimeBased,2024-08-08 04:00:00,2024-08-08 20:00:00,SHORT,2.1103667,2.2426963,876.400069,-118.0719,-6.3839,SL,IS
7,S30a_DOW_Seasonality,QTUM_USDT_USDT,4H,TimeBased,2024-08-09 04:00:00,2024-08-11 20:00:00,LONG,2.2136639,2.09937731,1004.811733,-117.2201,-5.2699,SL,IS
7,S30a_DOW_Seasonality,QTUM_USDT_USDT,4H,TimeBased,2024-08-15 20:00:00,2024-08-19 12:00:00,SHORT,2.2153352,2.30593233,1257.222366,-117.0271,-4.2018,SL,IS
7,S30a_DOW_Seasonality,QTUM_USDT_USDT,4H,TimeBased,2024-08-23 04:00:00,2024-08-23 16:00:00,LONG,2.4897467,2.59064955,1798.325004,176.4312,3.9405,TP,IS
7,S30a_DOW_Seasonality,QTUM_USDT_USDT,4H,TimeBased,2024-08-23 20:00:00,2024-08-26 16:00:00,LONG,2.6077821,2.54114261,1724.812214,-119.8251,-2.664,SL,IS
7,S30a_DOW_Seasonality,QTUM_USDT_USDT,4H,TimeBased,2024-08-29 04:00:00,2024-09-01 20:00:00,SHORT,2.3113064,2.15670216,1192.728564,181.4699,6.5827,TP,IS
7,S30a_DOW_Seasonality,QTUM_USDT_USDT,4H,TimeBased,2024-09-05 04:00:00,2024-09-05 12:00:00,SHORT,2.1643505,2.24112578,1501.143744,-118.888,-3.6592,SL,IS
7,S30a_DOW_Seasonality,QTUM_USDT_USDT,4H,TimeBased,2024-09-05 16:00:00,2024-09-06 20:00:00,SHORT,2.1773466,2.0482695,1433.584711,181.7112,5.8214,TP,IS
7,S30a_DOW_Seasonality,QTUM_USDT_USDT,4H,TimeBased,2024-09-13 04:00:00,2024-09-14 12:00:00,LONG,2.2566768,2.33917786,2252.145608,180.1116,3.5439,TP,IS
7,S30a_DOW_Seasonality,QTUM_USDT_USDT,4H,TimeBased,2024-09-20 04:00:00,2024-09-24 04:00:00,LONG,2.4537359,2.57175421,1610.334384,185.5979,4.6971,TP,IS
7,S30a_DOW_Seasonality,QTUM_USDT_USDT,4H,TimeBased,2024-09-27 04:00:00,2024-09-28 08:00:00,LONG,2.690807,2.61260533,1531.00854,-124.1932,-3.0147,SL,IS
7,S30a_DOW_Seasonality,QTUM_USDT_USDT,4H,TimeBased,2024-10-03 04:00:00,2024-10-07 12:00:00,SHORT,2.3782863,2.50934546,900.070873,-120.3821,-5.6237,SL,IS
7,S30a_DOW_Seasonality,QTUM_USDT_USDT,4H,TimeBased,2024-10-10 04:00:00,2024-10-11 08:00:00,SHORT,2.3512944,2.42595809,1570.022116,-121.3489,-3.2872,SL,IS
7,S30a_DOW_Seasonality,QTUM_USDT_USDT,4H,TimeBased,2024-10-11 12:00:00,2024-10-12 00:00:00,LONG,2.4247272,2.53141858,1750.123462,181.9525,4.2877,TP,IS
7,S30a_DOW_Seasonality,QTUM_USDT_USDT,4H,TimeBased,2024-10-17 04:00:00,2024-10-19 00:00:00,SHORT,2.5212434,2.5940376,1620.292918,-122.5065,-2.9988,SL,IS
7,S30a_DOW_Seasonality,QTUM_USDT_USDT,4H,TimeBased,2024-10-24 04:00:00,2024-10-25 16:00:00,SHORT,2.4152752,2.31463656,1863.516383,182.6939,4.059,TP,IS
7,S30a_DOW_Seasonality,QTUM_USDT_USDT,4H,TimeBased,2024-10-31 08:00:00,2024-10-31 12:00:00,SHORT,2.329301,2.23365422,1991.044425,185.4402,3.9985,TP,IS
7,S30a_DOW_Seasonality,QTUM_USDT_USDT,4H,TimeBased,2024-10-31 16:00:00,2024-11-03 00:00:00,SHORT,2.2603217,2.14444595,1678.159662,190.3925,5.0193,TP,IS
7,S30a_DOW_Seasonality,QTUM_USDT_USDT,4H,TimeBased,2024-11-08 04:00:00,2024-11-09 20:00:00,LONG,2.3797137,2.50548985,1570.848288,193.3546,5.1724,TP,IS
7,S30a_DOW_Seasonality,QTUM_USDT_USDT,4H,TimeBased,2024-11-15 04:00:00,2024-11-16 12:00:00,LONG,2.690807,3.03560267,589.229422,201.308,12.6968,TP,IS
7,S30a_DOW_Seasonality,QTUM_USDT_USDT,4H,TimeBased,2024-11-21 04:00:00,2024-11-21 08:00:00,SHORT,2.9281213,3.11481205,672.892433,-127.8592,-6.4893,SL,IS
7,S30a_DOW_Seasonality,QTUM_USDT_USDT,4H,TimeBased,2024-11-22 04:00:00,2024-11-23 00:00:00,LONG,3.3980191,3.72481289,623.637292,201.3577,9.5019,TP,IS
7,S30a_DOW_Seasonality,QTUM_USDT_USDT,4H,TimeBased,2024-11-29 04:00:00,2024-11-30 00:00:00,LONG,3.6530956,3.96860069,655.622931,204.104,8.5219,TP,IS
7,S30a_DOW_Seasonality,QTUM_USDT_USDT,4H,TimeBased,2024-12-06 04:00:00,2024-12-09 08:00:00,LONG,4.8324493,4.41358784,306.009364,-129.7317,-8.7729,SL,IS
7,S30a_DOW_Seasonality,QTUM_USDT_USDT,4H,TimeBased,2024-12-12 04:00:00,2024-12-17 20:00:00,SHORT,4.2477253,3.68904789,374.280095,207.468,13.0496,TP,IS
7,S30a_DOW_Seasonality,QTUM_USDT_USDT,4H,TimeBased,2024-12-19 04:00:00,2024-12-19 16:00:00,SHORT,3.3140055,2.95509571,591.108101,210.1163,10.726,TP,IS
7,S30a_DOW_Seasonality,QTUM_USDT_USDT,4H,TimeBased,2024-12-19 20:00:00,2024-12-21 04:00:00,SHORT,2.9981003,3.22922024,567.664215,-133.1428,-7.8231,SL,IS
7,S30a_DOW_Seasonality,QTUM_USDT_USDT,4H,TimeBased,2024-12-26 04:00:00,2024-12-31 04:00:00,SHORT,3.2360289,2.97189796,805.378703,209.9756,8.0567,TP,IS
7,S30a_DOW_Seasonality,QTUM_USDT_USDT,4H,TimeBased,2025-01-03 04:00:00,2025-01-03 16:00:00,LONG,3.2319693,3.4119076,1193.31015,210.3617,5.4544,TP,IS
7,S30a_DOW_Seasonality,QTUM_USDT_USDT,4H,TimeBased,2025-01-03 20:00:00,2025-01-06 16:00:00,LONG,3.4430326,3.63388821,1142.96269,213.6921,5.4302,TP,IS
7,S30a_DOW_Seasonality,QTUM_USDT_USDT,4H,TimeBased,2025-01-09 04:00:00,2025-01-10 16:00:00,SHORT,3.179046,3.34006053,847.79222,-139.5466,-5.1777,SL,IS
7,S30a_DOW_Seasonality,QTUM_USDT_USDT,4H,TimeBased,2025-01-10 20:00:00,2025-01-12 20:00:00,LONG,3.3440029,3.16034828,734.852628,-137.5879,-5.599,SL,IS
7,S30a_DOW_Seasonality,QTUM_USDT_USDT,4H,TimeBased,2025-01-17 04:00:00,2025-01-18 04:00:00,LONG,3.4430326,3.28853789,865.664342,-136.9456,-4.5947,SL,IS
7,S30a_DOW_Seasonality,QTUM_USDT_USDT,4H,TimeBased,2025-01-23 04:00:00,2025-01-27 04:00:00,SHORT,2.9051282,2.65885611,878.908181,213.7609,8.3718,TP,IS
7,S30a_DOW_Seasonality,QTUM_USDT_USDT,4H,TimeBased,2025-01-30 04:00:00,2025-01-30 12:00:00,SHORT,2.8111564,2.93906046,1052.209793,-137.9096,-4.6624,SL,IS
7,S30a_DOW_Seasonality,QTUM_USDT_USDT,4H,TimeBased,2025-01-31 08:00:00,2025-01-31 12:00:00,LONG,2.8578571,3.04222447,1175.367541,212.8853,6.3377,TP,IS
7,S30a_DOW_Seasonality,QTUM_USDT_USDT,4H,TimeBased,2025-01-31 16:00:00,2025-01-31 16:00:00,LONG,3.5800737,3.37679618,664.498209,-137.6201,-5.7849,SL,IS
7,S30a_DOW_Seasonality,QTUM_USDT_USDT,4H,TimeBased,2025-01-31 20:00:00,2025-02-01 00:00:00,LONG,3.320996,3.68436772,603.904002,217.1148,10.8256,TP,IS
7,S30a_DOW_Seasonality,QTUM_USDT_USDT,4H,TimeBased,2025-02-06 04:00:00,2025-02-06 08:00:00,SHORT,3.1980403,3.53345127,404.362564,-137.1247,-10.6038,SL,IS
7,S30a_DOW_Seasonality,QTUM_USDT_USDT,4H,TimeBased,2025-02-07 00:00:00,2025-02-09 20:00:00,SHORT,3.2860139,2.73605899,403.043775,220.321,16.6354,TP,IS
7,S30a_DOW_Seasonality,QTUM_USDT_USDT,4H,TimeBased,2025-02-14 04:00:00,2025-02-16 12:00:00,LONG,3.4020203,3.1682812,584.355283,-138.6983,-6.9768,SL,IS
7,S30a_DOW_Seasonality,QTUM_USDT_USDT,4H,TimeBased,2025-02-20 08:00:00,2025-02-23 20:00:00,SHORT,3.2340295,2.9593344,806.72372,218.8551,8.3886,TP,IS
7,S30a_DOW_Seasonality,QTUM_USDT_USDT,4H,TimeBased,2025-02-27 04:00:00,2025-03-02 20:00:00,SHORT,2.579226,2.73595908,877.624489,-140.1184,-6.1901,SL,IS
7,S30a_DOW_Seasonality,QTUM_USDT_USDT,4H,TimeBased,2025-03-06 04:00:00,2025-03-09 08:00:00,SHORT,2.3942815,2.19345372,1109.721397,220.0628,8.2824,TP,IS
7,S30a_DOW_Seasonality,QTUM_USDT_USDT,4H,TimeBased,2025-03-13 04:00:00,2025-03-16 04:00:00,SHORT,2.1173646,2.22853329,1245.535728,-141.4417,-5.3632,SL,IS
7,S30a_DOW_Seasonality,QTUM_USDT_USDT,4H,TimeBased,2025-03-21 00:00:00,2025-03-28 04:00:00,SHORT,2.2183343,2.08090963,1623.6808,219.2945,6.0884,TP,IS
7,S30a_DOW_Seasonality,QTUM_USDT_USDT,4H,TimeBased,2025-04-03 04:00:00,2025-04-06 20:00:00,SHORT,1.8754372,1.73102091,1575.323076,224.3776,7.5946,TP,IS
7,S30a_DOW_Seasonality,QTUM_USDT_USDT,4H,TimeBased,2025-04-11 04:00:00,2025-04-13 00:00:00,LONG,1.8845652,2.04410757,1450.078477,228.2157,8.3511,TP,IS
7,S30a_DOW_Seasonality,QTUM_USDT_USDT,4H,TimeBased,2025-04-17 04:00:00,2025-04-18 00:00:00,SHORT,1.9424171,2.0163872,1948.28401,-148.3568,-3.9202,SL,IS
7,S30a_DOW_Seasonality,QTUM_USDT_USDT,4H,TimeBased,2025-04-18 04:00:00,2025-04-18 12:00:00,LONG,2.0426126,2.15832557,1998.02091,226.5805,5.5518,TP,IS
7,S30a_DOW_Seasonality,QTUM_USDT_USDT,4H,TimeBased,2025-04-18 16:00:00,2025-04-22 20:00:00,LONG,2.0856255,2.21478917,1821.582216,230.9738,6.0796,TP,IS
7,S30a_DOW_Seasonality,QTUM_USDT_USDT,4H,TimeBased,2025-04-25 04:00:00,2025-04-26 00:00:00,LONG,2.2556765,2.37385456,2016.504767,233.1721,5.1263,TP,IS
7,S30a_DOW_Seasonality,QTUM_USDT_USDT,4H,TimeBased,2025-05-01 04:00:00,2025-05-01 08:00:00,SHORT,2.1373586,2.21090372,2035.621335,-154.5783,-3.5528,SL,IS
7,S30a_DOW_Seasonality,QTUM_USDT_USDT,4H,TimeBased,2025-05-01 16:00:00,2025-05-04 12:00:00,SHORT,2.1843445,2.06824376,2065.441095,234.9683,5.2081,TP,IS
7,S30a_DOW_Seasonality,QTUM_USDT_USDT,4H,TimeBased,2025-05-09 04:00:00,2025-05-10 00:00:00,LONG,2.3767128,2.520909,1692.890718,239.5483,5.9537,TP,IS
7,S30a_DOW_Seasonality,QTUM_USDT_USDT,4H,TimeBased,2025-05-15 04:00:00,2025-05-17 12:00:00,SHORT,2.4652602,2.27181996,1288.152207,245.8243,7.741,TP,IS
7,S30a_DOW_Seasonality,QTUM_USDT_USDT,4H,TimeBased,2025-05-23 04:00:00,2025-05-23 08:00:00,LONG,2.440732,2.3600441,1925.71293,-160.4664,-3.4141,SL,IS
7,S30a_DOW_Seasonality,QTUM_USDT_USDT,4H,TimeBased,2025-05-29 08:00:00,2025-05-30 00:00:00,SHORT,2.189343,2.07459297,2168.825864,243.7866,5.1342,TP,IS
7,S30a_DOW_Seasonality,QTUM_USDT_USDT,4H,TimeBased,2025-06-05 04:00:00,2025-06-05 16:00:00,SHORT,2.0513844,1.96709848,2983.040682,244.8353,4.001,TP,IS
7,S30a_DOW_Seasonality,QTUM_USDT_USDT,4H,TimeBased,2025-06-05 20:00:00,2025-06-07 04:00:00,SHORT,1.9844045,2.04571028,2591.755023,-164.6343,-3.2011,SL,IS
7,S30a_DOW_Seasonality,QTUM_USDT_USDT,4H,TimeBased,2025-06-12 12:00:00,2025-06-13 00:00:00,SHORT,2.1473556,2.05325284,2690.066676,246.9277,4.2747,TP,IS
7,S30a_DOW_Seasonality,QTUM_USDT_USDT,4H,TimeBased,2025-06-19 04:00:00,2025-06-21 16:00:00,SHORT,1.9804057,1.87639591,2482.515907,252.9399,5.1448,TP,IS
7,S30a_DOW_Seasonality,QTUM_USDT_USDT,4H,TimeBased,2025-06-26 12:00:00,2025-06-29 20:00:00,SHORT,1.949415,2.00866259,2739.385975,-168.2655,-3.1509,SL,IS
7,S30a_DOW_Seasonality,QTUM_USDT_USDT,4H,TimeBased,2025-07-04 04:00:00,2025-07-04 08:00:00,LONG,2.0326096,1.97762564,2922.737112,-167.1501,-2.8136,SL,IS
7,S30a_DOW_Seasonality,QTUM_USDT_USDT,4H,TimeBased,2025-07-04 12:00:00,2025-07-04 16:00:00,LONG,1.9935979,1.93820167,2869.630453,-165.1722,-2.8872,SL,IS
7,S30a_DOW_Seasonality,QTUM_USDT_USDT,4H,TimeBased,2025-07-11 04:00:00,2025-07-16 20:00:00,LONG,2.2546762,2.387256,1920.140561,249.6696,5.767,TP,IS
7,S30a_DOW_Seasonality,QTUM_USDT_USDT,4H,TimeBased,2025-07-18 04:00:00,2025-07-20 12:00:00,LONG,2.4117233,2.57165383,1620.668217,254.7523,6.5177,TP,IS
7,S30a_DOW_Seasonality,QTUM_USDT_USDT,4H,TimeBased,2025-07-24 04:00:00,2025-07-30 08:00:00,SHORT,2.3273016,2.13924098,1405.386199,260.8453,7.9751,TP,IS
7,S30a_DOW_Seasonality,QTUM_USDT_USDT,4H,TimeBased,2025-07-31 04:00:00,2025-08-01 00:00:00,SHORT,2.2183343,2.07218159,1832.146862,263.4498,6.482,TP,IS
7,S30a_DOW_Seasonality,QTUM_USDT_USDT,4H,TimeBased,2025-08-07 04:00:00,2025-08-07 08:00:00,SHORT,2.059382,2.12573384,2525.067344,-173.3551,-3.3337,SL,IS
7,S30a_DOW_Seasonality,QTUM_USDT_USDT,4H,TimeBased,2025-08-08 04:00:00,2025-08-11 20:00:00,LONG,2.1536459,2.08342016,2359.170551,-171.1723,-3.369,SL,IS
7,S30a_DOW_Seasonality,QTUM_USDT_USDT,4H,TimeBased,2025-08-14 16:00:00,2025-08-19 16:00:00,SHORT,2.1443565,2.00565704,1920.428261,261.979,6.3617,TP,IS
7,S30a_DOW_Seasonality,QTUM_USDT_USDT,4H,TimeBased,2025-08-22 04:00:00,2025-08-22 20:00:00,LONG,2.2126636,2.41697919,1330.586712,268.4715,9.1188,TP,IS
7,S30a_DOW_Seasonality,QTUM_USDT_USDT,4H,TimeBased,2025-08-23 00:00:00,2025-08-23 00:00:00,LONG,2.3777131,2.59252291,1285.827358,272.6934,8.9193,TP,IS
7,S30a_DOW_Seasonality,QTUM_USDT_USDT,4H,TimeBased,2025-08-28 16:00:00,2025-08-30 08:00:00,SHORT,2.8411474,3.07536622,730.912127,-173.5718,-8.3583,SL,IS
7,S30a_DOW_Seasonality,QTUM_USDT_USDT,4H,TimeBased,2025-09-04 20:00:00,2025-09-06 00:00:00,SHORT,2.6741975,2.81316915,1221.935913,-173.5023,-5.3096,SL,IS
7,S30a_DOW_Seasonality,QTUM_USDT_USDT,4H,TimeBased,2025-09-11 04:00:00,2025-09-14 12:00:00,SHORT,2.6032188,2.48016358,2211.70307,265.978,4.6196,TP,IS
7,S30a_DOW_Seasonality,QTUM_USDT_USDT,4H,TimeBased,2025-09-18 08:00:00,2025-09-21 08:00:00,SHORT,2.4702587,2.36481174,2615.733754,268.8652,4.161,TP,IS
7,S30a_DOW_Seasonality,QTUM_USDT_USDT,4H,TimeBased,2025-09-25 04:00:00,2025-09-25 16:00:00,SHORT,2.1763469,2.06648594,2560.347975,275.3076,4.9407,TP,IS
7,S30a_DOW_Seasonality,QTUM_USDT_USDT,4H,TimeBased,2025-09-25 20:00:00,2025-09-26 16:00:00,SHORT,2.079376,2.15692035,2277.708353,-181.9304,-3.8413,SL,IS
7,S30a_DOW_Seasonality,QTUM_USDT_USDT,4H,TimeBased,2025-09-27 00:00:00,2025-09-28 04:00:00,LONG,2.1866558,2.11327156,2382.550273,-180.4763,-3.4642,SL,IS
7,S30a_DOW_Seasonality,QTUM_USDT_USDT,4H,TimeBased,2025-10-03 04:00:00,2025-10-07 12:00:00,LONG,2.2426726,2.18002668,2766.9171,-180.0665,-2.9018,SL,IS
7,S30a_DOW_Seasonality,QTUM_USDT_USDT,4H,TimeBased,2025-10-10 04:00:00,2025-10-10 12:00:00,LONG,2.3757125,2.26815095,1587.984949,-174.862,-4.6351,SL,IS
7,S30a_DOW_Seasonality,QTUM_USDT_USDT,4H,TimeBased,2025-10-10 16:00:00,2025-10-10 20:00:00,LONG,2.3096927,2.19567638,1481.83198,-172.6249,-5.0437,SL,IS
7,S30a_DOW_Seasonality,QTUM_USDT_USDT,4H,TimeBased,2025-10-16 04:00:00,2025-10-17 08:00:00,SHORT,2.0003997,1.82132808,1529.003684,270.5873,8.8467,TP,IS
7,S30a_DOW_Seasonality,QTUM_USDT_USDT,4H,TimeBased,2025-10-23 04:00:00,2025-10-23 16:00:00,SHORT,1.9164249,1.98914814,2342.493651,-175.3855,-3.9068,SL,IS
7,S30a_DOW_Seasonality,QTUM_USDT_USDT,4H,TimeBased,2025-10-24 08:00:00,2025-10-30 04:00:00,LONG,1.9835949,1.9187492,2601.566088,-174.2841,-3.3773,SL,IS
7,S30a_DOW_Seasonality,QTUM_USDT_USDT,4H,TimeBased,2025-10-30 08:00:00,2025-10-30 12:00:00,SHORT,1.959412,1.8451973,2370.424793,265.7772,5.7222,TP,IS
7,S30a_DOW_Seasonality,QTUM_USDT_USDT,4H,TimeBased,2025-10-30 16:00:00,2025-11-01 08:00:00,SHORT,1.8354492,1.91005043,2270.984739,-174.0965,-4.1767,SL,IS
7,S30a_DOW_Seasonality,QTUM_USDT_USDT,4H,TimeBased,2025-11-06 04:00:00,2025-11-07 12:00:00,SHORT,1.7714684,1.85611634,1978.521359,-171.4252,-4.891,SL,IS
7,S30a_DOW_Seasonality,QTUM_USDT_USDT,4H,TimeBased,2025-11-07 16:00:00,2025-11-07 20:00:00,LONG,1.860558,2.00108142,1924.36132,266.3307,7.4386,TP,IS
7,S30a_DOW_Seasonality,QTUM_USDT_USDT,4H,TimeBased,2025-11-08 00:00:00,2025-11-08 16:00:00,LONG,1.9775931,1.88491371,1816.508742,-172.2119,-4.7939,SL,IS
7,S30a_DOW_Seasonality,QTUM_USDT_USDT,4H,TimeBased,2025-11-13 04:00:00,2025-11-14 04:00:00,SHORT,1.8534438,1.71018707,1900.173097,268.4882,7.6235,TP,IS
7,S30a_DOW_Seasonality,QTUM_USDT_USDT,4H,TimeBased,2025-11-20 04:00:00,2025-11-20 16:00:00,SHORT,1.6844945,1.57589838,2540.197267,271.3004,6.3404,TP,IS
7,S30a_DOW_Seasonality,QTUM_USDT_USDT,4H,TimeBased,2025-11-20 20:00:00,2025-11-21 04:00:00,SHORT,1.6075176,1.48958852,2381.720671,276.8171,7.2301,TP,IS
7,S30a_DOW_Seasonality,QTUM_USDT_USDT,4H,TimeBased,2025-11-28 04:00:00,2025-11-30 20:00:00,LONG,1.5964788,1.55447592,4183.54505,-182.9711,-2.7395,SL,IS
7,S30a_DOW_Seasonality,QTUM_USDT_USDT,4H,TimeBased,2025-12-04 20:00:00,2025-12-05 16:00:00,SHORT,1.5015494,1.42159298,3512.512318,275.2007,5.2179,TP,IS
7,S30a_DOW_Seasonality,QTUM_USDT_USDT,4H,TimeBased,2025-12-11 04:00:00,2025-12-13 00:00:00,SHORT,1.419574,1.46814886,3629.236648,-182.0538,-3.5337,SL,IS
7,S30a_DOW_Seasonality,QTUM_USDT_USDT,4H,TimeBased,2025-12-18 04:00:00,2025-12-26 16:00:00,SHORT,1.2756172,1.19134163,3363.762099,278.9189,6.5003,TP,IS
7,S30a_DOW_Seasonality,QTUM_USDT_USDT,4H,TimeBased,2026-01-02 04:00:00,2026-01-05 16:00:00,LONG,1.33179942,1.4425597,2607.978212,284.8809,8.202,TP,OOS
7,S30a_DOW_Seasonality,QTUM_USDT_USDT,4H,TimeBased,2026-01-09 04:00:00,2026-01-11 20:00:00,LONG,1.49154733,1.43732539,3318.592245,-185.2864,-3.7433,SL,OOS
7,S30a_DOW_Seasonality,QTUM_USDT_USDT,4H,TimeBased,2026-01-15 16:00:00,2026-01-19 00:00:00,SHORT,1.47805645,1.36919799,2665.659123,286.0052,7.259,TP,OOS
7,S30a_DOW_Seasonality,QTUM_USDT_USDT,4H,TimeBased,2026-01-22 04:00:00,2026-01-23 12:00:00,SHORT,1.34089761,1.26033955,3648.30109,288.6805,5.9011,TP,OOS
7,S30a_DOW_Seasonality,QTUM_USDT_USDT,4H,TimeBased,2026-01-29 04:00:00,2026-01-29 16:00:00,SHORT,1.23033079,1.16488273,4552.204284,291.936,5.2125,TP,OOS
7,S30a_DOW_Seasonality,QTUM_USDT_USDT,4H,TimeBased,2026-01-29 20:00:00,2026-01-31 12:00:00,SHORT,1.16575017,1.09393578,4226.743919,298.2879,6.0537,TP,OOS
7,S30a_DOW_Seasonality,QTUM_USDT_USDT,4H,TimeBased,2026-02-05 04:00:00,2026-02-05 12:00:00,SHORT,1.02039379,0.93251632,3527.359913,306.1867,8.5068,TP,OOS
7,S30a_DOW_Seasonality,QTUM_USDT_USDT,4H,TimeBased,2026-02-05 16:00:00,2026-02-06 00:00:00,SHORT,0.93002091,0.8325168,3238.088788,312.588,10.3798,TP,OOS
7,S30a_DOW_Seasonality,QTUM_USDT_USDT,4H,TimeBased,2026-02-13 04:00:00,2026-02-14 00:00:00,LONG,0.94108224,1.00134626,5286.533373,312.94,6.2902,TP,OOS
7,S30a_DOW_Seasonality,QTUM_USDT_USDT,4H,TimeBased,2026-02-19 04:00:00,2026-02-23 00:00:00,SHORT,0.94331692,0.89276958,6386.873271,316.3897,5.2514,TP,OOS
7,S30a_DOW_Seasonality,QTUM_USDT_USDT,4H,TimeBased,2026-02-27 04:00:00,2026-02-27 20:00:00,LONG,0.93688098,0.9050473,6361.633289,-208.9589,-3.506,SL,OOS
7,S30a_DOW_Seasonality,QTUM_USDT_USDT,4H,TimeBased,2026-03-05 08:00:00,2026-03-07 20:00:00,SHORT,0.91802451,0.86264451,5874.43066,319.5727,5.9258,TP,OOS
7,S30a_DOW_Seasonality,QTUM_USDT_USDT,4H,TimeBased,2026-03-12 08:00:00,2026-03-13 00:00:00,SHORT,0.88203531,0.90663288,8299.57106,-212.3141,-2.9003,SL,OOS
7,S30a_DOW_Seasonality,QTUM_USDT_USDT,4H,TimeBased,2026-03-13 04:00:00,2026-03-14 08:00:00,LONG,0.90747216,0.88319968,8321.143666,-210.1701,-2.7833,SL,OOS
7,S30a_DOW_Seasonality,QTUM_USDT_USDT,4H,TimeBased,2026-03-19 04:00:00,2026-03-21 20:00:00,SHORT,0.89893024,0.84914844,6490.804146,316.8834,5.4309,TP,OOS
7,S30a_DOW_Seasonality,QTUM_USDT_USDT,4H,TimeBased,2026-03-26 08:00:00,2026-03-27 08:00:00,SHORT,0.87963603,0.83082809,6726.700159,321.9882,5.4417,TP,OOS
7,S30a_DOW_Seasonality,QTUM_USDT_USDT,4H,TimeBased,2026-04-03 04:00:00,2026-04-03 08:00:00,LONG,0.89556859,0.96653072,4725.600753,330.499,7.8093,TP,OOS
7,S30a_DOW_Seasonality,QTUM_USDT_USDT,4H,TimeBased,2026-04-03 12:00:00,2026-04-06 16:00:00,LONG,0.98139433,0.93017364,4070.574653,-212.7773,-5.3263,SL,OOS
7,S30a_DOW_Seasonality,QTUM_USDT_USDT,4H,TimeBased,2026-04-09 04:00:00,2026-04-16 20:00:00,SHORT,0.91322595,0.94534849,6445.978197,-213.6504,-3.6294,SL,OOS
7,S30a_DOW_Seasonality,QTUM_USDT_USDT,4H,TimeBased,2026-04-17 04:00:00,2026-04-19 00:00:00,LONG,0.92847846,0.90400545,8391.843508,-213.8315,-2.7444,SL,OOS
7,S30a_DOW_Seasonality,QTUM_USDT_USDT,4H,TimeBased,2026-04-23 04:00:00,2026-04-25 04:00:00,SHORT,0.89033282,0.91567845,8015.586589,-211.122,-2.9583,SL,OOS
7,S30a_DOW_Seasonality,QTUM_USDT_USDT,4H,TimeBased,2026-04-30 04:00:00,2026-05-04 04:00:00,SHORT,0.87233822,0.89085471,10896.166817,-212.3254,-2.2338,SL,OOS
7,S30a_DOW_Seasonality,QTUM_USDT_USDT,4H,TimeBased,2026-05-08 04:00:00,2026-05-08 16:00:00,LONG,0.92107624,0.95497371,9389.101883,308.5789,3.5682,TP,OOS
7,S30a_DOW_Seasonality,QTUM_USDT_USDT,4H,TimeBased,2026-05-08 20:00:00,2026-05-10 04:00:00,LONG,0.96518947,1.0028641,8594.537714,314.4931,3.7912,TP,OOS
7,S30a_DOW_Seasonality,QTUM_USDT_USDT,4H,TimeBased,2026-05-14 04:00:00,2026-05-16 04:00:00,SHORT,0.97160843,0.9042106,4941.936502,327.9772,6.8305,TP,OOS
7,S30a_DOW_Seasonality,QTUM_USDT_USDT,4H,TimeBased,2026-05-22 04:00:00,2026-05-23 04:00:00,LONG,0.91757519,0.89197895,8142.382042,-216.5181,-2.898,SL,OOS
7,S30a_DOW_Seasonality,QTUM_USDT_USDT,4H,TimeBased,2026-05-28 04:00:00,2026-05-30 00:00:00,SHORT,0.84984497,0.87896299,7072.389931,-212.6587,-3.5382,SL,OOS
7,S30a_DOW_Seasonality,QTUM_USDT_USDT,4H,TimeBased,2026-06-04 04:00:00,2026-06-05 04:00:00,SHORT,0.79856036,0.7380632,5485.417537,327.2162,7.4699,TP,OOS
7,S30a_DOW_Seasonality,QTUM_USDT_USDT,4H,TimeBased,2026-06-11 04:00:00,2026-06-13 04:00:00,SHORT,0.69689087,0.72750583,6751.217733,-211.9773,-4.5055,SL,OOS
7,S30a_DOW_Seasonality,QTUM_USDT_USDT,4H,TimeBased,2026-06-18 08:00:00,2026-06-22 20:00:00,SHORT,0.74197734,0.70327601,8568.124297,324.7871,5.1088,TP,OOS
7,S30a_DOW_Seasonality,QTUM_USDT_USDT,4H,TimeBased,2026-06-25 04:00:00,2026-06-26 16:00:00,SHORT,0.66719978,0.68891182,9594.941253,-215.4822,-3.366,SL,OOS
7,S30a_DOW_Seasonality,QTUM_USDT_USDT,4H,TimeBased,2026-07-03 04:00:00,2026-07-08 00:00:00,LONG,0.69400814,0.67278299,9712.50577,-213.4506,-3.1667,SL,OOS
7,S30a_DOW_Seasonality,QTUM_USDT_USDT,4H,TimeBased,2026-07-09 16:00:00,2026-07-18 16:00:00,SHORT,0.69449159,0.71602792,9476.497868,-211.4407,-3.2127,SL,OOS
7,S30a_DOW_Seasonality,QTUM_USDT_USDT,4H,TimeBased,2026-07-23 04:00:00,2026-07-23 08:00:00,SHORT,0.70238922,0.72126795,10713.490483,-210.6459,-2.7993,SL,OOS
7,S30a_DOW_Seasonality,QTUM_USDT_USDT,4H,TimeBased,2026-07-30 04:00:00,2026-08-08 08:00:00,SHORT,0.64640602,0.66378058,11518.341452,-208.4263,-2.7993,SL,OOS
7,S30a_DOW_Seasonality,QTUM_USDT_USDT,4H,TimeBased,2026-08-14 04:00:00,2026-08-14 12:00:00,LONG,0.65869755,0.68467017,12216.796465,308.2758,3.8309,TP,OOS
7,S30a_DOW_Seasonality,QTUM_USDT_USDT,4H,TimeBased,2026-08-14 16:00:00,2026-08-15 00:00:00,LONG,0.69190751,0.67311065,10692.82294,-209.0192,-2.8252,SL,OOS
7,S30a_DOW_Seasonality,QTUM_USDT_USDT,4H,TimeBased,2026-08-21 04:00:00,2026-08-21 08:00:00,LONG,0.79463832,0.84010037,7074.534765,315.2621,5.608,TP,OOS
7,S30a_DOW_Seasonality,QTUM_USDT_USDT,4H,TimeBased,2026-08-21 12:00:00,2026-08-22 00:00:00,LONG,0.8322496,0.88226824,6539.024218,320.9069,5.8967,TP,OOS
7,S30a_DOW_Seasonality,QTUM_USDT_USDT,4H,TimeBased,2026-08-27 12:00:00,2026-08-31 20:00:00,SHORT,0.84854536,0.82074615,4571.671115,122.8915,3.1679,EOD,OOS
8,S30b_MidWeek_MeanReversion,TWT_USDT_USDT,4H,TimeBased,2022-12-13 04:00:00,2022-12-13 12:00:00,LONG,2.27918355,2.07044787,480.505044,-101.4481,-9.2633,SL,IS
8,S30b_MidWeek_MeanReversion,TWT_USDT_USDT,4H,TimeBased,2022-12-13 16:00:00,2022-12-16 08:00:00,LONG,2.2286684,1.98961923,415.116984,-100.1965,-10.8302,SL,IS
8,S30b_MidWeek_MeanReversion,TWT_USDT_USDT,4H,TimeBased,2022-12-28 20:00:00,2022-12-29 12:00:00,LONG,1.27288175,1.33288103,1203.387614,70.4777,4.6011,TP,IS
8,S30b_MidWeek_MeanReversion,TWT_USDT_USDT,4H,TimeBased,2023-01-03 04:00:00,2023-01-03 08:00:00,SHORT,1.5005497,1.44830858,1384.425652,70.0786,3.3734,TP,IS
8,S30b_MidWeek_MeanReversion,TWT_USDT_USDT,4H,TimeBased,2023-01-18 20:00:00,2023-01-20 20:00:00,LONG,1.44293275,1.513182,1043.117213,71.5822,4.7558,TP,IS
8,S30b_MidWeek_MeanReversion,TWT_USDT_USDT,4H,TimeBased,2023-01-25 12:00:00,2023-01-25 20:00:00,LONG,1.4644392,1.52026088,1316.096646,71.3062,3.6997,TP,IS
8,S30b_MidWeek_MeanReversion,TWT_USDT_USDT,4H,TimeBased,2023-02-15 20:00:00,2023-02-16 20:00:00,SHORT,1.4815554,1.42133191,1230.932712,72.1658,3.9571,TP,IS
8,S30b_MidWeek_MeanReversion,TWT_USDT_USDT,4H,TimeBased,2023-02-22 16:00:00,2023-02-25 16:00:00,LONG,1.40392105,1.3208642,1228.394433,-103.8675,-6.0228,SL,IS
8,S30b_MidWeek_MeanReversion,TWT_USDT_USDT,4H,TimeBased,2023-03-01 00:00:00,2023-03-03 00:00:00,LONG,1.3193957,1.26326792,1802.750794,-103.7451,-4.3617,SL,IS
8,S30b_MidWeek_MeanReversion,TWT_USDT_USDT,4H,TimeBased,2023-03-07 20:00:00,2023-03-09 16:00:00,LONG,1.2253675,1.14147361,1190.448061,-101.421,-6.9527,SL,IS
8,S30b_MidWeek_MeanReversion,TWT_USDT_USDT,4H,TimeBased,2023-03-14 16:00:00,2023-03-15 08:00:00,SHORT,1.3046085,1.22341026,897.711191,71.6444,6.1174,TP,IS
8,S30b_MidWeek_MeanReversion,TWT_USDT_USDT,4H,TimeBased,2023-03-21 08:00:00,2023-03-21 20:00:00,LONG,1.17785325,1.22911282,1423.524584,71.0848,4.2396,TP,IS
8,S30b_MidWeek_MeanReversion,TWT_USDT_USDT,4H,TimeBased,2023-03-22 20:00:00,2023-03-23 12:00:00,LONG,1.1513453,1.20434826,1387.980993,71.7688,4.491,TP,IS
8,S30b_MidWeek_MeanReversion,TWT_USDT_USDT,4H,TimeBased,2023-03-28 04:00:00,2023-03-28 08:00:00,LONG,1.0793237,1.12088037,1776.886423,71.6913,3.7381,TP,IS
8,S30b_MidWeek_MeanReversion,TWT_USDT_USDT,4H,TimeBased,2023-04-05 16:00:00,2023-04-06 00:00:00,SHORT,1.25812245,1.314311,1815.796197,-104.596,-4.5785,SL,IS
8,S30b_MidWeek_MeanReversion,TWT_USDT_USDT,4H,TimeBased,2023-04-18 04:00:00,2023-04-19 08:00:00,SHORT,1.32110355,1.27549654,1610.830486,71.1647,3.3441,TP,IS
8,S30b_MidWeek_MeanReversion,TWT_USDT_USDT,4H,TimeBased,2023-04-25 04:00:00,2023-04-26 08:00:00,LONG,1.15184545,1.1910502,1885.459011,71.4894,3.2918,TP,IS
8,S30b_MidWeek_MeanReversion,TWT_USDT_USDT,4H,TimeBased,2023-05-09 04:00:00,2023-05-10 12:00:00,LONG,1.0983294,1.1293605,2387.39598,71.1584,2.7137,TP,IS
8,S30b_MidWeek_MeanReversion,TWT_USDT_USDT,4H,TimeBased,2023-05-16 20:00:00,2023-05-17 16:00:00,LONG,1.0863258,1.109226,3226.561601,69.9926,1.9969,TP,IS
8,S30b_MidWeek_MeanReversion,TWT_USDT_USDT,4H,TimeBased,2023-05-24 00:00:00,2023-05-24 00:00:00,SHORT,1.1036688,1.0841851,3792.708865,69.3322,1.6563,TP,IS
8,S30b_MidWeek_MeanReversion,TWT_USDT_USDT,4H,TimeBased,2023-05-31 08:00:00,2023-06-01 04:00:00,LONG,1.0753225,1.09410471,3956.686768,69.5943,1.6357,TP,IS
8,S30b_MidWeek_MeanReversion,TWT_USDT_USDT,4H,TimeBased,2023-06-06 04:00:00,2023-06-06 16:00:00,LONG,0.95078515,0.97864539,2735.127687,73.2988,2.8186,TP,IS
8,S30b_MidWeek_MeanReversion,TWT_USDT_USDT,4H,TimeBased,2023-06-06 20:00:00,2023-06-07 08:00:00,LONG,0.9912973,0.9473103,2407.757557,-108.4773,-4.5449,SL,IS
8,S30b_MidWeek_MeanReversion,TWT_USDT_USDT,4H,TimeBased,2023-06-07 12:00:00,2023-06-07 12:00:00,LONG,0.94078215,0.89504145,2290.212643,-107.0684,-4.9693,SL,IS
8,S30b_MidWeek_MeanReversion,TWT_USDT_USDT,4H,TimeBased,2023-06-07 16:00:00,2023-06-08 12:00:00,LONG,0.90377105,0.94101062,2034.47693,73.6988,4.0082,TP,IS
8,S30b_MidWeek_MeanReversion,TWT_USDT_USDT,4H,TimeBased,2023-06-14 16:00:00,2023-06-14 16:00:00,SHORT,0.79226225,0.84147068,2120.413174,-106.2475,-6.3245,SL,IS
8,S30b_MidWeek_MeanReversion,TWT_USDT_USDT,4H,TimeBased,2023-06-14 20:00:00,2023-06-15 00:00:00,SHORT,0.86024185,0.81513707,1682.46198,74.3368,5.1362,TP,IS
8,S30b_MidWeek_MeanReversion,TWT_USDT_USDT,4H,TimeBased,2023-06-28 20:00:00,2023-06-30 08:00:00,LONG,0.87976385,0.91085483,2438.756079,73.4215,3.4221,TP,IS
8,S30b_MidWeek_MeanReversion,TWT_USDT_USDT,4H,TimeBased,2023-07-04 12:00:00,2023-07-05 08:00:00,SHORT,0.9017294,0.87862148,3278.117553,72.5406,2.454,TP,IS
8,S30b_MidWeek_MeanReversion,TWT_USDT_USDT,4H,TimeBased,2023-07-05 16:00:00,2023-07-06 08:00:00,LONG,0.8532559,0.88107081,2759.152457,74.1137,3.1481,TP,IS
8,S30b_MidWeek_MeanReversion,TWT_USDT_USDT,4H,TimeBased,2023-07-25 04:00:00,2023-07-28 20:00:00,SHORT,0.92522235,0.88422261,1898.563133,75.9512,4.3238,TP,IS
8,S30b_MidWeek_MeanReversion,TWT_USDT_USDT,4H,TimeBased,2023-08-01 12:00:00,2023-08-02 00:00:00,SHORT,0.95121455,0.98583246,3101.435707,-110.6694,-3.7513,SL,IS
8,S30b_MidWeek_MeanReversion,TWT_USDT_USDT,4H,TimeBased,2023-08-02 04:00:00,2023-08-02 16:00:00,SHORT,0.9607117,0.93136466,2622.098702,74.2222,2.9464,TP,IS
8,S30b_MidWeek_MeanReversion,TWT_USDT_USDT,4H,TimeBased,2023-08-08 20:00:00,2023-08-09 16:00:00,SHORT,0.92922115,0.90433525,3102.457047,74.0787,2.5696,TP,IS
8,S30b_MidWeek_MeanReversion,TWT_USDT_USDT,4H,TimeBased,2023-08-15 04:00:00,2023-08-15 08:00:00,SHORT,0.9357192,0.96144247,4199.917253,-112.418,-2.8605,SL,IS
8,S30b_MidWeek_MeanReversion,TWT_USDT_USDT,4H,TimeBased,2023-08-15 12:00:00,2023-08-15 16:00:00,SHORT,0.9447165,0.9227115,3480.366927,73.0108,2.2206,TP,IS
8,S30b_MidWeek_MeanReversion,TWT_USDT_USDT,4H,TimeBased,2023-08-16 16:00:00,2023-08-16 20:00:00,LONG,0.88476535,0.84672827,2816.889702,-109.8288,-4.4068,SL,IS
8,S30b_MidWeek_MeanReversion,TWT_USDT_USDT,4H,TimeBased,2023-08-17 00:00:00,2023-08-21 04:00:00,LONG,0.8652595,0.8961449,2499.30484,74.7708,3.4575,TP,IS
8,S30b_MidWeek_MeanReversion,TWT_USDT_USDT,4H,TimeBased,2023-08-22 16:00:00,2023-08-23 16:00:00,LONG,0.8412523,0.86403604,3387.755637,74.0083,2.5968,TP,IS
8,S30b_MidWeek_MeanReversion,TWT_USDT_USDT,4H,TimeBased,2023-08-29 08:00:00,2023-08-29 12:00:00,LONG,0.82374705,0.84136096,4378.171877,73.1072,2.0271,TP,IS
8,S30b_MidWeek_MeanReversion,TWT_USDT_USDT,4H,TimeBased,2023-10-04 08:00:00,2023-10-04 12:00:00,SHORT,0.82625205,0.855061,3766.781694,-112.0003,-3.5986,SL,IS
8,S30b_MidWeek_MeanReversion,TWT_USDT_USDT,4H,TimeBased,2023-10-04 16:00:00,2023-10-04 16:00:00,SHORT,0.91422565,0.87936652,2242.04043,75.9439,3.7051,TP,IS
8,S30b_MidWeek_MeanReversion,TWT_USDT_USDT,4H,TimeBased,2023-10-04 20:00:00,2023-10-05 12:00:00,SHORT,0.8917324,0.94325086,2092.111025,-109.8938,-5.8905,SL,IS
8,S30b_MidWeek_MeanReversion,TWT_USDT_USDT,4H,TimeBased,2023-10-11 04:00:00,2023-10-14 00:00:00,LONG,0.9372811,0.97873677,1883.669801,76.1038,4.3105,TP,IS
8,S30b_MidWeek_MeanReversion,TWT_USDT_USDT,4H,TimeBased,2023-10-24 12:00:00,2023-10-24 12:00:00,SHORT,1.0836748,1.04792693,2187.734443,75.642,3.1906,TP,IS
8,S30b_MidWeek_MeanReversion,TWT_USDT_USDT,4H,TimeBased,2023-11-07 04:00:00,2023-11-07 16:00:00,SHORT,1.57102855,1.73381188,663.175208,-109.1593,-10.4773,SL,IS
8,S30b_MidWeek_MeanReversion,TWT_USDT_USDT,4H,TimeBased,2023-11-07 20:00:00,2023-11-08 04:00:00,SHORT,1.7834648,1.63923322,548.456551,78.0723,7.9816,TP,IS
8,S30b_MidWeek_MeanReversion,TWT_USDT_USDT,4H,TimeBased,2023-11-14 04:00:00,2023-11-14 16:00:00,LONG,1.2373711,1.12522741,959.681362,-108.8692,-9.1681,SL,IS
8,S30b_MidWeek_MeanReversion,TWT_USDT_USDT,4H,TimeBased,2023-11-14 20:00:00,2023-11-16 04:00:00,LONG,1.1683504,1.25594142,899.255991,77.5677,7.3829,TP,IS
8,S30b_MidWeek_MeanReversion,TWT_USDT_USDT,4H,TimeBased,2023-11-22 00:00:00,2023-11-22 08:00:00,LONG,1.04481335,1.11249999,1170.193863,77.818,6.3648,TP,IS
8,S30b_MidWeek_MeanReversion,TWT_USDT_USDT,4H,TimeBased,2023-12-13 04:00:00,2023-12-13 20:00:00,LONG,1.14314284,1.19783272,1452.353841,77.5591,4.6715,TP,IS
8,S30b_MidWeek_MeanReversion,TWT_USDT_USDT,4H,TimeBased,2023-12-26 12:00:00,2023-12-26 12:00:00,SHORT,1.32200328,1.39731818,1449.198412,-111.3137,-5.8102,SL,IS
8,S30b_MidWeek_MeanReversion,TWT_USDT_USDT,4H,TimeBased,2024-01-03 20:00:00,2024-01-08 00:00:00,LONG,1.14564359,1.04954755,1121.576189,-109.1332,-8.4933,SL,IS
8,S30b_MidWeek_MeanReversion,TWT_USDT_USDT,4H,TimeBased,2024-01-11 00:00:00,2024-01-12 20:00:00,SHORT,1.1656502,1.11408995,1518.87459,76.4091,4.3157,TP,IS
8,S30b_MidWeek_MeanReversion,TWT_USDT_USDT,4H,TimeBased,2024-01-23 08:00:00,2024-01-23 12:00:00,LONG,1.05851746,1.09411229,2201.938766,75.7707,3.2509,TP,IS
8,S30b_MidWeek_MeanReversion,TWT_USDT_USDT,4H,TimeBased,2024-01-23 16:00:00,2024-01-24 08:00:00,LONG,1.05441623,1.09755847,1837.414479,77.0954,3.9793,TP,IS
8,S30b_MidWeek_MeanReversion,TWT_USDT_USDT,4H,TimeBased,2024-01-31 12:00:00,2024-02-02 12:00:00,LONG,1.08472532,1.11390081,2708.540945,75.7477,2.5782,TP,IS
8,S30b_MidWeek_MeanReversion,TWT_USDT_USDT,4H,TimeBased,2024-02-13 08:00:00,2024-02-13 12:00:00,SHORT,1.20773757,1.17778063,2651.156859,75.9421,2.3718,TP,IS
8,S30b_MidWeek_MeanReversion,TWT_USDT_USDT,4H,TimeBased,2024-02-14 12:00:00,2024-02-15 08:00:00,SHORT,1.22633199,1.19351781,2442.858549,76.9092,2.5673,TP,IS
8,S30b_MidWeek_MeanReversion,TWT_USDT_USDT,4H,TimeBased,2024-02-21 08:00:00,2024-02-24 08:00:00,LONG,1.27958376,1.33843029,1388.271356,79.696,4.4864,TP,IS
8,S30b_MidWeek_MeanReversion,TWT_USDT_USDT,4H,TimeBased,2024-02-27 12:00:00,2024-02-27 12:00:00,SHORT,1.37698678,1.33076663,1769.716388,79.161,3.2485,TP,IS
8,S30b_MidWeek_MeanReversion,TWT_USDT_USDT,4H,TimeBased,2024-02-28 12:00:00,2024-02-28 16:00:00,SHORT,1.40787751,1.35335626,1515.747043,80.3385,3.7647,TP,IS
8,S30b_MidWeek_MeanReversion,TWT_USDT_USDT,4H,TimeBased,2024-03-05 20:00:00,2024-03-06 04:00:00,LONG,1.30229057,1.39202194,935.554635,82.5622,6.7765,TP,IS
8,S30b_MidWeek_MeanReversion,TWT_USDT_USDT,4H,TimeBased,2024-03-12 04:00:00,2024-03-12 16:00:00,SHORT,1.6635008,1.59135188,1164.603149,81.94,4.2296,TP,IS
8,S30b_MidWeek_MeanReversion,TWT_USDT_USDT,4H,TimeBased,2024-03-19 04:00:00,2024-03-20 20:00:00,LONG,1.27578262,1.35765878,1039.292764,83.588,6.3042,TP,IS
8,S30b_MidWeek_MeanReversion,TWT_USDT_USDT,4H,TimeBased,2024-03-26 04:00:00,2024-03-27 04:00:00,SHORT,1.44166737,1.39075983,1667.369996,82.2842,3.4231,TP,IS
8,S30b_MidWeek_MeanReversion,TWT_USDT_USDT,4H,TimeBased,2024-04-02 04:00:00,2024-04-03 04:00:00,LONG,1.28408511,1.32974965,1871.230056,82.7588,3.4442,TP,IS
8,S30b_MidWeek_MeanReversion,TWT_USDT_USDT,4H,TimeBased,2024-04-03 08:00:00,2024-04-08 04:00:00,LONG,1.28308481,1.33610162,1628.312868,83.9823,4.0197,TP,IS
8,S30b_MidWeek_MeanReversion,TWT_USDT_USDT,4H,TimeBased,2024-04-10 04:00:00,2024-04-11 04:00:00,LONG,1.220366,1.26326953,2019.601773,83.8893,3.4037,TP,IS
8,S30b_MidWeek_MeanReversion,TWT_USDT_USDT,4H,TimeBased,2024-04-16 16:00:00,2024-04-17 00:00:00,LONG,0.93017897,1.01960196,990.237267,87.4881,9.4982,TP,IS
8,S30b_MidWeek_MeanReversion,TWT_USDT_USDT,4H,TimeBased,2024-04-24 16:00:00,2024-04-27 00:00:00,LONG,1.0993297,1.03812836,1970.610044,-122.9206,-5.6741,SL,IS
8,S30b_MidWeek_MeanReversion,TWT_USDT_USDT,4H,TimeBased,2024-04-30 12:00:00,2024-04-30 16:00:00,LONG,0.98239463,1.02876987,1887.107453,85.4276,4.608,TP,IS
8,S30b_MidWeek_MeanReversion,TWT_USDT_USDT,4H,TimeBased,2024-05-21 08:00:00,2024-05-21 12:00:00,SHORT,1.14655593,1.11459959,2727.390627,83.7655,2.6787,TP,IS
8,S30b_MidWeek_MeanReversion,TWT_USDT_USDT,4H,TimeBased,2024-05-29 00:00:00,2024-05-29 12:00:00,SHORT,1.15875227,1.19878965,3035.768744,-125.4806,-3.5671,SL,IS
8,S30b_MidWeek_MeanReversion,TWT_USDT_USDT,4H,TimeBased,2024-05-29 16:00:00,2024-05-30 08:00:00,SHORT,1.16455053,1.21181156,2541.665345,-123.4437,-4.1705,SL,IS
8,S30b_MidWeek_MeanReversion,TWT_USDT_USDT,4H,TimeBased,2024-06-04 20:00:00,2024-06-04 20:00:00,SHORT,1.31710475,1.37598005,2017.759973,-121.7849,-4.5825,SL,IS
8,S30b_MidWeek_MeanReversion,TWT_USDT_USDT,4H,TimeBased,2024-06-05 00:00:00,2024-06-05 12:00:00,SHORT,1.35069467,1.41775919,1751.904056,-120.1581,-5.0779,SL,IS
8,S30b_MidWeek_MeanReversion,TWT_USDT_USDT,4H,TimeBased,2024-06-05 16:00:00,2024-06-05 16:00:00,SHORT,1.41367577,1.35599394,1473.002787,82.7216,3.9725,TP,IS
8,S30b_MidWeek_MeanReversion,TWT_USDT_USDT,4H,TimeBased,2024-06-05 20:00:00,2024-06-07 16:00:00,SHORT,1.35789251,1.29541954,1372.852093,83.7627,4.4933,TP,IS
8,S30b_MidWeek_MeanReversion,TWT_USDT_USDT,4H,TimeBased,2024-06-11 04:00:00,2024-06-12 12:00:00,LONG,1.11803531,1.16539021,1820.3384,83.9158,4.1232,TP,IS
8,S30b_MidWeek_MeanReversion,TWT_USDT_USDT,4H,TimeBased,2024-06-18 04:00:00,2024-06-19 00:00:00,LONG,0.97889358,1.03286281,1615.830115,85.4172,5.4003,TP,IS
8,S30b_MidWeek_MeanReversion,TWT_USDT_USDT,4H,TimeBased,2024-06-19 16:00:00,2024-06-20 04:00:00,LONG,0.98789628,1.04002557,1683.854136,85.9,5.1639,TP,IS
8,S30b_MidWeek_MeanReversion,TWT_USDT_USDT,4H,TimeBased,2024-07-02 16:00:00,2024-07-03 08:00:00,SHORT,1.09757063,1.06596098,2763.234403,84.0568,2.7715,TP,IS
8,S30b_MidWeek_MeanReversion,TWT_USDT_USDT,4H,TimeBased,2024-07-16 04:00:00,2024-07-16 04:00:00,SHORT,1.06687984,1.03998664,3257.703519,83.8351,2.4121,TP,IS
8,S30b_MidWeek_MeanReversion,TWT_USDT_USDT,4H,TimeBased,2024-07-16 20:00:00,2024-07-18 12:00:00,SHORT,1.07417765,1.04233281,2783.490936,85.3996,2.8562,TP,IS
8,S30b_MidWeek_MeanReversion,TWT_USDT_USDT,4H,TimeBased,2024-07-23 08:00:00,2024-07-24 20:00:00,LONG,1.01770522,0.9734433,2781.322648,-126.1526,-4.4568,SL,IS
8,S30b_MidWeek_MeanReversion,TWT_USDT_USDT,4H,TimeBased,2024-07-25 00:00:00,2024-07-25 00:00:00,LONG,0.97899361,0.93771148,2951.964,-124.9753,-4.3245,SL,IS
8,S30b_MidWeek_MeanReversion,TWT_USDT_USDT,4H,TimeBased,2024-07-30 20:00:00,2024-08-01 20:00:00,LONG,0.98009394,1.00707488,3231.83887,83.6658,2.6414,TP,IS
8,S30b_MidWeek_MeanReversion,TWT_USDT_USDT,4H,TimeBased,2024-08-20 04:00:00,2024-08-21 16:00:00,SHORT,0.88523435,0.91357693,4297.315175,-126.0485,-3.3135,SL,IS
8,S30b_MidWeek_MeanReversion,TWT_USDT_USDT,4H,TimeBased,2024-08-21 20:00:00,2024-08-22 04:00:00,SHORT,0.92362283,0.89990437,3657.822443,83.0893,2.4594,TP,IS
8,S30b_MidWeek_MeanReversion,TWT_USDT_USDT,4H,TimeBased,2024-08-27 08:00:00,2024-08-27 20:00:00,LONG,0.91857549,0.87760615,2952.637469,-123.8845,-4.5676,SL,IS
8,S30b_MidWeek_MeanReversion,TWT_USDT_USDT,4H,TimeBased,2024-08-28 00:00:00,2024-08-30 12:00:00,LONG,0.87676295,0.83267924,2713.68399,-122.1806,-5.1352,SL,IS
8,S30b_MidWeek_MeanReversion,TWT_USDT_USDT,4H,TimeBased,2024-09-10 04:00:00,2024-09-12 04:00:00,SHORT,0.84044779,0.86964,4069.259501,-122.618,-3.5853,SL,IS
8,S30b_MidWeek_MeanReversion,TWT_USDT_USDT,4H,TimeBased,2024-09-17 04:00:00,2024-09-17 04:00:00,LONG,0.74872455,0.80623091,1502.846153,85.1379,7.5664,TP,IS
8,S30b_MidWeek_MeanReversion,TWT_USDT_USDT,4H,TimeBased,2024-09-17 08:00:00,2024-09-23 16:00:00,LONG,0.79333793,0.85470045,1418.801787,85.7752,7.6205,TP,IS
8,S30b_MidWeek_MeanReversion,TWT_USDT_USDT,4H,TimeBased,2024-09-24 12:00:00,2024-09-24 16:00:00,SHORT,0.85664293,0.82751631,2972.680499,83.8306,3.292,TP,IS
8,S30b_MidWeek_MeanReversion,TWT_USDT_USDT,4H,TimeBased,2024-09-24 20:00:00,2024-09-26 08:00:00,SHORT,0.8667399,0.91544112,2458.368473,-122.1352,-5.732,SL,IS
8,S30b_MidWeek_MeanReversion,TWT_USDT_USDT,4H,TimeBased,2024-10-09 16:00:00,2024-10-11 16:00:00,LONG,1.02510744,1.05846564,2582.928421,83.2019,3.1423,TP,IS
8,S30b_MidWeek_MeanReversion,TWT_USDT_USDT,4H,TimeBased,2024-10-15 04:00:00,2024-10-15 12:00:00,SHORT,1.17674687,1.22845376,2311.35217,-122.5704,-4.5065,SL,IS
8,S30b_MidWeek_MeanReversion,TWT_USDT_USDT,4H,TimeBased,2024-10-22 12:00:00,2024-10-23 08:00:00,LONG,1.06121827,1.02492156,3263.083397,-122.1832,-3.5284,SL,IS
8,S30b_MidWeek_MeanReversion,TWT_USDT_USDT,4H,TimeBased,2024-10-23 12:00:00,2024-10-25 20:00:00,LONG,1.02680795,0.98798084,3016.13897,-120.4503,-3.8893,SL,IS
8,S30b_MidWeek_MeanReversion,TWT_USDT_USDT,4H,TimeBased,2024-10-29 20:00:00,2024-10-31 04:00:00,SHORT,1.03848836,1.01300681,3275.903365,79.7788,2.3451,TP,IS
8,S30b_MidWeek_MeanReversion,TWT_USDT_USDT,4H,TimeBased,2024-11-05 04:00:00,2024-11-06 00:00:00,LONG,0.93077915,0.95972499,2922.220015,81.5477,2.9981,TP,IS
8,S30b_MidWeek_MeanReversion,TWT_USDT_USDT,4H,TimeBased,2024-11-06 08:00:00,2024-11-06 20:00:00,SHORT,0.98500441,1.03061574,2574.320845,-120.2721,-4.7431,SL,IS
8,S30b_MidWeek_MeanReversion,TWT_USDT_USDT,4H,TimeBased,2024-11-07 00:00:00,2024-11-10 08:00:00,SHORT,1.02909118,1.07878054,2338.050451,-118.8868,-4.9411,SL,IS
8,S30b_MidWeek_MeanReversion,TWT_USDT_USDT,4H,TimeBased,2024-11-12 08:00:00,2024-11-12 08:00:00,SHORT,1.10806748,1.06459217,1930.597956,81.6263,3.8157,TP,IS
8,S30b_MidWeek_MeanReversion,TWT_USDT_USDT,4H,TimeBased,2024-11-13 04:00:00,2024-11-13 12:00:00,LONG,1.00250066,1.05785929,1535.265976,83.2505,5.409,TP,IS
8,S30b_MidWeek_MeanReversion,TWT_USDT_USDT,4H,TimeBased,2024-12-03 04:00:00,2024-12-03 12:00:00,SHORT,1.29921012,1.23263869,1285.202424,83.7681,5.0168,TP,IS
8,S30b_MidWeek_MeanReversion,TWT_USDT_USDT,4H,TimeBased,2024-12-03 20:00:00,2024-12-04 08:00:00,SHORT,1.3355992,1.43904486,1133.023372,-118.9354,-7.8595,SL,IS
8,S30b_MidWeek_MeanReversion,TWT_USDT_USDT,4H,TimeBased,2024-12-04 12:00:00,2024-12-04 16:00:00,SHORT,1.53323989,1.45022072,1028.32566,83.6834,5.3076,TP,IS
8,S30b_MidWeek_MeanReversion,TWT_USDT_USDT,4H,TimeBased,2024-12-04 20:00:00,2024-12-05 00:00:00,SHORT,1.4455662,1.3501567,903.700862,84.8321,6.4938,TP,IS
8,S30b_MidWeek_MeanReversion,TWT_USDT_USDT,4H,TimeBased,2024-12-10 04:00:00,2024-12-12 04:00:00,LONG,1.28228457,1.39831222,750.594834,85.9831,8.9335,TP,IS
8,S30b_MidWeek_MeanReversion,TWT_USDT_USDT,4H,TimeBased,2024-12-18 16:00:00,2024-12-19 00:00:00,LONG,1.25617674,1.16768906,1339.648837,-120.3283,-7.1503,SL,IS
8,S30b_MidWeek_MeanReversion,TWT_USDT_USDT,4H,TimeBased,2025-01-07 16:00:00,2025-01-09 08:00:00,LONG,1.19115724,1.13456484,2077.612386,-120.2346,-4.8584,SL,IS
8,S30b_MidWeek_MeanReversion,TWT_USDT_USDT,4H,TimeBased,2025-01-14 16:00:00,2025-01-15 04:00:00,SHORT,1.1886433,1.24557015,2045.280662,-119.1696,-4.9019,SL,IS
8,S30b_MidWeek_MeanReversion,TWT_USDT_USDT,4H,TimeBased,2025-01-15 08:00:00,2025-01-15 08:00:00,SHORT,1.2416274,1.19935158,1983.404282,81.1872,3.2967,TP,IS
8,S30b_MidWeek_MeanReversion,TWT_USDT_USDT,4H,TimeBased,2025-01-15 20:00:00,2025-01-18 04:00:00,SHORT,1.21573517,1.16925235,1821.405457,82.2748,3.7155,TP,IS
8,S30b_MidWeek_MeanReversion,TWT_USDT_USDT,4H,TimeBased,2025-01-21 04:00:00,2025-01-24 00:00:00,LONG,1.09152736,1.0143751,1510.911178,-118.3202,-7.1744,SL,IS
8,S30b_MidWeek_MeanReversion,TWT_USDT_USDT,4H,TimeBased,2025-01-29 00:00:00,2025-01-29 20:00:00,LONG,0.97849346,1.02175904,1955.173758,82.4408,4.3092,TP,IS
8,S30b_MidWeek_MeanReversion,TWT_USDT_USDT,4H,TimeBased,2025-02-04 08:00:00,2025-02-04 16:00:00,LONG,0.78503544,0.86643629,1057.762563,85.142,10.2534,TP,IS
8,S30b_MidWeek_MeanReversion,TWT_USDT_USDT,4H,TimeBased,2025-02-12 20:00:00,2025-02-13 16:00:00,SHORT,0.97000891,0.92457763,1892.167924,83.9919,4.5762,TP,IS
8,S30b_MidWeek_MeanReversion,TWT_USDT_USDT,4H,TimeBased,2025-02-25 04:00:00,2025-02-26 00:00:00,LONG,0.96809034,1.00899006,2111.744209,84.0734,4.1125,TP,IS
8,S30b_MidWeek_MeanReversion,TWT_USDT_USDT,4H,TimeBased,2025-03-04 04:00:00,2025-03-04 20:00:00,LONG,0.95508644,1.00232283,1846.701598,85.2434,4.8331,TP,IS
8,S30b_MidWeek_MeanReversion,TWT_USDT_USDT,4H,TimeBased,2025-03-11 04:00:00,2025-03-17 08:00:00,LONG,0.86015797,0.90311176,2045.779746,85.89,4.881,TP,IS
8,S30b_MidWeek_MeanReversion,TWT_USDT_USDT,4H,TimeBased,2025-03-26 12:00:00,2025-03-26 12:00:00,SHORT,0.93012088,0.91238521,4865.245233,81.3581,1.7979,TP,IS
8,S30b_MidWeek_MeanReversion,TWT_USDT_USDT,4H,TimeBased,2025-04-02 04:00:00,2025-04-02 12:00:00,LONG,0.81864552,0.84509281,3339.642471,85.2685,3.1188,TP,IS
8,S30b_MidWeek_MeanReversion,TWT_USDT_USDT,4H,TimeBased,2025-04-03 00:00:00,2025-04-06 12:00:00,LONG,0.81474435,0.7740524,3006.974189,-124.9872,-5.1017,SL,IS
8,S30b_MidWeek_MeanReversion,TWT_USDT_USDT,4H,TimeBased,2025-04-09 20:00:00,2025-04-15 00:00:00,SHORT,0.78466453,0.74399115,2186.19137,87.0817,5.0764,TP,IS
8,S30b_MidWeek_MeanReversion,TWT_USDT_USDT,4H,TimeBased,2025-04-15 04:00:00,2025-04-20 04:00:00,LONG,0.75202554,0.77312721,4186.303921,84.8264,2.6944,TP,IS
8,S30b_MidWeek_MeanReversion,TWT_USDT_USDT,4H,TimeBased,2025-04-22 16:00:00,2025-04-22 20:00:00,SHORT,0.79336192,0.81548447,5582.342368,-128.4353,-2.9,SL,IS
8,S30b_MidWeek_MeanReversion,TWT_USDT_USDT,4H,TimeBased,2025-04-23 00:00:00,2025-04-24 08:00:00,SHORT,0.82165343,0.80364991,4852.984563,83.0326,2.0823,TP,IS
8,S30b_MidWeek_MeanReversion,TWT_USDT_USDT,4H,TimeBased,2025-05-06 08:00:00,2025-05-06 20:00:00,LONG,0.76693001,0.74387916,5330.22562,-127.2953,-3.1139,SL,IS
8,S30b_MidWeek_MeanReversion,TWT_USDT_USDT,4H,TimeBased,2025-05-07 00:00:00,2025-05-08 00:00:00,LONG,0.75552659,0.7741916,4680.374049,83.4214,2.3591,TP,IS
8,S30b_MidWeek_MeanReversion,TWT_USDT_USDT,4H,TimeBased,2025-05-28 12:00:00,2025-05-29 08:00:00,SHORT,0.86004191,0.84206913,4868.462771,82.9422,1.9809,TP,IS
8,S30b_MidWeek_MeanReversion,TWT_USDT_USDT,4H,TimeBased,2025-06-03 04:00:00,2025-06-04 08:00:00,SHORT,0.80315898,0.83031261,4537.030626,-127.2729,-3.4927,SL,IS
8,S30b_MidWeek_MeanReversion,TWT_USDT_USDT,4H,TimeBased,2025-06-04 12:00:00,2025-06-05 04:00:00,SHORT,0.82095364,0.80212594,4646.079648,83.3274,2.1847,TP,IS
8,S30b_MidWeek_MeanReversion,TWT_USDT_USDT,4H,TimeBased,2025-06-10 04:00:00,2025-06-10 16:00:00,SHORT,0.81645499,0.83881345,5501.793328,-128.0205,-2.85,SL,IS
8,S30b_MidWeek_MeanReversion,TWT_USDT_USDT,4H,TimeBased,2025-06-10 20:00:00,2025-06-11 20:00:00,SHORT,0.83285007,0.8150017,4871.001501,82.5248,2.0342,TP,IS
8,S30b_MidWeek_MeanReversion,TWT_USDT_USDT,4H,TimeBased,2025-06-17 16:00:00,2025-06-19 04:00:00,LONG,0.7532259,0.72666292,4599.468205,-125.9193,-3.6346,SL,IS
8,S30b_MidWeek_MeanReversion,TWT_USDT_USDT,4H,TimeBased,2025-07-09 20:00:00,2025-07-10 04:00:00,SHORT,0.71808451,0.73735949,6293.398583,-126.343,-2.7957,SL,IS
8,S30b_MidWeek_MeanReversion,TWT_USDT_USDT,4H,TimeBased,2025-07-16 08:00:00,2025-07-18 00:00:00,SHORT,0.79296204,0.83302091,2980.478703,-122.06,-5.1646,SL,IS
8,S30b_MidWeek_MeanReversion,TWT_USDT_USDT,4H,TimeBased,2025-07-23 20:00:00,2025-07-24 04:00:00,LONG,0.79653889,0.75804917,3069.067606,-120.7517,-4.9395,SL,IS
8,S30b_MidWeek_MeanReversion,TWT_USDT_USDT,4H,TimeBased,2025-07-29 16:00:00,2025-07-30 16:00:00,LONG,0.78633583,0.75069433,3281.599942,-119.7353,-4.6401,SL,IS
8,S30b_MidWeek_MeanReversion,TWT_USDT_USDT,4H,TimeBased,2025-07-30 20:00:00,2025-07-31 08:00:00,LONG,0.77043106,0.79580761,3315.5002,81.2799,3.182,TP,IS
8,S30b_MidWeek_MeanReversion,TWT_USDT_USDT,4H,TimeBased,2025-08-05 04:00:00,2025-08-05 12:00:00,SHORT,0.76237122,0.744126,4604.329918,80.192,2.2845,TP,IS
8,S30b_MidWeek_MeanReversion,TWT_USDT_USDT,4H,TimeBased,2025-08-12 04:00:00,2025-08-12 16:00:00,LONG,0.76953079,0.78904695,4339.939891,80.9787,2.4247,TP,IS
8,S30b_MidWeek_MeanReversion,TWT_USDT_USDT,4H,TimeBased,2025-08-13 08:00:00,2025-08-13 16:00:00,SHORT,0.81515538,0.79483473,4197.183259,81.5729,2.3842,TP,IS
8,S30b_MidWeek_MeanReversion,TWT_USDT_USDT,4H,TimeBased,2025-08-19 04:00:00,2025-08-21 08:00:00,LONG,0.75462632,0.77371897,4497.695228,82.0922,2.4187,TP,IS
8,S30b_MidWeek_MeanReversion,TWT_USDT_USDT,4H,TimeBased,2025-08-26 04:00:00,2025-08-26 16:00:00,LONG,0.75132533,0.77200903,4191.248434,83.179,2.6414,TP,IS
8,S30b_MidWeek_MeanReversion,TWT_USDT_USDT,4H,TimeBased,2025-09-09 08:00:00,2025-09-09 12:00:00,SHORT,0.74247719,0.73182528,7986.469562,78.5952,1.3254,TP,IS
8,S30b_MidWeek_MeanReversion,TWT_USDT_USDT,4H,TimeBased,2025-09-10 16:00:00,2025-09-11 00:00:00,SHORT,0.74887527,0.76506476,7562.854507,-128.7361,-2.273,SL,IS
8,S30b_MidWeek_MeanReversion,TWT_USDT_USDT,4H,TimeBased,2025-09-16 04:00:00,2025-09-16 16:00:00,LONG,0.78063412,0.79767181,5063.786608,81.8795,2.0713,TP,IS
8,S30b_MidWeek_MeanReversion,TWT_USDT_USDT,4H,TimeBased,2025-09-17 12:00:00,2025-09-17 20:00:00,LONG,0.77353199,0.78999441,5271.772669,82.2527,2.017,TP,IS
8,S30b_MidWeek_MeanReversion,TWT_USDT_USDT,4H,TimeBased,2025-09-30 16:00:00,2025-10-01 08:00:00,LONG,1.22176642,1.28549057,1402.184297,87.4194,5.1029,TP,IS
8,S30b_MidWeek_MeanReversion,TWT_USDT_USDT,4H,TimeBased,2025-10-07 04:00:00,2025-10-08 20:00:00,SHORT,1.61721469,1.52812689,1011.652055,88.3758,5.4017,TP,IS
8,S30b_MidWeek_MeanReversion,TWT_USDT_USDT,4H,TimeBased,2025-10-22 00:00:00,2025-11-03 12:00:00,LONG,1.24307281,1.15764054,1443.44495,-125.2227,-6.9789,SL,IS
8,S30b_MidWeek_MeanReversion,TWT_USDT_USDT,4H,TimeBased,2025-11-04 04:00:00,2025-11-04 20:00:00,LONG,1.1743522,1.10370193,1728.736139,-124.3017,-6.1228,SL,IS
8,S30b_MidWeek_MeanReversion,TWT_USDT_USDT,4H,TimeBased,2025-11-12 00:00:00,2025-11-13 16:00:00,LONG,1.21826537,1.15046659,1783.747581,-123.2598,-5.6721,SL,IS
8,S30b_MidWeek_MeanReversion,TWT_USDT_USDT,4H,TimeBased,2025-12-02 04:00:00,2025-12-02 12:00:00,LONG,0.93708104,0.96665864,2941.933068,83.9349,3.0446,TP,IS
8,S30b_MidWeek_MeanReversion,TWT_USDT_USDT,4H,TimeBased,2025-12-03 08:00:00,2025-12-04 04:00:00,SHORT,1.05108458,1.01071237,2181.687959,85.6055,3.7331,TP,IS
8,S30b_MidWeek_MeanReversion,TWT_USDT_USDT,4H,TimeBased,2025-12-17 16:00:00,2025-12-17 20:00:00,LONG,0.94338293,0.90604587,3258.663336,-124.9836,-4.0656,SL,IS
8,S30b_MidWeek_MeanReversion,TWT_USDT_USDT,4H,TimeBased,2025-12-18 00:00:00,2025-12-18 12:00:00,LONG,0.89946976,0.85773751,2882.061256,-123.0603,-4.7471,SL,IS
8,S30b_MidWeek_MeanReversion,TWT_USDT_USDT,4H,TimeBased,2026-01-06 04:00:00,2026-01-06 16:00:00,SHORT,0.9387183,0.91889767,4309.388415,81.012,2.0026,TP,OOS
8,S30b_MidWeek_MeanReversion,TWT_USDT_USDT,4H,TimeBased,2026-01-14 00:00:00,2026-01-15 12:00:00,SHORT,0.91102661,0.94161935,3929.767141,-124.2266,-3.4699,SL,OOS
8,S30b_MidWeek_MeanReversion,TWT_USDT_USDT,4H,TimeBased,2026-01-20 08:00:00,2026-01-20 20:00:00,LONG,0.89676895,0.85221244,2660.683182,-121.1102,-5.0758,SL,OOS
8,S30b_MidWeek_MeanReversion,TWT_USDT_USDT,4H,TimeBased,2026-01-21 00:00:00,2026-01-22 08:00:00,LONG,0.85365602,0.88570305,2670.699477,83.0331,3.642,TP,OOS
8,S30b_MidWeek_MeanReversion,TWT_USDT_USDT,4H,TimeBased,2026-01-28 08:00:00,2026-01-28 08:00:00,SHORT,0.86983897,0.89600891,4536.06278,-123.114,-3.1203,SL,OOS
8,S30b_MidWeek_MeanReversion,TWT_USDT_USDT,4H,TimeBased,2026-01-28 12:00:00,2026-01-29 00:00:00,SHORT,0.889733,0.86942562,4145.102369,80.1656,2.1737,TP,OOS
8,S30b_MidWeek_MeanReversion,TWT_USDT_USDT,4H,TimeBased,2026-02-03 04:00:00,2026-02-04 04:00:00,LONG,0.66279878,0.6988476,2398.352403,84.6616,5.3259,TP,OOS
8,S30b_MidWeek_MeanReversion,TWT_USDT_USDT,4H,TimeBased,2026-02-04 20:00:00,2026-02-05 04:00:00,SHORT,0.72098364,0.6797509,2114.779477,85.5689,5.6121,TP,OOS
8,S30b_MidWeek_MeanReversion,TWT_USDT_USDT,4H,TimeBased,2026-02-10 12:00:00,2026-02-11 04:00:00,LONG,0.49504847,0.4538817,2894.485232,-120.6673,-8.4211,SL,OOS
8,S30b_MidWeek_MeanReversion,TWT_USDT_USDT,4H,TimeBased,2026-02-11 08:00:00,2026-02-11 12:00:00,LONG,0.44933476,0.47734214,3105.944746,85.4064,6.1196,TP,OOS
8,S30b_MidWeek_MeanReversion,TWT_USDT_USDT,4H,TimeBased,2026-02-11 16:00:00,2026-02-12 00:00:00,LONG,0.45023503,0.47961873,2983.722985,86.1469,6.4127,TP,OOS
8,S30b_MidWeek_MeanReversion,TWT_USDT_USDT,4H,TimeBased,2026-02-17 04:00:00,2026-02-19 04:00:00,SHORT,0.55773263,0.53158995,3363.541728,85.9168,4.5799,TP,OOS
8,S30b_MidWeek_MeanReversion,TWT_USDT_USDT,4H,TimeBased,2026-02-25 20:00:00,2026-02-25 20:00:00,SHORT,0.52404274,0.50622214,4937.508005,85.1915,3.2925,TP,OOS
8,S30b_MidWeek_MeanReversion,TWT_USDT_USDT,4H,TimeBased,2026-03-31 08:00:00,2026-04-01 20:00:00,LONG,0.37521253,0.40184821,3366.454599,88.2291,6.9849,TP,OOS
8,S30b_MidWeek_MeanReversion,TWT_USDT_USDT,4H,TimeBased,2026-04-15 04:00:00,2026-04-16 04:00:00,LONG,0.39531856,0.40835774,6836.4929,86.1204,3.1866,TP,OOS
8,S30b_MidWeek_MeanReversion,TWT_USDT_USDT,4H,TimeBased,2026-05-06 08:00:00,2026-05-07 12:00:00,SHORT,0.43976803,0.45187343,10252.890252,-129.1433,-2.8642,SL,OOS
8,S30b_MidWeek_MeanReversion,TWT_USDT_USDT,4H,TimeBased,2026-05-12 04:00:00,2026-05-15 12:00:00,SHORT,0.51264616,0.49324632,4595.844027,86.616,3.6763,TP,OOS
8,S30b_MidWeek_MeanReversion,TWT_USDT_USDT,4H,TimeBased,2026-05-19 12:00:00,2026-05-22 16:00:00,LONG,0.47204157,0.45100474,5851.28312,-126.063,-4.5641,SL,OOS
8,S30b_MidWeek_MeanReversion,TWT_USDT_USDT,4H,TimeBased,2026-06-03 04:00:00,2026-06-03 08:00:00,LONG,0.43062915,0.44658776,5562.957522,86.0931,3.5938,TP,OOS
8,S30b_MidWeek_MeanReversion,TWT_USDT_USDT,4H,TimeBased,2026-06-16 04:00:00,2026-06-16 12:00:00,SHORT,0.41977403,0.40751847,7257.021845,85.6369,2.8112,TP,OOS
8,S30b_MidWeek_MeanReversion,TWT_USDT_USDT,4H,TimeBased,2026-06-23 08:00:00,2026-06-24 12:00:00,LONG,0.36550962,0.35203063,9179.242825,-127.3495,-3.7957,SL,OOS
8,S30b_MidWeek_MeanReversion,TWT_USDT_USDT,4H,TimeBased,2026-06-24 16:00:00,2026-06-24 20:00:00,LONG,0.34770428,0.33406779,8974.701575,-125.7487,-4.0297,SL,OOS
8,S30b_MidWeek_MeanReversion,TWT_USDT_USDT,4H,TimeBased,2026-06-25 00:00:00,2026-06-25 04:00:00,LONG,0.33420023,0.34553483,7764.079202,85.1001,3.2797,TP,OOS
8,S30b_MidWeek_MeanReversion,TWT_USDT_USDT,4H,TimeBased,2026-07-01 04:00:00,2026-07-03 08:00:00,SHORT,0.36499047,0.35369215,7830.921735,85.3809,2.9872,TP,OOS
8,S30b_MidWeek_MeanReversion,TWT_USDT_USDT,4H,TimeBased,2026-07-08 04:00:00,2026-07-09 04:00:00,LONG,0.33059915,0.3408993,8646.806531,85.8699,3.0039,TP,OOS
8,S30b_MidWeek_MeanReversion,TWT_USDT_USDT,4H,TimeBased,2026-07-14 20:00:00,2026-07-15 04:00:00,SHORT,0.36239125,0.35216047,8748.440336,86.0652,2.7147,TP,OOS
8,S30b_MidWeek_MeanReversion,TWT_USDT_USDT,4H,TimeBased,2026-07-28 12:00:00,2026-07-29 12:00:00,SHORT,0.35819251,0.37299379,8417.649789,-127.9772,-4.2445,SL,OOS
8,S30b_MidWeek_MeanReversion,TWT_USDT_USDT,4H,TimeBased,2026-08-04 20:00:00,2026-08-05 16:00:00,LONG,0.36160845,0.37060141,9875.013919,84.8287,2.3756,TP,OOS
8,S30b_MidWeek_MeanReversion,TWT_USDT_USDT,4H,TimeBased,2026-08-11 04:00:00,2026-08-11 08:00:00,LONG,0.37721313,0.38536933,10910.988772,84.4159,2.051,TP,OOS
8,S30b_MidWeek_MeanReversion,TWT_USDT_USDT,4H,TimeBased,2026-08-13 00:00:00,2026-08-15 12:00:00,SHORT,0.40567826,0.39324765,7291.198044,87.4302,2.9558,TP,OOS
8,S30b_MidWeek_MeanReversion,TWT_USDT_USDT,4H,TimeBased,2026-08-20 00:00:00,2026-08-20 08:00:00,SHORT,0.39908024,0.4114602,10193.506282,-130.7395,-3.2138,SL,OOS
8,S30b_MidWeek_MeanReversion,TWT_USDT_USDT,4H,TimeBased,2026-08-25 12:00:00,2026-08-28 16:00:00,SHORT,0.45226428,0.43527487,5341.936883,88.1487,3.6486,TP,OOS
9,S30d_NY_London_Momentum,DOT_USDT_USDT,1H,TimeBased,2022-01-10 15:00:00,2022-01-11 02:00:00,SHORT,23.3279995,24.01546183,147.002649,-104.8866,-3.0586,SL,IS
9,S30d_NY_London_Momentum,DOT_USDT_USDT,1H,TimeBased,2022-01-21 16:00:00,2022-01-21 21:00:00,SHORT,22.063379,20.68058911,117.242219,159.3651,6.1608,TP,IS
9,S30d_NY_London_Momentum,DOT_USDT_USDT,1H,TimeBased,2022-02-02 16:00:00,2022-02-03 01:00:00,SHORT,19.2092355,18.3686358,194.519336,159.4926,4.2684,TP,IS
9,S30d_NY_London_Momentum,DOT_USDT_USDT,1H,TimeBased,2022-02-04 16:00:00,2022-02-04 23:00:00,LONG,19.675901,20.45513103,212.497708,160.8943,3.8481,TP,IS
9,S30d_NY_London_Momentum,DOT_USDT_USDT,1H,TimeBased,2022-02-10 14:00:00,2022-02-10 15:00:00,SHORT,20.9986985,21.48497514,216.218222,-110.194,-2.427,SL,IS
9,S30d_NY_London_Momentum,DOT_USDT_USDT,1H,TimeBased,2022-02-18 16:00:00,2022-02-20 05:00:00,SHORT,17.854642,17.09944358,220.85542,162.5438,4.122,TP,IS
9,S30d_NY_London_Momentum,DOT_USDT_USDT,1H,TimeBased,2022-03-19 15:00:00,2022-03-19 22:00:00,LONG,19.5808725,19.24683243,317.646957,-112.8902,-1.815,SL,IS
9,S30d_NY_London_Momentum,DOT_USDT_USDT,1H,TimeBased,2022-03-31 16:00:00,2022-04-01 02:00:00,SHORT,21.833448,20.9812166,196.239982,162.6208,3.7955,TP,IS
9,S30d_NY_London_Momentum,DOT_USDT_USDT,1H,TimeBased,2022-04-02 13:00:00,2022-04-02 14:00:00,LONG,23.7021085,23.17609398,201.844754,-111.3774,-2.3281,SL,IS
9,S30d_NY_London_Momentum,DOT_USDT_USDT,1H,TimeBased,2022-04-06 15:00:00,2022-04-06 17:00:00,SHORT,20.5588305,19.76369788,211.323483,163.3436,3.7597,TP,IS
9,S30d_NY_London_Momentum,DOT_USDT_USDT,1H,TimeBased,2022-04-14 16:00:00,2022-04-15 00:00:00,SHORT,17.6397065,17.99098241,304.409179,-112.8971,-2.1025,SL,IS
9,S30d_NY_London_Momentum,DOT_USDT_USDT,1H,TimeBased,2022-05-05 15:00:00,2022-05-05 15:00:00,SHORT,14.9805045,14.34763329,267.421986,164.93,4.117,TP,IS
9,S30d_NY_London_Momentum,DOT_USDT_USDT,1H,TimeBased,2022-05-05 16:00:00,2022-05-07 21:00:00,SHORT,14.455662,13.72006434,234.731361,169.0303,4.9814,TP,IS
9,S30d_NY_London_Momentum,DOT_USDT_USDT,1H,TimeBased,2022-05-11 13:00:00,2022-05-11 13:00:00,SHORT,8.4024785,9.3551825,113.16975,-108.9226,-11.4546,SL,IS
9,S30d_NY_London_Momentum,DOT_USDT_USDT,1H,TimeBased,2022-05-11 14:00:00,2022-05-11 20:00:00,SHORT,10.206937,8.33828667,94.369753,175.3815,18.2077,TP,IS
9,S30d_NY_London_Momentum,DOT_USDT_USDT,1H,TimeBased,2022-06-10 14:00:00,2022-06-10 14:00:00,SHORT,8.687393,8.91269783,485.844031,-114.166,-2.7049,SL,IS
9,S30d_NY_London_Momentum,DOT_USDT_USDT,1H,TimeBased,2022-06-10 15:00:00,2022-06-11 09:00:00,SHORT,8.8623405,8.47792087,452.656295,169.6929,4.2301,TP,IS
9,S30d_NY_London_Momentum,DOT_USDT_USDT,1H,TimeBased,2022-06-11 13:00:00,2022-06-12 02:00:00,SHORT,8.147555,7.73579806,430.814669,173.6274,4.9465,TP,IS
9,S30d_NY_London_Momentum,DOT_USDT_USDT,1H,TimeBased,2022-06-28 16:00:00,2022-06-29 05:00:00,SHORT,7.567729,7.16305894,445.881778,176.8225,5.2403,TP,IS
9,S30d_NY_London_Momentum,DOT_USDT_USDT,1H,TimeBased,2022-07-13 13:00:00,2022-07-13 14:00:00,SHORT,6.1531535,6.31659394,694.688143,-118.3046,-2.7677,SL,IS
9,S30d_NY_London_Momentum,DOT_USDT_USDT,1H,TimeBased,2022-07-13 15:00:00,2022-07-13 23:00:00,SHORT,6.2731175,6.44317839,660.453464,-116.9365,-2.8224,SL,IS
9,S30d_NY_London_Momentum,DOT_USDT_USDT,1H,TimeBased,2022-07-28 16:00:00,2022-07-29 04:00:00,LONG,7.862358,8.23363329,481.850143,174.6333,4.6096,TP,IS
9,S30d_NY_London_Momentum,DOT_USDT_USDT,1H,TimeBased,2022-08-10 13:00:00,2022-08-10 15:00:00,LONG,9.252775,9.61209528,503.321566,175.6313,3.7712,TP,IS
9,S30d_NY_London_Momentum,DOT_USDT_USDT,1H,TimeBased,2022-08-10 16:00:00,2022-08-11 14:00:00,LONG,9.5178545,9.2777538,477.734698,-119.6431,-2.6312,SL,IS
9,S30d_NY_London_Momentum,DOT_USDT_USDT,1H,TimeBased,2022-08-26 13:00:00,2022-08-26 14:00:00,LONG,7.592277,7.44954449,798.436518,-120.5683,-1.9889,SL,IS
9,S30d_NY_London_Momentum,DOT_USDT_USDT,1H,TimeBased,2022-08-26 16:00:00,2022-08-26 23:00:00,SHORT,7.187843,6.89370179,612.509248,175.4204,3.9845,TP,IS
9,S30d_NY_London_Momentum,DOT_USDT_USDT,1H,TimeBased,2022-08-29 15:00:00,2022-08-30 14:00:00,LONG,7.1671495,7.0326158,851.258421,-121.1712,-1.9861,SL,IS
9,S30d_NY_London_Momentum,DOT_USDT_USDT,1H,TimeBased,2022-08-30 16:00:00,2022-08-31 01:00:00,SHORT,7.027891,7.15440889,896.620883,-120.4325,-1.9112,SL,IS
9,S30d_NY_London_Momentum,DOT_USDT_USDT,1H,TimeBased,2022-09-02 15:00:00,2022-09-02 17:00:00,LONG,7.4672395,7.34050019,885.767594,-119.4755,-1.8063,SL,IS
9,S30d_NY_London_Momentum,DOT_USDT_USDT,1H,TimeBased,2022-09-13 13:00:00,2022-09-15 02:00:00,SHORT,7.357792,7.01131839,513.054116,173.705,4.6015,TP,IS
9,S30d_NY_London_Momentum,DOT_USDT_USDT,1H,TimeBased,2022-10-13 16:00:00,2022-10-14 01:00:00,LONG,6.0068015,6.23301813,793.308508,174.1191,3.6539,TP,IS
9,S30d_NY_London_Momentum,DOT_USDT_USDT,1H,TimeBased,2022-10-25 15:00:00,2022-10-25 16:00:00,LONG,6.1068315,6.21821414,1588.523142,166.1657,1.7129,TP,IS
9,S30d_NY_London_Momentum,DOT_USDT_USDT,1H,TimeBased,2022-11-04 14:00:00,2022-11-04 22:00:00,LONG,6.8270475,7.03674649,876.445608,177.1068,2.9599,TP,IS
9,S30d_NY_London_Momentum,DOT_USDT_USDT,1H,TimeBased,2022-11-22 15:00:00,2022-11-23 08:00:00,LONG,5.2665795,5.44692268,1038.605438,181.1855,3.3124,TP,IS
9,S30d_NY_London_Momentum,DOT_USDT_USDT,1H,TimeBased,2022-12-13 14:00:00,2022-12-13 17:00:00,LONG,5.311593,5.2382916,1642.818656,-129.9533,-1.4893,SL,IS
9,S30d_NY_London_Momentum,DOT_USDT_USDT,1H,TimeBased,2023-01-08 16:00:00,2023-01-08 16:00:00,LONG,4.7464235,4.70522889,2455.299932,-113.9088,-0.9774,SL,IS
9,S30d_NY_London_Momentum,DOT_USDT_USDT,1H,TimeBased,2023-01-18 16:00:00,2023-01-20 20:00:00,SHORT,5.8232525,6.00876869,628.149081,-120.6196,-3.2975,SL,IS
9,S30d_NY_London_Momentum,DOT_USDT_USDT,1H,TimeBased,2023-01-23 16:00:00,2023-01-24 21:00:00,LONG,6.5469635,6.36103793,620.561385,-119.7838,-2.9483,SL,IS
9,S30d_NY_London_Momentum,DOT_USDT_USDT,1H,TimeBased,2023-02-03 15:00:00,2023-02-05 00:00:00,LONG,6.9550859,6.77501196,634.662374,-119.0788,-2.6977,SL,IS
9,S30d_NY_London_Momentum,DOT_USDT_USDT,1H,TimeBased,2023-02-05 13:00:00,2023-02-06 00:00:00,SHORT,6.6540032,6.76376328,1037.811195,-121.5691,-1.7604,SL,IS
9,S30d_NY_London_Momentum,DOT_USDT_USDT,1H,TimeBased,2023-02-14 15:00:00,2023-02-15 19:00:00,LONG,6.2148639,6.3844118,1044.670248,169.8825,2.6166,TP,IS
9,S30d_NY_London_Momentum,DOT_USDT_USDT,1H,TimeBased,2023-02-16 16:00:00,2023-02-16 16:00:00,LONG,6.6569965,6.55275767,1097.932005,-122.424,-1.675,SL,IS
9,S30d_NY_London_Momentum,DOT_USDT_USDT,1H,TimeBased,2023-02-24 16:00:00,2023-02-24 21:00:00,SHORT,6.7129855,6.51883446,918.742642,171.6887,2.7838,TP,IS
9,S30d_NY_London_Momentum,DOT_USDT_USDT,1H,TimeBased,2023-02-27 16:00:00,2023-02-27 16:00:00,LONG,6.6910067,6.60115271,1283.451592,-124.7062,-1.4522,SL,IS
9,S30d_NY_London_Momentum,DOT_USDT_USDT,1H,TimeBased,2023-03-10 15:00:00,2023-03-11 02:00:00,LONG,5.4186251,5.67069788,720.200444,177.1503,4.5394,TP,IS
9,S30d_NY_London_Momentum,DOT_USDT_USDT,1H,TimeBased,2023-03-14 14:00:00,2023-03-14 19:00:00,LONG,6.4529353,6.30079555,754.116748,-120.0209,-2.4664,SL,IS
9,S30d_NY_London_Momentum,DOT_USDT_USDT,1H,TimeBased,2023-03-27 15:00:00,2023-03-27 15:00:00,SHORT,5.9042282,5.77473107,1374.302784,169.1405,2.0845,TP,IS
9,S30d_NY_London_Momentum,DOT_USDT_USDT,1H,TimeBased,2023-03-27 16:00:00,2023-03-28 12:00:00,SHORT,5.8432465,5.93898877,1211.101564,-123.8018,-1.7494,SL,IS
9,S30d_NY_London_Momentum,DOT_USDT_USDT,1H,TimeBased,2023-04-12 15:00:00,2023-04-13 12:00:00,LONG,6.3899164,6.52892389,1284.234821,169.3933,2.0642,TP,IS
9,S30d_NY_London_Momentum,DOT_USDT_USDT,1H,TimeBased,2023-04-14 16:00:00,2023-04-14 17:00:00,SHORT,6.5590317,6.65809366,1177.068962,-125.1594,-1.6211,SL,IS
9,S30d_NY_London_Momentum,DOT_USDT_USDT,1H,TimeBased,2023-05-03 15:00:00,2023-05-03 17:00:00,SHORT,5.5893227,5.65223213,1845.987274,-127.5435,-1.2361,SL,IS
9,S30d_NY_London_Momentum,DOT_USDT_USDT,1H,TimeBased,2023-05-05 15:00:00,2023-05-06 08:00:00,LONG,5.8257472,5.75097487,1529.509223,-124.1037,-1.3928,SL,IS
9,S30d_NY_London_Momentum,DOT_USDT_USDT,1H,TimeBased,2023-05-06 15:00:00,2023-05-06 18:00:00,SHORT,5.6153149,5.68837169,1548.466181,-122.7528,-1.4117,SL,IS
9,S30d_NY_London_Momentum,DOT_USDT_USDT,1H,TimeBased,2023-05-10 14:00:00,2023-05-10 17:00:00,LONG,5.4386311,5.3732396,1713.05123,-122.2057,-1.3117,SL,IS
9,S30d_NY_London_Momentum,DOT_USDT_USDT,1H,TimeBased,2023-05-24 16:00:00,2023-05-25 01:00:00,SHORT,5.2364286,5.15098895,1974.862264,157.449,1.5225,TP,IS
9,S30d_NY_London_Momentum,DOT_USDT_USDT,1H,TimeBased,2023-05-27 15:00:00,2023-05-28 11:00:00,LONG,5.3366005,5.39947184,2053.914212,117.0043,1.0675,TP,IS
9,S30d_NY_London_Momentum,DOT_USDT_USDT,1H,TimeBased,2023-06-05 16:00:00,2023-06-05 16:00:00,SHORT,5.0164946,4.90529379,1582.293455,167.3178,2.1079,TP,IS
9,S30d_NY_London_Momentum,DOT_USDT_USDT,1H,TimeBased,2023-06-13 16:00:00,2023-06-13 20:00:00,SHORT,4.5506344,4.62179918,1611.558925,-122.8163,-1.6747,SL,IS
9,S30d_NY_London_Momentum,DOT_USDT_USDT,1H,TimeBased,2023-06-23 16:00:00,2023-06-24 13:00:00,LONG,5.0855252,4.99574311,1259.861534,-120.0986,-1.8745,SL,IS
9,S30d_NY_London_Momentum,DOT_USDT_USDT,1H,TimeBased,2023-06-29 15:00:00,2023-06-29 17:00:00,LONG,5.0885261,5.00389302,1323.485299,-119.3571,-1.7723,SL,IS
9,S30d_NY_London_Momentum,DOT_USDT_USDT,1H,TimeBased,2023-06-30 14:00:00,2023-06-30 16:00:00,SHORT,4.9295207,5.06576456,807.793914,-114.4977,-2.8754,SL,IS
9,S30d_NY_London_Momentum,DOT_USDT_USDT,1H,TimeBased,2023-07-02 16:00:00,2023-07-02 21:00:00,LONG,5.341602,5.4776034,1264.642773,164.4679,2.4347,TP,IS
9,S30d_NY_London_Momentum,DOT_USDT_USDT,1H,TimeBased,2023-07-06 15:00:00,2023-07-10 19:00:00,SHORT,5.0994697,5.19515288,1161.532831,-117.7158,-1.9874,SL,IS
9,S30d_NY_London_Momentum,DOT_USDT_USDT,1H,TimeBased,2023-07-12 16:00:00,2023-07-13 09:00:00,SHORT,5.1734475,5.23254069,1880.126988,-121.8632,-1.2529,SL,IS
9,S30d_NY_London_Momentum,DOT_USDT_USDT,1H,TimeBased,2023-07-13 16:00:00,2023-07-13 18:00:00,LONG,5.3536056,5.46430322,1528.247392,160.0805,1.9566,TP,IS
9,S30d_NY_London_Momentum,DOT_USDT_USDT,1H,TimeBased,2023-07-20 15:00:00,2023-07-21 00:00:00,SHORT,5.2904124,5.37969039,1238.06479,-117.7976,-1.7985,SL,IS
9,S30d_NY_London_Momentum,DOT_USDT_USDT,1H,TimeBased,2023-08-16 16:00:00,2023-08-16 20:00:00,SHORT,4.7165846,4.63568608,2079.023149,157.4959,1.6061,TP,IS
9,S30d_NY_London_Momentum,DOT_USDT_USDT,1H,TimeBased,2023-08-21 16:00:00,2023-08-21 19:00:00,SHORT,4.388683,4.44341125,2040.080903,-121.5601,-1.3577,SL,IS
9,S30d_NY_London_Momentum,DOT_USDT_USDT,1H,TimeBased,2023-08-28 15:00:00,2023-08-28 23:00:00,LONG,4.5393614,4.61270476,2291.10446,156.5047,1.5048,TP,IS
9,S30d_NY_London_Momentum,DOT_USDT_USDT,1H,TimeBased,2023-08-29 15:00:00,2023-08-29 15:00:00,LONG,4.7584271,4.68718195,1564.763294,-119.6109,-1.6064,SL,IS
9,S30d_NY_London_Momentum,DOT_USDT_USDT,1H,TimeBased,2023-08-29 16:00:00,2023-08-30 03:00:00,LONG,4.6824043,4.60666407,1453.575984,-117.5205,-1.7267,SL,IS
9,S30d_NY_London_Momentum,DOT_USDT_USDT,1H,TimeBased,2023-08-31 15:00:00,2023-08-31 15:00:00,SHORT,4.4466656,4.38018549,2404.262864,148.1635,1.3859,TP,IS
9,S30d_NY_London_Momentum,DOT_USDT_USDT,1H,TimeBased,2023-08-31 16:00:00,2023-08-31 16:00:00,SHORT,4.3646902,4.2838086,2108.962389,160.5446,1.7441,TP,IS
9,S30d_NY_London_Momentum,DOT_USDT_USDT,1H,TimeBased,2023-09-10 16:00:00,2023-09-10 20:00:00,SHORT,4.1307604,4.17065303,2662.86592,-118.3868,-1.0763,SL,IS
9,S30d_NY_London_Momentum,DOT_USDT_USDT,1H,TimeBased,2023-10-02 16:00:00,2023-10-02 18:00:00,SHORT,4.1617511,4.08202317,2151.744745,161.798,1.8068,TP,IS
9,S30d_NY_London_Momentum,DOT_USDT_USDT,1H,TimeBased,2023-10-06 16:00:00,2023-10-08 07:00:00,LONG,4.061218,4.02880381,2719.152797,-100.2381,-0.9077,SL,IS
9,S30d_NY_London_Momentum,DOT_USDT_USDT,1H,TimeBased,2023-10-17 14:00:00,2023-10-18 09:00:00,SHORT,3.6778963,3.71981708,2681.727753,-123.3314,-1.2504,SL,IS
9,S30d_NY_London_Momentum,DOT_USDT_USDT,1H,TimeBased,2023-10-21 15:00:00,2023-10-21 17:00:00,LONG,3.8601577,3.92376038,2657.021641,157.6186,1.5368,TP,IS
9,S30d_NY_London_Momentum,DOT_USDT_USDT,1H,TimeBased,2023-11-05 14:00:00,2023-11-05 16:00:00,SHORT,4.7295807,4.82906596,1119.691985,-117.2794,-2.2146,SL,IS
9,S30d_NY_London_Momentum,DOT_USDT_USDT,1H,TimeBased,2023-11-26 15:00:00,2023-11-26 16:00:00,SHORT,5.2854139,5.17610677,1572.671731,162.8553,1.9592,TP,IS
9,S30d_NY_London_Momentum,DOT_USDT_USDT,1H,TimeBased,2023-11-30 16:00:00,2023-11-30 17:00:00,LONG,5.4956482,5.40522482,1241.276204,-119.6824,-1.7545,SL,IS
9,S30d_NY_London_Momentum,DOT_USDT_USDT,1H,TimeBased,2023-12-08 13:00:00,2023-12-08 16:00:00,LONG,6.5789731,6.79817861,802.256786,169.9566,3.2201,TP,IS
9,S30d_NY_London_Momentum,DOT_USDT_USDT,1H,TimeBased,2023-12-14 15:00:00,2023-12-14 17:00:00,SHORT,7.2708181,7.52694778,436.16309,-115.2641,-3.6346,SL,IS
9,S30d_NY_London_Momentum,DOT_USDT_USDT,1H,TimeBased,2024-01-02 15:00:00,2024-01-03 11:00:00,SHORT,8.5004491,8.20862404,606.559083,171.4349,3.3249,TP,IS
9,S30d_NY_London_Momentum,DOT_USDT_USDT,1H,TimeBased,2024-01-03 13:00:00,2024-01-06 06:00:00,SHORT,7.6467053,7.00667159,286.131093,180.8275,8.2647,TP,IS
9,S30d_NY_London_Momentum,DOT_USDT_USDT,1H,TimeBased,2024-02-02 16:00:00,2024-02-02 21:00:00,LONG,6.992097,6.88138672,1040.999948,-123.1927,-1.6925,SL,IS
9,S30d_NY_London_Momentum,DOT_USDT_USDT,1H,TimeBased,2024-02-09 15:00:00,2024-02-10 10:00:00,LONG,7.2031603,7.09167252,1022.934675,-122.0872,-1.6569,SL,IS
9,S30d_NY_London_Momentum,DOT_USDT_USDT,1H,TimeBased,2024-02-13 15:00:00,2024-02-13 21:00:00,SHORT,7.1948409,7.32752101,847.98257,-119.2835,-1.9551,SL,IS
9,S30d_NY_London_Momentum,DOT_USDT_USDT,1H,TimeBased,2024-02-16 16:00:00,2024-02-17 14:00:00,SHORT,7.6487047,7.4139619,750.444694,169.9445,2.9607,TP,IS
9,S30d_NY_London_Momentum,DOT_USDT_USDT,1H,TimeBased,2024-02-17 16:00:00,2024-02-17 20:00:00,SHORT,7.4647599,7.60289444,818.181401,-119.7996,-1.9615,SL,IS
9,S30d_NY_London_Momentum,DOT_USDT_USDT,1H,TimeBased,2024-02-20 16:00:00,2024-02-20 22:00:00,SHORT,7.5707281,7.77684942,539.555775,-115.7684,-2.8341,SL,IS
9,S30d_NY_London_Momentum,DOT_USDT_USDT,1H,TimeBased,2024-03-14 16:00:00,2024-03-14 17:00:00,SHORT,11.1716475,11.58788072,263.587517,-113.0134,-3.8378,SL,IS
9,S30d_NY_London_Momentum,DOT_USDT_USDT,1H,TimeBased,2024-03-26 16:00:00,2024-03-27 07:00:00,SHORT,9.8100561,9.50162739,562.300197,167.4571,3.0357,TP,IS
9,S30d_NY_London_Momentum,DOT_USDT_USDT,1H,TimeBased,2024-04-24 15:00:00,2024-04-24 22:00:00,SHORT,7.1138652,6.88086679,756.940542,170.5397,3.1671,TP,IS
9,S30d_NY_London_Momentum,DOT_USDT_USDT,1H,TimeBased,2024-05-06 13:00:00,2024-05-08 00:00:00,SHORT,7.1688487,6.95061769,818.745856,172.3176,2.9358,TP,IS
9,S30d_NY_London_Momentum,DOT_USDT_USDT,1H,TimeBased,2024-05-10 15:00:00,2024-05-11 10:00:00,SHORT,6.8549429,6.6666726,960.134408,173.6244,2.638,TP,IS
9,S30d_NY_London_Momentum,DOT_USDT_USDT,1H,TimeBased,2024-05-15 13:00:00,2024-05-15 19:00:00,LONG,6.7780328,6.99135129,864.188778,177.8028,3.0355,TP,IS
9,S30d_NY_London_Momentum,DOT_USDT_USDT,1H,TimeBased,2024-05-19 14:00:00,2024-05-19 21:00:00,SHORT,7.0098964,6.89267218,1551.697114,170.0316,1.5632,TP,IS
9,S30d_NY_London_Momentum,DOT_USDT_USDT,1H,TimeBased,2024-05-23 14:00:00,2024-05-23 20:00:00,SHORT,7.257822,6.99788941,734.180377,185.081,3.4734,TP,IS
9,S30d_NY_London_Momentum,DOT_USDT_USDT,1H,TimeBased,2024-06-12 15:00:00,2024-06-12 19:00:00,LONG,6.6910067,6.86314614,1112.374461,183.191,2.4613,TP,IS
9,S30d_NY_London_Momentum,DOT_USDT_USDT,1H,TimeBased,2024-06-27 14:00:00,2024-06-27 15:00:00,LONG,6.1758522,6.34127204,1177.161842,186.6218,2.567,TP,IS
9,S30d_NY_London_Momentum,DOT_USDT_USDT,1H,TimeBased,2024-06-27 16:00:00,2024-06-28 21:00:00,LONG,6.2868855,6.16893272,1064.020019,-132.7934,-1.9851,SL,IS
9,S30d_NY_London_Momentum,DOT_USDT_USDT,1H,TimeBased,2024-07-11 16:00:00,2024-07-12 09:00:00,SHORT,5.9991997,5.82829242,1147.762444,188.6946,2.7404,TP,IS
9,S30d_NY_London_Momentum,DOT_USDT_USDT,1H,TimeBased,2024-07-27 16:00:00,2024-07-27 20:00:00,SHORT,5.8302504,5.7215689,1797.469169,183.9314,1.7551,TP,IS
9,S30d_NY_London_Momentum,DOT_USDT_USDT,1H,TimeBased,2024-08-02 16:00:00,2024-08-03 17:00:00,SHORT,5.1204634,4.93237778,1083.78149,197.8514,3.5652,TP,IS
9,S30d_NY_London_Momentum,DOT_USDT_USDT,1H,TimeBased,2024-08-11 13:00:00,2024-08-11 19:00:00,SHORT,4.6805954,4.59548021,2362.451781,189.0277,1.7095,TP,IS
9,S30d_NY_London_Momentum,DOT_USDT_USDT,1H,TimeBased,2024-08-14 15:00:00,2024-08-15 18:00:00,SHORT,4.4266716,4.31409407,1842.507994,198.5673,2.4346,TP,IS
9,S30d_NY_London_Momentum,DOT_USDT_USDT,1H,TimeBased,2024-08-16 14:00:00,2024-08-17 21:00:00,SHORT,4.2947112,4.37060789,1766.917886,-142.5242,-1.8782,SL,IS
9,S30d_NY_London_Momentum,DOT_USDT_USDT,1H,TimeBased,2024-08-23 16:00:00,2024-08-23 21:00:00,LONG,4.7874358,4.90301696,1797.381815,198.1639,2.3029,TP,IS
9,S30d_NY_London_Momentum,DOT_USDT_USDT,1H,TimeBased,2024-08-30 16:00:00,2024-08-30 16:00:00,SHORT,4.1127658,4.19345477,1666.138293,-142.0506,-2.073,SL,IS
9,S30d_NY_London_Momentum,DOT_USDT_USDT,1H,TimeBased,2024-09-03 16:00:00,2024-09-04 01:00:00,SHORT,4.1027688,3.99976745,2030.114537,200.0575,2.4019,TP,IS
9,S30d_NY_London_Momentum,DOT_USDT_USDT,1H,TimeBased,2024-09-11 15:00:00,2024-09-11 15:00:00,SHORT,4.0947712,4.16059683,2058.347678,-144.8379,-1.7184,SL,IS
9,S30d_NY_London_Momentum,DOT_USDT_USDT,1H,TimeBased,2024-09-13 16:00:00,2024-09-14 10:00:00,LONG,4.4183251,4.36245553,2409.717348,-146.2674,-1.3738,SL,IS
9,S30d_NY_London_Momentum,DOT_USDT_USDT,1H,TimeBased,2024-10-01 15:00:00,2024-10-01 15:00:00,SHORT,4.3317001,4.20248473,1617.770292,201.4473,2.8747,TP,IS
9,S30d_NY_London_Momentum,DOT_USDT_USDT,1H,TimeBased,2024-10-01 16:00:00,2024-10-01 17:00:00,SHORT,4.2907124,4.1430223,1444.185232,206.5929,3.334,TP,IS
9,S30d_NY_London_Momentum,DOT_USDT_USDT,1H,TimeBased,2024-10-15 15:00:00,2024-10-15 16:00:00,SHORT,4.348695,4.44570089,1401.58207,-142.7411,-2.3419,SL,IS
9,S30d_NY_London_Momentum,DOT_USDT_USDT,1H,TimeBased,2024-10-28 16:00:00,2024-10-28 17:00:00,SHORT,4.0117961,4.06812486,2407.34382,-146.3008,-1.5149,SL,IS
9,S30d_NY_London_Momentum,DOT_USDT_USDT,1H,TimeBased,2024-11-01 16:00:00,2024-11-03 02:00:00,SHORT,3.8908324,3.78966875,2074.404851,201.0915,2.4915,TP,IS
9,S30d_NY_London_Momentum,DOT_USDT_USDT,1H,TimeBased,2024-11-10 15:00:00,2024-11-10 17:00:00,LONG,5.1885561,5.47100672,770.263977,213.0457,5.3307,TP,IS
9,S30d_NY_London_Momentum,DOT_USDT_USDT,1H,TimeBased,2024-11-22 16:00:00,2024-11-23 00:00:00,LONG,6.3649089,6.70518962,649.349622,216.2933,5.2333,TP,IS
9,S30d_NY_London_Momentum,DOT_USDT_USDT,1H,TimeBased,2024-11-23 16:00:00,2024-11-23 16:00:00,LONG,8.8576565,8.44435755,334.758064,-141.5407,-4.7734,SL,IS
9,S30d_NY_London_Momentum,DOT_USDT_USDT,1H,TimeBased,2024-12-04 13:00:00,2024-12-04 16:00:00,LONG,11.3394008,10.88053075,298.704963,-140.7172,-4.1545,SL,IS
9,S30d_NY_London_Momentum,DOT_USDT_USDT,1H,TimeBased,2024-12-15 15:00:00,2024-12-15 18:00:00,LONG,9.1587468,8.9173862,564.277238,-141.8043,-2.7439,SL,IS
9,S30d_NY_London_Momentum,DOT_USDT_USDT,1H,TimeBased,2024-12-30 15:00:00,2024-12-30 17:00:00,SHORT,6.608017,6.768331,841.943199,-141.1695,-2.5374,SL,IS
9,S30d_NY_London_Momentum,DOT_USDT_USDT,1H,TimeBased,2025-01-07 16:00:00,2025-01-08 03:00:00,SHORT,7.29781,6.94025867,601.296662,210.2857,4.7921,TP,IS
9,S30d_NY_London_Momentum,DOT_USDT_USDT,1H,TimeBased,2025-01-10 16:00:00,2025-01-11 21:00:00,SHORT,6.6260116,6.81348509,722.414662,-140.7735,-2.9409,SL,IS
9,S30d_NY_London_Momentum,DOT_USDT_USDT,1H,TimeBased,2025-01-15 15:00:00,2025-01-16 12:00:00,LONG,6.9570865,7.20930553,849.852277,207.7273,3.5134,TP,IS
9,S30d_NY_London_Momentum,DOT_USDT_USDT,1H,TimeBased,2025-01-16 14:00:00,2025-01-17 17:00:00,LONG,7.1711507,7.48551271,696.084135,213.2112,4.2713,TP,IS
9,S30d_NY_London_Momentum,DOT_USDT_USDT,1H,TimeBased,2025-02-12 16:00:00,2025-02-16 07:00:00,LONG,5.0925273,4.91704646,785.947666,-142.2456,-3.554,SL,IS
9,S30d_NY_London_Momentum,DOT_USDT_USDT,1H,TimeBased,2025-02-21 16:00:00,2025-02-21 19:00:00,LONG,5.20156,5.08938836,1223.16748,-144.1279,-2.2653,SL,IS
9,S30d_NY_London_Momentum,DOT_USDT_USDT,1H,TimeBased,2025-03-02 16:00:00,2025-03-02 16:00:00,LONG,4.74692365,4.89592066,1446.616439,207.8693,3.0271,TP,IS
9,S30d_NY_London_Momentum,DOT_USDT_USDT,1H,TimeBased,2025-04-06 15:00:00,2025-04-06 17:00:00,SHORT,3.89723048,3.81169901,2523.831934,205.1662,2.0859,TP,IS
9,S30d_NY_London_Momentum,DOT_USDT_USDT,1H,TimeBased,2025-04-12 16:00:00,2025-04-13 02:00:00,LONG,3.72451702,3.66780584,2482.006748,-150.8488,-1.6318,SL,IS
9,S30d_NY_London_Momentum,DOT_USDT_USDT,1H,TimeBased,2025-04-30 16:00:00,2025-05-01 08:00:00,SHORT,4.0717781,4.14396387,1924.323151,-147.6041,-1.8838,SL,IS
9,S30d_NY_London_Momentum,DOT_USDT_USDT,1H,TimeBased,2025-05-23 13:00:00,2025-05-23 14:00:00,SHORT,4.68279474,4.81385379,1041.860832,-141.9871,-2.9103,SL,IS
9,S30d_NY_London_Momentum,DOT_USDT_USDT,1H,TimeBased,2025-06-10 13:00:00,2025-06-10 13:00:00,LONG,4.28698571,4.21295693,1836.352186,-144.5278,-1.8359,SL,IS
9,S30d_NY_London_Momentum,DOT_USDT_USDT,1H,TimeBased,2025-06-10 14:00:00,2025-06-11 21:00:00,LONG,4.24567332,4.16715488,1710.619218,-142.2303,-1.9584,SL,IS
9,S30d_NY_London_Momentum,DOT_USDT_USDT,1H,TimeBased,2025-06-22 15:00:00,2025-06-22 20:00:00,SHORT,3.2260319,3.0841586,1498.98892,207.4641,4.2902,TP,IS
9,S30d_NY_London_Momentum,DOT_USDT_USDT,1H,TimeBased,2025-07-03 16:00:00,2025-07-04 14:00:00,SHORT,3.50254892,3.3882196,1873.750366,207.1232,3.156,TP,IS
9,S30d_NY_London_Momentum,DOT_USDT_USDT,1H,TimeBased,2025-07-15 16:00:00,2025-07-16 00:00:00,LONG,3.9471838,4.10486599,1387.249115,212.6009,3.8826,TP,IS
9,S30d_NY_London_Momentum,DOT_USDT_USDT,1H,TimeBased,2025-07-23 16:00:00,2025-07-23 20:00:00,SHORT,4.24102731,4.04503084,1138.444706,217.9429,4.514,TP,IS
9,S30d_NY_London_Momentum,DOT_USDT_USDT,1H,TimeBased,2025-08-05 16:00:00,2025-08-06 05:00:00,SHORT,3.5749272,3.63927451,2200.66591,-150.3387,-1.911,SL,IS
9,S30d_NY_London_Momentum,DOT_USDT_USDT,1H,TimeBased,2025-08-12 15:00:00,2025-08-12 16:00:00,LONG,4.01970555,4.15512381,1640.711513,214.8054,3.257,TP,IS
9,S30d_NY_London_Momentum,DOT_USDT_USDT,1H,TimeBased,2025-08-14 13:00:00,2025-08-17 15:00:00,SHORT,4.00339862,4.12183182,1193.28683,-146.6574,-3.0699,SL,IS
9,S30d_NY_London_Momentum,DOT_USDT_USDT,1H,TimeBased,2025-08-20 16:00:00,2025-08-22 12:00:00,LONG,3.82144609,3.74343474,1799.801149,-147.8933,-2.1503,SL,IS
9,S30d_NY_London_Momentum,DOT_USDT_USDT,1H,TimeBased,2025-08-22 15:00:00,2025-08-22 16:00:00,LONG,3.92837816,4.06652117,1601.160928,214.1486,3.4046,TP,IS
9,S30d_NY_London_Momentum,DOT_USDT_USDT,1H,TimeBased,2025-09-02 15:00:00,2025-09-03 15:00:00,LONG,3.78983661,3.89686059,2083.561072,214.1824,2.7124,TP,IS
9,S30d_NY_London_Momentum,DOT_USDT_USDT,1H,TimeBased,2025-09-05 15:00:00,2025-09-05 20:00:00,SHORT,3.79226198,3.84426464,2776.56305,-156.0505,-1.482,SL,IS
9,S30d_NY_London_Momentum,DOT_USDT_USDT,1H,TimeBased,2025-09-07 13:00:00,2025-09-07 13:00:00,LONG,3.9601877,4.01705071,3525.766198,185.0164,1.3251,TP,IS
9,S30d_NY_London_Momentum,DOT_USDT_USDT,1H,TimeBased,2025-09-07 14:00:00,2025-09-07 14:00:00,LONG,4.07412187,4.02519935,2965.069779,-158.267,-1.3102,SL,IS
9,S30d_NY_London_Momentum,DOT_USDT_USDT,1H,TimeBased,2025-09-07 15:00:00,2025-09-07 15:00:00,LONG,4.01480408,3.96176072,2697.828051,-154.9375,-1.4305,SL,IS
9,S30d_NY_London_Momentum,DOT_USDT_USDT,1H,TimeBased,2025-09-07 16:00:00,2025-09-08 02:00:00,LONG,3.96668965,4.05418875,2509.302919,208.492,2.0946,TP,IS
9,S30d_NY_London_Momentum,DOT_USDT_USDT,1H,TimeBased,2025-09-09 15:00:00,2025-09-10 13:00:00,SHORT,4.10716748,4.18023622,1955.439693,-151.7946,-1.89,SL,IS
9,S30d_NY_London_Momentum,DOT_USDT_USDT,1H,TimeBased,2025-09-11 16:00:00,2025-09-11 19:00:00,SHORT,4.16025155,4.22579644,2161.129246,-151.6188,-1.6864,SL,IS
9,S30d_NY_London_Momentum,DOT_USDT_USDT,1H,TimeBased,2025-10-06 14:00:00,2025-10-07 06:00:00,LONG,4.391317,4.31214629,1764.274948,-148.1243,-1.9119,SL,IS
9,S30d_NY_London_Momentum,DOT_USDT_USDT,1H,TimeBased,2025-10-07 16:00:00,2025-10-08 17:00:00,SHORT,4.15155416,4.23512998,1651.339962,-145.6292,-2.1242,SL,IS
9,S30d_NY_London_Momentum,DOT_USDT_USDT,1H,TimeBased,2025-10-10 16:00:00,2025-10-10 19:00:00,SHORT,4.05518308,3.90358434,1436.386372,211.4668,3.6305,TP,IS
9,S30d_NY_London_Momentum,DOT_USDT_USDT,1H,TimeBased,2025-10-21 15:00:00,2025-10-21 21:00:00,LONG,3.1299387,3.06923082,2284.332259,-146.4655,-2.0485,SL,IS
9,S30d_NY_London_Momentum,DOT_USDT_USDT,1H,TimeBased,2025-10-26 13:00:00,2025-10-26 22:00:00,LONG,3.15334572,3.20953573,3773.443784,198.8244,1.6709,TP,IS
9,S30d_NY_London_Momentum,DOT_USDT_USDT,1H,TimeBased,2025-11-03 16:00:00,2025-11-04 18:00:00,SHORT,2.57902606,2.42965758,1501.661464,220.1642,5.6848,TP,IS
9,S30d_NY_London_Momentum,DOT_USDT_USDT,1H,TimeBased,2025-11-06 16:00:00,2025-11-06 18:00:00,SHORT,2.57262798,2.63810832,2153.347729,-147.1732,-2.6567,SL,IS
9,S30d_NY_London_Momentum,DOT_USDT_USDT,1H,TimeBased,2025-11-12 16:00:00,2025-11-13 14:00:00,SHORT,2.96031164,3.04556479,1634.181868,-144.7172,-2.9915,SL,IS
9,S30d_NY_London_Momentum,DOT_USDT_USDT,1H,TimeBased,2025-11-17 16:00:00,2025-11-17 19:00:00,SHORT,2.7711684,2.66085034,2005.572175,215.259,3.8731,TP,IS
9,S30d_NY_London_Momentum,DOT_USDT_USDT,1H,TimeBased,2025-11-20 16:00:00,2025-11-20 16:00:00,SHORT,2.72348271,2.63252238,2458.088703,216.3475,3.2317,TP,IS
9,S30d_NY_London_Momentum,DOT_USDT_USDT,1H,TimeBased,2025-11-25 16:00:00,2025-11-25 17:00:00,SHORT,2.22103349,2.27270137,2759.476027,-149.3965,-2.4376,SL,IS
9,S30d_NY_London_Momentum,DOT_USDT_USDT,1H,TimeBased,2025-12-02 16:00:00,2025-12-03 05:00:00,LONG,2.24457317,2.32115014,2934.189176,217.3231,3.2998,TP,IS
9,S30d_NY_London_Momentum,DOT_USDT_USDT,1H,TimeBased,2025-12-09 16:00:00,2025-12-09 16:00:00,LONG,2.21716495,2.28494209,3354.751795,219.0686,2.9452,TP,IS
9,S30d_NY_London_Momentum,DOT_USDT_USDT,1H,TimeBased,2025-12-15 15:00:00,2025-12-15 15:00:00,SHORT,1.95381368,1.90146608,4391.87731,220.5917,2.5707,TP,IS
9,S30d_NY_London_Momentum,DOT_USDT_USDT,1H,TimeBased,2025-12-15 16:00:00,2025-12-16 10:00:00,SHORT,1.88303492,1.92311481,3690.119448,-155.6244,-2.2396,SL,IS
9,S30d_NY_London_Momentum,DOT_USDT_USDT,1H,TimeBased,2025-12-18 16:00:00,2025-12-18 17:00:00,LONG,1.86105815,1.81910474,3482.82247,-153.1658,-2.363,SL,IS
9,S30d_NY_London_Momentum,DOT_USDT_USDT,1H,TimeBased,2025-12-21 14:00:00,2025-12-21 17:00:00,SHORT,1.75277401,1.78122874,5110.340785,-155.3463,-1.7343,SL,IS
9,S30d_NY_London_Momentum,DOT_USDT_USDT,1H,TimeBased,2026-01-01 15:00:00,2026-01-01 15:00:00,LONG,1.86065803,1.89988825,5696.909793,211.7081,1.9972,TP,OOS
9,S30d_NY_London_Momentum,DOT_USDT_USDT,1H,TimeBased,2026-01-01 16:00:00,2026-01-01 17:00:00,LONG,1.89326781,1.93757634,5144.906849,217.1231,2.229,TP,OOS
9,S30d_NY_London_Momentum,DOT_USDT_USDT,1H,TimeBased,2026-01-11 16:00:00,2026-01-11 16:00:00,SHORT,2.07667681,2.10373009,5503.60534,-161.5446,-1.4134,SL,OOS
9,S30d_NY_London_Momentum,DOT_USDT_USDT,1H,TimeBased,2026-01-13 15:00:00,2026-01-13 16:00:00,LONG,2.18595559,2.25654661,3282.429278,223.6898,3.1175,TP,OOS
9,S30d_NY_London_Momentum,DOT_USDT_USDT,1H,TimeBased,2026-01-15 16:00:00,2026-01-16 15:00:00,SHORT,2.16185125,2.08532194,3085.508043,228.9242,3.4319,TP,OOS
9,S30d_NY_London_Momentum,DOT_USDT_USDT,1H,TimeBased,2026-01-29 16:00:00,2026-01-29 17:00:00,SHORT,1.72928106,1.76220451,4578.766089,-159.5415,-2.0149,SL,OOS
9,S30d_NY_London_Momentum,DOT_USDT_USDT,1H,TimeBased,2026-01-31 16:00:00,2026-01-31 17:00:00,SHORT,1.56792948,1.50679129,3891.423942,231.3338,3.7914,TP,OOS
9,S30d_NY_London_Momentum,DOT_USDT_USDT,1H,TimeBased,2026-02-13 16:00:00,2026-02-14 01:00:00,LONG,1.30589165,1.34371529,6325.523921,230.0362,2.7848,TP,OOS
9,S30d_NY_London_Momentum,DOT_USDT_USDT,1H,TimeBased,2026-02-20 16:00:00,2026-02-20 17:00:00,LONG,1.35050503,1.32522743,6083.106679,-162.7186,-1.9807,SL,OOS
9,S30d_NY_London_Momentum,DOT_USDT_USDT,1H,TimeBased,2026-02-25 13:00:00,2026-02-25 13:00:00,LONG,1.43863146,1.50093508,3904.779221,236.9688,4.2184,TP,OOS
9,S30d_NY_London_Momentum,DOT_USDT_USDT,1H,TimeBased,2026-02-25 14:00:00,2026-02-25 15:00:00,LONG,1.46583962,1.53743231,3461.632746,242.1097,4.7714,TP,OOS
9,S30d_NY_London_Momentum,DOT_USDT_USDT,1H,TimeBased,2026-02-25 16:00:00,2026-02-25 19:00:00,LONG,1.51805528,1.5981545,3148.4153,246.7895,5.1635,TP,OOS
9,S30d_NY_London_Momentum,DOT_USDT_USDT,1H,TimeBased,2026-03-11 16:00:00,2026-03-12 14:00:00,LONG,1.5174551,1.48736725,5295.906784,-168.0948,-2.0917,SL,OOS
9,S30d_NY_London_Momentum,DOT_USDT_USDT,1H,TimeBased,2026-04-09 16:00:00,2026-04-09 21:00:00,LONG,1.28168439,1.31399949,7672.556588,236.9859,2.4099,TP,OOS
9,S30d_NY_London_Momentum,DOT_USDT_USDT,1H,TimeBased,2026-04-29 16:00:00,2026-04-30 00:00:00,SHORT,1.2046385,1.22172451,9430.101112,-173.7073,-1.5291,SL,OOS
9,S30d_NY_London_Momentum,DOT_USDT_USDT,1H,TimeBased,2026-05-01 16:00:00,2026-05-01 23:00:00,LONG,1.21296378,1.1968531,9899.39966,-172.6067,-1.4375,SL,OOS
9,S30d_NY_London_Momentum,DOT_USDT_USDT,1H,TimeBased,2026-05-05 15:00:00,2026-05-05 16:00:00,LONG,1.27678292,1.25621108,7635.826761,-167.7208,-1.7203,SL,OOS
9,S30d_NY_London_Momentum,DOT_USDT_USDT,1H,TimeBased,2026-05-08 16:00:00,2026-05-10 01:00:00,LONG,1.35850743,1.3345367,6471.175361,-164.7038,-1.8735,SL,OOS
9,S30d_NY_London_Momentum,DOT_USDT_USDT,1H,TimeBased,2026-05-13 13:00:00,2026-05-14 16:00:00,SHORT,1.36029179,1.39028956,5100.611426,-160.7233,-2.3165,SL,OOS
9,S30d_NY_London_Momentum,DOT_USDT_USDT,1H,TimeBased,2026-06-02 16:00:00,2026-06-02 17:00:00,SHORT,1.09477147,1.11995946,6006.452861,-158.6069,-2.412,SL,OOS
9,S30d_NY_London_Momentum,DOT_USDT_USDT,1H,TimeBased,2026-06-16 16:00:00,2026-06-16 18:00:00,SHORT,1.00029982,1.02018244,7544.029238,-158.3785,-2.0988,SL,OOS
9,S30d_NY_London_Momentum,DOT_USDT_USDT,1H,TimeBased,2026-06-24 14:00:00,2026-06-24 16:00:00,SHORT,0.88623405,0.86536759,11151.95946,221.9583,2.2458,TP,OOS
9,S30d_NY_London_Momentum,DOT_USDT_USDT,1H,TimeBased,2026-06-25 14:00:00,2026-06-25 14:00:00,SHORT,0.82215328,0.84248353,7387.47751,-156.9529,-2.5842,SL,OOS
9,S30d_NY_London_Momentum,DOT_USDT_USDT,1H,TimeBased,2026-06-25 15:00:00,2026-06-26 02:00:00,SHORT,0.8457462,0.80889126,6474.994332,232.743,4.2501,TP,OOS
9,S30d_NY_London_Momentum,DOT_USDT_USDT,1H,TimeBased,2026-07-06 16:00:00,2026-07-06 21:00:00,LONG,0.880264,0.90263687,10642.041681,227.6575,2.4302,TP,OOS
9,S30d_NY_London_Momentum,DOT_USDT_USDT,1H,TimeBased,2026-07-27 15:00:00,2026-07-27 22:00:00,SHORT,0.79346189,0.77811749,15559.50526,225.3021,1.8249,TP,OOS
9,S30d_NY_London_Momentum,DOT_USDT_USDT,1H,TimeBased,2026-08-01 15:00:00,2026-08-01 17:00:00,LONG,0.7812343,0.7727543,18623.690382,-173.8465,-1.1949,SL,OOS
9,S30d_NY_London_Momentum,DOT_USDT_USDT,1H,TimeBased,2026-08-03 15:00:00,2026-08-04 02:00:00,LONG,0.82414717,0.84093212,14303.427024,226.9833,1.9255,TP,OOS
9,S30d_NY_London_Momentum,DOT_USDT_USDT,1H,TimeBased,2026-08-10 16:00:00,2026-08-11 01:00:00,SHORT,0.80265913,0.81207187,16810.81581,-173.1655,-1.2833,SL,OOS
9,S30d_NY_London_Momentum,DOT_USDT_USDT,1H,TimeBased,2026-08-28 16:00:00,2026-08-30 23:00:00,SHORT,0.85524335,0.82654222,8571.962298,238.0961,3.2477,TP,OOS
10,S30d_NY_London_Momentum,XLM_USDT_USDT,1H,TimeBased,2022-01-10 15:00:00,2022-01-10 16:00:00,SHORT,0.24617612,0.25183017,17925.902345,-106.2638,-2.408,SL,IS
10,S30d_NY_London_Momentum,XLM_USDT_USDT,1H,TimeBased,2022-02-02 16:00:00,2022-02-02 21:00:00,SHORT,0.19899028,0.19303582,26718.45148,153.3333,2.884,TP,IS
10,S30d_NY_London_Momentum,XLM_USDT_USDT,1H,TimeBased,2022-02-04 16:00:00,2022-02-04 20:00:00,LONG,0.20121034,0.20708603,27456.629887,155.1608,2.8086,TP,IS
10,S30d_NY_London_Momentum,XLM_USDT_USDT,1H,TimeBased,2022-02-10 14:00:00,2022-02-10 15:00:00,SHORT,0.23043085,0.23525205,21475.482729,-109.0379,-2.2034,SL,IS
10,S30d_NY_London_Momentum,XLM_USDT_USDT,1H,TimeBased,2022-02-10 16:00:00,2022-02-11 00:00:00,SHORT,0.23502947,0.22653595,19226.140753,158.4168,3.5058,TP,IS
10,S30d_NY_London_Momentum,XLM_USDT_USDT,1H,TimeBased,2022-02-19 14:00:00,2022-02-19 20:00:00,LONG,0.20476141,0.20052484,24546.532672,-109.4648,-2.1779,SL,IS
10,S30d_NY_London_Momentum,XLM_USDT_USDT,1H,TimeBased,2022-03-09 15:00:00,2022-03-09 16:00:00,LONG,0.18255475,0.18835713,28149.63077,157.5922,3.0667,TP,IS
10,S30d_NY_London_Momentum,XLM_USDT_USDT,1H,TimeBased,2022-03-27 16:00:00,2022-03-27 20:00:00,LONG,0.22221664,0.22763766,30291.319721,156.715,2.3282,TP,IS
10,S30d_NY_London_Momentum,XLM_USDT_USDT,1H,TimeBased,2022-03-31 15:00:00,2022-04-01 01:00:00,SHORT,0.2325802,0.22560048,24092.623146,162.0886,2.8926,TP,IS
10,S30d_NY_London_Momentum,XLM_USDT_USDT,1H,TimeBased,2022-04-06 14:00:00,2022-04-06 23:00:00,SHORT,0.20953712,0.20291237,25823.491979,165.2161,3.0533,TP,IS
10,S30d_NY_London_Momentum,XLM_USDT_USDT,1H,TimeBased,2022-05-05 16:00:00,2022-05-06 07:00:00,SHORT,0.17209836,0.16611948,29146.456372,168.8413,3.366,TP,IS
10,S30d_NY_London_Momentum,XLM_USDT_USDT,1H,TimeBased,2022-05-11 13:00:00,2022-05-11 13:00:00,SHORT,0.1273118,0.13629584,12246.887133,-111.8022,-7.1706,SL,IS
10,S30d_NY_London_Momentum,XLM_USDT_USDT,1H,TimeBased,2022-05-11 15:00:00,2022-05-11 20:00:00,SHORT,0.13570928,0.11948937,11041.078636,177.5355,11.8485,TP,IS
10,S30d_NY_London_Momentum,XLM_USDT_USDT,1H,TimeBased,2022-06-10 13:00:00,2022-06-11 09:00:00,SHORT,0.13465959,0.13096712,47828.733072,169.6187,2.6336,TP,IS
10,S30d_NY_London_Momentum,XLM_USDT_USDT,1H,TimeBased,2022-06-11 16:00:00,2022-06-11 18:00:00,SHORT,0.12311306,0.12640735,34357.016706,-117.897,-2.7873,SL,IS
10,S30d_NY_London_Momentum,XLM_USDT_USDT,1H,TimeBased,2022-07-13 13:00:00,2022-07-13 14:00:00,SHORT,0.09947015,0.10150449,55242.575808,-118.4885,-2.1563,SL,IS
10,S30d_NY_London_Momentum,XLM_USDT_USDT,1H,TimeBased,2022-07-13 15:00:00,2022-07-13 19:00:00,SHORT,0.10191942,0.10408167,51390.695224,-116.9424,-2.2327,SL,IS
10,S30d_NY_London_Momentum,XLM_USDT_USDT,1H,TimeBased,2022-07-28 16:00:00,2022-07-29 04:00:00,LONG,0.11483444,0.11848741,47767.043108,168.3619,3.0693,TP,IS
10,S30d_NY_London_Momentum,XLM_USDT_USDT,1H,TimeBased,2022-08-08 13:00:00,2022-08-08 13:00:00,LONG,0.13313993,0.13083507,48565.554099,-118.9877,-1.8402,SL,IS
10,S30d_NY_London_Momentum,XLM_USDT_USDT,1H,TimeBased,2022-08-08 14:00:00,2022-08-08 16:00:00,LONG,0.13293987,0.1368302,44926.372445,168.1127,2.8148,TP,IS
10,S30d_NY_London_Momentum,XLM_USDT_USDT,1H,TimeBased,2022-08-26 16:00:00,2022-08-26 23:00:00,SHORT,0.10746775,0.10366126,46947.385747,173.2532,3.4339,TP,IS
10,S30d_NY_London_Momentum,XLM_USDT_USDT,1H,TimeBased,2022-09-13 13:00:00,2022-09-13 18:00:00,SHORT,0.10881735,0.10560676,56194.200595,173.789,2.8421,TP,IS
10,S30d_NY_London_Momentum,XLM_USDT_USDT,1H,TimeBased,2022-09-17 15:00:00,2022-09-17 21:00:00,LONG,0.11053315,0.11288081,76919.334669,171.1289,2.0128,TP,IS
10,S30d_NY_London_Momentum,XLM_USDT_USDT,1H,TimeBased,2022-09-20 16:00:00,2022-09-21 00:00:00,LONG,0.11858556,0.11604015,46085.826186,-123.2547,-2.2553,SL,IS
10,S30d_NY_London_Momentum,XLM_USDT_USDT,1H,TimeBased,2022-11-10 14:00:00,2022-11-10 17:00:00,LONG,0.10033009,0.09607612,27092.636483,-118.178,-4.3476,SL,IS
10,S30d_NY_London_Momentum,XLM_USDT_USDT,1H,TimeBased,2022-12-05 16:00:00,2022-12-05 19:00:00,SHORT,0.08722382,0.08617721,129882.48124,123.5505,1.0906,TP,IS
10,S30d_NY_London_Momentum,XLM_USDT_USDT,1H,TimeBased,2022-12-13 14:00:00,2022-12-13 17:00:00,LONG,0.08447534,0.08337819,106820.085773,-127.0583,-1.4081,SL,IS
10,S30d_NY_London_Momentum,XLM_USDT_USDT,1H,TimeBased,2022-12-15 15:00:00,2022-12-15 16:00:00,LONG,0.08347503,0.08246414,114844.684845,-126.5769,-1.3203,SL,IS
10,S30d_NY_London_Momentum,XLM_USDT_USDT,1H,TimeBased,2022-12-25 16:00:00,2022-12-25 17:00:00,SHORT,0.07382784,0.07321259,151687.512117,81.0595,0.7238,TP,IS
10,S30d_NY_London_Momentum,XLM_USDT_USDT,1H,TimeBased,2023-01-06 15:00:00,2023-01-06 23:00:00,LONG,0.07412223,0.07544141,134178.623012,165.9677,1.6688,TP,IS
10,S30d_NY_London_Momentum,XLM_USDT_USDT,1H,TimeBased,2023-01-18 16:00:00,2023-01-18 16:00:00,SHORT,0.08507447,0.08254455,72733.891282,177.3055,2.8654,TP,IS
10,S30d_NY_London_Momentum,XLM_USDT_USDT,1H,TimeBased,2023-02-05 13:00:00,2023-02-05 21:00:00,SHORT,0.0913226,0.08983264,121837.089771,169.3926,1.5224,TP,IS
10,S30d_NY_London_Momentum,XLM_USDT_USDT,1H,TimeBased,2023-02-08 16:00:00,2023-02-09 03:00:00,SHORT,0.0909727,0.08926513,108758.386909,174.9309,1.768,TP,IS
10,S30d_NY_London_Momentum,XLM_USDT_USDT,1H,TimeBased,2023-02-14 15:00:00,2023-02-15 19:00:00,LONG,0.08522556,0.08716844,97907.397595,180.9392,2.1684,TP,IS
10,S30d_NY_London_Momentum,XLM_USDT_USDT,1H,TimeBased,2023-02-27 16:00:00,2023-02-27 18:00:00,LONG,0.08852655,0.08750786,122410.099603,-136.5497,-1.2601,SL,IS
10,S30d_NY_London_Momentum,XLM_USDT_USDT,1H,TimeBased,2023-03-08 16:00:00,2023-03-08 18:00:00,LONG,0.0840252,0.08278395,98747.919092,-131.6309,-1.5864,SL,IS
10,S30d_NY_London_Momentum,XLM_USDT_USDT,1H,TimeBased,2023-03-13 16:00:00,2023-03-14 14:00:00,LONG,0.08412523,0.08670605,74044.174973,184.1377,2.9561,TP,IS
10,S30d_NY_London_Momentum,XLM_USDT_USDT,1H,TimeBased,2023-03-14 15:00:00,2023-03-14 20:00:00,LONG,0.08722616,0.08959437,81575.459913,185.2546,2.6035,TP,IS
10,S30d_NY_London_Momentum,XLM_USDT_USDT,1H,TimeBased,2023-03-21 14:00:00,2023-03-21 17:00:00,LONG,0.0913774,0.09465922,60343.303383,191.8611,3.4795,TP,IS
10,S30d_NY_London_Momentum,XLM_USDT_USDT,1H,TimeBased,2023-03-27 15:00:00,2023-03-28 05:00:00,SHORT,0.09172248,0.09329049,80786.77957,-134.8952,-1.8205,SL,IS
10,S30d_NY_London_Momentum,XLM_USDT_USDT,1H,TimeBased,2023-04-12 16:00:00,2023-04-13 09:00:00,LONG,0.10378112,0.10556347,108121.588147,180.2606,1.6065,TP,IS
10,S30d_NY_London_Momentum,XLM_USDT_USDT,1H,TimeBased,2023-05-02 16:00:00,2023-05-03 12:00:00,LONG,0.09292787,0.09211392,134370.838004,-123.0466,-0.9854,SL,IS
10,S30d_NY_London_Momentum,XLM_USDT_USDT,1H,TimeBased,2023-05-10 15:00:00,2023-05-10 17:00:00,LONG,0.0893768,0.08860115,138332.860877,-120.8399,-0.9774,SL,IS
10,S30d_NY_London_Momentum,XLM_USDT_USDT,1H,TimeBased,2023-05-24 15:00:00,2023-05-25 12:00:00,SHORT,0.08622412,0.08687277,141989.370592,-105.618,-0.8627,SL,IS
10,S30d_NY_London_Momentum,XLM_USDT_USDT,1H,TimeBased,2023-05-30 16:00:00,2023-05-30 16:00:00,SHORT,0.08937318,0.09019554,135804.625516,-125.0926,-1.0306,SL,IS
10,S30d_NY_London_Momentum,XLM_USDT_USDT,1H,TimeBased,2023-06-05 16:00:00,2023-06-05 16:00:00,SHORT,0.08822352,0.08684152,135395.93661,174.0813,1.4573,TP,IS
10,S30d_NY_London_Momentum,XLM_USDT_USDT,1H,TimeBased,2023-06-21 16:00:00,2023-06-22 01:00:00,LONG,0.08562568,0.08776408,90947.282534,185.8082,2.386,TP,IS
10,S30d_NY_London_Momentum,XLM_USDT_USDT,1H,TimeBased,2023-07-06 15:00:00,2023-07-07 12:00:00,SHORT,0.09772068,0.09494601,71564.40566,190.9839,2.7309,TP,IS
10,S30d_NY_London_Momentum,XLM_USDT_USDT,1H,TimeBased,2023-07-13 16:00:00,2023-07-13 16:00:00,LONG,0.10788236,0.11154302,55386.606818,196.0675,3.2813,TP,IS
10,S30d_NY_London_Momentum,XLM_USDT_USDT,1H,TimeBased,2023-08-15 16:00:00,2023-08-15 19:00:00,SHORT,0.13301008,0.13066344,85324.729873,187.8529,1.6552,TP,IS
10,S30d_NY_London_Momentum,XLM_USDT_USDT,1H,TimeBased,2023-08-29 15:00:00,2023-08-29 15:00:00,LONG,0.12608782,0.12369909,55055.962897,-139.0774,-2.0035,SL,IS
10,S30d_NY_London_Momentum,XLM_USDT_USDT,1H,TimeBased,2023-08-29 16:00:00,2023-08-30 14:00:00,LONG,0.12378712,0.12123831,50978.180606,-136.8039,-2.1679,SL,IS
10,S30d_NY_London_Momentum,XLM_USDT_USDT,1H,TimeBased,2023-09-03 14:00:00,2023-09-03 15:00:00,LONG,0.11573471,0.11778788,96826.04804,186.3644,1.6631,TP,IS
10,S30d_NY_London_Momentum,XLM_USDT_USDT,1H,TimeBased,2023-09-03 16:00:00,2023-09-03 16:00:00,LONG,0.11763528,0.11992792,88451.203267,191.2295,1.8379,TP,IS
10,S30d_NY_London_Momentum,XLM_USDT_USDT,1H,TimeBased,2023-09-12 16:00:00,2023-09-14 04:00:00,SHORT,0.12411276,0.11911438,42365.219217,206.0899,3.9195,TP,IS
10,S30d_NY_London_Momentum,XLM_USDT_USDT,1H,TimeBased,2023-09-29 13:00:00,2023-09-29 13:00:00,LONG,0.11718514,0.11587774,104152.32939,-149.5204,-1.2251,SL,IS
10,S30d_NY_London_Momentum,XLM_USDT_USDT,1H,TimeBased,2023-09-29 14:00:00,2023-09-29 20:00:00,LONG,0.1160348,0.11459151,93017.888455,-146.0502,-1.3532,SL,IS
10,S30d_NY_London_Momentum,XLM_USDT_USDT,1H,TimeBased,2023-10-16 16:00:00,2023-10-17 13:00:00,SHORT,0.10651804,0.10432613,93564.269479,194.2341,1.9489,TP,IS
10,S30d_NY_London_Momentum,XLM_USDT_USDT,1H,TimeBased,2023-10-30 14:00:00,2023-10-30 17:00:00,LONG,0.11833549,0.11678256,86656.226248,-145.7774,-1.4216,SL,IS
10,S30d_NY_London_Momentum,XLM_USDT_USDT,1H,TimeBased,2023-11-16 15:00:00,2023-11-16 19:00:00,SHORT,0.1206138,0.11757679,68415.363899,198.816,2.4094,TP,IS
10,S30d_NY_London_Momentum,XLM_USDT_USDT,1H,TimeBased,2023-11-26 13:00:00,2023-11-26 13:00:00,LONG,0.12348704,0.12212779,99852.498261,-149.2134,-1.2101,SL,IS
10,S30d_NY_London_Momentum,XLM_USDT_USDT,1H,TimeBased,2023-12-03 13:00:00,2023-12-03 22:00:00,SHORT,0.12116364,0.12240299,107765.691695,-147.9962,-1.1334,SL,IS
10,S30d_NY_London_Momentum,XLM_USDT_USDT,1H,TimeBased,2023-12-08 15:00:00,2023-12-08 16:00:00,LONG,0.1303891,0.13314027,74309.188063,193.6664,1.9988,TP,IS
10,S30d_NY_London_Momentum,XLM_USDT_USDT,1H,TimeBased,2023-12-14 16:00:00,2023-12-14 17:00:00,SHORT,0.12481255,0.12666652,72153.52873,-143.7504,-1.5962,SL,IS
10,S30d_NY_London_Momentum,XLM_USDT_USDT,1H,TimeBased,2023-12-28 15:00:00,2023-12-30 11:00:00,SHORT,0.13137058,0.13435531,44012.466362,-137.7979,-2.3832,SL,IS
10,S30d_NY_London_Momentum,XLM_USDT_USDT,1H,TimeBased,2023-12-30 15:00:00,2023-12-30 20:00:00,LONG,0.13553065,0.13290019,49492.504068,-137.4948,-2.0498,SL,IS
10,S30d_NY_London_Momentum,XLM_USDT_USDT,1H,TimeBased,2024-01-03 13:00:00,2024-01-05 17:00:00,SHORT,0.1216235,0.11446885,29013.088463,203.8113,5.7759,TP,IS
10,S30d_NY_London_Momentum,XLM_USDT_USDT,1H,TimeBased,2024-01-09 13:00:00,2024-01-10 15:00:00,SHORT,0.11492551,0.11772768,46578.820685,-136.482,-2.5496,SL,IS
10,S30d_NY_London_Momentum,XLM_USDT_USDT,1H,TimeBased,2024-01-30 15:00:00,2024-01-30 23:00:00,SHORT,0.11481554,0.1130578,111058.480522,181.2938,1.4218,TP,IS
10,S30d_NY_London_Momentum,XLM_USDT_USDT,1H,TimeBased,2024-02-13 14:00:00,2024-02-14 08:00:00,SHORT,0.11113665,0.11270557,84244.239707,-142.5445,-1.5225,SL,IS
10,S30d_NY_London_Momentum,XLM_USDT_USDT,1H,TimeBased,2024-02-16 16:00:00,2024-02-17 14:00:00,SHORT,0.11498549,0.11246134,80443.303361,192.9881,2.0864,TP,IS
10,S30d_NY_London_Momentum,XLM_USDT_USDT,1H,TimeBased,2024-02-20 16:00:00,2024-02-20 22:00:00,SHORT,0.11591522,0.11832098,54774.070631,-138.83,-2.1866,SL,IS
10,S30d_NY_London_Momentum,XLM_USDT_USDT,1H,TimeBased,2024-02-27 16:00:00,2024-02-27 17:00:00,SHORT,0.11889432,0.12048087,82843.341453,-142.3417,-1.4452,SL,IS
10,S30d_NY_London_Momentum,XLM_USDT_USDT,1H,TimeBased,2024-03-08 16:00:00,2024-03-09 02:00:00,SHORT,0.13940816,0.14231802,44300.886094,-135.7733,-2.1984,SL,IS
10,S30d_NY_London_Momentum,XLM_USDT_USDT,1H,TimeBased,2024-03-10 15:00:00,2024-03-11 00:00:00,SHORT,0.1396181,0.13582633,53098.656908,193.2941,2.6073,TP,IS
10,S30d_NY_London_Momentum,XLM_USDT_USDT,1H,TimeBased,2024-03-11 16:00:00,2024-03-11 16:00:00,LONG,0.15789735,0.153515,29424.520333,-133.9885,-2.8839,SL,IS
10,S30d_NY_London_Momentum,XLM_USDT_USDT,1H,TimeBased,2024-03-14 14:00:00,2024-03-14 19:00:00,SHORT,0.14409676,0.13851916,36694.371301,198.9629,3.7629,TP,IS
10,S30d_NY_London_Momentum,XLM_USDT_USDT,1H,TimeBased,2024-03-26 15:00:00,2024-03-27 08:00:00,SHORT,0.13811855,0.13501265,65625.886874,193.9691,2.14,TP,IS
10,S30d_NY_London_Momentum,XLM_USDT_USDT,1H,TimeBased,2024-03-27 16:00:00,2024-03-28 04:00:00,SHORT,0.13286013,0.13553604,49400.232339,-139.4831,-2.1252,SL,IS
10,S30d_NY_London_Momentum,XLM_USDT_USDT,1H,TimeBased,2024-04-01 16:00:00,2024-04-01 22:00:00,SHORT,0.13281014,0.1355082,48463.651093,-137.9095,-2.1426,SL,IS
10,S30d_NY_London_Momentum,XLM_USDT_USDT,1H,TimeBased,2024-04-12 14:00:00,2024-04-12 17:00:00,SHORT,0.12577226,0.123515,88664.775697,187.9829,1.6857,TP,IS
10,S30d_NY_London_Momentum,XLM_USDT_USDT,1H,TimeBased,2024-04-24 16:00:00,2024-04-25 04:00:00,SHORT,0.11558531,0.11287199,75882.405926,196.3587,2.2388,TP,IS
10,S30d_NY_London_Momentum,XLM_USDT_USDT,1H,TimeBased,2024-05-06 13:00:00,2024-05-06 15:00:00,SHORT,0.10987703,0.11130578,94062.716677,-145.8349,-1.411,SL,IS
10,S30d_NY_London_Momentum,XLM_USDT_USDT,1H,TimeBased,2024-05-10 15:00:00,2024-05-12 21:00:00,SHORT,0.10604818,0.10406179,102890.252401,192.4902,1.7641,TP,IS
10,S30d_NY_London_Momentum,XLM_USDT_USDT,1H,TimeBased,2024-05-15 13:00:00,2024-05-15 19:00:00,LONG,0.10417124,0.1060174,111932.475127,193.705,1.6613,TP,IS
10,S30d_NY_London_Momentum,XLM_USDT_USDT,1H,TimeBased,2024-05-16 16:00:00,2024-05-17 07:00:00,SHORT,0.10616814,0.10745927,106168.881533,-149.5517,-1.3268,SL,IS
10,S30d_NY_London_Momentum,XLM_USDT_USDT,1H,TimeBased,2024-05-17 16:00:00,2024-05-17 18:00:00,LONG,0.10955286,0.10833169,111184.98151,-149.0988,-1.2241,SL,IS
10,S30d_NY_London_Momentum,XLM_USDT_USDT,1H,TimeBased,2024-05-23 14:00:00,2024-05-23 20:00:00,SHORT,0.10842746,0.10539546,69128.758498,201.4692,2.6879,TP,IS
10,S30d_NY_London_Momentum,XLM_USDT_USDT,1H,TimeBased,2024-06-07 14:00:00,2024-06-07 16:00:00,LONG,0.10682204,0.10593743,124210.304661,-124.4122,-0.9377,SL,IS
10,S30d_NY_London_Momentum,XLM_USDT_USDT,1H,TimeBased,2024-06-11 16:00:00,2024-06-12 04:00:00,SHORT,0.0963011,0.09774321,93035.608865,-144.0963,-1.6083,SL,IS
10,S30d_NY_London_Momentum,XLM_USDT_USDT,1H,TimeBased,2024-06-12 14:00:00,2024-06-12 19:00:00,LONG,0.09976992,0.09845083,100809.790994,-143.9677,-1.4314,SL,IS
10,S30d_NY_London_Momentum,XLM_USDT_USDT,1H,TimeBased,2024-07-11 15:00:00,2024-07-11 15:00:00,LONG,0.08976692,0.08872998,127247.289897,-144.4397,-1.2645,SL,IS
10,S30d_NY_London_Momentum,XLM_USDT_USDT,1H,TimeBased,2024-07-16 16:00:00,2024-07-17 13:00:00,LONG,0.1080324,0.11210369,50546.705937,199.6704,3.6565,TP,IS
10,S30d_NY_London_Momentum,XLM_USDT_USDT,1H,TimeBased,2024-08-02 16:00:00,2024-08-03 17:00:00,SHORT,0.09478156,0.09188211,71660.62839,200.4188,2.9508,TP,IS
10,S30d_NY_London_Momentum,XLM_USDT_USDT,1H,TimeBased,2024-08-14 14:00:00,2024-08-15 18:00:00,SHORT,0.09747075,0.09574485,119242.913113,193.1294,1.6617,TP,IS
10,S30d_NY_London_Momentum,XLM_USDT_USDT,1H,TimeBased,2024-08-16 15:00:00,2024-08-16 17:00:00,SHORT,0.09353193,0.0946748,119380.496737,-148.7942,-1.3326,SL,IS
10,S30d_NY_London_Momentum,XLM_USDT_USDT,1H,TimeBased,2024-08-19 14:00:00,2024-08-19 17:00:00,SHORT,0.09353193,0.09465793,119859.777315,-147.3678,-1.3145,SL,IS
10,S30d_NY_London_Momentum,XLM_USDT_USDT,1H,TimeBased,2024-08-30 16:00:00,2024-08-30 18:00:00,SHORT,0.09139257,0.09253789,116400.629714,-145.0911,-1.3639,SL,IS
10,S30d_NY_London_Momentum,XLM_USDT_USDT,1H,TimeBased,2024-09-03 15:00:00,2024-09-04 00:00:00,SHORT,0.09257222,0.0912728,138955.80584,166.511,1.2945,TP,IS
10,S30d_NY_London_Momentum,XLM_USDT_USDT,1H,TimeBased,2024-09-06 15:00:00,2024-09-06 20:00:00,SHORT,0.08849344,0.08686833,126113.683454,192.786,1.7274,TP,IS
10,S30d_NY_London_Momentum,XLM_USDT_USDT,1H,TimeBased,2024-09-11 14:00:00,2024-09-11 15:00:00,SHORT,0.09140257,0.09245267,129333.518362,-148.8918,-1.2595,SL,IS
10,S30d_NY_London_Momentum,XLM_USDT_USDT,1H,TimeBased,2024-09-12 13:00:00,2024-09-13 14:00:00,LONG,0.09409822,0.09589002,114934.843848,193.9307,1.7931,TP,IS
10,S30d_NY_London_Momentum,XLM_USDT_USDT,1H,TimeBased,2024-09-29 16:00:00,2024-09-29 16:00:00,LONG,0.103351,0.10179391,86914.417213,-145.1394,-1.6158,SL,IS
10,S30d_NY_London_Momentum,XLM_USDT_USDT,1H,TimeBased,2024-10-01 15:00:00,2024-10-01 15:00:00,SHORT,0.09690092,0.0945502,89029.075745,199.9079,2.3172,TP,IS
10,S30d_NY_London_Momentum,XLM_USDT_USDT,1H,TimeBased,2024-10-01 16:00:00,2024-10-01 17:00:00,SHORT,0.09628111,0.09360014,79696.942546,205.3417,2.6761,TP,IS
10,S30d_NY_London_Momentum,XLM_USDT_USDT,1H,TimeBased,2024-11-01 16:00:00,2024-11-02 14:00:00,LONG,0.09255776,0.09153802,136333.158119,-152.8281,-1.2111,SL,IS
10,S30d_NY_London_Momentum,XLM_USDT_USDT,1H,TimeBased,2024-11-10 16:00:00,2024-11-10 20:00:00,LONG,0.11114333,0.10889897,60474.569659,-143.0458,-2.1282,SL,IS
10,S30d_NY_London_Momentum,XLM_USDT_USDT,1H,TimeBased,2024-11-16 14:00:00,2024-11-16 14:00:00,LONG,0.17394217,0.1888355,14615.41578,214.7561,8.4475,TP,IS
10,S30d_NY_London_Momentum,XLM_USDT_USDT,1H,TimeBased,2024-11-16 15:00:00,2024-11-16 15:00:00,LONG,0.19782933,0.18646498,11890.966414,-137.6464,-5.8514,SL,IS
10,S30d_NY_London_Momentum,XLM_USDT_USDT,1H,TimeBased,2024-11-16 16:00:00,2024-11-16 19:00:00,LONG,0.17526256,0.19790631,9710.453997,217.888,12.8028,TP,IS
10,S30d_NY_London_Momentum,XLM_USDT_USDT,1H,TimeBased,2024-11-20 15:00:00,2024-11-20 18:00:00,LONG,0.25868758,0.24380088,9131.523697,-138.4619,-5.8615,SL,IS
10,S30d_NY_London_Momentum,XLM_USDT_USDT,1H,TimeBased,2024-12-13 14:00:00,2024-12-14 12:00:00,LONG,0.4391317,0.42524421,9730.141307,-139.753,-3.2707,SL,IS
10,S30d_NY_London_Momentum,XLM_USDT_USDT,1H,TimeBased,2025-01-01 13:00:00,2025-01-01 16:00:00,LONG,0.37323194,0.39265837,11128.158421,211.4928,5.0921,TP,IS
10,S30d_NY_London_Momentum,XLM_USDT_USDT,1H,TimeBased,2025-01-07 16:00:00,2025-01-08 16:00:00,SHORT,0.42990099,0.405248,8931.176988,216.0779,5.6277,TP,IS
10,S30d_NY_London_Momentum,XLM_USDT_USDT,1H,TimeBased,2025-01-16 14:00:00,2025-01-16 22:00:00,LONG,0.4981594,0.48009222,7630.580726,-141.9686,-3.7348,SL,IS
10,S30d_NY_London_Momentum,XLM_USDT_USDT,1H,TimeBased,2025-01-30 16:00:00,2025-01-31 01:00:00,LONG,0.4344603,0.4243258,13524.715117,-143.4544,-2.4414,SL,IS
10,S30d_NY_London_Momentum,XLM_USDT_USDT,1H,TimeBased,2025-02-21 16:00:00,2025-02-21 19:00:00,SHORT,0.33477954,0.3238712,19797.307868,208.784,3.1502,TP,IS
10,S30d_NY_London_Momentum,XLM_USDT_USDT,1H,TimeBased,2025-03-02 16:00:00,2025-03-02 16:00:00,LONG,0.33532057,0.35328147,12362.202768,217.3544,5.2434,TP,IS
10,S30d_NY_London_Momentum,XLM_USDT_USDT,1H,TimeBased,2025-03-13 13:00:00,2025-03-13 15:00:00,LONG,0.28553563,0.27703736,16419.324909,-144.6163,-3.0846,SL,IS
10,S30d_NY_London_Momentum,XLM_USDT_USDT,1H,TimeBased,2025-03-19 14:00:00,2025-03-19 17:00:00,LONG,0.29318793,0.28591372,19020.169618,-144.4147,-2.5897,SL,IS
10,S30d_NY_London_Momentum,XLM_USDT_USDT,1H,TimeBased,2025-04-07 15:00:00,2025-04-09 01:00:00,LONG,0.23012902,0.21832943,11528.871187,-138.8796,-5.2346,SL,IS
10,S30d_NY_London_Momentum,XLM_USDT_USDT,1H,TimeBased,2025-04-12 15:00:00,2025-04-12 19:00:00,LONG,0.24709411,0.24290079,32494.665087,-145.0176,-1.8061,SL,IS
10,S30d_NY_London_Momentum,XLM_USDT_USDT,1H,TimeBased,2025-04-24 16:00:00,2025-04-25 12:00:00,LONG,0.27633287,0.28633736,21406.956092,207.5409,3.5085,TP,IS
10,S30d_NY_London_Momentum,XLM_USDT_USDT,1H,TimeBased,2025-04-30 14:00:00,2025-04-30 14:00:00,SHORT,0.26742975,0.2721879,28764.307933,-145.402,-1.8902,SL,IS
10,S30d_NY_London_Momentum,XLM_USDT_USDT,1H,TimeBased,2025-04-30 15:00:00,2025-05-01 10:00:00,SHORT,0.27134857,0.27650304,26237.202046,-143.1445,-2.0106,SL,IS
10,S30d_NY_London_Momentum,XLM_USDT_USDT,1H,TimeBased,2025-05-08 16:00:00,2025-05-08 20:00:00,LONG,0.28013402,0.28705879,30323.030272,200.5208,2.3606,TP,IS
10,S30d_NY_London_Momentum,XLM_USDT_USDT,1H,TimeBased,2025-05-12 14:00:00,2025-05-12 14:00:00,LONG,0.32862856,0.31945577,14722.688874,-140.296,-2.8997,SL,IS
10,S30d_NY_London_Momentum,XLM_USDT_USDT,1H,TimeBased,2025-05-12 16:00:00,2025-05-12 18:00:00,LONG,0.32293685,0.31253968,12834.024116,-137.9231,-3.3278,SL,IS
10,S30d_NY_London_Momentum,XLM_USDT_USDT,1H,TimeBased,2025-05-23 13:00:00,2025-05-25 08:00:00,SHORT,0.28963308,0.2795626,20998.332092,204.8898,3.3689,TP,IS
10,S30d_NY_London_Momentum,XLM_USDT_USDT,1H,TimeBased,2025-06-08 14:00:00,2025-06-08 22:00:00,LONG,0.27066117,0.26780382,47858.774627,-150.9233,-1.1651,SL,IS
10,S30d_NY_London_Momentum,XLM_USDT_USDT,1H,TimeBased,2025-06-10 13:00:00,2025-06-10 13:00:00,LONG,0.27952383,0.27616453,40102.920723,-146.9743,-1.3111,SL,IS
10,S30d_NY_London_Momentum,XLM_USDT_USDT,1H,TimeBased,2025-06-16 15:00:00,2025-06-16 16:00:00,LONG,0.26569969,0.26976356,48898.998524,184.3185,1.4187,TP,IS
10,S30d_NY_London_Momentum,XLM_USDT_USDT,1H,TimeBased,2025-06-22 14:00:00,2025-06-22 20:00:00,SHORT,0.22550233,0.2182691,29363.355058,205.225,3.0994,TP,IS
10,S30d_NY_London_Momentum,XLM_USDT_USDT,1H,TimeBased,2025-07-03 16:00:00,2025-07-03 21:00:00,SHORT,0.24083773,0.24454559,36819.155623,-146.3496,-1.6504,SL,IS
10,S30d_NY_London_Momentum,XLM_USDT_USDT,1H,TimeBased,2025-07-07 14:00:00,2025-07-07 14:00:00,LONG,0.2570771,0.25324272,35216.347309,-144.9171,-1.6007,SL,IS
10,S30d_NY_London_Momentum,XLM_USDT_USDT,1H,TimeBased,2025-07-07 16:00:00,2025-07-07 17:00:00,LONG,0.25350603,0.24907346,30039.607728,-141.4561,-1.8575,SL,IS
10,S30d_NY_London_Momentum,XLM_USDT_USDT,1H,TimeBased,2025-07-09 13:00:00,2025-07-09 15:00:00,LONG,0.28592575,0.29518161,22544.526442,201.4634,3.1254,TP,IS
10,S30d_NY_London_Momentum,XLM_USDT_USDT,1H,TimeBased,2025-07-09 16:00:00,2025-07-09 17:00:00,LONG,0.29524855,0.28796852,18281.11542,-138.9511,-2.5744,SL,IS
10,S30d_NY_London_Momentum,XLM_USDT_USDT,1H,TimeBased,2025-07-11 13:00:00,2025-07-11 13:00:00,LONG,0.33002898,0.34354961,15615.502611,205.3465,3.9845,TP,IS
10,S30d_NY_London_Momentum,XLM_USDT_USDT,1H,TimeBased,2025-07-11 14:00:00,2025-07-11 15:00:00,LONG,0.34482342,0.36106131,13252.629703,210.0496,4.5965,TP,IS
10,S30d_NY_London_Momentum,XLM_USDT_USDT,1H,TimeBased,2025-07-11 16:00:00,2025-07-11 22:00:00,LONG,0.36766026,0.35220946,8750.13207,-138.661,-4.3102,SL,IS
10,S30d_NY_London_Momentum,XLM_USDT_USDT,1H,TimeBased,2025-07-13 16:00:00,2025-07-14 01:00:00,LONG,0.46289883,0.50664305,5003.229424,216.1944,9.3349,TP,IS
10,S30d_NY_London_Momentum,XLM_USDT_USDT,1H,TimeBased,2025-07-23 14:00:00,2025-07-23 20:00:00,SHORT,0.43372984,0.41376005,11011.147051,214.7578,4.4967,TP,IS
10,S30d_NY_London_Momentum,XLM_USDT_USDT,1H,TimeBased,2025-08-14 13:00:00,2025-08-19 04:00:00,SHORT,0.42299306,0.40196372,10640.991652,218.945,4.8643,TP,IS
10,S30d_NY_London_Momentum,XLM_USDT_USDT,1H,TimeBased,2025-08-22 15:00:00,2025-08-22 17:00:00,LONG,0.41137338,0.42573187,15680.255781,217.9255,3.3785,TP,IS
10,S30d_NY_London_Momentum,XLM_USDT_USDT,1H,TimeBased,2025-09-04 16:00:00,2025-09-05 06:00:00,SHORT,0.35418371,0.35881409,31300.212929,-157.206,-1.4181,SL,IS
10,S30d_NY_London_Momentum,XLM_USDT_USDT,1H,TimeBased,2025-09-05 15:00:00,2025-09-07 14:00:00,SHORT,0.35870236,0.36423756,25800.246022,-153.0683,-1.654,SL,IS
10,S30d_NY_London_Momentum,XLM_USDT_USDT,1H,TimeBased,2025-09-07 15:00:00,2025-09-07 17:00:00,LONG,0.36154843,0.35808081,38296.570264,-147.9555,-1.0686,SL,IS
10,S30d_NY_London_Momentum,XLM_USDT_USDT,1H,TimeBased,2025-09-08 14:00:00,2025-09-09 02:00:00,LONG,0.3774532,0.37229116,27123.218329,-151.1958,-1.4768,SL,IS
10,S30d_NY_London_Momentum,XLM_USDT_USDT,1H,TimeBased,2025-09-11 15:00:00,2025-09-11 21:00:00,SHORT,0.38644403,0.39283005,21612.108683,-147.2783,-1.7634,SL,IS
10,S30d_NY_London_Momentum,XLM_USDT_USDT,1H,TimeBased,2025-09-29 15:00:00,2025-09-29 16:00:00,LONG,0.3757927,0.37067146,26745.704415,-147.952,-1.472,SL,IS
10,S30d_NY_London_Momentum,XLM_USDT_USDT,1H,TimeBased,2025-10-07 15:00:00,2025-10-08 03:00:00,SHORT,0.39025289,0.38010923,20895.209572,203.1006,2.4907,TP,IS
10,S30d_NY_London_Momentum,XLM_USDT_USDT,1H,TimeBased,2025-10-10 16:00:00,2025-10-10 19:00:00,SHORT,0.36792959,0.35717064,20092.8701,208.1649,2.8158,TP,IS
10,S30d_NY_London_Momentum,XLM_USDT_USDT,1H,TimeBased,2025-10-21 15:00:00,2025-10-21 21:00:00,LONG,0.32717812,0.32125188,23436.235275,-147.2471,-1.9203,SL,IS
10,S30d_NY_London_Momentum,XLM_USDT_USDT,1H,TimeBased,2025-10-24 14:00:00,2025-10-24 14:00:00,LONG,0.32169648,0.31693761,28980.273758,-148.0926,-1.5885,SL,IS
10,S30d_NY_London_Momentum,XLM_USDT_USDT,1H,TimeBased,2025-11-03 16:00:00,2025-11-04 07:00:00,SHORT,0.27982603,0.26823447,18728.537499,211.4476,4.0347,TP,IS
10,S30d_NY_London_Momentum,XLM_USDT_USDT,1H,TimeBased,2025-11-17 15:00:00,2025-11-17 17:00:00,SHORT,0.25682293,0.24818923,25389.977935,212.1573,3.2536,TP,IS
10,S30d_NY_London_Momentum,XLM_USDT_USDT,1H,TimeBased,2025-12-02 16:00:00,2025-12-03 05:00:00,LONG,0.2510753,0.25906478,27800.305681,214.3099,3.0704,TP,IS
10,S30d_NY_London_Momentum,XLM_USDT_USDT,1H,TimeBased,2025-12-07 15:00:00,2025-12-07 15:00:00,SHORT,0.23171047,0.23504923,42852.950061,-154.0772,-1.5517,SL,IS
10,S30d_NY_London_Momentum,XLM_USDT_USDT,1H,TimeBased,2025-12-07 16:00:00,2025-12-07 17:00:00,SHORT,0.23747874,0.24129334,37013.794115,-150.9397,-1.7172,SL,IS
10,S30d_NY_London_Momentum,XLM_USDT_USDT,1H,TimeBased,2025-12-09 16:00:00,2025-12-09 16:00:00,LONG,0.24955484,0.25557656,36256.262121,208.2521,2.3017,TP,IS
10,S30d_NY_London_Momentum,XLM_USDT_USDT,1H,TimeBased,2025-12-12 16:00:00,2025-12-13 05:00:00,SHORT,0.23606916,0.24045072,32275.031351,-149.8739,-1.9671,SL,IS
10,S30d_NY_London_Momentum,XLM_USDT_USDT,1H,TimeBased,2025-12-14 15:00:00,2025-12-14 23:00:00,SHORT,0.23117063,0.22734975,56286.564795,200.8696,1.5437,TP,IS
10,S30d_NY_London_Momentum,XLM_USDT_USDT,1H,TimeBased,2025-12-15 15:00:00,2025-12-15 16:00:00,SHORT,0.22553232,0.22021352,41805.784174,212.1073,2.2496,TP,IS
10,S30d_NY_London_Momentum,XLM_USDT_USDT,1H,TimeBased,2025-12-17 15:00:00,2025-12-17 15:00:00,LONG,0.2227468,0.21916466,40302.431876,-154.1648,-1.7173,SL,IS
10,S30d_NY_London_Momentum,XLM_USDT_USDT,1H,TimeBased,2025-12-18 16:00:00,2025-12-18 17:00:00,LONG,0.21628487,0.21202235,33384.305849,-150.1654,-2.0797,SL,IS
10,S30d_NY_London_Momentum,XLM_USDT_USDT,1H,TimeBased,2025-12-21 16:00:00,2025-12-21 23:00:00,SHORT,0.21415573,0.21684762,52791.39163,-154.6229,-1.3677,SL,IS
10,S30d_NY_London_Momentum,XLM_USDT_USDT,1H,TimeBased,2025-12-22 16:00:00,2025-12-22 19:00:00,LONG,0.22426726,0.22100516,42909.468815,-150.4834,-1.5638,SL,IS
10,S30d_NY_London_Momentum,XLM_USDT_USDT,1H,TimeBased,2026-01-11 16:00:00,2026-01-11 16:00:00,SHORT,0.22512244,0.22764218,55323.822756,-153.1781,-1.2299,SL,OOS
10,S30d_NY_London_Momentum,XLM_USDT_USDT,1H,TimeBased,2026-01-29 16:00:00,2026-01-29 17:00:00,SHORT,0.19739076,0.20049434,44059.449647,-146.3836,-1.6832,SL,OOS
10,S30d_NY_London_Momentum,XLM_USDT_USDT,1H,TimeBased,2026-02-11 16:00:00,2026-02-11 18:00:00,SHORT,0.1512746,0.15412641,47273.202339,-142.7543,-1.9962,SL,OOS
10,S30d_NY_London_Momentum,XLM_USDT_USDT,1H,TimeBased,2026-02-16 16:00:00,2026-02-19 00:00:00,SHORT,0.16684993,0.16062733,34144.055405,206.315,3.6215,TP,OOS
10,S30d_NY_London_Momentum,XLM_USDT_USDT,1H,TimeBased,2026-02-20 16:00:00,2026-02-20 17:00:00,LONG,0.16365908,0.16103257,51689.084352,-144.9927,-1.714,SL,OOS
10,S30d_NY_London_Momentum,XLM_USDT_USDT,1H,TimeBased,2026-03-10 15:00:00,2026-03-10 17:00:00,LONG,0.1670501,0.16353853,38069.193317,-140.6045,-2.2109,SL,OOS
10,S30d_NY_London_Momentum,XLM_USDT_USDT,1H,TimeBased,2026-03-23 14:00:00,2026-03-24 21:00:00,LONG,0.16560967,0.17052714,42607.977557,201.6462,2.8577,TP,OOS
10,S30d_NY_London_Momentum,XLM_USDT_USDT,1H,TimeBased,2026-04-16 16:00:00,2026-04-16 20:00:00,LONG,0.1643993,0.16846866,51914.252716,201.7533,2.3639,TP,OOS
10,S30d_NY_London_Momentum,XLM_USDT_USDT,1H,TimeBased,2026-05-13 13:00:00,2026-05-13 15:00:00,SHORT,0.16123162,0.1579509,64814.424814,201.2593,1.9259,TP,OOS
10,S30d_NY_London_Momentum,XLM_USDT_USDT,1H,TimeBased,2026-05-13 16:00:00,2026-05-14 12:00:00,SHORT,0.15790262,0.16037243,56346.390266,-149.0285,-1.675,SL,OOS
10,S30d_NY_London_Momentum,XLM_USDT_USDT,1H,TimeBased,2026-05-14 15:00:00,2026-05-14 18:00:00,LONG,0.16400919,0.16763442,59090.756123,203.4392,2.0992,TP,OOS
10,S30d_NY_London_Momentum,XLM_USDT_USDT,1H,TimeBased,2026-05-20 16:00:00,2026-05-21 04:00:00,LONG,0.14396318,0.14702027,70990.871209,205.6645,2.0124,TP,OOS
10,S30d_NY_London_Momentum,XLM_USDT_USDT,1H,TimeBased,2026-05-27 13:00:00,2026-05-27 13:00:00,LONG,0.15078522,0.14867901,67450.66141,-153.1745,-1.5061,SL,OOS
10,S30d_NY_London_Momentum,XLM_USDT_USDT,1H,TimeBased,2026-05-27 14:00:00,2026-05-27 14:00:00,LONG,0.15140541,0.1550394,60291.992515,208.9388,2.2889,TP,OOS
10,S30d_NY_London_Momentum,XLM_USDT_USDT,1H,TimeBased,2026-05-27 15:00:00,2026-05-27 18:00:00,LONG,0.16030808,0.16535945,44497.923985,216.8053,3.0393,TP,OOS
10,S30d_NY_London_Momentum,XLM_USDT_USDT,1H,TimeBased,2026-05-28 14:00:00,2026-05-28 18:00:00,LONG,0.19764928,0.21270598,15466.210725,229.3795,7.5037,TP,OOS
10,S30d_NY_London_Momentum,XLM_USDT_USDT,1H,TimeBased,2026-06-15 13:00:00,2026-06-15 13:00:00,LONG,0.20353104,0.21190271,27927.92282,227.422,4.001,TP,OOS
10,S30d_NY_London_Momentum,XLM_USDT_USDT,1H,TimeBased,2026-06-15 14:00:00,2026-06-15 15:00:00,LONG,0.21435429,0.22420499,24175.376041,232.3133,4.483,TP,OOS
10,S30d_NY_London_Momentum,XLM_USDT_USDT,1H,TimeBased,2026-06-15 16:00:00,2026-06-15 22:00:00,LONG,0.22460736,0.21673158,19034.354235,-154.5308,-3.6145,SL,OOS
10,S30d_NY_London_Momentum,XLM_USDT_USDT,1H,TimeBased,2026-06-25 14:00:00,2026-06-25 14:00:00,SHORT,0.17447764,0.17855981,36520.499372,-156.1741,-2.4509,SL,OOS
10,S30d_NY_London_Momentum,XLM_USDT_USDT,1H,TimeBased,2026-06-25 15:00:00,2026-06-28 16:00:00,SHORT,0.1769569,0.16995724,33732.054346,229.6767,3.8477,TP,OOS
10,S30d_NY_London_Momentum,XLM_USDT_USDT,1H,TimeBased,2026-07-14 14:00:00,2026-07-15 02:00:00,LONG,0.18497548,0.18224526,55264.778887,-162.0465,-1.5852,SL,OOS
10,S30d_NY_London_Momentum,XLM_USDT_USDT,1H,TimeBased,2026-07-15 13:00:00,2026-07-15 15:00:00,LONG,0.18920674,0.18626987,50761.111048,-159.5619,-1.6614,SL,OOS
10,S30d_NY_London_Momentum,XLM_USDT_USDT,1H,TimeBased,2026-07-19 14:00:00,2026-07-19 17:00:00,LONG,0.1910573,0.18866431,61910.603922,-161.0811,-1.3618,SL,OOS
10,S30d_NY_London_Momentum,XLM_USDT_USDT,1H,TimeBased,2026-07-24 15:00:00,2026-07-26 21:00:00,SHORT,0.17791661,0.18042048,58387.358221,-157.7019,-1.5181,SL,OOS
10,S30d_NY_London_Momentum,XLM_USDT_USDT,1H,TimeBased,2026-07-27 15:00:00,2026-07-27 22:00:00,SHORT,0.17616713,0.17218922,56530.849377,214.0439,2.1493,TP,OOS
10,S30d_NY_London_Momentum,XLM_USDT_USDT,1H,TimeBased,2026-07-31 15:00:00,2026-08-01 18:00:00,LONG,0.1720516,0.16978337,64763.535481,-159.0746,-1.4276,SL,OOS
10,S30d_NY_London_Momentum,XLM_USDT_USDT,1H,TimeBased,2026-08-19 15:00:00,2026-08-19 15:00:00,LONG,0.16124836,0.16436828,71760.230452,211.0347,1.8238,TP,OOS
10,S30d_NY_London_Momentum,XLM_USDT_USDT,1H,TimeBased,2026-08-19 16:00:00,2026-08-19 20:00:00,LONG,0.1640492,0.16827656,54478.072516,220.3411,2.4655,TP,OOS
11,R13_ATR_Range_Expansion,ETH_USDT_USDT,4H,RegimeAdaptive,2022-07-19 04:00:00,2022-07-24 20:00:00,SHORT,1515.44523,1651.30604732,0.73874,-101.6525,-9.08,SL,IS
11,R13_ATR_Range_Expansion,ETH_USDT_USDT,4H,RegimeAdaptive,2022-07-25 04:00:00,2022-07-27 20:00:00,SHORT,1511.14652,1628.91376391,0.844002,-100.8534,-7.9075,SL,IS
11,R13_ATR_Range_Expansion,ETH_USDT_USDT,4H,RegimeAdaptive,2022-08-30 16:00:00,2022-08-31 00:00:00,SHORT,1523.34286,1610.52811095,1.130016,-100.4685,-5.8364,SL,IS
11,R13_ATR_Range_Expansion,ETH_USDT_USDT,4H,RegimeAdaptive,2022-09-02 20:00:00,2022-09-06 00:00:00,SHORT,1560.33176,1666.60954343,0.916734,-99.0555,-6.925,SL,IS
11,R13_ATR_Range_Expansion,ETH_USDT_USDT,4H,RegimeAdaptive,2022-09-06 20:00:00,2022-09-08 20:00:00,SHORT,1575.377245,1662.08667966,1.113312,-98.517,-5.6171,SL,IS
11,R13_ATR_Range_Expansion,ETH_USDT_USDT,4H,RegimeAdaptive,2022-09-12 04:00:00,2022-09-13 12:00:00,SHORT,1725.432215,1607.52642843,1.190583,138.1941,6.7272,TP,IS
11,R13_ATR_Range_Expansion,ETH_USDT_USDT,4H,RegimeAdaptive,2022-09-13 16:00:00,2022-09-16 08:00:00,SHORT,1592.22219,1441.77029498,0.950591,141.4319,9.3444,TP,IS
11,R13_ATR_Range_Expansion,ETH_USDT_USDT,4H,RegimeAdaptive,2022-09-21 20:00:00,2022-10-13 12:00:00,SHORT,1321.853325,1185.13184372,1.062415,143.7901,10.2389,TP,IS
11,R13_ATR_Range_Expansion,ETH_USDT_USDT,4H,RegimeAdaptive,2022-11-20 12:00:00,2022-11-21 16:00:00,SHORT,1167.299705,1096.69037004,2.072619,143.7655,5.9423,TP,IS
11,R13_ATR_Range_Expansion,ETH_USDT_USDT,4H,RegimeAdaptive,2022-11-21 20:00:00,2022-11-23 00:00:00,SHORT,1090.722685,1149.64039161,1.71865,-103.3766,-5.5147,SL,IS
11,R13_ATR_Range_Expansion,ETH_USDT_USDT,4H,RegimeAdaptive,2022-11-28 04:00:00,2022-11-29 08:00:00,SHORT,1172.198235,1215.62150139,2.313879,-103.515,-3.8165,SL,IS
11,R13_ATR_Range_Expansion,ETH_USDT_USDT,4H,RegimeAdaptive,2022-12-07 08:00:00,2022-12-08 16:00:00,SHORT,1223.482845,1266.2850842,2.32418,-102.6628,-3.6103,SL,IS
11,R13_ATR_Range_Expansion,ETH_USDT_USDT,4H,RegimeAdaptive,2022-12-14 20:00:00,2022-12-16 08:00:00,SHORT,1306.457945,1248.1654368,2.453707,139.5852,4.3543,TP,IS
11,R13_ATR_Range_Expansion,ETH_USDT_USDT,4H,RegimeAdaptive,2022-12-16 12:00:00,2023-01-04 08:00:00,SHORT,1211.986295,1257.96568013,2.170221,-102.7336,-3.9058,SL,IS
11,R13_ATR_Range_Expansion,ETH_USDT_USDT,4H,RegimeAdaptive,2023-01-21 00:00:00,2023-01-23 12:00:00,LONG,1658.967541,1592.52290514,1.484677,-101.3039,-4.113,SL,IS
11,R13_ATR_Range_Expansion,ETH_USDT_USDT,4H,RegimeAdaptive,2023-01-26 00:00:00,2023-01-30 16:00:00,LONG,1611.923432,1541.81052959,1.391615,-99.984,-4.4572,SL,IS
11,R13_ATR_Range_Expansion,ETH_USDT_USDT,4H,RegimeAdaptive,2023-02-01 20:00:00,2023-02-02 16:00:00,LONG,1618.065274,1706.96725447,1.587706,138.2466,5.3813,TP,IS
11,R13_ATR_Range_Expansion,ETH_USDT_USDT,4H,RegimeAdaptive,2023-02-07 20:00:00,2023-02-09 16:00:00,LONG,1656.566821,1601.90117884,1.795867,-101.3907,-3.4081,SL,IS
11,R13_ATR_Range_Expansion,ETH_USDT_USDT,4H,RegimeAdaptive,2023-02-14 16:00:00,2023-02-15 16:00:00,LONG,1544.373173,1628.53798502,1.683254,138.7333,5.3368,TP,IS
11,R13_ATR_Range_Expansion,ETH_USDT_USDT,4H,RegimeAdaptive,2023-02-15 20:00:00,2023-02-16 00:00:00,LONG,1628.668454,1712.48867881,1.712618,140.4049,5.0337,TP,IS
11,R13_ATR_Range_Expansion,ETH_USDT_USDT,4H,RegimeAdaptive,2023-02-16 16:00:00,2023-02-16 20:00:00,LONG,1725.647539,1659.67894643,1.51345,-102.6581,-3.9307,SL,IS
11,R13_ATR_Range_Expansion,ETH_USDT_USDT,4H,RegimeAdaptive,2023-03-01 04:00:00,2023-03-03 00:00:00,LONG,1638.641445,1587.82330318,1.947886,-102.4446,-3.2095,SL,IS
11,R13_ATR_Range_Expansion,ETH_USDT_USDT,4H,RegimeAdaptive,2023-03-21 16:00:00,2023-03-22 16:00:00,LONG,1812.333537,1723.68186534,1.100993,-99.7461,-4.9989,SL,IS
11,R13_ATR_Range_Expansion,ETH_USDT_USDT,4H,RegimeAdaptive,2023-03-28 20:00:00,2023-04-04 12:00:00,LONG,1785.795578,1890.6561765,1.349265,138.7564,5.7587,TP,IS
11,R13_ATR_Range_Expansion,ETH_USDT_USDT,4H,RegimeAdaptive,2023-04-05 04:00:00,2023-04-07 04:00:00,LONG,1912.413552,1846.53508824,1.491411,-101.3353,-3.5529,SL,IS
11,R13_ATR_Range_Expansion,ETH_USDT_USDT,4H,RegimeAdaptive,2023-04-10 20:00:00,2023-04-13 08:00:00,LONG,1889.286616,1954.33052594,2.156969,135.7379,3.3309,TP,IS
11,R13_ATR_Range_Expansion,ETH_USDT_USDT,4H,RegimeAdaptive,2023-04-13 12:00:00,2023-04-14 00:00:00,LONG,1984.905293,2071.33914667,1.656293,139.4647,4.2422,TP,IS
11,R13_ATR_Range_Expansion,ETH_USDT_USDT,4H,RegimeAdaptive,2023-04-14 04:00:00,2023-04-19 08:00:00,LONG,2110.002811,2037.20484251,1.373719,-103.1374,-3.5582,SL,IS
11,R13_ATR_Range_Expansion,ETH_USDT_USDT,4H,RegimeAdaptive,2023-04-26 12:00:00,2023-04-26 16:00:00,LONG,1913.463867,1847.22841586,1.494079,-102.0513,-3.5696,SL,IS
11,R13_ATR_Range_Expansion,ETH_USDT_USDT,4H,RegimeAdaptive,2023-04-27 00:00:00,2023-05-05 16:00:00,LONG,1865.769563,2002.8374051,1.047463,141.3448,7.2324,TP,IS
11,R13_ATR_Range_Expansion,ETH_USDT_USDT,4H,RegimeAdaptive,2023-06-30 20:00:00,2023-07-06 20:00:00,LONG,1926.767857,1854.17803687,1.367778,-102.1311,-3.8754,SL,IS
11,R13_ATR_Range_Expansion,ETH_USDT_USDT,4H,RegimeAdaptive,2023-07-10 20:00:00,2023-07-11 08:00:00,LONG,1899.449664,1862.01000089,2.643764,-104.4511,-2.08,SL,IS
11,R13_ATR_Range_Expansion,ETH_USDT_USDT,4H,RegimeAdaptive,2023-07-13 16:00:00,2023-07-13 16:00:00,LONG,1932.989723,1991.912222,2.373148,134.7089,2.9366,TP,IS
11,R13_ATR_Range_Expansion,ETH_USDT_USDT,4H,RegimeAdaptive,2023-07-13 20:00:00,2023-07-14 16:00:00,LONG,1996.488767,1946.071257,1.962674,-103.209,-2.6339,SL,IS
11,R13_ATR_Range_Expansion,ETH_USDT_USDT,4H,RegimeAdaptive,2023-07-23 20:00:00,2023-07-24 08:00:00,LONG,1888.916505,1856.49062032,3.036668,-104.7221,-1.8257,SL,IS
11,R13_ATR_Range_Expansion,ETH_USDT_USDT,4H,RegimeAdaptive,2023-07-26 20:00:00,2023-08-01 00:00:00,LONG,1872.751657,1841.18066528,3.08615,-103.7368,-1.7949,SL,IS
11,R13_ATR_Range_Expansion,ETH_USDT_USDT,4H,RegimeAdaptive,2023-08-25 16:00:00,2023-08-29 12:00:00,SHORT,1644.80641,1689.13685716,2.160702,-99.7469,-2.8067,SL,IS
11,R13_ATR_Range_Expansion,ETH_USDT_USDT,4H,RegimeAdaptive,2023-08-31 16:00:00,2023-08-31 20:00:00,SHORT,1687.713534,1633.10308352,2.493316,131.6072,3.1275,TP,IS
11,R13_ATR_Range_Expansion,ETH_USDT_USDT,4H,RegimeAdaptive,2023-09-08 12:00:00,2023-09-11 08:00:00,SHORT,1624.342551,1577.55602567,2.939736,132.363,2.7719,TP,IS
11,R13_ATR_Range_Expansion,ETH_USDT_USDT,4H,RegimeAdaptive,2023-09-11 12:00:00,2023-09-11 16:00:00,SHORT,1585.244284,1542.62498224,3.263942,133.4919,2.58,TP,IS
11,R13_ATR_Range_Expansion,ETH_USDT_USDT,4H,RegimeAdaptive,2023-09-11 20:00:00,2023-09-12 00:00:00,SHORT,1538.048447,1575.86352078,2.615453,-103.3829,-2.57,SL,IS
11,R13_ATR_Range_Expansion,ETH_USDT_USDT,4H,RegimeAdaptive,2023-10-23 00:00:00,2023-10-23 20:00:00,LONG,1663.59893,1718.43864565,2.560838,135.6722,3.1846,TP,IS
11,R13_ATR_Range_Expansion,ETH_USDT_USDT,4H,RegimeAdaptive,2023-10-30 12:00:00,2023-11-05 00:00:00,LONG,1816.604818,1889.442648,1.965917,139.186,3.8974,TP,IS
11,R13_ATR_Range_Expansion,ETH_USDT_USDT,4H,RegimeAdaptive,2023-11-05 04:00:00,2023-11-09 12:00:00,LONG,1890.567,1966.68415858,1.908142,141.1942,3.9139,TP,IS
11,R13_ATR_Range_Expansion,ETH_USDT_USDT,4H,RegimeAdaptive,2023-11-09 16:00:00,2023-11-14 16:00:00,LONG,2040.341919,1970.77770501,1.46136,-104.8823,-3.5176,SL,IS
11,R13_ATR_Range_Expansion,ETH_USDT_USDT,4H,RegimeAdaptive,2023-11-20 16:00:00,2023-11-21 12:00:00,LONG,2044.433146,1977.41516596,1.501632,-103.958,-3.3863,SL,IS
11,R13_ATR_Range_Expansion,ETH_USDT_USDT,4H,RegimeAdaptive,2023-12-01 04:00:00,2023-12-02 16:00:00,LONG,2093.72793,2173.90956477,1.796744,139.8486,3.7175,TP,IS
11,R13_ATR_Range_Expansion,ETH_USDT_USDT,4H,RegimeAdaptive,2023-12-02 20:00:00,2023-12-04 04:00:00,LONG,2161.068126,2245.48630983,1.73166,141.9867,3.7942,TP,IS
11,R13_ATR_Range_Expansion,ETH_USDT_USDT,4H,RegimeAdaptive,2023-12-04 08:00:00,2023-12-05 04:00:00,LONG,2249.084523,2187.92215956,1.677923,-106.7205,-2.8279,SL,IS
11,R13_ATR_Range_Expansion,ETH_USDT_USDT,4H,RegimeAdaptive,2023-12-05 20:00:00,2023-12-08 00:00:00,LONG,2274.532155,2387.43371163,1.306633,144.1706,4.851,TP,IS
11,R13_ATR_Range_Expansion,ETH_USDT_USDT,4H,RegimeAdaptive,2023-12-27 12:00:00,2023-12-27 20:00:00,LONG,2289.206556,2388.01677546,1.50971,145.291,4.204,TP,IS
11,R13_ATR_Range_Expansion,ETH_USDT_USDT,4H,RegimeAdaptive,2023-12-28 04:00:00,2023-12-28 20:00:00,LONG,2417.084908,2334.18900372,1.257387,-107.5181,-3.5377,SL,IS
11,R13_ATR_Range_Expansion,ETH_USDT_USDT,4H,RegimeAdaptive,2024-02-12 16:00:00,2024-02-12 20:00:00,LONG,2558.917445,2656.62059748,1.527744,144.883,3.706,TP,IS
11,R13_ATR_Range_Expansion,ETH_USDT_USDT,4H,RegimeAdaptive,2024-02-14 12:00:00,2024-02-18 20:00:00,LONG,2759.337553,2897.8443828,1.099985,148.9329,4.9068,TP,IS
11,R13_ATR_Range_Expansion,ETH_USDT_USDT,4H,RegimeAdaptive,2024-02-20 20:00:00,2024-02-21 12:00:00,LONG,2989.416556,2874.68632666,0.924007,-108.9917,-3.9458,SL,IS
11,R13_ATR_Range_Expansion,ETH_USDT_USDT,4H,RegimeAdaptive,2024-02-26 16:00:00,2024-02-28 08:00:00,LONG,3150.314811,3309.28835076,0.962164,149.5403,4.9335,TP,IS
11,R13_ATR_Range_Expansion,ETH_USDT_USDT,4H,RegimeAdaptive,2024-03-04 16:00:00,2024-03-05 12:00:00,LONG,3564.939161,3758.40500798,0.803126,152.1426,5.3139,TP,IS
11,R13_ATR_Range_Expansion,ETH_USDT_USDT,4H,RegimeAdaptive,2024-03-06 00:00:00,2024-03-07 20:00:00,LONG,3556.386596,3925.79822269,0.430568,157.2848,10.2716,TP,IS
11,R13_ATR_Range_Expansion,ETH_USDT_USDT,4H,RegimeAdaptive,2024-03-11 08:00:00,2024-03-14 12:00:00,LONG,4012.913513,3828.13646776,0.592034,-111.9475,-4.712,SL,IS
11,R13_ATR_Range_Expansion,ETH_USDT_USDT,4H,RegimeAdaptive,2024-03-25 16:00:00,2024-04-01 16:00:00,LONG,3586.145521,3415.44581083,0.634123,-110.6866,-4.8674,SL,IS
11,R13_ATR_Range_Expansion,ETH_USDT_USDT,4H,RegimeAdaptive,2024-07-04 04:00:00,2024-07-04 20:00:00,SHORT,3240.737487,3076.99630579,0.955933,153.2039,4.9454,TP,IS
11,R13_ATR_Range_Expansion,ETH_USDT_USDT,4H,RegimeAdaptive,2024-07-05 00:00:00,2024-07-05 00:00:00,SHORT,3057.722408,2872.40134613,0.859682,156.5133,5.9541,TP,IS
11,R13_ATR_Range_Expansion,ETH_USDT_USDT,4H,RegimeAdaptive,2024-07-05 04:00:00,2024-07-06 20:00:00,SHORT,2919.233967,3071.4664734,0.724236,-112.6385,-5.3277,SL,IS
11,R13_ATR_Range_Expansion,ETH_USDT_USDT,4H,RegimeAdaptive,2024-07-08 04:00:00,2024-07-08 08:00:00,SHORT,2877.206579,3011.74371888,0.811611,-111.8205,-4.7885,SL,IS
11,R13_ATR_Range_Expansion,ETH_USDT_USDT,4H,RegimeAdaptive,2024-07-08 16:00:00,2024-07-10 04:00:00,SHORT,2966.099903,3129.8903748,0.65913,-110.1691,-5.6351,SL,IS
11,R13_ATR_Range_Expansion,ETH_USDT_USDT,4H,RegimeAdaptive,2024-08-14 16:00:00,2024-08-24 16:00:00,SHORT,2671.548295,2816.08907441,0.739329,-109.0946,-5.5234,SL,IS
11,R13_ATR_Range_Expansion,ETH_USDT_USDT,4H,RegimeAdaptive,2024-09-02 00:00:00,2024-09-02 08:00:00,SHORT,2423.522725,2524.74819091,1.046577,-108.7886,-4.2891,SL,IS
11,R13_ATR_Range_Expansion,ETH_USDT_USDT,4H,RegimeAdaptive,2024-09-03 16:00:00,2024-09-06 12:00:00,SHORT,2441.827232,2302.72805556,1.102161,150.4336,5.5897,TP,IS
11,R13_ATR_Range_Expansion,ETH_USDT_USDT,4H,RegimeAdaptive,2024-09-06 16:00:00,2024-09-13 12:00:00,SHORT,2288.463255,2404.57178042,0.914869,-108.5855,-5.1864,SL,IS
11,R13_ATR_Range_Expansion,ETH_USDT_USDT,4H,RegimeAdaptive,2024-10-20 16:00:00,2024-10-22 00:00:00,LONG,2707.161905,2641.05606301,1.59965,-110.4516,-2.5505,SL,IS
11,R13_ATR_Range_Expansion,ETH_USDT_USDT,4H,RegimeAdaptive,2024-10-29 00:00:00,2024-10-30 08:00:00,LONG,2567.560037,2692.31783993,1.216251,148.2183,4.7463,TP,IS
11,R13_ATR_Range_Expansion,ETH_USDT_USDT,4H,RegimeAdaptive,2024-11-06 04:00:00,2024-11-06 20:00:00,LONG,2580.493916,2746.47151117,0.932128,151.9814,6.3185,TP,IS
11,R13_ATR_Range_Expansion,ETH_USDT_USDT,4H,RegimeAdaptive,2024-11-07 04:00:00,2024-11-09 04:00:00,LONG,2855.936524,3060.46805496,0.768644,154.7108,7.0477,TP,IS
11,R13_ATR_Range_Expansion,ETH_USDT_USDT,4H,RegimeAdaptive,2024-11-11 00:00:00,2024-11-12 08:00:00,LONG,3187.105845,3415.32895926,0.69887,156.9604,7.0469,TP,IS
11,R13_ATR_Range_Expansion,ETH_USDT_USDT,4H,RegimeAdaptive,2024-11-21 16:00:00,2024-11-25 08:00:00,LONG,3280.984,3519.46046484,0.678694,159.3141,7.1544,TP,IS
11,R13_ATR_Range_Expansion,ETH_USDT_USDT,4H,RegimeAdaptive,2024-11-25 16:00:00,2024-11-26 08:00:00,LONG,3523.476726,3353.90295614,0.658999,-114.2417,-4.92,SL,IS
11,R13_ATR_Range_Expansion,ETH_USDT_USDT,4H,RegimeAdaptive,2024-12-04 16:00:00,2024-12-05 20:00:00,LONG,3828.158103,3669.3366727,0.697078,-113.5854,-4.2565,SL,IS
11,R13_ATR_Range_Expansion,ETH_USDT_USDT,4H,RegimeAdaptive,2024-12-06 16:00:00,2024-12-09 16:00:00,LONG,3998.429169,3791.41777772,0.528516,-111.6732,-5.2845,SL,IS
11,R13_ATR_Range_Expansion,ETH_USDT_USDT,4H,RegimeAdaptive,2024-12-16 00:00:00,2024-12-18 04:00:00,LONG,3962.28833,3821.22246434,0.769664,-111.8682,-3.6683,SL,IS
11,R13_ATR_Range_Expansion,ETH_USDT_USDT,4H,RegimeAdaptive,2025-01-03 16:00:00,2025-01-06 16:00:00,LONG,3565.159227,3729.17906521,0.952602,152.424,4.4881,TP,IS
11,R13_ATR_Range_Expansion,ETH_USDT_USDT,4H,RegimeAdaptive,2025-02-10 00:00:00,2025-02-17 12:00:00,LONG,2626.967854,2836.52298497,0.763478,157.6966,7.8627,TP,IS
11,R13_ATR_Range_Expansion,ETH_USDT_USDT,4H,RegimeAdaptive,2025-02-26 20:00:00,2025-03-02 16:00:00,SHORT,2293.921617,2457.89032553,0.671888,-111.9245,-7.2619,SL,IS
11,R13_ATR_Range_Expansion,ETH_USDT_USDT,4H,RegimeAdaptive,2025-03-28 08:00:00,2025-03-29 16:00:00,SHORT,1908.337327,1804.27867561,1.535686,156.6657,5.3458,TP,IS
11,R13_ATR_Range_Expansion,ETH_USDT_USDT,4H,RegimeAdaptive,2025-04-03 00:00:00,2025-04-06 16:00:00,SHORT,1793.731719,1650.21413505,1.136372,160.9369,7.8955,TP,IS
11,R13_ATR_Range_Expansion,ETH_USDT_USDT,4H,RegimeAdaptive,2025-05-08 04:00:00,2025-05-08 12:00:00,LONG,1900.77006,2002.79388988,1.610717,160.8734,5.2545,TP,IS
11,R13_ATR_Range_Expansion,ETH_USDT_USDT,4H,RegimeAdaptive,2025-05-08 16:00:00,2025-05-08 20:00:00,LONG,2051.11515,2176.84483135,1.329011,164.0057,6.0164,TP,IS
11,R13_ATR_Range_Expansion,ETH_USDT_USDT,4H,RegimeAdaptive,2025-05-09 00:00:00,2025-05-09 04:00:00,LONG,2207.081926,2360.91414408,1.104182,167.0846,6.8561,TP,IS
11,R13_ATR_Range_Expansion,ETH_USDT_USDT,4H,RegimeAdaptive,2025-05-09 08:00:00,2025-05-10 20:00:00,LONG,2364.10902,2549.83101817,0.929432,170.104,7.7416,TP,IS
11,R13_ATR_Range_Expansion,ETH_USDT_USDT,4H,RegimeAdaptive,2025-05-13 20:00:00,2025-05-15 04:00:00,LONG,2690.746982,2513.84862683,0.671898,-120.7809,-6.6807,SL,IS
11,R13_ATR_Range_Expansion,ETH_USDT_USDT,4H,RegimeAdaptive,2025-05-19 00:00:00,2025-05-23 00:00:00,LONG,2497.84913,2726.31299248,0.760159,171.4847,9.0314,TP,IS
11,R13_ATR_Range_Expansion,ETH_USDT_USDT,4H,RegimeAdaptive,2025-05-29 04:00:00,2025-05-29 12:00:00,LONG,2762.648546,2645.61428461,1.022517,-122.7111,-4.344,SL,IS
11,R13_ATR_Range_Expansion,ETH_USDT_USDT,4H,RegimeAdaptive,2025-07-16 00:00:00,2025-07-16 16:00:00,LONG,3140.101748,3329.22658623,0.916706,170.1101,5.9096,TP,IS
11,R13_ATR_Range_Expansion,ETH_USDT_USDT,4H,RegimeAdaptive,2025-07-16 20:00:00,2025-07-18 00:00:00,LONG,3383.994894,3596.1185273,0.829691,172.8119,6.155,TP,IS
11,R13_ATR_Range_Expansion,ETH_USDT_USDT,4H,RegimeAdaptive,2025-07-18 04:00:00,2025-07-27 16:00:00,LONG,3598.649271,3866.33511872,0.66873,176.2639,7.3244,TP,IS
11,R13_ATR_Range_Expansion,ETH_USDT_USDT,4H,RegimeAdaptive,2025-11-03 04:00:00,2025-11-04 04:00:00,SHORT,3732.749839,3529.02738063,0.887526,177.2642,5.3507,TP,IS
11,R13_ATR_Range_Expansion,ETH_USDT_USDT,4H,RegimeAdaptive,2025-11-12 16:00:00,2025-11-13 16:00:00,SHORT,3425.37208,3174.94102947,0.735934,181.6292,7.2051,TP,IS
11,R13_ATR_Range_Expansion,ETH_USDT_USDT,4H,RegimeAdaptive,2025-12-01 04:00:00,2025-12-02 12:00:00,SHORT,2823.642653,2934.86047479,1.145679,-131.0484,-4.051,SL,IS
11,R13_ATR_Range_Expansion,ETH_USDT_USDT,4H,RegimeAdaptive,2025-12-04 20:00:00,2025-12-09 16:00:00,SHORT,3116.674717,3263.81110809,0.855932,-128.9425,-4.8335,SL,IS
11,R13_ATR_Range_Expansion,ETH_USDT_USDT,4H,RegimeAdaptive,2025-12-11 04:00:00,2025-12-15 16:00:00,SHORT,3188.64312,2944.97418484,0.752061,180.7169,7.536,TP,IS
11,R13_ATR_Range_Expansion,ETH_USDT_USDT,4H,RegimeAdaptive,2025-12-15 20:00:00,2025-12-22 12:00:00,SHORT,2937.898366,3075.87488842,0.916563,-129.4958,-4.809,SL,IS
11,R13_ATR_Range_Expansion,ETH_USDT_USDT,4H,RegimeAdaptive,2025-12-26 16:00:00,2025-12-29 00:00:00,SHORT,2920.503586,3019.66587363,1.265296,-129.6035,-3.5073,SL,IS
11,R13_ATR_Range_Expansion,ETH_USDT_USDT,4H,RegimeAdaptive,2026-01-06 20:00:00,2026-01-08 12:00:00,SHORT,3221.0334,3078.35082176,1.26379,175.9423,4.3222,TP,OOS
11,R13_ATR_Range_Expansion,ETH_USDT_USDT,4H,RegimeAdaptive,2026-02-03 20:00:00,2026-02-05 16:00:00,SHORT,2203.428773,1924.13680348,0.664888,184.1885,12.5723,TP,OOS
11,R13_ATR_Range_Expansion,ETH_USDT_USDT,4H,RegimeAdaptive,2026-02-16 16:00:00,2026-02-24 00:00:00,SHORT,1955.073302,1811.4600156,1.304349,184.6197,7.2397,TP,OOS
11,R13_ATR_Range_Expansion,ETH_USDT_USDT,4H,RegimeAdaptive,2026-02-26 00:00:00,2026-02-27 20:00:00,SHORT,2056.18296,1901.66822328,1.230388,187.4348,7.4088,TP,OOS
11,R13_ATR_Range_Expansion,ETH_USDT_USDT,4H,RegimeAdaptive,2026-02-28 08:00:00,2026-02-28 20:00:00,SHORT,1864.84038,1967.90214636,1.272056,-133.7818,-5.6396,SL,OOS
11,R13_ATR_Range_Expansion,ETH_USDT_USDT,4H,RegimeAdaptive,2026-03-18 16:00:00,2026-03-22 20:00:00,SHORT,2185.574131,2035.74995713,1.27252,187.6997,6.7489,TP,OOS
11,R13_ATR_Range_Expansion,ETH_USDT_USDT,4H,RegimeAdaptive,2026-05-11 00:00:00,2026-05-11 12:00:00,LONG,2370.981081,2314.94369331,2.365059,-138.6271,-2.4722,SL,OOS
11,R13_ATR_Range_Expansion,ETH_USDT_USDT,4H,RegimeAdaptive,2026-06-04 04:00:00,2026-06-05 04:00:00,SHORT,1808.027429,1663.96797551,1.331281,189.2414,7.8622,TP,OOS
11,R13_ATR_Range_Expansion,ETH_USDT_USDT,4H,RegimeAdaptive,2026-06-05 08:00:00,2026-06-06 04:00:00,SHORT,1677.476606,1520.76555496,1.244069,192.7709,9.2372,TP,OOS
11,R13_ATR_Range_Expansion,ETH_USDT_USDT,4H,RegimeAdaptive,2026-06-16 16:00:00,2026-06-18 16:00:00,SHORT,1780.975547,1675.5149206,1.863796,193.0139,5.8148,TP,OOS
11,R13_ATR_Range_Expansion,ETH_USDT_USDT,4H,RegimeAdaptive,2026-06-23 08:00:00,2026-06-24 16:00:00,SHORT,1681.255472,1598.15468122,2.391275,194.4037,4.8355,TP,OOS
11,R13_ATR_Range_Expansion,ETH_USDT_USDT,4H,RegimeAdaptive,2026-06-24 20:00:00,2026-06-25 04:00:00,SHORT,1583.184902,1653.22902442,1.972683,-141.6863,-4.5367,SL,OOS
11,R13_ATR_Range_Expansion,ETH_USDT_USDT,4H,RegimeAdaptive,2026-06-25 16:00:00,2026-07-02 08:00:00,SHORT,1568.959171,1650.96309407,1.665832,-139.5549,-5.3395,SL,OOS
11,R13_ATR_Range_Expansion,ETH_USDT_USDT,4H,RegimeAdaptive,2026-07-13 04:00:00,2026-07-14 12:00:00,SHORT,1779.206078,1835.31788718,2.418665,-140.524,-3.2655,SL,OOS
12,R15_Volume_Breakout,SAND_USDT_USDT,4H,RegimeAdaptive,2022-07-19 04:00:00,2022-07-20 00:00:00,SHORT,1.38138546,1.47047936,1127.994886,-102.2667,-6.5632,SL,IS
12,R15_Volume_Breakout,SAND_USDT_USDT,4H,RegimeAdaptive,2022-07-27 20:00:00,2022-07-29 00:00:00,LONG,1.28128427,1.39653841,1413.582853,160.8394,8.8803,TP,IS
12,R15_Volume_Breakout,SAND_USDT_USDT,4H,RegimeAdaptive,2022-08-09 12:00:00,2022-08-11 00:00:00,SHORT,1.30510835,1.35713259,1948.685524,-104.2322,-4.0984,SL,IS
12,R15_Volume_Breakout,SAND_USDT_USDT,4H,RegimeAdaptive,2022-08-26 16:00:00,2022-08-28 20:00:00,SHORT,1.00029982,0.9300532,2326.018549,160.9254,6.9164,TP,IS
12,R15_Volume_Breakout,SAND_USDT_USDT,4H,RegimeAdaptive,2022-09-05 08:00:00,2022-09-06 16:00:00,SHORT,0.95241419,0.90258046,3314.312547,161.7831,5.1252,TP,IS
12,R15_Volume_Breakout,SAND_USDT_USDT,4H,RegimeAdaptive,2022-09-06 20:00:00,2022-09-09 00:00:00,SHORT,0.88383477,0.92167838,2735.644798,-106.2433,-4.3941,SL,IS
12,R15_Volume_Breakout,SAND_USDT_USDT,4H,RegimeAdaptive,2022-09-13 16:00:00,2022-09-18 20:00:00,SHORT,0.90032982,0.83201127,2446.485105,164.8093,7.4823,TP,IS
12,R15_Volume_Breakout,SAND_USDT_USDT,4H,RegimeAdaptive,2022-10-11 00:00:00,2022-10-11 00:00:00,SHORT,0.80515838,0.77991077,6593.484538,160.7216,3.0275,TP,IS
12,R15_Volume_Breakout,SAND_USDT_USDT,4H,RegimeAdaptive,2022-10-11 16:00:00,2022-10-11 20:00:00,LONG,0.78933673,0.77092062,5772.051183,-111.2519,-2.4418,SL,IS
12,R15_Volume_Breakout,SAND_USDT_USDT,4H,RegimeAdaptive,2022-10-13 16:00:00,2022-10-14 00:00:00,LONG,0.7452235,0.79254246,3594.490226,167.0474,6.2361,TP,IS
12,R15_Volume_Breakout,SAND_USDT_USDT,4H,RegimeAdaptive,2022-10-30 08:00:00,2022-10-30 12:00:00,LONG,0.89446826,0.85747052,2872.07688,-109.0278,-4.244,SL,IS
12,R15_Volume_Breakout,SAND_USDT_USDT,4H,RegimeAdaptive,2022-10-30 16:00:00,2022-10-31 00:00:00,SHORT,0.86044179,0.9074507,2234.451958,-107.2118,-5.5764,SL,IS
12,R15_Volume_Breakout,SAND_USDT_USDT,4H,RegimeAdaptive,2022-11-02 20:00:00,2022-11-04 00:00:00,SHORT,0.80735772,0.85372336,2241.592279,-105.9808,-5.856,SL,IS
12,R15_Volume_Breakout,SAND_USDT_USDT,4H,RegimeAdaptive,2022-11-09 00:00:00,2022-11-09 08:00:00,LONG,0.71191351,0.64105958,1447.733847,-103.6549,-10.0571,SL,IS
12,R15_Volume_Breakout,SAND_USDT_USDT,4H,RegimeAdaptive,2022-11-19 20:00:00,2022-11-20 20:00:00,SHORT,0.59442162,0.55061179,3796.816486,163.9468,7.2642,TP,IS
12,R15_Volume_Breakout,SAND_USDT_USDT,4H,RegimeAdaptive,2022-12-05 20:00:00,2022-12-07 04:00:00,SHORT,0.61421568,0.58221059,5249.371974,164.5524,5.1036,TP,IS
12,R15_Volume_Breakout,SAND_USDT_USDT,4H,RegimeAdaptive,2022-12-07 08:00:00,2022-12-08 16:00:00,SHORT,0.57132855,0.59564038,4332.106566,-108.1019,-4.3677,SL,IS
12,R15_Volume_Breakout,SAND_USDT_USDT,4H,RegimeAdaptive,2022-12-14 20:00:00,2022-12-16 08:00:00,SHORT,0.55423368,0.52444792,5675.016096,165.6678,5.2672,TP,IS
12,R15_Volume_Breakout,SAND_USDT_USDT,4H,RegimeAdaptive,2022-12-17 00:00:00,2022-12-19 20:00:00,SHORT,0.46835945,0.43100389,4627.762599,170.5836,7.8702,TP,IS
12,R15_Volume_Breakout,SAND_USDT_USDT,4H,RegimeAdaptive,2022-12-30 08:00:00,2023-01-02 04:00:00,SHORT,0.38168546,0.39556435,7763.596379,-111.0689,-3.7482,SL,IS
12,R15_Volume_Breakout,SAND_USDT_USDT,4H,RegimeAdaptive,2023-01-07 04:00:00,2023-01-08 00:00:00,LONG,0.46303887,0.44475522,5824.644719,-109.4039,-4.0564,SL,IS
12,R15_Volume_Breakout,SAND_USDT_USDT,4H,RegimeAdaptive,2023-01-09 04:00:00,2023-01-09 16:00:00,LONG,0.52105627,0.56241533,4157.246913,169.4625,7.8232,TP,IS
12,R15_Volume_Breakout,SAND_USDT_USDT,4H,RegimeAdaptive,2023-01-13 20:00:00,2023-01-14 00:00:00,LONG,0.59957982,0.65599382,3103.820133,172.9555,9.2937,TP,IS
12,R15_Volume_Breakout,SAND_USDT_USDT,4H,RegimeAdaptive,2023-02-08 00:00:00,2023-02-08 12:00:00,LONG,0.91257369,0.86099506,2105.377456,-110.6462,-5.7589,SL,IS
12,R15_Volume_Breakout,SAND_USDT_USDT,4H,RegimeAdaptive,2023-03-06 12:00:00,2023-03-07 12:00:00,LONG,0.62338696,0.5991237,4440.474445,-110.7261,-4.0,SL,IS
12,R15_Volume_Breakout,SAND_USDT_USDT,4H,RegimeAdaptive,2023-03-07 16:00:00,2023-03-08 12:00:00,LONG,0.60778228,0.5837925,4444.114963,-109.5259,-4.0549,SL,IS
12,R15_Volume_Breakout,SAND_USDT_USDT,4H,RegimeAdaptive,2023-04-27 00:00:00,2023-05-03 12:00:00,LONG,0.57457232,0.54687445,3804.039595,-107.7101,-4.928,SL,IS
12,R15_Volume_Breakout,SAND_USDT_USDT,4H,RegimeAdaptive,2023-05-06 16:00:00,2023-05-08 00:00:00,SHORT,0.54113761,0.51556087,6603.274108,165.0525,4.6191,TP,IS
12,R15_Volume_Breakout,SAND_USDT_USDT,4H,RegimeAdaptive,2023-05-10 20:00:00,2023-05-11 08:00:00,LONG,0.51955582,0.50123985,5797.397378,-109.4399,-3.6334,SL,IS
12,R15_Volume_Breakout,SAND_USDT_USDT,4H,RegimeAdaptive,2023-05-17 04:00:00,2023-05-17 08:00:00,LONG,0.53796134,0.52216288,6662.836816,-109.1475,-3.0451,SL,IS
12,R15_Volume_Breakout,SAND_USDT_USDT,4H,RegimeAdaptive,2023-05-24 04:00:00,2023-05-25 00:00:00,SHORT,0.49495147,0.50878906,7535.773449,-108.4371,-2.9073,SL,IS
12,R15_Volume_Breakout,SAND_USDT_USDT,4H,RegimeAdaptive,2023-05-25 04:00:00,2023-05-28 08:00:00,LONG,0.50655192,0.53389582,6093.723476,163.1391,5.2851,TP,IS
12,R15_Volume_Breakout,SAND_USDT_USDT,4H,RegimeAdaptive,2023-06-01 20:00:00,2023-06-03 12:00:00,SHORT,0.55793257,0.5785081,5081.558762,-107.7319,-3.7998,SL,IS
12,R15_Volume_Breakout,SAND_USDT_USDT,4H,RegimeAdaptive,2023-06-05 04:00:00,2023-06-05 04:00:00,SHORT,0.58412471,0.60491629,4977.969908,-106.7553,-3.6714,SL,IS
12,R15_Volume_Breakout,SAND_USDT_USDT,4H,RegimeAdaptive,2023-06-05 08:00:00,2023-06-05 12:00:00,LONG,0.60758222,0.58505633,4542.630028,-105.3065,-3.8154,SL,IS
12,R15_Volume_Breakout,SAND_USDT_USDT,4H,RegimeAdaptive,2023-06-05 16:00:00,2023-06-06 12:00:00,SHORT,0.54313701,0.4963812,3537.44514,163.3736,8.5032,TP,IS
12,R15_Volume_Breakout,SAND_USDT_USDT,4H,RegimeAdaptive,2023-06-10 04:00:00,2023-06-10 04:00:00,SHORT,0.43946812,0.40261119,4558.963125,165.9179,8.2813,TP,IS
12,R15_Volume_Breakout,SAND_USDT_USDT,4H,RegimeAdaptive,2023-06-21 04:00:00,2023-06-22 00:00:00,LONG,0.41302387,0.43409971,8030.506909,165.5081,4.99,TP,IS
12,R15_Volume_Breakout,SAND_USDT_USDT,4H,RegimeAdaptive,2023-07-13 16:00:00,2023-07-13 16:00:00,LONG,0.44343299,0.4652795,7864.851497,167.8888,4.814,TP,IS
12,R15_Volume_Breakout,SAND_USDT_USDT,4H,RegimeAdaptive,2023-07-13 20:00:00,2023-07-14 16:00:00,LONG,0.47024103,0.45349397,6447.727846,-111.2563,-3.6694,SL,IS
12,R15_Volume_Breakout,SAND_USDT_USDT,4H,RegimeAdaptive,2023-07-30 20:00:00,2023-08-01 00:00:00,SHORT,0.42647202,0.41287282,12560.218636,165.0107,3.0805,TP,IS
12,R15_Volume_Breakout,SAND_USDT_USDT,4H,RegimeAdaptive,2023-08-07 16:00:00,2023-08-08 12:00:00,SHORT,0.39838045,0.40725156,12303.226336,-114.5948,-2.338,SL,IS
12,R15_Volume_Breakout,SAND_USDT_USDT,4H,RegimeAdaptive,2023-08-14 12:00:00,2023-08-15 12:00:00,SHORT,0.39528138,0.38562003,17584.997847,162.3422,2.3355,TP,IS
12,R15_Volume_Breakout,SAND_USDT_USDT,4H,RegimeAdaptive,2023-08-17 00:00:00,2023-08-17 16:00:00,LONG,0.35660695,0.34559778,9914.119818,-112.9752,-3.1955,SL,IS
12,R15_Volume_Breakout,SAND_USDT_USDT,4H,RegimeAdaptive,2023-08-29 08:00:00,2023-08-29 12:00:00,SHORT,0.31710484,0.32397565,15794.777626,-114.0921,-2.2779,SL,IS
12,R15_Volume_Breakout,SAND_USDT_USDT,4H,RegimeAdaptive,2023-09-06 08:00:00,2023-09-10 04:00:00,SHORT,0.3069079,0.29613739,15885.95071,165.8308,3.4013,TP,IS
12,R15_Volume_Breakout,SAND_USDT_USDT,4H,RegimeAdaptive,2023-09-11 12:00:00,2023-09-12 00:00:00,SHORT,0.28211534,0.28991789,13933.552436,-113.101,-2.8773,SL,IS
12,R15_Volume_Breakout,SAND_USDT_USDT,4H,RegimeAdaptive,2023-09-24 16:00:00,2023-09-27 08:00:00,SHORT,0.30160949,0.30734892,18836.539596,-114.4198,-2.014,SL,IS
12,R15_Volume_Breakout,SAND_USDT_USDT,4H,RegimeAdaptive,2023-09-29 16:00:00,2023-10-01 20:00:00,LONG,0.31349402,0.32422013,15837.29275,164.3177,3.3096,TP,IS
12,R15_Volume_Breakout,SAND_USDT_USDT,4H,RegimeAdaptive,2023-10-09 20:00:00,2023-10-12 08:00:00,LONG,0.28348502,0.2766024,15717.603561,-113.0201,-2.5365,SL,IS
12,R15_Volume_Breakout,SAND_USDT_USDT,4H,RegimeAdaptive,2023-10-16 16:00:00,2023-10-19 00:00:00,SHORT,0.29001297,0.28155731,20090.672819,163.5642,2.8072,TP,IS
12,R15_Volume_Breakout,SAND_USDT_USDT,4H,RegimeAdaptive,2023-10-29 16:00:00,2023-10-31 12:00:00,LONG,0.35290584,0.33990322,8323.561063,-111.3998,-3.7924,SL,IS
12,R15_Volume_Breakout,SAND_USDT_USDT,4H,RegimeAdaptive,2023-11-10 04:00:00,2023-11-13 08:00:00,LONG,0.41502447,0.46000464,3896.765111,173.4018,10.722,TP,IS
12,R15_Volume_Breakout,SAND_USDT_USDT,4H,RegimeAdaptive,2023-11-25 08:00:00,2023-11-26 08:00:00,LONG,0.43663095,0.41982549,6474.972344,-111.8649,-3.9568,SL,IS
12,R15_Volume_Breakout,SAND_USDT_USDT,4H,RegimeAdaptive,2023-12-04 04:00:00,2023-12-04 08:00:00,LONG,0.43853152,0.42603993,8644.673843,-112.0964,-2.9569,SL,IS
12,R15_Volume_Breakout,SAND_USDT_USDT,4H,RegimeAdaptive,2023-12-05 04:00:00,2023-12-08 08:00:00,LONG,0.44653392,0.47654928,5776.274555,170.4444,6.6082,TP,IS
12,R15_Volume_Breakout,SAND_USDT_USDT,4H,RegimeAdaptive,2023-12-25 08:00:00,2023-12-26 00:00:00,LONG,0.58837646,0.63525073,3767.852315,174.0796,7.8523,TP,IS
12,R15_Volume_Breakout,SAND_USDT_USDT,4H,RegimeAdaptive,2024-01-19 20:00:00,2024-01-22 08:00:00,LONG,0.48374508,0.46050437,4726.964173,-112.3129,-4.9117,SL,IS
12,R15_Volume_Breakout,SAND_USDT_USDT,4H,RegimeAdaptive,2024-01-28 04:00:00,2024-01-28 12:00:00,LONG,0.46824043,0.4545872,7996.08781,-113.2309,-3.0243,SL,IS
12,R15_Volume_Breakout,SAND_USDT_USDT,4H,RegimeAdaptive,2024-02-17 04:00:00,2024-02-17 08:00:00,LONG,0.51455432,0.49544654,5641.053863,-110.9216,-3.8214,SL,IS
12,R15_Volume_Breakout,SAND_USDT_USDT,4H,RegimeAdaptive,2024-02-23 20:00:00,2024-02-26 04:00:00,LONG,0.50725213,0.54212854,4976.760783,170.6991,6.7618,TP,IS
12,R15_Volume_Breakout,SAND_USDT_USDT,4H,RegimeAdaptive,2024-03-09 12:00:00,2024-03-10 08:00:00,LONG,0.74862452,0.82691338,2265.034474,175.3642,10.3419,TP,IS
12,R15_Volume_Breakout,SAND_USDT_USDT,4H,RegimeAdaptive,2024-04-05 16:00:00,2024-04-08 12:00:00,LONG,0.6071821,0.65099153,4094.544655,176.5463,7.1012,TP,IS
12,R15_Volume_Breakout,SAND_USDT_USDT,4H,RegimeAdaptive,2024-04-09 12:00:00,2024-04-09 12:00:00,LONG,0.64809437,0.62751256,5446.157551,-115.9127,-3.284,SL,IS
12,R15_Volume_Breakout,SAND_USDT_USDT,4H,RegimeAdaptive,2024-04-13 20:00:00,2024-04-13 20:00:00,SHORT,0.42177343,0.35641503,2783.747868,180.7499,15.3946,TP,IS
12,R15_Volume_Breakout,SAND_USDT_USDT,4H,RegimeAdaptive,2024-04-14 00:00:00,2024-04-21 00:00:00,LONG,0.41482441,0.48908496,2491.212607,183.7603,17.7818,TP,IS
12,R15_Volume_Breakout,SAND_USDT_USDT,4H,RegimeAdaptive,2024-04-30 12:00:00,2024-05-02 16:00:00,SHORT,0.41797457,0.43632092,6233.82418,-117.2969,-4.5018,SL,IS
12,R15_Volume_Breakout,SAND_USDT_USDT,4H,RegimeAdaptive,2024-05-13 04:00:00,2024-05-13 04:00:00,SHORT,0.40467856,0.4170665,9164.1945,-117.6673,-3.1729,SL,IS
12,R15_Volume_Breakout,SAND_USDT_USDT,4H,RegimeAdaptive,2024-05-15 16:00:00,2024-05-17 16:00:00,LONG,0.42972888,0.45284562,7854.510867,177.758,5.2664,TP,IS
12,R15_Volume_Breakout,SAND_USDT_USDT,4H,RegimeAdaptive,2024-05-20 20:00:00,2024-05-23 12:00:00,LONG,0.46403917,0.44924375,7706.373756,-117.89,-3.2966,SL,IS
12,R15_Volume_Breakout,SAND_USDT_USDT,4H,RegimeAdaptive,2024-05-23 16:00:00,2024-05-23 20:00:00,SHORT,0.44236725,0.41581739,6894.014673,179.7811,5.8951,TP,IS
12,R15_Volume_Breakout,SAND_USDT_USDT,4H,RegimeAdaptive,2024-05-24 00:00:00,2024-06-05 12:00:00,LONG,0.44283281,0.4734275,6089.612784,183.241,6.7951,TP,IS
12,R15_Volume_Breakout,SAND_USDT_USDT,4H,RegimeAdaptive,2024-06-14 20:00:00,2024-06-17 12:00:00,SHORT,0.37158849,0.34561025,7293.070227,186.5843,6.885,TP,IS
12,R15_Volume_Breakout,SAND_USDT_USDT,4H,RegimeAdaptive,2024-06-17 20:00:00,2024-06-18 00:00:00,LONG,0.34990494,0.33526677,8068.567161,-121.1496,-4.2912,SL,IS
12,R15_Volume_Breakout,SAND_USDT_USDT,4H,RegimeAdaptive,2024-06-24 12:00:00,2024-06-25 12:00:00,LONG,0.31689504,0.3354084,10254.499236,186.1663,5.7289,TP,IS
12,R15_Volume_Breakout,SAND_USDT_USDT,4H,RegimeAdaptive,2024-07-05 04:00:00,2024-07-05 12:00:00,SHORT,0.25152452,0.26677271,7775.976518,-120.7862,-6.1756,SL,IS
12,R15_Volume_Breakout,SAND_USDT_USDT,4H,RegimeAdaptive,2024-07-15 20:00:00,2024-07-18 04:00:00,LONG,0.33129936,0.34605507,12864.27089,185.029,4.3414,TP,IS
12,R15_Volume_Breakout,SAND_USDT_USDT,4H,RegimeAdaptive,2024-07-21 20:00:00,2024-07-22 20:00:00,LONG,0.34100227,0.32890675,9885.112484,-123.2077,-3.6551,SL,IS
12,R15_Volume_Breakout,SAND_USDT_USDT,4H,RegimeAdaptive,2024-07-25 04:00:00,2024-07-26 04:00:00,SHORT,0.30380883,0.3167581,9129.869845,-121.3412,-4.3747,SL,IS
12,R15_Volume_Breakout,SAND_USDT_USDT,4H,RegimeAdaptive,2024-08-12 16:00:00,2024-08-14 12:00:00,LONG,0.26557965,0.25440815,10468.023827,-119.9373,-4.3141,SL,IS
12,R15_Volume_Breakout,SAND_USDT_USDT,4H,RegimeAdaptive,2024-08-28 00:00:00,2024-09-01 16:00:00,SHORT,0.25922221,0.24110896,10415.6494,185.795,6.8814,TP,IS
12,R15_Volume_Breakout,SAND_USDT_USDT,4H,RegimeAdaptive,2024-09-04 04:00:00,2024-09-06 20:00:00,LONG,0.2410723,0.23095329,11622.524458,-120.6258,-4.3052,SL,IS
12,R15_Volume_Breakout,SAND_USDT_USDT,4H,RegimeAdaptive,2024-10-19 00:00:00,2024-10-19 00:00:00,LONG,0.28098427,0.29611275,12476.385634,184.7888,5.2711,TP,IS
12,R15_Volume_Breakout,SAND_USDT_USDT,4H,RegimeAdaptive,2024-10-19 04:00:00,2024-10-19 08:00:00,LONG,0.29238769,0.28193307,11325.39767,-121.9802,-3.6836,SL,IS
12,R15_Volume_Breakout,SAND_USDT_USDT,4H,RegimeAdaptive,2024-11-06 04:00:00,2024-11-09 08:00:00,LONG,0.25147542,0.26623314,12880.606527,186.4207,5.7552,TP,IS
12,R15_Volume_Breakout,SAND_USDT_USDT,4H,RegimeAdaptive,2024-11-11 00:00:00,2024-11-12 00:00:00,LONG,0.28938679,0.30983071,9476.682036,190.6173,6.9507,TP,IS
12,R15_Volume_Breakout,SAND_USDT_USDT,4H,RegimeAdaptive,2024-11-16 12:00:00,2024-11-16 20:00:00,LONG,0.33620083,0.37053366,5761.313489,195.5628,10.0964,TP,IS
12,R15_Volume_Breakout,SAND_USDT_USDT,4H,RegimeAdaptive,2024-11-17 00:00:00,2024-11-17 00:00:00,LONG,0.39451832,0.36648218,4366.900457,-124.2588,-7.2125,SL,IS
12,R15_Volume_Breakout,SAND_USDT_USDT,4H,RegimeAdaptive,2024-11-24 04:00:00,2024-11-24 04:00:00,LONG,0.5591677,0.63176936,2746.9225,197.6318,12.8667,TP,IS
12,R15_Volume_Breakout,SAND_USDT_USDT,4H,RegimeAdaptive,2024-11-25 00:00:00,2024-11-25 20:00:00,LONG,0.7732319,0.6827871,1359.537347,-124.0518,-11.8005,SL,IS
12,R15_Volume_Breakout,SAND_USDT_USDT,4H,RegimeAdaptive,2024-12-04 20:00:00,2024-12-04 20:00:00,LONG,1.0243072,0.92332452,1205.930972,-123.0699,-9.9632,SL,IS
12,R15_Volume_Breakout,SAND_USDT_USDT,4H,RegimeAdaptive,2025-01-01 20:00:00,2025-01-03 08:00:00,LONG,0.5731719,0.62036057,4188.625692,194.9061,8.1184,TP,IS
12,R15_Volume_Breakout,SAND_USDT_USDT,4H,RegimeAdaptive,2025-01-03 12:00:00,2025-01-06 00:00:00,LONG,0.6471941,0.69981674,3816.363119,197.9997,8.0164,TP,IS
12,R15_Volume_Breakout,SAND_USDT_USDT,4H,RegimeAdaptive,2025-01-06 04:00:00,2025-01-06 16:00:00,LONG,0.68730613,0.73839291,3989.813728,200.6982,7.3188,TP,IS
12,R15_Volume_Breakout,SAND_USDT_USDT,4H,RegimeAdaptive,2025-01-07 16:00:00,2025-01-08 16:00:00,SHORT,0.63650899,0.57089461,3171.415999,205.9845,10.2041,TP,IS
12,R15_Volume_Breakout,SAND_USDT_USDT,4H,RegimeAdaptive,2025-01-13 12:00:00,2025-01-13 20:00:00,SHORT,0.51904424,0.55044876,4104.081006,-131.3008,-6.1638,SL,IS
12,R15_Volume_Breakout,SAND_USDT_USDT,4H,RegimeAdaptive,2025-02-02 04:00:00,2025-02-02 16:00:00,SHORT,0.46695987,0.42665082,5182.30977,206.347,8.527,TP,IS
12,R15_Volume_Breakout,SAND_USDT_USDT,4H,RegimeAdaptive,2025-02-12 16:00:00,2025-02-18 08:00:00,LONG,0.3851155,0.36491332,6418.243121,-132.3101,-5.3529,SL,IS
12,R15_Volume_Breakout,SAND_USDT_USDT,4H,RegimeAdaptive,2025-02-18 16:00:00,2025-02-20 04:00:00,SHORT,0.35409374,0.3730755,6764.039242,-131.0986,-5.4736,SL,IS
12,R15_Volume_Breakout,SAND_USDT_USDT,4H,RegimeAdaptive,2025-02-21 16:00:00,2025-02-21 16:00:00,SHORT,0.37368786,0.34575049,7429.138599,204.611,7.3702,TP,IS
12,R15_Volume_Breakout,SAND_USDT_USDT,4H,RegimeAdaptive,2025-02-21 20:00:00,2025-02-24 20:00:00,SHORT,0.34609614,0.31370539,6530.557504,209.1598,9.254,TP,IS
12,R15_Volume_Breakout,SAND_USDT_USDT,4H,RegimeAdaptive,2025-02-25 00:00:00,2025-02-27 04:00:00,SHORT,0.30450862,0.32242372,7321.827918,-133.6959,-5.9965,SL,IS
12,R15_Volume_Breakout,SAND_USDT_USDT,4H,RegimeAdaptive,2025-03-02 20:00:00,2025-03-03 04:00:00,LONG,0.35800737,0.33966856,7080.505572,-132.565,-5.2296,SL,IS
12,R15_Volume_Breakout,SAND_USDT_USDT,4H,RegimeAdaptive,2025-03-19 12:00:00,2025-03-21 08:00:00,LONG,0.29328796,0.2816143,11027.611664,-132.2195,-4.0881,SL,IS
12,R15_Volume_Breakout,SAND_USDT_USDT,4H,RegimeAdaptive,2025-04-03 00:00:00,2025-04-06 16:00:00,SHORT,0.25632308,0.23467647,9615.744724,205.5515,8.3397,TP,IS
12,R15_Volume_Breakout,SAND_USDT_USDT,4H,RegimeAdaptive,2025-04-06 20:00:00,2025-04-07 04:00:00,SHORT,0.23672896,0.21948906,12244.712776,208.0252,7.1766,TP,IS
12,R15_Volume_Breakout,SAND_USDT_USDT,4H,RegimeAdaptive,2025-04-07 08:00:00,2025-04-07 08:00:00,SHORT,0.21753472,0.23047663,10146.537008,-133.8157,-6.0626,SL,IS
12,R15_Volume_Breakout,SAND_USDT_USDT,4H,RegimeAdaptive,2025-04-14 08:00:00,2025-04-15 20:00:00,SHORT,0.26402077,0.24500289,11162.209018,209.1566,7.0971,TP,IS
12,R15_Volume_Breakout,SAND_USDT_USDT,4H,RegimeAdaptive,2025-05-01 12:00:00,2025-05-03 08:00:00,LONG,0.3040912,0.291976,10922.203731,-135.9053,-4.0919,SL,IS
12,R15_Volume_Breakout,SAND_USDT_USDT,4H,RegimeAdaptive,2025-05-08 16:00:00,2025-05-08 20:00:00,LONG,0.30189054,0.31907739,12364.781457,208.2887,5.5799,TP,IS
12,R15_Volume_Breakout,SAND_USDT_USDT,4H,RegimeAdaptive,2025-05-23 16:00:00,2025-05-23 20:00:00,LONG,0.32299687,0.30617797,7896.892156,-135.5497,-5.3143,SL,IS
12,R15_Volume_Breakout,SAND_USDT_USDT,4H,RegimeAdaptive,2025-06-05 20:00:00,2025-06-06 12:00:00,SHORT,0.26032188,0.27072832,12661.772871,-135.4623,-4.1097,SL,IS
12,R15_Volume_Breakout,SAND_USDT_USDT,4H,RegimeAdaptive,2025-06-10 00:00:00,2025-06-12 00:00:00,LONG,0.29178751,0.28341095,15604.078466,-135.645,-2.9792,SL,IS
12,R15_Volume_Breakout,SAND_USDT_USDT,4H,RegimeAdaptive,2025-06-29 20:00:00,2025-06-30 00:00:00,LONG,0.23887164,0.25018272,18430.612142,203.5127,4.6226,TP,IS
12,R15_Volume_Breakout,SAND_USDT_USDT,4H,RegimeAdaptive,2025-07-02 20:00:00,2025-07-04 04:00:00,LONG,0.25617683,0.24749047,15102.021771,-135.3652,-3.4989,SL,IS
12,R15_Volume_Breakout,SAND_USDT_USDT,4H,RegimeAdaptive,2025-07-09 12:00:00,2025-07-09 16:00:00,SHORT,0.25612314,0.26406844,16362.155328,-134.6835,-3.2138,SL,IS
12,R15_Volume_Breakout,SAND_USDT_USDT,4H,RegimeAdaptive,2025-08-22 16:00:00,2025-08-25 08:00:00,LONG,0.29188754,0.28045802,11225.691809,-131.8381,-4.0236,SL,IS
12,R15_Volume_Breakout,SAND_USDT_USDT,4H,RegimeAdaptive,2025-08-31 04:00:00,2025-09-01 00:00:00,LONG,0.28488544,0.27494493,12785.671872,-131.0329,-3.5974,SL,IS
12,R15_Volume_Breakout,SAND_USDT_USDT,4H,RegimeAdaptive,2025-09-05 16:00:00,2025-09-07 12:00:00,SHORT,0.28151552,0.29014102,14608.071348,-130.5949,-3.1756,SL,IS
12,R15_Volume_Breakout,SAND_USDT_USDT,4H,RegimeAdaptive,2025-09-09 16:00:00,2025-09-10 12:00:00,SHORT,0.29221231,0.30087467,14398.394726,-129.4209,-3.076,SL,IS
12,R15_Volume_Breakout,SAND_USDT_USDT,4H,RegimeAdaptive,2025-09-10 16:00:00,2025-09-12 16:00:00,LONG,0.3010903,0.31435197,14970.508084,193.4666,4.2921,TP,IS
12,R15_Volume_Breakout,SAND_USDT_USDT,4H,RegimeAdaptive,2025-09-17 20:00:00,2025-09-19 20:00:00,LONG,0.30529156,0.29632133,13969.265267,-129.9298,-3.0466,SL,IS
12,R15_Volume_Breakout,SAND_USDT_USDT,4H,RegimeAdaptive,2025-09-22 04:00:00,2025-09-22 04:00:00,SHORT,0.28321501,0.2689815,14071.426777,196.0122,4.9185,TP,IS
12,R15_Volume_Breakout,SAND_USDT_USDT,4H,RegimeAdaptive,2025-10-07 16:00:00,2025-10-10 12:00:00,SHORT,0.27071876,0.25553883,13434.636857,200.0483,5.5004,TP,IS
12,R15_Volume_Breakout,SAND_USDT_USDT,4H,RegimeAdaptive,2025-10-20 20:00:00,2025-10-21 04:00:00,LONG,0.21376411,0.20510387,14737.897249,-131.029,-4.1591,SL,IS
12,R15_Volume_Breakout,SAND_USDT_USDT,4H,RegimeAdaptive,2025-10-29 00:00:00,2025-10-30 12:00:00,LONG,0.20996297,0.20251254,16971.865114,-130.298,-3.6565,SL,IS
12,R15_Volume_Breakout,SAND_USDT_USDT,4H,RegimeAdaptive,2025-10-30 16:00:00,2025-10-31 12:00:00,SHORT,0.19534138,0.20444332,13728.405724,-127.9738,-4.7721,SL,IS
12,R15_Volume_Breakout,SAND_USDT_USDT,4H,RegimeAdaptive,2025-12-01 04:00:00,2025-12-02 12:00:00,SHORT,0.13815854,0.14385736,21718.654349,-127.1394,-4.2371,SL,IS
12,R15_Volume_Breakout,SAND_USDT_USDT,4H,RegimeAdaptive,2025-12-11 04:00:00,2025-12-14 16:00:00,SHORT,0.13685893,0.12688764,20022.375254,196.7445,7.1798,TP,IS
12,R15_Volume_Breakout,SAND_USDT_USDT,4H,RegimeAdaptive,2025-12-15 16:00:00,2025-12-18 04:00:00,SHORT,0.12046385,0.11280078,26417.910218,199.0531,6.2548,TP,IS
12,R15_Volume_Breakout,SAND_USDT_USDT,4H,RegimeAdaptive,2025-12-18 20:00:00,2025-12-19 00:00:00,SHORT,0.10888732,0.11430445,23318.544978,-129.1821,-5.0877,SL,IS
12,R15_Volume_Breakout,SAND_USDT_USDT,4H,RegimeAdaptive,2026-01-17 08:00:00,2026-01-17 12:00:00,LONG,0.13531058,0.14625908,18651.893665,201.3218,7.9769,TP,OOS
12,R15_Volume_Breakout,SAND_USDT_USDT,4H,RegimeAdaptive,2026-01-17 16:00:00,2026-01-18 12:00:00,LONG,0.15313593,0.14413331,14090.469044,-129.1548,-5.9856,SL,OOS
12,R15_Volume_Breakout,SAND_USDT_USDT,4H,RegimeAdaptive,2026-02-26 00:00:00,2026-02-28 04:00:00,SHORT,0.08805358,0.08129117,30369.316584,202.5412,7.5741,TP,OOS
12,R15_Volume_Breakout,SAND_USDT_USDT,4H,RegimeAdaptive,2026-03-18 12:00:00,2026-03-19 04:00:00,SHORT,0.08667399,0.08203094,44674.98235,203.2828,5.2499,TP,OOS
12,R15_Volume_Breakout,SAND_USDT_USDT,4H,RegimeAdaptive,2026-03-23 12:00:00,2026-03-26 12:00:00,LONG,0.07982394,0.07707252,47285.387657,-134.1824,-3.555,SL,OOS
12,R15_Volume_Breakout,SAND_USDT_USDT,4H,RegimeAdaptive,2026-03-27 12:00:00,2026-04-01 00:00:00,SHORT,0.07355793,0.07602451,52241.28113,-133.1555,-3.4651,SL,OOS
12,R15_Volume_Breakout,SAND_USDT_USDT,4H,RegimeAdaptive,2026-04-08 00:00:00,2026-04-08 12:00:00,LONG,0.08087426,0.07822712,48152.146507,-131.6789,-3.3814,SL,OOS
12,R15_Volume_Breakout,SAND_USDT_USDT,4H,RegimeAdaptive,2026-04-14 00:00:00,2026-04-14 12:00:00,LONG,0.07979393,0.0771214,47187.646682,-130.1827,-3.4574,SL,OOS
12,R15_Volume_Breakout,SAND_USDT_USDT,4H,RegimeAdaptive,2026-04-16 16:00:00,2026-04-17 12:00:00,LONG,0.08189456,0.08603903,48678.975543,197.2526,4.948,TP,OOS
12,R15_Volume_Breakout,SAND_USDT_USDT,4H,RegimeAdaptive,2026-04-25 12:00:00,2026-04-27 12:00:00,SHORT,0.08184544,0.07618228,36422.0533,203.0981,6.8131,TP,OOS
12,R15_Volume_Breakout,SAND_USDT_USDT,4H,RegimeAdaptive,2026-04-29 20:00:00,2026-05-04 04:00:00,SHORT,0.0716485,0.07454303,44467.947192,-132.2894,-4.1521,SL,OOS
12,R15_Volume_Breakout,SAND_USDT_USDT,4H,RegimeAdaptive,2026-05-13 16:00:00,2026-05-14 12:00:00,SHORT,0.0763271,0.07940196,41427.299507,-130.9317,-4.1408,SL,OOS
12,R15_Volume_Breakout,SAND_USDT_USDT,4H,RegimeAdaptive,2026-05-22 16:00:00,2026-05-23 04:00:00,SHORT,0.0723083,0.06900595,61663.622429,198.8424,4.4596,TP,OOS
12,R15_Volume_Breakout,SAND_USDT_USDT,4H,RegimeAdaptive,2026-05-26 16:00:00,2026-05-28 00:00:00,SHORT,0.07155853,0.06805597,59156.28945,202.6559,4.7874,TP,OOS
12,R15_Volume_Breakout,SAND_USDT_USDT,4H,RegimeAdaptive,2026-05-28 08:00:00,2026-05-30 00:00:00,LONG,0.06707012,0.07104621,53114.766288,207.1547,5.815,TP,OOS
12,R15_Volume_Breakout,SAND_USDT_USDT,4H,RegimeAdaptive,2026-06-02 08:00:00,2026-06-02 12:00:00,SHORT,0.06608017,0.06202262,52947.845943,211.1083,6.0337,TP,OOS
12,R15_Volume_Breakout,SAND_USDT_USDT,4H,RegimeAdaptive,2026-06-02 16:00:00,2026-06-04 00:00:00,SHORT,0.06186144,0.05729809,47978.530341,215.798,7.2708,TP,OOS
12,R15_Volume_Breakout,SAND_USDT_USDT,4H,RegimeAdaptive,2026-06-17 20:00:00,2026-06-20 00:00:00,SHORT,0.0519744,0.0539405,69460.880473,-140.6132,-3.8949,SL,OOS
12,R15_Volume_Breakout,SAND_USDT_USDT,4H,RegimeAdaptive,2026-06-21 04:00:00,2026-06-23 04:00:00,SHORT,0.05939218,0.05347739,37367.344498,218.7001,9.8543,TP,OOS
12,R15_Volume_Breakout,SAND_USDT_USDT,4H,RegimeAdaptive,2026-07-23 16:00:00,2026-07-24 12:00:00,SHORT,0.0463061,0.04472354,139030.007612,213.0627,3.3095,TP,OOS
12,R15_Volume_Breakout,SAND_USDT_USDT,4H,RegimeAdaptive,2026-07-24 16:00:00,2026-07-25 12:00:00,SHORT,0.04414675,0.04517328,136581.467313,-146.9148,-2.4365,SL,OOS
12,R15_Volume_Breakout,SAND_USDT_USDT,4H,RegimeAdaptive,2026-07-28 00:00:00,2026-07-29 00:00:00,SHORT,0.043327,0.04150017,121744.142574,216.7262,4.1087,TP,OOS
12,R15_Volume_Breakout,SAND_USDT_USDT,4H,RegimeAdaptive,2026-07-31 12:00:00,2026-08-01 00:00:00,SHORT,0.04184744,0.04328309,97740.688271,-144.898,-3.5426,SL,OOS
12,R15_Volume_Breakout,SAND_USDT_USDT,4H,RegimeAdaptive,2026-08-11 12:00:00,2026-08-11 12:00:00,LONG,0.04070221,0.03980513,155461.509903,-146.3445,-2.3128,SL,OOS
12,R15_Volume_Breakout,SAND_USDT_USDT,4H,RegimeAdaptive,2026-08-11 16:00:00,2026-08-12 20:00:00,SHORT,0.03989803,0.0383259,140447.753391,214.7596,3.8325,TP,OOS
12,R15_Volume_Breakout,SAND_USDT_USDT,4H,RegimeAdaptive,2026-08-14 20:00:00,2026-08-17 00:00:00,SHORT,0.03919824,0.04030537,126285.02392,-145.3366,-2.936,SL,OOS
13,R01_EMA_Cross,OP_USDT_USDT,4H,RegimeAdaptive,2022-08-31 00:00:00,2022-08-31 04:00:00,SHORT,1.0826751,1.1993597,859.661173,-101.3882,-10.8934,SL,IS
13,R01_EMA_Cross,OP_USDT_USDT,4H,RegimeAdaptive,2022-09-01 16:00:00,2022-09-02 12:00:00,SHORT,1.0886733,1.2153645,783.57242,-100.2647,-11.7536,SL,IS
13,R01_EMA_Cross,OP_USDT_USDT,4H,RegimeAdaptive,2022-09-05 12:00:00,2022-09-09 12:00:00,SHORT,1.12416265,1.3043912,544.844945,-98.9244,-16.1511,SL,IS
13,R01_EMA_Cross,OP_USDT_USDT,4H,RegimeAdaptive,2022-09-13 16:00:00,2022-09-16 08:00:00,SHORT,1.19214225,1.0855525,338.126571,35.6172,8.8359,TP,IS
13,R01_EMA_Cross,OP_USDT_USDT,4H,RegimeAdaptive,2022-09-27 20:00:00,2022-09-28 00:00:00,SHORT,0.91322595,0.86664547,1235.818139,56.3552,4.9935,TP,IS
13,R01_EMA_Cross,OP_USDT_USDT,4H,RegimeAdaptive,2022-11-20 12:00:00,2022-11-20 20:00:00,SHORT,0.8867339,0.84155045,1709.806538,75.6297,4.9883,TP,IS
13,R01_EMA_Cross,OP_USDT_USDT,4H,RegimeAdaptive,2022-11-28 00:00:00,2022-11-28 00:00:00,SHORT,0.88323495,0.84622363,1221.694892,44.0545,4.0827,TP,IS
13,R01_EMA_Cross,OP_USDT_USDT,4H,RegimeAdaptive,2022-12-07 08:00:00,2022-12-09 00:00:00,SHORT,0.9967009,1.0963288,998.103644,-100.588,-10.1113,SL,IS
13,R01_EMA_Cross,OP_USDT_USDT,4H,RegimeAdaptive,2022-12-11 16:00:00,2022-12-12 00:00:00,SHORT,1.0366889,0.99845419,1177.573145,43.7061,3.5802,TP,IS
13,R01_EMA_Cross,OP_USDT_USDT,4H,RegimeAdaptive,2022-12-16 12:00:00,2022-12-16 20:00:00,SHORT,1.0346895,0.98105794,605.255649,31.7898,5.0762,TP,IS
13,R01_EMA_Cross,OP_USDT_USDT,4H,RegimeAdaptive,2023-01-25 16:00:00,2023-02-01 20:00:00,LONG,2.220666,2.62904293,329.900198,133.8437,18.2697,TP,IS
13,R01_EMA_Cross,OP_USDT_USDT,4H,RegimeAdaptive,2023-02-15 20:00:00,2023-02-16 16:00:00,LONG,2.6998097,3.01804223,159.854433,50.3682,11.6707,TP,IS
13,R01_EMA_Cross,OP_USDT_USDT,4H,RegimeAdaptive,2023-02-23 08:00:00,2023-02-24 04:00:00,LONG,2.78633565,3.131254,225.366958,76.9997,12.2621,TP,IS
13,R01_EMA_Cross,OP_USDT_USDT,4H,RegimeAdaptive,2023-03-31 00:00:00,2023-04-14 00:00:00,LONG,2.29798919,2.54986966,357.183559,89.0152,10.8449,TP,IS
13,R01_EMA_Cross,OP_USDT_USDT,4H,RegimeAdaptive,2023-07-01 00:00:00,2023-07-10 08:00:00,LONG,1.33359996,1.15795251,583.925633,-103.3652,-13.2737,SL,IS
13,R01_EMA_Cross,OP_USDT_USDT,4H,RegimeAdaptive,2023-07-12 08:00:00,2023-07-13 12:00:00,LONG,1.23747113,1.30720157,1227.166053,83.8533,5.5218,TP,IS
13,R01_EMA_Cross,OP_USDT_USDT,4H,RegimeAdaptive,2023-08-25 16:00:00,2023-08-28 00:00:00,SHORT,1.49515132,1.43141356,792.922527,49.2628,4.1553,TP,IS
13,R01_EMA_Cross,OP_USDT_USDT,4H,RegimeAdaptive,2023-08-31 20:00:00,2023-09-01 16:00:00,SHORT,1.38788351,1.33692943,693.569,34.3008,3.5634,TP,IS
13,R01_EMA_Cross,OP_USDT_USDT,4H,RegimeAdaptive,2023-11-02 00:00:00,2023-11-03 00:00:00,LONG,1.4384314,1.33230019,974.19174,-104.8767,-7.4842,SL,IS
13,R01_EMA_Cross,OP_USDT_USDT,4H,RegimeAdaptive,2023-11-04 04:00:00,2023-11-05 00:00:00,LONG,1.43152933,1.54508591,884.023946,98.9395,7.8182,TP,IS
13,R01_EMA_Cross,OP_USDT_USDT,4H,RegimeAdaptive,2023-11-20 12:00:00,2023-11-21 20:00:00,LONG,1.78463523,1.6015194,563.655128,-104.2639,-10.365,SL,IS
13,R01_EMA_Cross,OP_USDT_USDT,4H,RegimeAdaptive,2023-11-23 12:00:00,2023-12-07 16:00:00,LONG,1.82924861,1.97954867,391.701669,58.0522,8.102,TP,IS
13,R01_EMA_Cross,OP_USDT_USDT,4H,RegimeAdaptive,2023-12-19 08:00:00,2023-12-21 16:00:00,LONG,2.21726498,2.4528482,394.818928,91.9986,10.5091,TP,IS
13,R01_EMA_Cross,OP_USDT_USDT,4H,RegimeAdaptive,2024-02-19 00:00:00,2024-02-20 12:00:00,LONG,3.79873928,4.07751526,309.826141,85.0299,7.2246,TP,IS
13,R01_EMA_Cross,OP_USDT_USDT,4H,RegimeAdaptive,2024-02-25 20:00:00,2024-03-03 00:00:00,LONG,3.83284951,4.15444663,257.633952,81.7225,8.2759,TP,IS
13,R01_EMA_Cross,OP_USDT_USDT,4H,RegimeAdaptive,2024-03-24 16:00:00,2024-04-02 00:00:00,LONG,3.74222233,3.30610787,241.469285,-106.2443,-11.7575,SL,IS
13,R01_EMA_Cross,OP_USDT_USDT,4H,RegimeAdaptive,2024-04-20 16:00:00,2024-04-28 00:00:00,LONG,2.3867158,2.66956826,300.148607,84.0631,11.7346,TP,IS
13,R01_EMA_Cross,OP_USDT_USDT,4H,RegimeAdaptive,2024-06-05 08:00:00,2024-06-07 16:00:00,LONG,2.52305669,2.34059761,576.852855,-106.7951,-7.3377,SL,IS
13,R01_EMA_Cross,OP_USDT_USDT,4H,RegimeAdaptive,2024-10-20 16:00:00,2024-10-25 16:00:00,LONG,1.7815343,1.65280401,809.291384,-105.709,-7.3318,SL,IS
13,R01_EMA_Cross,OP_USDT_USDT,4H,RegimeAdaptive,2024-10-29 16:00:00,2024-11-01 20:00:00,LONG,1.70331084,1.53463947,610.673036,-104.0906,-10.0071,SL,IS
13,R01_EMA_Cross,OP_USDT_USDT,4H,RegimeAdaptive,2024-11-06 20:00:00,2024-11-10 12:00:00,LONG,1.58027394,1.72441297,359.583767,51.1765,9.0061,TP,IS
13,R01_EMA_Cross,OP_USDT_USDT,4H,RegimeAdaptive,2024-11-16 16:00:00,2024-11-21 12:00:00,LONG,1.67680289,1.90200842,509.681847,113.7799,13.3133,TP,IS
13,R01_EMA_Cross,OP_USDT_USDT,4H,RegimeAdaptive,2024-11-21 16:00:00,2024-11-27 20:00:00,LONG,2.11603462,2.45122528,200.628227,66.7447,15.7218,TP,IS
13,R01_EMA_Cross,OP_USDT_USDT,4H,RegimeAdaptive,2024-12-25 20:00:00,2025-01-06 12:00:00,LONG,1.9195757,2.13264707,478.645012,100.9188,10.9838,TP,IS
13,R01_EMA_Cross,OP_USDT_USDT,4H,RegimeAdaptive,2025-03-16 12:00:00,2025-03-17 16:00:00,SHORT,0.83994794,0.8962688,1873.385526,-107.2996,-6.819,SL,IS
13,R01_EMA_Cross,OP_USDT_USDT,4H,RegimeAdaptive,2025-03-18 20:00:00,2025-03-19 08:00:00,SHORT,0.85344389,0.91397411,1724.872743,-106.0836,-7.2064,SL,IS
13,R01_EMA_Cross,OP_USDT_USDT,4H,RegimeAdaptive,2025-03-21 12:00:00,2025-03-29 00:00:00,SHORT,0.84824545,0.81445963,1163.007277,38.2296,3.8752,TP,IS
13,R01_EMA_Cross,OP_USDT_USDT,4H,RegimeAdaptive,2025-05-09 04:00:00,2025-05-10 00:00:00,LONG,0.70641186,0.77373948,771.647456,51.325,9.4157,TP,IS
13,R01_EMA_Cross,OP_USDT_USDT,4H,RegimeAdaptive,2025-05-21 20:00:00,2025-05-22 20:00:00,LONG,0.73752119,0.82965066,1448.856566,132.2335,12.3749,TP,IS
13,R01_EMA_Cross,OP_USDT_USDT,4H,RegimeAdaptive,2025-05-26 16:00:00,2025-05-30 00:00:00,LONG,0.76542956,0.70598814,1774.302677,-106.903,-7.8715,SL,IS
13,R01_EMA_Cross,OP_USDT_USDT,4H,RegimeAdaptive,2025-07-28 00:00:00,2025-07-28 04:00:00,LONG,0.74292281,0.81526598,1313.032662,93.8637,9.6223,TP,IS
13,R01_EMA_Cross,OP_USDT_USDT,4H,RegimeAdaptive,2025-08-05 00:00:00,2025-08-08 16:00:00,LONG,0.70441126,0.76085756,1155.812328,64.3099,7.8989,TP,IS
13,R01_EMA_Cross,OP_USDT_USDT,4H,RegimeAdaptive,2025-11-12 20:00:00,2025-11-14 04:00:00,SHORT,0.39618111,0.37309851,1839.183453,41.675,5.7195,TP,IS
13,R01_EMA_Cross,OP_USDT_USDT,4H,RegimeAdaptive,2025-11-30 16:00:00,2025-12-01 00:00:00,SHORT,0.32070376,0.30932065,4733.858095,52.2457,3.4414,TP,IS
13,R01_EMA_Cross,OP_USDT_USDT,4H,RegimeAdaptive,2025-12-05 20:00:00,2025-12-09 16:00:00,SHORT,0.29841045,0.33289984,3098.123676,-107.9281,-11.6741,SL,IS
13,R01_EMA_Cross,OP_USDT_USDT,4H,RegimeAdaptive,2025-12-11 12:00:00,2025-12-15 12:00:00,SHORT,0.30680793,0.29168756,2535.670809,37.5056,4.821,TP,IS
13,R01_EMA_Cross,OP_USDT_USDT,4H,RegimeAdaptive,2026-01-09 20:00:00,2026-01-13 12:00:00,SHORT,0.31280613,0.34060215,3821.743004,-107.6027,-9.0009,SL,OOS
13,R01_EMA_Cross,OP_USDT_USDT,4H,RegimeAdaptive,2026-02-17 12:00:00,2026-02-18 16:00:00,SHORT,0.1872838,0.18055632,7879.154295,51.4128,3.4841,TP,OOS
13,R01_EMA_Cross,OP_USDT_USDT,4H,RegimeAdaptive,2026-03-02 08:00:00,2026-03-02 12:00:00,SHORT,0.12038387,0.12848854,13051.737023,-107.5664,-6.8461,SL,OOS
13,R01_EMA_Cross,OP_USDT_USDT,4H,RegimeAdaptive,2026-03-06 16:00:00,2026-03-08 00:00:00,SHORT,0.11965409,0.11402732,8259.516427,45.4128,4.5951,TP,OOS
13,R01_EMA_Cross,OP_USDT_USDT,4H,RegimeAdaptive,2026-03-12 04:00:00,2026-03-13 00:00:00,SHORT,0.11887433,0.12355706,22527.504527,-108.494,-4.0514,SL,OOS
13,R01_EMA_Cross,OP_USDT_USDT,4H,RegimeAdaptive,2026-03-19 08:00:00,2026-03-21 20:00:00,SHORT,0.12159351,0.11675201,5803.409286,27.3365,3.8739,TP,OOS
13,R01_EMA_Cross,OP_USDT_USDT,4H,RegimeAdaptive,2026-06-04 08:00:00,2026-06-05 16:00:00,SHORT,0.10768768,0.09801171,4076.733528,38.9852,8.8802,TP,OOS
13,R01_EMA_Cross,OP_USDT_USDT,4H,RegimeAdaptive,2026-06-19 08:00:00,2026-06-23 08:00:00,SHORT,0.10145955,0.09565448,9668.773121,55.0797,5.6147,TP,OOS
13,R01_EMA_Cross,OP_USDT_USDT,4H,RegimeAdaptive,2026-06-28 00:00:00,2026-06-30 12:00:00,SHORT,0.10075976,0.09546836,12212.307524,63.3022,5.1444,TP,OOS
13,R01_EMA_Cross,OP_USDT_USDT,4H,RegimeAdaptive,2026-07-08 00:00:00,2026-07-08 00:00:00,SHORT,0.1019694,0.0985097,11249.814797,37.6805,3.2847,TP,OOS
13,R01_EMA_Cross,OP_USDT_USDT,4H,RegimeAdaptive,2026-07-12 08:00:00,2026-07-13 16:00:00,SHORT,0.1012896,0.09755224,14795.588938,53.6784,3.5818,TP,OOS
13,R01_EMA_Cross,OP_USDT_USDT,4H,RegimeAdaptive,2026-07-16 12:00:00,2026-07-17 04:00:00,SHORT,0.09980005,0.09654872,22106.493004,69.4882,3.1496,TP,OOS
14,R15_Volume_Breakout,OP_USDT_USDT,4H,RegimeAdaptive,2022-07-27 20:00:00,2022-07-28 00:00:00,LONG,0.99279775,1.14105394,1115.628589,164.0895,14.815,TP,IS
14,R15_Volume_Breakout,OP_USDT_USDT,4H,RegimeAdaptive,2022-07-28 16:00:00,2022-07-29 00:00:00,LONG,1.3594077,1.58652919,740.764139,167.0432,16.5882,TP,IS
14,R15_Volume_Breakout,OP_USDT_USDT,4H,RegimeAdaptive,2022-08-19 12:00:00,2022-08-20 12:00:00,LONG,1.2333699,1.12278174,937.053782,-104.8414,-9.0714,SL,IS
14,R15_Volume_Breakout,OP_USDT_USDT,4H,RegimeAdaptive,2022-09-06 04:00:00,2022-09-06 16:00:00,SHORT,1.2036388,1.09408897,1537.679666,166.5093,8.9966,TP,IS
14,R15_Volume_Breakout,OP_USDT_USDT,4H,RegimeAdaptive,2022-09-13 16:00:00,2022-09-18 20:00:00,SHORT,1.19214225,1.01401567,965.597144,170.8269,14.8399,TP,IS
14,R15_Volume_Breakout,OP_USDT_USDT,4H,RegimeAdaptive,2022-09-19 00:00:00,2022-10-10 20:00:00,SHORT,0.92722175,0.8006766,1380.570984,173.3925,13.5453,TP,IS
14,R15_Volume_Breakout,OP_USDT_USDT,4H,RegimeAdaptive,2022-10-13 16:00:00,2022-10-20 16:00:00,LONG,0.7172151,0.67463713,2533.779257,-109.8228,-6.0433,SL,IS
14,R15_Volume_Breakout,OP_USDT_USDT,4H,RegimeAdaptive,2022-10-25 16:00:00,2022-10-25 16:00:00,LONG,0.8892667,0.97723271,1990.77235,173.0766,9.7765,TP,IS
14,R15_Volume_Breakout,OP_USDT_USDT,4H,RegimeAdaptive,2022-10-25 20:00:00,2022-10-26 20:00:00,LONG,1.0193057,1.13496924,1540.879955,176.3979,11.231,TP,IS
14,R15_Volume_Breakout,OP_USDT_USDT,4H,RegimeAdaptive,2022-11-04 08:00:00,2022-11-08 00:00:00,LONG,1.2823846,1.18829087,1171.005693,-111.7755,-7.4434,SL,IS
14,R15_Volume_Breakout,OP_USDT_USDT,4H,RegimeAdaptive,2022-11-08 20:00:00,2022-12-02 16:00:00,SHORT,0.96920915,1.12542684,697.003135,-109.6872,-16.2369,SL,IS
14,R15_Volume_Breakout,OP_USDT_USDT,4H,RegimeAdaptive,2023-01-04 04:00:00,2023-01-06 08:00:00,LONG,1.0193057,0.98719135,3380.217118,-112.2838,-3.2589,SL,IS
14,R15_Volume_Breakout,OP_USDT_USDT,4H,RegimeAdaptive,2023-01-09 00:00:00,2023-01-09 16:00:00,LONG,1.26287875,1.3602297,1795.926137,172.2441,7.5944,TP,IS
14,R15_Volume_Breakout,OP_USDT_USDT,4H,RegimeAdaptive,2023-01-21 00:00:00,2023-01-21 04:00:00,LONG,2.1446432,2.38890162,730.684083,176.6538,11.273,TP,IS
14,R15_Volume_Breakout,OP_USDT_USDT,4H,RegimeAdaptive,2023-01-25 16:00:00,2023-01-30 16:00:00,LONG,2.220666,2.01447954,534.668724,-111.4869,-9.3898,SL,IS
14,R15_Volume_Breakout,OP_USDT_USDT,4H,RegimeAdaptive,2023-02-01 20:00:00,2023-02-01 20:00:00,LONG,2.41922555,2.73820908,563.619426,178.1866,13.0681,TP,IS
14,R15_Volume_Breakout,OP_USDT_USDT,4H,RegimeAdaptive,2023-02-02 00:00:00,2023-02-02 16:00:00,LONG,2.72931855,3.09690282,497.195837,181.1681,13.3506,TP,IS
14,R15_Volume_Breakout,OP_USDT_USDT,4H,RegimeAdaptive,2023-02-03 16:00:00,2023-02-05 08:00:00,LONG,3.16744995,2.90396363,427.991418,-114.1991,-8.424,SL,IS
14,R15_Volume_Breakout,OP_USDT_USDT,4H,RegimeAdaptive,2023-02-14 16:00:00,2023-02-15 16:00:00,LONG,2.35220545,2.62625661,670.080053,181.8014,11.5344,TP,IS
14,R15_Volume_Breakout,OP_USDT_USDT,4H,RegimeAdaptive,2023-05-08 20:00:00,2023-05-10 12:00:00,SHORT,1.6754972,1.77420364,1151.756518,-115.8711,-6.0044,SL,IS
14,R15_Volume_Breakout,OP_USDT_USDT,4H,RegimeAdaptive,2023-05-17 20:00:00,2023-05-18 16:00:00,LONG,1.85865743,1.76173061,1160.958321,-114.8397,-5.322,SL,IS
14,R15_Volume_Breakout,OP_USDT_USDT,4H,RegimeAdaptive,2023-05-29 20:00:00,2023-05-30 12:00:00,SHORT,1.54923509,1.47321228,2375.79491,176.6652,4.7998,TP,IS
14,R15_Volume_Breakout,OP_USDT_USDT,4H,RegimeAdaptive,2023-05-30 16:00:00,2023-05-31 08:00:00,SHORT,1.48125549,1.39544116,2145.481536,180.7185,5.6865,TP,IS
14,R15_Volume_Breakout,OP_USDT_USDT,4H,RegimeAdaptive,2023-05-31 12:00:00,2023-06-02 08:00:00,SHORT,1.37238816,1.44620836,1558.048428,-117.4308,-5.4919,SL,IS
14,R15_Volume_Breakout,OP_USDT_USDT,4H,RegimeAdaptive,2023-06-05 16:00:00,2023-06-06 04:00:00,SHORT,1.35769257,1.41964605,1839.258133,-116.758,-4.6757,SL,IS
14,R15_Volume_Breakout,OP_USDT_USDT,4H,RegimeAdaptive,2023-06-10 04:00:00,2023-06-10 04:00:00,SHORT,1.24822542,1.13238286,1592.944879,182.4451,9.1757,TP,IS
14,R15_Volume_Breakout,OP_USDT_USDT,4H,RegimeAdaptive,2023-06-19 20:00:00,2023-06-20 12:00:00,LONG,1.12323687,1.19631325,2552.055382,183.2392,6.3923,TP,IS
14,R15_Volume_Breakout,OP_USDT_USDT,4H,RegimeAdaptive,2023-06-20 16:00:00,2023-06-20 16:00:00,LONG,1.20106021,1.27677464,2501.458145,185.9875,6.1905,TP,IS
14,R15_Volume_Breakout,OP_USDT_USDT,4H,RegimeAdaptive,2023-06-20 20:00:00,2023-06-21 16:00:00,LONG,1.33359996,1.431749,1965.547533,189.9271,7.2457,TP,IS
14,R15_Volume_Breakout,OP_USDT_USDT,4H,RegimeAdaptive,2023-07-14 16:00:00,2023-07-14 16:00:00,LONG,1.55266566,1.47470824,1540.527094,-122.6606,-5.1281,SL,IS
14,R15_Volume_Breakout,OP_USDT_USDT,4H,RegimeAdaptive,2023-07-30 16:00:00,2023-07-31 00:00:00,SHORT,1.5825251,1.63418841,2309.552044,-123.4051,-3.3764,SL,IS
14,R15_Volume_Breakout,OP_USDT_USDT,4H,RegimeAdaptive,2023-07-31 04:00:00,2023-07-31 08:00:00,LONG,1.67690292,1.78564094,1762.16485,188.2584,6.3709,TP,IS
14,R15_Volume_Breakout,OP_USDT_USDT,4H,RegimeAdaptive,2023-07-31 12:00:00,2023-08-01 00:00:00,SHORT,1.68499435,1.56424578,1615.940136,192.2346,7.0601,TP,IS
14,R15_Volume_Breakout,OP_USDT_USDT,4H,RegimeAdaptive,2023-08-07 20:00:00,2023-08-08 08:00:00,LONG,1.76863043,1.69999295,1772.534504,-125.0438,-3.9887,SL,IS
14,R15_Volume_Breakout,OP_USDT_USDT,4H,RegimeAdaptive,2023-08-18 00:00:00,2023-08-19 16:00:00,LONG,1.3644092,1.5008375,1443.643486,194.6788,9.8836,TP,IS
14,R15_Volume_Breakout,OP_USDT_USDT,4H,RegimeAdaptive,2023-08-22 20:00:00,2023-08-22 20:00:00,SHORT,1.53413962,1.5944596,2029.591792,-125.9173,-4.044,SL,IS
14,R15_Volume_Breakout,OP_USDT_USDT,4H,RegimeAdaptive,2023-10-02 16:00:00,2023-10-03 12:00:00,SHORT,1.419574,1.34959424,2800.949577,191.7438,4.8223,TP,IS
14,R15_Volume_Breakout,OP_USDT_USDT,4H,RegimeAdaptive,2023-10-09 20:00:00,2023-10-12 08:00:00,LONG,1.23657086,1.19546005,2996.477857,-127.1958,-3.4328,SL,IS
14,R15_Volume_Breakout,OP_USDT_USDT,4H,RegimeAdaptive,2023-10-16 16:00:00,2023-10-19 00:00:00,SHORT,1.2116364,1.16094254,3872.232775,191.2455,4.0762,TP,IS
14,R15_Volume_Breakout,OP_USDT_USDT,4H,RegimeAdaptive,2023-11-09 16:00:00,2023-11-09 16:00:00,LONG,1.64989482,1.58274516,1841.075607,-126.9009,-4.1777,SL,IS
14,R15_Volume_Breakout,OP_USDT_USDT,4H,RegimeAdaptive,2023-11-09 20:00:00,2023-11-09 20:00:00,LONG,1.5874761,1.74602227,1262.778515,197.8935,9.8718,TP,IS
14,R15_Volume_Breakout,OP_USDT_USDT,4H,RegimeAdaptive,2023-11-21 16:00:00,2023-11-21 20:00:00,LONG,1.68690592,1.60825535,1579.458998,-127.0879,-4.7699,SL,IS
14,R15_Volume_Breakout,OP_USDT_USDT,4H,RegimeAdaptive,2023-12-18 12:00:00,2023-12-18 20:00:00,LONG,2.03921158,2.23209831,1043.374852,198.802,9.3437,TP,IS
14,R15_Volume_Breakout,OP_USDT_USDT,4H,RegimeAdaptive,2023-12-21 20:00:00,2023-12-22 04:00:00,LONG,2.51805519,2.73364951,947.527575,201.5447,8.4472,TP,IS
14,R15_Volume_Breakout,OP_USDT_USDT,4H,RegimeAdaptive,2023-12-22 08:00:00,2023-12-22 12:00:00,LONG,2.7678301,3.02267198,815.335817,205.185,9.0922,TP,IS
14,R15_Volume_Breakout,OP_USDT_USDT,4H,RegimeAdaptive,2023-12-22 20:00:00,2023-12-22 20:00:00,LONG,3.21906543,3.54384071,650.844233,208.9572,9.9736,TP,IS
14,R15_Volume_Breakout,OP_USDT_USDT,4H,RegimeAdaptive,2023-12-23 00:00:00,2023-12-23 04:00:00,LONG,3.471041,3.24925546,590.266782,-133.0944,-6.4961,SL,IS
14,R15_Volume_Breakout,OP_USDT_USDT,4H,RegimeAdaptive,2023-12-27 16:00:00,2023-12-28 12:00:00,LONG,4.03430993,3.67158144,356.73845,-130.9111,-9.0961,SL,IS
14,R15_Volume_Breakout,OP_USDT_USDT,4H,RegimeAdaptive,2024-01-30 16:00:00,2024-01-31 00:00:00,LONG,3.1859555,3.05416038,975.690726,-131.9399,-4.2445,SL,IS
14,R15_Volume_Breakout,OP_USDT_USDT,4H,RegimeAdaptive,2024-02-05 16:00:00,2024-02-06 00:00:00,SHORT,3.04698563,3.14854588,1256.039488,-131.8437,-3.445,SL,IS
14,R15_Volume_Breakout,OP_USDT_USDT,4H,RegimeAdaptive,2024-02-06 08:00:00,2024-02-07 16:00:00,LONG,3.26627959,3.448491,1121.455244,200.2003,5.4655,TP,IS
14,R15_Volume_Breakout,OP_USDT_USDT,4H,RegimeAdaptive,2024-02-12 16:00:00,2024-02-13 12:00:00,LONG,3.78493514,3.63428404,849.563966,-131.4544,-4.0881,SL,IS
14,R15_Volume_Breakout,OP_USDT_USDT,4H,RegimeAdaptive,2024-02-20 20:00:00,2024-02-21 00:00:00,LONG,4.10123,3.88530727,585.530519,-129.0013,-5.3719,SL,IS
14,R15_Volume_Breakout,OP_USDT_USDT,4H,RegimeAdaptive,2024-04-13 20:00:00,2024-04-14 20:00:00,SHORT,2.07107849,2.29232074,564.289084,-126.1988,-10.7983,SL,IS
14,R15_Volume_Breakout,OP_USDT_USDT,4H,RegimeAdaptive,2024-04-27 20:00:00,2024-04-29 08:00:00,LONG,2.5927776,2.4595331,929.725905,-126.4644,-5.2462,SL,IS
14,R15_Volume_Breakout,OP_USDT_USDT,4H,RegimeAdaptive,2024-05-01 16:00:00,2024-05-01 20:00:00,SHORT,2.54093749,2.7310393,644.168662,-124.3254,-7.5957,SL,IS
14,R15_Volume_Breakout,OP_USDT_USDT,4H,RegimeAdaptive,2024-05-15 16:00:00,2024-05-16 12:00:00,LONG,2.46543941,2.35883723,1139.690571,-124.5175,-4.4315,SL,IS
14,R15_Volume_Breakout,OP_USDT_USDT,4H,RegimeAdaptive,2024-05-20 20:00:00,2024-05-21 12:00:00,LONG,2.79903946,2.98982679,1026.537306,192.5819,6.7024,TP,IS
14,R15_Volume_Breakout,OP_USDT_USDT,4H,RegimeAdaptive,2024-05-21 16:00:00,2024-05-22 12:00:00,SHORT,2.87463735,2.63504349,833.50594,197.1771,8.2293,TP,IS
14,R15_Volume_Breakout,OP_USDT_USDT,4H,RegimeAdaptive,2024-05-23 16:00:00,2024-06-02 20:00:00,SHORT,2.63780842,2.36478411,745.221849,201.4133,10.2461,TP,IS
14,R15_Volume_Breakout,OP_USDT_USDT,4H,RegimeAdaptive,2024-06-24 12:00:00,2024-06-27 12:00:00,LONG,1.70611168,1.82961619,1665.806448,202.4952,7.125,TP,IS
14,R15_Volume_Breakout,OP_USDT_USDT,4H,RegimeAdaptive,2024-07-05 04:00:00,2024-07-06 12:00:00,SHORT,1.27991591,1.37230339,1384.908815,-129.9684,-7.3322,SL,IS
14,R15_Volume_Breakout,OP_USDT_USDT,4H,RegimeAdaptive,2024-07-23 12:00:00,2024-07-23 16:00:00,LONG,1.92787819,1.82765516,1264.902101,-129.385,-5.3058,SL,IS
14,R15_Volume_Breakout,OP_USDT_USDT,4H,RegimeAdaptive,2024-08-04 20:00:00,2024-08-05 00:00:00,LONG,1.36480932,1.28140945,1503.152613,-127.5505,-6.2174,SL,IS
14,R15_Volume_Breakout,OP_USDT_USDT,4H,RegimeAdaptive,2024-08-28 00:00:00,2024-08-28 08:00:00,SHORT,1.37148843,1.43271695,2031.440417,-127.5152,-4.5768,SL,IS
14,R15_Volume_Breakout,OP_USDT_USDT,4H,RegimeAdaptive,2024-09-06 20:00:00,2024-09-07 04:00:00,SHORT,1.34139746,1.39500195,2298.232706,-126.6545,-4.1084,SL,IS
14,R15_Volume_Breakout,OP_USDT_USDT,4H,RegimeAdaptive,2024-10-15 16:00:00,2024-10-16 20:00:00,SHORT,1.72288298,1.79543511,1679.785679,-125.1225,-4.3234,SL,IS
14,R15_Volume_Breakout,OP_USDT_USDT,4H,RegimeAdaptive,2024-10-20 16:00:00,2024-10-21 12:00:00,LONG,1.7815343,1.72036485,1973.784038,-124.5369,-3.5416,SL,IS
14,R15_Volume_Breakout,OP_USDT_USDT,4H,RegimeAdaptive,2024-11-21 16:00:00,2024-11-25 12:00:00,LONG,2.11603462,2.39514863,701.363909,194.0203,13.0732,TP,IS
14,R15_Volume_Breakout,OP_USDT_USDT,4H,RegimeAdaptive,2024-12-04 16:00:00,2024-12-04 20:00:00,LONG,2.69400796,2.52782927,727.911032,-123.0539,-6.2751,SL,IS
14,R15_Volume_Breakout,OP_USDT_USDT,4H,RegimeAdaptive,2025-01-03 16:00:00,2025-01-06 00:00:00,LONG,2.00100012,2.13035141,1509.483568,191.8237,6.3508,TP,IS
14,R15_Volume_Breakout,OP_USDT_USDT,4H,RegimeAdaptive,2025-01-07 16:00:00,2025-01-08 04:00:00,SHORT,1.97690675,1.83745823,1425.548105,195.7999,6.9478,TP,IS
14,R15_Volume_Breakout,OP_USDT_USDT,4H,RegimeAdaptive,2025-01-13 12:00:00,2025-01-13 20:00:00,SHORT,1.60111952,1.68312596,1509.869025,-126.5463,-5.2346,SL,IS
14,R15_Volume_Breakout,OP_USDT_USDT,4H,RegimeAdaptive,2025-01-15 16:00:00,2025-01-17 20:00:00,LONG,1.84465323,1.98640601,1411.345635,197.0883,7.5703,TP,IS
14,R15_Volume_Breakout,OP_USDT_USDT,4H,RegimeAdaptive,2025-01-19 16:00:00,2025-01-19 20:00:00,LONG,1.87226151,1.75857872,1093.740254,-126.5236,-6.1786,SL,IS
14,R15_Volume_Breakout,OP_USDT_USDT,4H,RegimeAdaptive,2025-01-20 00:00:00,2025-01-20 04:00:00,SHORT,1.70618799,1.83472224,957.127522,-124.8877,-7.6476,SL,IS
14,R15_Volume_Breakout,OP_USDT_USDT,4H,RegimeAdaptive,2025-01-27 04:00:00,2025-02-02 00:00:00,SHORT,1.44586611,1.3072541,1441.770953,197.6636,9.4821,TP,IS
14,R15_Volume_Breakout,OP_USDT_USDT,4H,RegimeAdaptive,2025-02-02 20:00:00,2025-02-03 00:00:00,SHORT,1.15915215,1.00437497,1316.453255,202.1904,13.25,TP,IS
14,R15_Volume_Breakout,OP_USDT_USDT,4H,RegimeAdaptive,2025-02-17 16:00:00,2025-02-18 00:00:00,SHORT,1.16525032,1.21603408,2484.113478,-129.4061,-4.4706,SL,IS
14,R15_Volume_Breakout,OP_USDT_USDT,4H,RegimeAdaptive,2025-02-25 00:00:00,2025-02-25 16:00:00,SHORT,1.00229922,1.0646565,1998.011937,-126.862,-6.3348,SL,IS
14,R15_Volume_Breakout,OP_USDT_USDT,4H,RegimeAdaptive,2025-03-02 20:00:00,2025-03-03 04:00:00,LONG,1.16174842,1.09609761,1878.145347,-125.6341,-5.7579,SL,IS
14,R15_Volume_Breakout,OP_USDT_USDT,4H,RegimeAdaptive,2025-03-23 16:00:00,2025-03-24 04:00:00,SHORT,0.85104461,0.87878527,4419.229857,-126.7969,-3.3714,SL,IS
14,R15_Volume_Breakout,OP_USDT_USDT,4H,RegimeAdaptive,2025-04-03 00:00:00,2025-04-06 12:00:00,SHORT,0.70088967,0.63766469,3130.278409,195.6073,8.9156,TP,IS
14,R15_Volume_Breakout,OP_USDT_USDT,4H,RegimeAdaptive,2025-04-06 16:00:00,2025-04-06 20:00:00,SHORT,0.64000794,0.58927937,3958.309901,198.1232,7.8206,TP,IS
14,R15_Volume_Breakout,OP_USDT_USDT,4H,RegimeAdaptive,2025-05-11 00:00:00,2025-05-11 12:00:00,LONG,0.91017297,0.85560455,2284.904841,-126.9027,-6.1021,SL,IS
14,R15_Volume_Breakout,OP_USDT_USDT,4H,RegimeAdaptive,2025-05-29 04:00:00,2025-05-29 12:00:00,LONG,0.81164342,0.7685524,2865.76891,-125.9796,-5.4162,SL,IS
14,R15_Volume_Breakout,OP_USDT_USDT,4H,RegimeAdaptive,2025-06-05 20:00:00,2025-06-07 12:00:00,SHORT,0.60671793,0.6384444,3855.024441,-124.9464,-5.3421,SL,IS
14,R15_Volume_Breakout,OP_USDT_USDT,4H,RegimeAdaptive,2025-06-10 12:00:00,2025-06-11 12:00:00,LONG,0.69970985,0.74841177,4052.271354,194.1259,6.8465,TP,IS
14,R15_Volume_Breakout,OP_USDT_USDT,4H,RegimeAdaptive,2025-06-11 16:00:00,2025-06-11 20:00:00,LONG,0.73902164,0.70448721,3562.039415,-125.841,-4.7804,SL,IS
14,R15_Volume_Breakout,OP_USDT_USDT,4H,RegimeAdaptive,2025-06-13 04:00:00,2025-06-21 20:00:00,SHORT,0.58462456,0.51845221,3019.195911,197.9556,11.215,TP,IS
14,R15_Volume_Breakout,OP_USDT_USDT,4H,RegimeAdaptive,2025-06-22 16:00:00,2025-06-23 12:00:00,SHORT,0.47625708,0.50374347,4498.983217,-126.0858,-5.8845,SL,IS
14,R15_Volume_Breakout,OP_USDT_USDT,4H,RegimeAdaptive,2025-06-30 00:00:00,2025-06-30 04:00:00,LONG,0.60598174,0.58226446,5170.223617,-126.0026,-4.0217,SL,IS
14,R15_Volume_Breakout,OP_USDT_USDT,4H,RegimeAdaptive,2025-06-30 16:00:00,2025-07-01 20:00:00,SHORT,0.56712981,0.52668259,4889.718579,194.8339,7.0258,TP,IS
14,R15_Volume_Breakout,OP_USDT_USDT,4H,RegimeAdaptive,2025-07-06 12:00:00,2025-07-09 12:00:00,LONG,0.53426023,0.56332259,6878.73556,195.7598,5.3267,TP,IS
14,R15_Volume_Breakout,OP_USDT_USDT,4H,RegimeAdaptive,2025-07-28 08:00:00,2025-07-28 16:00:00,LONG,0.82174645,0.77493378,2669.940934,-127.3317,-5.8036,SL,IS
14,R15_Volume_Breakout,OP_USDT_USDT,4H,RegimeAdaptive,2025-08-13 16:00:00,2025-08-14 12:00:00,LONG,0.83855149,0.80062556,3266.303267,-126.8223,-4.6303,SL,IS
14,R15_Volume_Breakout,OP_USDT_USDT,4H,RegimeAdaptive,2025-08-22 16:00:00,2025-08-23 16:00:00,LONG,0.750225,0.80789061,3470.30924,197.1436,7.5722,TP,IS
14,R15_Volume_Breakout,OP_USDT_USDT,4H,RegimeAdaptive,2025-09-05 16:00:00,2025-09-08 00:00:00,SHORT,0.70768763,0.73296722,4940.031648,-128.7963,-3.6841,SL,IS
14,R15_Volume_Breakout,OP_USDT_USDT,4H,RegimeAdaptive,2025-09-09 04:00:00,2025-09-09 04:00:00,SHORT,0.75247419,0.77823173,4799.695134,-127.6691,-3.5349,SL,IS
14,R15_Volume_Breakout,OP_USDT_USDT,4H,RegimeAdaptive,2025-09-15 12:00:00,2025-09-16 20:00:00,SHORT,0.74937512,0.7803948,3937.921692,-125.4663,-4.2517,SL,IS
14,R15_Volume_Breakout,OP_USDT_USDT,4H,RegimeAdaptive,2025-09-17 20:00:00,2025-09-18 20:00:00,LONG,0.7932379,0.83839011,4343.376351,192.2153,5.579,TP,IS
14,R15_Volume_Breakout,OP_USDT_USDT,4H,RegimeAdaptive,2025-09-22 04:00:00,2025-09-22 04:00:00,SHORT,0.74587617,0.69802582,4175.485494,196.4825,6.3088,TP,IS
14,R15_Volume_Breakout,OP_USDT_USDT,4H,RegimeAdaptive,2025-10-01 12:00:00,2025-10-02 04:00:00,LONG,0.68810637,0.72451582,5552.855146,197.8621,5.1783,TP,IS
14,R15_Volume_Breakout,OP_USDT_USDT,4H,RegimeAdaptive,2025-10-07 16:00:00,2025-10-08 16:00:00,SHORT,0.70858736,0.73641037,4559.148672,-130.4726,-4.0387,SL,IS
14,R15_Volume_Breakout,OP_USDT_USDT,4H,RegimeAdaptive,2025-10-29 20:00:00,2025-10-30 04:00:00,LONG,0.44853452,0.43027681,6869.680809,-128.7451,-4.1783,SL,IS
14,R15_Volume_Breakout,OP_USDT_USDT,4H,RegimeAdaptive,2025-11-03 16:00:00,2025-11-07 00:00:00,SHORT,0.35379383,0.37770235,5179.613609,-125.9208,-6.8715,SL,IS
14,R15_Volume_Breakout,OP_USDT_USDT,4H,RegimeAdaptive,2025-12-01 04:00:00,2025-12-02 12:00:00,SHORT,0.29141255,0.30529803,8843.820162,-125.7032,-4.8775,SL,IS
14,R15_Volume_Breakout,OP_USDT_USDT,4H,RegimeAdaptive,2025-12-05 20:00:00,2025-12-06 16:00:00,SHORT,0.29841045,0.31308588,8279.922667,-124.2961,-5.0306,SL,IS
14,R15_Volume_Breakout,OP_USDT_USDT,4H,RegimeAdaptive,2025-12-15 16:00:00,2025-12-17 12:00:00,SHORT,0.29201237,0.30577497,8740.538383,-123.1663,-4.8256,SL,IS
14,R15_Volume_Breakout,OP_USDT_USDT,4H,RegimeAdaptive,2025-12-17 16:00:00,2025-12-18 16:00:00,SHORT,0.28731378,0.26572969,9002.533137,191.5732,7.4065,TP,IS
14,R15_Volume_Breakout,OP_USDT_USDT,4H,RegimeAdaptive,2025-12-18 20:00:00,2025-12-19 12:00:00,SHORT,0.25562329,0.2712131,7748.993423,-123.0507,-6.2121,SL,IS
14,R15_Volume_Breakout,OP_USDT_USDT,4H,RegimeAdaptive,2026-01-13 16:00:00,2026-01-13 20:00:00,LONG,0.34380311,0.3669127,8437.69947,191.6935,6.6081,TP,OOS
14,R15_Volume_Breakout,OP_USDT_USDT,4H,RegimeAdaptive,2026-01-25 20:00:00,2026-01-26 00:00:00,SHORT,0.28031588,0.2930038,9592.146495,-124.729,-4.6388,SL,OOS
14,R15_Volume_Breakout,OP_USDT_USDT,4H,RegimeAdaptive,2026-01-29 16:00:00,2026-01-31 12:00:00,SHORT,0.26761969,0.24756589,9800.162006,193.7536,7.3875,TP,OOS
14,R15_Volume_Breakout,OP_USDT_USDT,4H,RegimeAdaptive,2026-02-18 20:00:00,2026-02-19 00:00:00,SHORT,0.17283813,0.16010935,15685.980618,196.791,7.2586,TP,OOS
14,R15_Volume_Breakout,OP_USDT_USDT,4H,RegimeAdaptive,2026-02-19 04:00:00,2026-02-19 04:00:00,SHORT,0.15981204,0.14582111,14535.938198,200.9279,8.6494,TP,OOS
14,R15_Volume_Breakout,OP_USDT_USDT,4H,RegimeAdaptive,2026-02-19 08:00:00,2026-02-20 00:00:00,SHORT,0.14619613,0.13065067,13324.402364,205.105,10.5291,TP,OOS
14,R15_Volume_Breakout,OP_USDT_USDT,4H,RegimeAdaptive,2026-02-20 04:00:00,2026-02-28 04:00:00,SHORT,0.12910126,0.11229172,12547.302926,209.2485,12.9176,TP,OOS
14,R15_Volume_Breakout,OP_USDT_USDT,4H,RegimeAdaptive,2026-04-08 00:00:00,2026-04-08 20:00:00,LONG,0.11876562,0.11460257,31407.880561,-134.7839,-3.6133,SL,OOS
14,R15_Volume_Breakout,OP_USDT_USDT,4H,RegimeAdaptive,2026-04-14 16:00:00,2026-04-15 12:00:00,SHORT,0.11326601,0.11768222,29291.705489,-133.0791,-4.0111,SL,OOS
14,R15_Volume_Breakout,OP_USDT_USDT,4H,RegimeAdaptive,2026-04-16 16:00:00,2026-04-16 16:00:00,LONG,0.13053915,0.12536237,24711.015106,-131.4014,-4.0735,SL,OOS
14,R15_Volume_Breakout,OP_USDT_USDT,4H,RegimeAdaptive,2026-04-25 12:00:00,2026-04-27 12:00:00,SHORT,0.12834149,0.1203411,25735.552991,202.3743,6.1271,TP,OOS
14,R15_Volume_Breakout,OP_USDT_USDT,4H,RegimeAdaptive,2026-05-13 16:00:00,2026-05-16 04:00:00,SHORT,0.14449664,0.13394993,19886.844535,206.6952,7.1929,TP,OOS
14,R15_Volume_Breakout,OP_USDT_USDT,4H,RegimeAdaptive,2026-06-02 16:00:00,2026-06-03 04:00:00,SHORT,0.11667499,0.12350067,19115.827837,-133.0036,-5.9634,SL,OOS
14,R15_Volume_Breakout,OP_USDT_USDT,4H,RegimeAdaptive,2026-06-24 16:00:00,2026-06-24 20:00:00,SHORT,0.09841047,0.10307651,27710.204728,-132.3679,-4.854,SL,OOS
14,R15_Volume_Breakout,OP_USDT_USDT,4H,RegimeAdaptive,2026-07-13 08:00:00,2026-07-15 12:00:00,SHORT,0.09960011,0.1034967,32884.566864,-131.8108,-4.0244,SL,OOS
14,R15_Volume_Breakout,OP_USDT_USDT,4H,RegimeAdaptive,2026-07-27 16:00:00,2026-07-27 20:00:00,SHORT,0.09093271,0.08669852,48388.215981,200.1577,4.549,TP,OOS
14,R15_Volume_Breakout,OP_USDT_USDT,4H,RegimeAdaptive,2026-07-28 00:00:00,2026-07-30 00:00:00,SHORT,0.08703388,0.09008544,42254.420328,-133.0581,-3.6181,SL,OOS
14,R15_Volume_Breakout,OP_USDT_USDT,4H,RegimeAdaptive,2026-08-17 00:00:00,2026-08-18 00:00:00,LONG,0.08338501,0.0810429,54564.815079,-132.7313,-2.9172,SL,OOS
15,R01_EMA_Cross,INJ_USDT_USDT,1H,RegimeAdaptive,2022-08-30 16:00:00,2022-09-01 07:00:00,SHORT,1.5285413,1.49176751,917.778938,32.2256,2.2971,TP,IS
15,R01_EMA_Cross,INJ_USDT_USDT,1H,RegimeAdaptive,2022-09-03 05:00:00,2022-09-04 20:00:00,SHORT,1.5185443,1.5774731,1716.209989,-104.0566,-3.9927,SL,IS
15,R01_EMA_Cross,INJ_USDT_USDT,1H,RegimeAdaptive,2022-09-05 14:00:00,2022-09-06 00:00:00,SHORT,1.5425371,1.62698795,1182.447135,-101.92,-5.5878,SL,IS
15,R01_EMA_Cross,INJ_USDT_USDT,1H,RegimeAdaptive,2022-09-06 18:00:00,2022-09-06 20:00:00,SHORT,1.5075476,1.46014594,675.56459,30.9202,3.036,TP,IS
15,R01_EMA_Cross,INJ_USDT_USDT,1H,RegimeAdaptive,2022-09-08 11:00:00,2022-09-08 12:00:00,SHORT,1.5285413,1.4890497,1360.384509,51.466,2.475,TP,IS
15,R01_EMA_Cross,INJ_USDT_USDT,1H,RegimeAdaptive,2022-09-10 18:00:00,2022-09-11 10:00:00,SHORT,1.62301295,1.7385214,861.717495,-101.1288,-7.2308,SL,IS
15,R01_EMA_Cross,INJ_USDT_USDT,1H,RegimeAdaptive,2022-09-13 17:00:00,2022-09-14 18:00:00,SHORT,1.71798445,1.60818154,294.064443,31.7512,6.2849,TP,IS
15,R01_EMA_Cross,INJ_USDT_USDT,1H,RegimeAdaptive,2022-09-16 09:00:00,2022-09-17 00:00:00,SHORT,1.59302195,1.6845052,1081.497966,-100.8885,-5.8559,SL,IS
15,R01_EMA_Cross,INJ_USDT_USDT,1H,RegimeAdaptive,2022-09-18 07:00:00,2022-09-18 09:00:00,SHORT,1.6505047,1.62497578,1803.558662,42.7938,1.4376,TP,IS
15,R01_EMA_Cross,INJ_USDT_USDT,1H,RegimeAdaptive,2022-09-20 19:00:00,2022-09-21 08:00:00,SHORT,1.5325401,1.4822047,983.427781,47.8706,3.1762,TP,IS
15,R01_EMA_Cross,INJ_USDT_USDT,1H,RegimeAdaptive,2022-09-23 12:00:00,2022-09-23 22:00:00,SHORT,1.48005585,1.5654695,1157.117173,-100.7718,-5.8841,SL,IS
15,R01_EMA_Cross,INJ_USDT_USDT,1H,RegimeAdaptive,2022-09-27 18:00:00,2022-09-28 02:00:00,SHORT,1.72998085,1.65821693,817.369444,57.1345,4.0405,TP,IS
15,R01_EMA_Cross,INJ_USDT_USDT,1H,RegimeAdaptive,2022-09-30 12:00:00,2022-09-30 15:00:00,SHORT,1.659502,1.71001285,1957.157509,-102.4848,-3.1554,SL,IS
15,R01_EMA_Cross,INJ_USDT_USDT,1H,RegimeAdaptive,2022-10-01 07:00:00,2022-10-01 20:00:00,SHORT,1.67399765,1.6439525,1233.454967,34.8084,1.6858,TP,IS
15,R01_EMA_Cross,INJ_USDT_USDT,1H,RegimeAdaptive,2022-11-16 14:00:00,2022-11-19 06:00:00,SHORT,1.72798145,1.67787948,620.866971,29.9436,2.791,TP,IS
15,R01_EMA_Cross,INJ_USDT_USDT,1H,RegimeAdaptive,2022-11-20 12:00:00,2022-11-20 20:00:00,SHORT,1.6774966,1.64829957,1422.945932,38.943,1.6315,TP,IS
15,R01_EMA_Cross,INJ_USDT_USDT,1H,RegimeAdaptive,2022-11-24 13:00:00,2022-11-25 02:00:00,SHORT,1.63400965,1.59007228,661.300307,27.8832,2.5804,TP,IS
15,R01_EMA_Cross,INJ_USDT_USDT,1H,RegimeAdaptive,2022-11-26 19:00:00,2022-11-27 07:00:00,SHORT,1.60501835,1.57880602,2045.467287,50.0346,1.524,TP,IS
15,R01_EMA_Cross,INJ_USDT_USDT,1H,RegimeAdaptive,2022-12-01 16:00:00,2022-12-02 02:00:00,SHORT,1.69199225,1.63784441,1072.140574,56.0906,3.092,TP,IS
15,R01_EMA_Cross,INJ_USDT_USDT,1H,RegimeAdaptive,2022-12-05 21:00:00,2022-12-07 07:00:00,SHORT,1.62501235,1.59473516,1613.43209,45.993,1.7542,TP,IS
15,R01_EMA_Cross,INJ_USDT_USDT,1H,RegimeAdaptive,2022-12-11 20:00:00,2022-12-11 20:00:00,SHORT,1.6585023,1.64369569,3164.233511,41.1047,0.7833,TP,IS
15,R01_EMA_Cross,INJ_USDT_USDT,1H,RegimeAdaptive,2022-12-13 11:00:00,2022-12-15 23:00:00,SHORT,1.60601805,1.56946653,1042.666089,36.29,2.1672,TP,IS
15,R01_EMA_Cross,INJ_USDT_USDT,1H,RegimeAdaptive,2023-01-17 10:00:00,2023-01-18 15:00:00,LONG,1.64699395,1.57102855,1330.438061,-103.422,-4.7198,SL,IS
15,R01_EMA_Cross,INJ_USDT_USDT,1H,RegimeAdaptive,2023-01-20 01:00:00,2023-01-20 20:00:00,LONG,1.5374611,1.61336954,1235.451718,91.6402,4.8245,TP,IS
15,R01_EMA_Cross,INJ_USDT_USDT,1H,RegimeAdaptive,2023-01-25 15:00:00,2023-01-26 12:00:00,LONG,2.40822225,2.62245254,160.330253,33.904,8.7809,TP,IS
15,R01_EMA_Cross,INJ_USDT_USDT,1H,RegimeAdaptive,2023-01-29 22:00:00,2023-01-30 10:00:00,LONG,2.5747722,2.69463776,1024.3105,119.8109,4.5428,TP,IS
15,R01_EMA_Cross,INJ_USDT_USDT,1H,RegimeAdaptive,2023-02-03 14:00:00,2023-02-04 10:00:00,LONG,3.77663265,4.11430133,382.021315,127.3387,8.8261,TP,IS
15,R01_EMA_Cross,INJ_USDT_USDT,1H,RegimeAdaptive,2023-02-07 07:00:00,2023-02-07 18:00:00,LONG,4.0352102,4.35533523,168.322222,53.1074,7.8189,TP,IS
15,R01_EMA_Cross,INJ_USDT_USDT,1H,RegimeAdaptive,2023-02-11 16:00:00,2023-02-12 17:00:00,LONG,3.23647065,3.45457217,654.151516,140.2641,6.6252,TP,IS
15,R01_EMA_Cross,INJ_USDT_USDT,1H,RegimeAdaptive,2023-02-14 07:00:00,2023-02-14 14:00:00,LONG,3.26047785,3.45846697,597.043645,116.0018,5.9591,TP,IS
15,R01_EMA_Cross,INJ_USDT_USDT,1H,RegimeAdaptive,2023-02-17 14:00:00,2023-02-18 08:00:00,LONG,3.9461835,4.21919463,311.803992,83.7257,6.8046,TP,IS
15,R01_EMA_Cross,INJ_USDT_USDT,1H,RegimeAdaptive,2023-02-21 02:00:00,2023-02-21 13:00:00,LONG,4.25577635,4.0567826,541.337384,-110.1977,-4.7833,SL,IS
15,R01_EMA_Cross,INJ_USDT_USDT,1H,RegimeAdaptive,2023-02-23 06:00:00,2023-02-23 14:00:00,LONG,3.9081721,4.1020903,404.940973,76.7414,4.8491,TP,IS
15,R01_EMA_Cross,INJ_USDT_USDT,1H,RegimeAdaptive,2023-02-26 10:00:00,2023-02-26 18:00:00,LONG,3.6460935,3.81562068,288.384338,47.7055,4.537,TP,IS
15,R01_EMA_Cross,INJ_USDT_USDT,1H,RegimeAdaptive,2023-03-01 06:00:00,2023-03-03 01:00:00,LONG,3.69160715,3.44946485,444.641412,-109.4129,-6.6657,SL,IS
15,R01_EMA_Cross,INJ_USDT_USDT,1H,RegimeAdaptive,2023-03-04 01:00:00,2023-03-04 10:00:00,LONG,3.6580971,3.4259719,459.166709,-108.3732,-6.452,SL,IS
15,R01_EMA_Cross,INJ_USDT_USDT,1H,RegimeAdaptive,2023-03-05 14:00:00,2023-03-07 15:00:00,LONG,3.43953155,3.10056955,310.7058,-106.4351,-9.9595,SL,IS
15,R01_EMA_Cross,INJ_USDT_USDT,1H,RegimeAdaptive,2023-03-21 15:00:00,2023-03-25 18:00:00,LONG,4.26577935,3.8598417,256.841196,-105.4094,-9.6209,SL,IS
15,R01_EMA_Cross,INJ_USDT_USDT,1H,RegimeAdaptive,2023-03-26 14:00:00,2023-03-27 15:00:00,LONG,4.08272445,3.7808654,342.20669,-104.7782,-7.4995,SL,IS
15,R01_EMA_Cross,INJ_USDT_USDT,1H,RegimeAdaptive,2023-03-28 19:00:00,2023-03-28 19:00:00,LONG,3.931179,4.19911926,336.535195,88.6665,6.702,TP,IS
15,R01_EMA_Cross,INJ_USDT_USDT,1H,RegimeAdaptive,2023-04-03 09:00:00,2023-04-03 19:00:00,LONG,5.32109585,5.74112912,216.49747,89.6189,7.7794,TP,IS
15,R01_EMA_Cross,INJ_USDT_USDT,1H,RegimeAdaptive,2023-04-05 20:00:00,2023-04-06 09:00:00,LONG,5.6326893,5.2444262,268.031699,-105.6703,-6.9992,SL,IS
15,R01_EMA_Cross,INJ_USDT_USDT,1H,RegimeAdaptive,2023-04-06 17:00:00,2023-04-10 18:00:00,LONG,5.681704,6.03722518,196.077032,68.4457,6.1439,TP,IS
15,R01_EMA_Cross,INJ_USDT_USDT,1H,RegimeAdaptive,2023-04-19 15:00:00,2023-04-19 22:00:00,LONG,9.06021725,8.167549,116.008474,-104.6563,-9.9572,SL,IS
15,R01_EMA_Cross,INJ_USDT_USDT,1H,RegimeAdaptive,2023-04-23 00:00:00,2023-04-23 16:00:00,LONG,7.60578105,7.0868733,197.813333,-104.2454,-6.9288,SL,IS
15,R01_EMA_Cross,INJ_USDT_USDT,1H,RegimeAdaptive,2023-04-25 01:00:00,2023-04-25 13:00:00,LONG,6.93758065,7.38601034,199.541686,87.9084,6.3502,TP,IS
15,R01_EMA_Cross,INJ_USDT_USDT,1H,RegimeAdaptive,2023-05-02 19:00:00,2023-05-03 13:00:00,LONG,8.00490075,7.4437662,182.613482,-104.0224,-7.116,SL,IS
15,R01_EMA_Cross,INJ_USDT_USDT,1H,RegimeAdaptive,2023-05-04 00:00:00,2023-05-06 12:00:00,LONG,7.93588005,7.3018088,159.876212,-102.7128,-8.0955,SL,IS
15,R01_EMA_Cross,INJ_USDT_USDT,1H,RegimeAdaptive,2023-06-28 11:00:00,2023-06-28 18:00:00,LONG,7.67480175,7.39628045,361.906722,-103.7986,-3.737,SL,IS
15,R01_EMA_Cross,INJ_USDT_USDT,1H,RegimeAdaptive,2023-06-29 07:00:00,2023-06-30 00:00:00,LONG,7.6052809,8.03088865,169.366266,70.6271,5.4831,TP,IS
15,R01_EMA_Cross,INJ_USDT_USDT,1H,RegimeAdaptive,2023-07-02 22:00:00,2023-07-05 14:00:00,LONG,8.70010925,8.2215328,209.329571,-102.1284,-5.6078,SL,IS
15,R01_EMA_Cross,INJ_USDT_USDT,1H,RegimeAdaptive,2023-07-08 17:00:00,2023-07-09 04:00:00,LONG,8.0534153,8.32064393,408.600702,105.5101,3.2064,TP,IS
15,R01_EMA_Cross,INJ_USDT_USDT,1H,RegimeAdaptive,2023-07-11 00:00:00,2023-07-13 17:00:00,LONG,8.11693435,8.41626745,286.95367,83.2854,3.5757,TP,IS
15,R01_EMA_Cross,INJ_USDT_USDT,1H,RegimeAdaptive,2023-07-17 15:00:00,2023-07-20 10:00:00,LONG,9.21126255,9.68750962,165.819933,77.2477,5.0574,TP,IS
15,R01_EMA_Cross,INJ_USDT_USDT,1H,RegimeAdaptive,2023-07-26 20:00:00,2023-07-30 19:00:00,LONG,8.1064312,7.80415805,337.753766,-105.0495,-3.8368,SL,IS
15,R01_EMA_Cross,INJ_USDT_USDT,1H,RegimeAdaptive,2023-08-24 15:00:00,2023-08-24 20:00:00,SHORT,7.4797554,7.37324559,260.907758,25.6578,1.3148,TP,IS
15,R01_EMA_Cross,INJ_USDT_USDT,1H,RegimeAdaptive,2023-08-27 10:00:00,2023-08-27 11:00:00,SHORT,7.1988397,7.12881471,1102.552048,68.5179,0.8633,TP,IS
15,R01_EMA_Cross,INJ_USDT_USDT,1H,RegimeAdaptive,2023-08-31 02:00:00,2023-08-31 05:00:00,SHORT,7.06438005,7.212163,694.919577,-108.1538,-2.2031,SL,IS
15,R01_EMA_Cross,INJ_USDT_USDT,1H,RegimeAdaptive,2023-08-31 17:00:00,2023-08-31 17:00:00,SHORT,6.9529135,6.8311132,285.96537,32.6627,1.6428,TP,IS
15,R01_EMA_Cross,INJ_USDT_USDT,1H,RegimeAdaptive,2023-09-04 16:00:00,2023-09-07 21:00:00,SHORT,6.8039582,6.96758965,621.753891,-106.4479,-2.5163,SL,IS
15,R01_EMA_Cross,INJ_USDT_USDT,1H,RegimeAdaptive,2023-09-08 11:00:00,2023-09-08 16:00:00,SHORT,6.82645145,6.74596393,447.536198,32.6803,1.0697,TP,IS
15,R01_EMA_Cross,INJ_USDT_USDT,1H,RegimeAdaptive,2023-09-11 09:00:00,2023-09-11 10:00:00,SHORT,6.5650299,6.46777201,687.73883,61.9583,1.3723,TP,IS
15,R01_EMA_Cross,INJ_USDT_USDT,1H,RegimeAdaptive,2023-09-14 07:00:00,2023-09-14 23:00:00,SHORT,6.90742715,7.0501144,713.659499,-107.3086,-2.1768,SL,IS
15,R01_EMA_Cross,INJ_USDT_USDT,1H,RegimeAdaptive,2023-09-16 20:00:00,2023-09-17 00:00:00,SHORT,7.17734615,7.07906618,371.501528,33.5982,1.2601,TP,IS
15,R01_EMA_Cross,INJ_USDT_USDT,1H,RegimeAdaptive,2023-10-31 23:00:00,2023-11-01 13:00:00,LONG,13.97369085,14.85848075,85.686482,74.4557,6.2183,TP,IS
15,R01_EMA_Cross,INJ_USDT_USDT,1H,RegimeAdaptive,2023-11-03 22:00:00,2023-11-05 14:00:00,LONG,14.8354493,15.81359248,101.913428,97.968,6.4797,TP,IS
15,R01_EMA_Cross,INJ_USDT_USDT,1H,RegimeAdaptive,2023-11-09 07:00:00,2023-11-09 16:00:00,LONG,17.38971535,16.58852195,127.237289,-104.3195,-4.7147,SL,IS
15,R01_EMA_Cross,INJ_USDT_USDT,1H,RegimeAdaptive,2023-11-10 13:00:00,2023-11-14 00:00:00,LONG,17.79383655,15.1104655,37.428595,-101.1122,-15.182,SL,IS
15,R01_EMA_Cross,INJ_USDT_USDT,1H,RegimeAdaptive,2023-11-15 07:00:00,2023-11-15 12:00:00,LONG,16.1498435,17.30649517,55.734244,63.4395,7.0481,TP,IS
15,R01_EMA_Cross,INJ_USDT_USDT,1H,RegimeAdaptive,2023-11-18 19:00:00,2023-11-20 09:00:00,LONG,16.1018291,16.98085385,99.905435,86.0015,5.3462,TP,IS
15,R01_EMA_Cross,INJ_USDT_USDT,1H,RegimeAdaptive,2023-11-22 15:00:00,2023-11-22 20:00:00,LONG,15.49614745,16.37467536,76.28711,65.6831,5.5562,TP,IS
15,R01_EMA_Cross,INJ_USDT_USDT,1H,RegimeAdaptive,2023-11-24 12:00:00,2023-11-24 16:00:00,LONG,15.464638,16.1479247,170.246371,113.367,4.306,TP,IS
15,R01_EMA_Cross,INJ_USDT_USDT,1H,RegimeAdaptive,2023-11-26 21:00:00,2023-11-27 19:00:00,LONG,16.7720301,16.15665155,167.95057,-106.3949,-3.7771,SL,IS
15,R01_EMA_Cross,INJ_USDT_USDT,1H,RegimeAdaptive,2023-11-28 18:00:00,2023-11-30 04:00:00,LONG,16.89356655,17.89499904,79.45939,78.0529,5.8146,TP,IS
15,R01_EMA_Cross,INJ_USDT_USDT,1H,RegimeAdaptive,2023-12-02 05:00:00,2023-12-02 23:00:00,LONG,18.3395002,17.7166834,165.59583,-106.4198,-3.5042,SL,IS
15,R01_EMA_Cross,INJ_USDT_USDT,1H,RegimeAdaptive,2023-12-06 00:00:00,2023-12-07 16:00:00,LONG,17.19865805,18.17391628,73.665539,70.4098,5.5574,TP,IS
15,R01_EMA_Cross,INJ_USDT_USDT,1H,RegimeAdaptive,2023-12-07 17:00:00,2023-12-08 04:00:00,LONG,18.1234354,19.17720431,68.228835,70.4977,5.7012,TP,IS
15,R01_EMA_Cross,INJ_USDT_USDT,1H,RegimeAdaptive,2023-12-10 17:00:00,2023-12-10 20:00:00,LONG,19.5698692,20.56587193,81.019291,78.907,4.9767,TP,IS
15,R01_EMA_Cross,INJ_USDT_USDT,1H,RegimeAdaptive,2023-12-13 17:00:00,2023-12-13 19:00:00,LONG,25.71921345,28.22296542,56.397908,139.5331,9.6196,TP,IS
15,R01_EMA_Cross,INJ_USDT_USDT,1H,RegimeAdaptive,2023-12-16 17:00:00,2023-12-17 05:00:00,LONG,32.48224175,28.81685235,28.655219,-105.9986,-11.3881,SL,IS
15,R01_EMA_Cross,INJ_USDT_USDT,1H,RegimeAdaptive,2023-12-17 22:00:00,2023-12-18 15:00:00,LONG,30.7212136,32.87496861,42.550015,90.154,6.8968,TP,IS
15,R01_EMA_Cross,INJ_USDT_USDT,1H,RegimeAdaptive,2023-12-21 20:00:00,2023-12-22 13:00:00,LONG,42.1046276,37.908624,25.002533,-106.011,-10.0702,SL,IS
15,R01_EMA_Cross,INJ_USDT_USDT,1H,RegimeAdaptive,2023-12-23 07:00:00,2023-12-24 00:00:00,LONG,40.30558805,43.28702627,31.763037,93.2392,7.283,TP,IS
15,R01_EMA_Cross,INJ_USDT_USDT,1H,RegimeAdaptive,2023-12-25 15:00:00,2023-12-26 09:00:00,LONG,42.8378475,39.678093,33.196834,-106.4004,-7.482,SL,IS
15,R01_EMA_Cross,INJ_USDT_USDT,1H,RegimeAdaptive,2023-12-27 20:00:00,2023-12-28 12:00:00,LONG,39.18325145,36.239125,35.262769,-105.2808,-7.6196,SL,IS
15,R01_EMA_Cross,INJ_USDT_USDT,1H,RegimeAdaptive,2023-12-29 12:00:00,2023-12-30 08:00:00,LONG,37.36570635,34.50414565,35.908225,-104.173,-7.764,SL,IS
15,R01_EMA_Cross,INJ_USDT_USDT,1H,RegimeAdaptive,2023-12-30 18:00:00,2023-12-31 07:00:00,LONG,36.31839225,38.67295529,44.724116,103.4611,6.3695,TP,IS
15,R01_EMA_Cross,INJ_USDT_USDT,1H,RegimeAdaptive,2024-01-01 15:00:00,2024-01-02 09:00:00,LONG,38.0564135,40.18867779,34.171427,71.392,5.4898,TP,IS
15,R01_EMA_Cross,INJ_USDT_USDT,1H,RegimeAdaptive,2024-01-24 09:00:00,2024-01-28 03:00:00,LONG,34.130236,36.43985593,26.798969,60.8553,6.6534,TP,IS
15,R01_EMA_Cross,INJ_USDT_USDT,1H,RegimeAdaptive,2024-02-12 01:00:00,2024-02-12 02:00:00,LONG,35.7317163,34.79105955,111.476344,-109.1849,-2.7411,SL,IS
15,R01_EMA_Cross,INJ_USDT_USDT,1H,RegimeAdaptive,2024-02-12 18:00:00,2024-02-15 12:00:00,LONG,35.7857325,34.0207907,58.47345,-105.4472,-5.0393,SL,IS
15,R01_EMA_Cross,INJ_USDT_USDT,1H,RegimeAdaptive,2024-02-16 07:00:00,2024-02-17 22:00:00,LONG,35.49414505,37.47314795,31.360791,60.8045,5.4625,TP,IS
15,R01_EMA_Cross,INJ_USDT_USDT,1H,RegimeAdaptive,2024-02-20 05:00:00,2024-02-20 15:00:00,LONG,38.95518305,36.019191,34.923912,-103.9764,-7.6427,SL,IS
15,R01_EMA_Cross,INJ_USDT_USDT,1H,RegimeAdaptive,2024-02-22 16:00:00,2024-02-23 03:00:00,LONG,35.54716095,33.65739975,53.796442,-103.7101,-5.4233,SL,IS
15,R01_EMA_Cross,INJ_USDT_USDT,1H,RegimeAdaptive,2024-02-24 11:00:00,2024-02-25 20:00:00,LONG,34.34780125,35.89965157,42.682497,64.5878,4.4056,TP,IS
15,R01_EMA_Cross,INJ_USDT_USDT,1H,RegimeAdaptive,2024-03-01 10:00:00,2024-03-03 07:00:00,LONG,43.3249936,39.83454605,28.957319,-102.3984,-8.162,SL,IS
15,R01_EMA_Cross,INJ_USDT_USDT,1H,RegimeAdaptive,2024-03-04 23:00:00,2024-03-05 19:00:00,LONG,41.49094355,38.58842,34.488347,-101.6222,-7.1017,SL,IS
15,R01_EMA_Cross,INJ_USDT_USDT,1H,RegimeAdaptive,2024-03-06 22:00:00,2024-03-07 10:00:00,LONG,39.4188221,42.66577065,27.808563,89.0375,8.1225,TP,IS
15,R01_EMA_Cross,INJ_USDT_USDT,1H,RegimeAdaptive,2024-03-11 10:00:00,2024-03-11 18:00:00,LONG,41.65499275,43.89020675,26.153173,57.2274,5.2531,TP,IS
15,R01_EMA_Cross,INJ_USDT_USDT,1H,RegimeAdaptive,2024-03-14 10:00:00,2024-03-14 19:00:00,LONG,50.2320651,47.17034465,32.862396,-102.376,-6.2018,SL,IS
15,R01_EMA_Cross,INJ_USDT_USDT,1H,RegimeAdaptive,2024-03-24 13:00:00,2024-03-25 09:00:00,LONG,36.11133015,37.3181954,82.171976,95.8519,3.2302,TP,IS
15,R01_EMA_Cross,INJ_USDT_USDT,1H,RegimeAdaptive,2024-03-29 00:00:00,2024-03-29 07:00:00,LONG,38.5235536,37.1658469,74.326823,-104.0082,-3.6324,SL,IS
15,R01_EMA_Cross,INJ_USDT_USDT,1H,RegimeAdaptive,2024-03-31 08:00:00,2024-04-01 05:00:00,LONG,37.41372075,35.6972876,58.066345,-102.0019,-4.6952,SL,IS
15,R01_EMA_Cross,INJ_USDT_USDT,1H,RegimeAdaptive,2024-04-03 04:00:00,2024-04-05 09:00:00,LONG,33.94067915,31.2036361,35.937126,-99.6491,-8.1698,SL,IS
15,R01_EMA_Cross,INJ_USDT_USDT,1H,RegimeAdaptive,2024-04-17 00:00:00,2024-04-17 18:00:00,LONG,25.0265057,27.03825038,52.461833,104.0375,7.924,TP,IS
15,R01_EMA_Cross,INJ_USDT_USDT,1H,RegimeAdaptive,2024-04-22 06:00:00,2024-04-23 07:00:00,LONG,29.2907846,27.7566705,64.274364,-100.6209,-5.3447,SL,IS
15,R01_EMA_Cross,INJ_USDT_USDT,1H,RegimeAdaptive,2024-04-24 06:00:00,2024-04-24 14:00:00,LONG,28.6495923,27.6147131,94.548367,-100.772,-3.7202,SL,IS
15,R01_EMA_Cross,INJ_USDT_USDT,1H,RegimeAdaptive,2024-05-27 13:00:00,2024-05-27 15:00:00,LONG,25.357605,26.0500012,107.732579,71.5476,2.619,TP,IS
15,R01_EMA_Cross,INJ_USDT_USDT,1H,RegimeAdaptive,2024-05-28 20:00:00,2024-05-29 19:00:00,LONG,25.9687883,27.04307691,75.028113,78.4143,4.0246,TP,IS
15,R01_EMA_Cross,INJ_USDT_USDT,1H,RegimeAdaptive,2024-06-04 17:00:00,2024-06-05 06:00:00,LONG,25.5456614,26.63902307,70.760322,75.3357,4.1677,TP,IS
15,R01_EMA_Cross,INJ_USDT_USDT,1H,RegimeAdaptive,2024-06-08 02:00:00,2024-06-12 15:00:00,LONG,29.9349778,32.59462376,22.166488,58.1927,8.7699,TP,IS
15,R01_EMA_Cross,INJ_USDT_USDT,1H,RegimeAdaptive,2024-07-07 12:00:00,2024-07-07 13:00:00,SHORT,19.5321386,19.03744107,110.880243,52.5001,2.4241,TP,IS
15,R01_EMA_Cross,INJ_USDT_USDT,1H,RegimeAdaptive,2024-07-11 04:00:00,2024-07-11 16:00:00,SHORT,20.4258704,19.92552959,121.961966,58.3158,2.3409,TP,IS
15,R01_EMA_Cross,INJ_USDT_USDT,1H,RegimeAdaptive,2024-08-14 21:00:00,2024-08-15 01:00:00,SHORT,18.954312,18.45939914,104.853964,49.7359,2.5025,TP,IS
15,R01_EMA_Cross,INJ_USDT_USDT,1H,RegimeAdaptive,2024-08-16 13:00:00,2024-08-21 18:00:00,SHORT,17.6906912,19.2507735,64.655959,-102.1823,-8.9335,SL,IS
15,R01_EMA_Cross,INJ_USDT_USDT,1H,RegimeAdaptive,2024-09-03 11:00:00,2024-09-03 14:00:00,SHORT,16.7609702,16.41050646,130.881057,43.4812,1.9821,TP,IS
15,R01_EMA_Cross,INJ_USDT_USDT,1H,RegimeAdaptive,2024-09-06 08:00:00,2024-09-06 17:00:00,SHORT,16.6420059,16.27288873,121.543836,42.6636,2.1092,TP,IS
15,R01_EMA_Cross,INJ_USDT_USDT,1H,RegimeAdaptive,2024-09-08 15:00:00,2024-09-09 08:00:00,SHORT,16.0831736,16.624986,186.903907,-104.6292,-3.4807,SL,IS
15,R01_EMA_Cross,INJ_USDT_USDT,1H,RegimeAdaptive,2024-09-29 20:00:00,2024-10-01 03:00:00,LONG,23.387014,24.2471849,82.808591,69.0601,3.566,TP,IS
15,R01_EMA_Cross,INJ_USDT_USDT,1H,RegimeAdaptive,2024-10-20 15:00:00,2024-10-21 09:00:00,LONG,22.2986876,21.6355074,152.247828,-104.6466,-3.0824,SL,IS
15,R01_EMA_Cross,INJ_USDT_USDT,1H,RegimeAdaptive,2024-10-25 00:00:00,2024-10-25 15:00:00,LONG,20.416123,19.8110549,165.129355,-103.568,-3.072,SL,IS
15,R01_EMA_Cross,INJ_USDT_USDT,1H,RegimeAdaptive,2024-10-28 22:00:00,2024-10-29 02:00:00,LONG,19.2277666,19.9413295,96.854323,67.0251,3.5991,TP,IS
15,R01_EMA_Cross,INJ_USDT_USDT,1H,RegimeAdaptive,2024-10-30 21:00:00,2024-10-31 08:00:00,LONG,20.1610465,19.3961794,129.856821,-102.1484,-3.9017,SL,IS
15,R01_EMA_Cross,INJ_USDT_USDT,1H,RegimeAdaptive,2024-11-05 10:00:00,2024-11-05 14:00:00,LONG,16.8630574,17.51834669,108.3774,68.9692,3.7738,TP,IS
15,R01_EMA_Cross,INJ_USDT_USDT,1H,RegimeAdaptive,2024-11-13 16:00:00,2024-11-23 01:00:00,LONG,25.80774,28.30249119,28.182129,69.4687,9.5514,TP,IS
15,R01_EMA_Cross,INJ_USDT_USDT,1H,RegimeAdaptive,2024-11-25 01:00:00,2024-11-26 18:00:00,LONG,28.4235245,30.60836075,33.85096,72.8597,7.5725,TP,IS
15,R01_EMA_Cross,INJ_USDT_USDT,1H,RegimeAdaptive,2024-11-29 03:00:00,2024-11-30 21:00:00,LONG,29.8769604,31.40320157,56.819331,84.805,4.9956,TP,IS
15,R01_EMA_Cross,INJ_USDT_USDT,1H,RegimeAdaptive,2024-12-02 22:00:00,2024-12-03 06:00:00,LONG,30.899267,33.37087222,35.981847,87.661,7.8845,TP,IS
15,R01_EMA_Cross,INJ_USDT_USDT,1H,RegimeAdaptive,2024-12-05 11:00:00,2024-12-09 09:00:00,LONG,33.319993,30.2329274,32.93819,-102.8337,-9.3698,SL,IS
15,R01_EMA_Cross,INJ_USDT_USDT,1H,RegimeAdaptive,2024-12-14 02:00:00,2024-12-14 12:00:00,LONG,29.4458311,28.2295286,83.087097,-103.6947,-4.2384,SL,IS
15,R01_EMA_Cross,INJ_USDT_USDT,1H,RegimeAdaptive,2024-12-15 17:00:00,2024-12-16 00:00:00,LONG,28.2614759,29.3842057,58.716907,64.0616,3.8605,TP,IS
15,R01_EMA_Cross,INJ_USDT_USDT,1H,RegimeAdaptive,2024-12-16 14:00:00,2024-12-17 22:00:00,LONG,28.3334975,26.9549111,72.936178,-102.7667,-4.9729,SL,IS
15,R01_EMA_Cross,INJ_USDT_USDT,1H,RegimeAdaptive,2024-12-28 21:00:00,2024-12-29 17:00:00,LONG,21.0793219,20.3189025,131.152472,-102.7171,-3.7154,SL,IS
15,R01_EMA_Cross,INJ_USDT_USDT,1H,RegimeAdaptive,2025-01-01 19:00:00,2025-01-02 04:00:00,LONG,20.3441014,21.18837525,74.051817,60.8285,4.0377,TP,IS
15,R01_EMA_Cross,INJ_USDT_USDT,1H,RegimeAdaptive,2025-02-08 20:00:00,2025-02-10 04:00:00,LONG,13.6791025,14.52803105,111.552505,92.9695,6.0926,TP,IS
15,R01_EMA_Cross,INJ_USDT_USDT,1H,RegimeAdaptive,2025-03-16 11:00:00,2025-03-16 11:00:00,SHORT,9.9000291,9.70200574,198.498537,37.1673,1.8913,TP,IS
15,R01_EMA_Cross,INJ_USDT_USDT,1H,RegimeAdaptive,2025-03-18 04:00:00,2025-03-18 15:00:00,SHORT,9.6291104,9.3910799,145.736866,33.1653,2.3633,TP,IS
15,R01_EMA_Cross,INJ_USDT_USDT,1H,RegimeAdaptive,2025-03-20 12:00:00,2025-03-21 11:00:00,SHORT,9.7740669,9.55990658,178.215727,36.2716,2.0823,TP,IS
15,R01_EMA_Cross,INJ_USDT_USDT,1H,RegimeAdaptive,2025-04-01 02:00:00,2025-04-01 03:00:00,SHORT,8.667399,8.8696601,503.544735,-106.7044,-2.4449,SL,IS
15,R01_EMA_Cross,INJ_USDT_USDT,1H,RegimeAdaptive,2025-04-02 04:00:00,2025-04-02 13:00:00,SHORT,8.7223825,8.53717014,222.156168,39.0372,2.0146,TP,IS
15,R01_EMA_Cross,INJ_USDT_USDT,1H,RegimeAdaptive,2025-04-02 22:00:00,2025-04-02 22:00:00,SHORT,8.7133852,8.46394614,231.297353,55.5094,2.7543,TP,IS
15,R01_EMA_Cross,INJ_USDT_USDT,1H,RegimeAdaptive,2025-04-29 07:00:00,2025-04-29 21:00:00,LONG,10.1050306,9.6401071,217.272308,-103.3745,-4.7084,SL,IS
15,R01_EMA_Cross,INJ_USDT_USDT,1H,RegimeAdaptive,2025-05-01 02:00:00,2025-05-01 10:00:00,LONG,9.9089718,10.36294031,131.077052,58.0434,4.4689,TP,IS
15,R01_EMA_Cross,INJ_USDT_USDT,1H,RegimeAdaptive,2025-05-05 09:00:00,2025-05-06 02:00:00,LONG,9.582874,9.1662493,241.457891,-103.0872,-4.4552,SL,IS
15,R01_EMA_Cross,INJ_USDT_USDT,1H,RegimeAdaptive,2025-05-07 03:00:00,2025-05-08 02:00:00,LONG,9.2897861,9.739846,216.517689,95.1798,4.732,TP,IS
15,R01_EMA_Cross,INJ_USDT_USDT,1H,RegimeAdaptive,2025-05-13 18:00:00,2025-05-15 03:00:00,LONG,13.5620674,12.8231519,135.843419,-102.3481,-5.5554,SL,IS
15,R01_EMA_Cross,INJ_USDT_USDT,1H,RegimeAdaptive,2025-05-18 08:00:00,2025-05-18 16:00:00,LONG,12.1216354,12.66985684,128.245584,68.5583,4.4102,TP,IS
15,R01_EMA_Cross,INJ_USDT_USDT,1H,RegimeAdaptive,2025-05-20 00:00:00,2025-05-21 06:00:00,LONG,11.7965379,12.45117002,160.370818,102.8451,5.4363,TP,IS
15,R01_EMA_Cross,INJ_USDT_USDT,1H,RegimeAdaptive,2025-05-24 13:00:00,2025-05-25 08:00:00,LONG,13.7721304,12.7841636,102.165955,-102.4288,-7.2797,SL,IS
15,R01_EMA_Cross,INJ_USDT_USDT,1H,RegimeAdaptive,2025-05-26 02:00:00,2025-05-27 06:00:00,LONG,13.5800728,14.2945668,80.774719,56.4747,5.1484,TP,IS
15,R01_EMA_Cross,INJ_USDT_USDT,1H,RegimeAdaptive,2025-05-29 00:00:00,2025-05-29 13:00:00,LONG,15.0165036,14.4106755,166.391491,-103.4977,-4.1422,SL,IS
15,R01_EMA_Cross,INJ_USDT_USDT,1H,RegimeAdaptive,2025-06-02 23:00:00,2025-06-04 03:00:00,LONG,12.4497338,13.10953123,109.600973,70.7737,5.1868,TP,IS
15,R01_EMA_Cross,INJ_USDT_USDT,1H,RegimeAdaptive,2025-07-13 07:00:00,2025-07-14 05:00:00,LONG,12.4857446,13.09439976,181.462157,107.8949,4.7621,TP,IS
15,R01_EMA_Cross,INJ_USDT_USDT,1H,RegimeAdaptive,2025-07-15 17:00:00,2025-07-16 17:00:00,LONG,12.8648583,13.68267512,107.17532,86.0849,6.2435,TP,IS
15,R01_EMA_Cross,INJ_USDT_USDT,1H,RegimeAdaptive,2025-07-19 20:00:00,2025-07-20 09:00:00,LONG,14.1582462,14.87330571,115.796275,80.9523,4.9377,TP,IS
15,R01_EMA_Cross,INJ_USDT_USDT,1H,RegimeAdaptive,2025-07-22 23:00:00,2025-07-23 12:00:00,LONG,15.0415111,14.1987391,122.249021,-104.9941,-5.7099,SL,IS
15,R01_EMA_Cross,INJ_USDT_USDT,1H,RegimeAdaptive,2025-07-25 23:00:00,2025-07-26 19:00:00,LONG,14.0112021,14.8087988,105.00621,82.0882,5.5794,TP,IS
15,R01_EMA_Cross,INJ_USDT_USDT,1H,RegimeAdaptive,2025-07-31 06:00:00,2025-08-01 00:00:00,LONG,14.2982882,13.0880724,84.787451,-103.8882,-8.5694,SL,IS
15,R01_EMA_Cross,INJ_USDT_USDT,1H,RegimeAdaptive,2025-08-03 12:00:00,2025-08-03 19:00:00,LONG,12.6267869,13.12772334,132.549039,64.5211,3.8551,TP,IS
15,R01_EMA_Cross,INJ_USDT_USDT,1H,RegimeAdaptive,2025-08-16 23:00:00,2025-08-17 09:00:00,LONG,14.6393905,15.21128493,184.442764,102.4536,3.7944,TP,IS
15,R01_EMA_Cross,INJ_USDT_USDT,1H,RegimeAdaptive,2025-10-30 05:00:00,2025-10-30 12:00:00,SHORT,8.2235322,7.99167033,177.59221,39.593,2.711,TP,IS
15,R01_EMA_Cross,INJ_USDT_USDT,1H,RegimeAdaptive,2025-11-08 22:00:00,2025-11-09 02:00:00,SHORT,7.4397674,7.1542252,69.601555,19.3155,3.7302,TP,IS
15,R01_EMA_Cross,INJ_USDT_USDT,1H,RegimeAdaptive,2025-11-11 10:00:00,2025-11-12 16:00:00,SHORT,7.6886927,7.3935573,119.608436,34.3085,3.7307,TP,IS
15,R01_EMA_Cross,INJ_USDT_USDT,1H,RegimeAdaptive,2025-11-12 17:00:00,2025-11-13 17:00:00,SHORT,7.3128055,7.03222425,157.527312,42.9564,3.729,TP,IS
15,R01_EMA_Cross,INJ_USDT_USDT,1H,RegimeAdaptive,2025-11-28 21:00:00,2025-11-29 06:00:00,SHORT,6.0551829,5.91540572,364.816175,48.5911,2.1997,TP,IS
15,R01_EMA_Cross,INJ_USDT_USDT,1H,RegimeAdaptive,2025-12-04 21:00:00,2025-12-05 09:00:00,SHORT,5.8392477,5.71403104,406.423578,48.3085,2.0356,TP,IS
15,R01_EMA_Cross,INJ_USDT_USDT,1H,RegimeAdaptive,2025-12-07 05:00:00,2025-12-07 12:00:00,SHORT,5.5133455,5.43641498,894.480846,63.426,1.2861,TP,IS
15,R01_EMA_Cross,INJ_USDT_USDT,1H,RegimeAdaptive,2025-12-08 00:00:00,2025-12-08 05:00:00,SHORT,5.4233725,5.6626983,445.545892,-109.3473,-4.5253,SL,IS
15,R01_EMA_Cross,INJ_USDT_USDT,1H,RegimeAdaptive,2025-12-09 03:00:00,2025-12-09 15:00:00,SHORT,5.5173443,5.8627583,304.899595,-107.225,-6.374,SL,IS
15,R01_EMA_Cross,INJ_USDT_USDT,1H,RegimeAdaptive,2025-12-10 09:00:00,2025-12-11 00:00:00,SHORT,5.6273113,5.51807007,186.294843,19.2091,1.8323,TP,IS
15,R01_EMA_Cross,INJ_USDT_USDT,1H,RegimeAdaptive,2025-12-11 01:00:00,2025-12-11 03:00:00,SHORT,5.518344,5.3587319,178.628476,27.4426,2.784,TP,IS
15,R01_EMA_Cross,INJ_USDT_USDT,1H,RegimeAdaptive,2025-12-12 17:00:00,2025-12-15 15:00:00,SHORT,5.1914421,5.04229218,172.887537,24.8131,2.7646,TP,IS
15,R01_EMA_Cross,INJ_USDT_USDT,1H,RegimeAdaptive,2025-12-21 01:00:00,2025-12-21 08:00:00,SHORT,4.7445762,4.69074461,839.251671,40.823,1.0252,TP,IS
15,R01_EMA_Cross,INJ_USDT_USDT,1H,RegimeAdaptive,2025-12-22 22:00:00,2025-12-23 14:00:00,SHORT,4.5916221,4.49860158,645.59963,56.8263,1.917,TP,IS
15,R01_EMA_Cross,INJ_USDT_USDT,1H,RegimeAdaptive,2025-12-26 00:00:00,2025-12-26 02:00:00,SHORT,4.4396677,4.6744019,451.713607,-108.297,-5.4001,SL,IS
15,R01_EMA_Cross,INJ_USDT_USDT,1H,RegimeAdaptive,2025-12-26 18:00:00,2025-12-27 15:00:00,SHORT,4.5826248,4.711413,818.969511,-109.66,-2.9219,SL,IS
15,R01_EMA_Cross,INJ_USDT_USDT,1H,RegimeAdaptive,2026-01-07 13:00:00,2026-01-07 15:00:00,SHORT,5.3423968,5.20594666,296.947225,38.7957,2.4455,TP,OOS
15,R01_EMA_Cross,INJ_USDT_USDT,1H,RegimeAdaptive,2026-01-09 22:00:00,2026-01-12 08:00:00,SHORT,5.1974403,5.06609008,524.437742,65.9246,2.4186,TP,OOS
15,R01_EMA_Cross,INJ_USDT_USDT,1H,RegimeAdaptive,2026-02-03 18:00:00,2026-02-03 20:00:00,SHORT,3.5509344,3.7331196,575.852116,-107.2187,-5.2434,SL,OOS
15,R01_EMA_Cross,INJ_USDT_USDT,1H,RegimeAdaptive,2026-02-03 23:00:00,2026-02-04 15:00:00,SHORT,3.6049182,3.47780264,515.763161,63.5524,3.4181,TP,OOS
15,R01_EMA_Cross,INJ_USDT_USDT,1H,RegimeAdaptive,2026-02-12 19:00:00,2026-02-14 08:00:00,SHORT,3.0240925,3.1619483,758.397789,-107.1298,-4.6711,SL,OOS
15,R01_EMA_Cross,INJ_USDT_USDT,1H,RegimeAdaptive,2026-02-15 14:00:00,2026-02-18 18:00:00,SHORT,3.0930718,3.02604502,444.982669,28.3282,2.0582,TP,OOS
15,R01_EMA_Cross,INJ_USDT_USDT,1H,RegimeAdaptive,2026-02-22 11:00:00,2026-02-23 01:00:00,SHORT,3.5799257,3.46043883,316.008739,36.5352,3.2295,TP,OOS
15,R01_EMA_Cross,INJ_USDT_USDT,1H,RegimeAdaptive,2026-02-26 08:00:00,2026-02-26 16:00:00,SHORT,3.2050382,3.13197001,512.016039,35.6275,2.171,TP,OOS
15,R01_EMA_Cross,INJ_USDT_USDT,1H,RegimeAdaptive,2026-02-27 13:00:00,2026-02-27 16:00:00,SHORT,3.1580523,3.09541875,780.487034,46.2003,1.8744,TP,OOS
15,R01_EMA_Cross,INJ_USDT_USDT,1H,RegimeAdaptive,2026-03-01 17:00:00,2026-03-01 20:00:00,SHORT,3.0300907,2.95685205,585.837607,40.9769,2.3084,TP,OOS
15,R01_EMA_Cross,INJ_USDT_USDT,1H,RegimeAdaptive,2026-03-03 09:00:00,2026-03-03 14:00:00,SHORT,3.019094,2.96277507,769.912496,40.8276,1.7565,TP,OOS
15,R01_EMA_Cross,INJ_USDT_USDT,1H,RegimeAdaptive,2026-03-05 16:00:00,2026-03-06 12:00:00,SHORT,3.0370886,2.97380487,767.240739,46.0174,1.9748,TP,OOS
15,R01_EMA_Cross,INJ_USDT_USDT,1H,RegimeAdaptive,2026-03-11 04:00:00,2026-03-12 19:00:00,SHORT,2.9231228,3.0299087,996.476838,-109.6723,-3.7652,SL,OOS
15,R01_EMA_Cross,INJ_USDT_USDT,1H,RegimeAdaptive,2026-03-14 06:00:00,2026-03-14 10:00:00,SHORT,3.059082,3.01945594,949.866759,34.4639,1.1861,TP,OOS
15,R01_EMA_Cross,INJ_USDT_USDT,1H,RegimeAdaptive,2026-03-18 11:00:00,2026-03-18 11:00:00,SHORT,3.2070376,3.16804833,1612.503436,57.2164,1.1064,TP,OOS
15,R01_EMA_Cross,INJ_USDT_USDT,1H,RegimeAdaptive,2026-03-21 01:00:00,2026-03-21 23:00:00,SHORT,3.089073,3.03996103,675.471582,30.8967,1.4807,TP,OOS
15,R01_EMA_Cross,INJ_USDT_USDT,1H,RegimeAdaptive,2026-03-22 00:00:00,2026-03-22 00:00:00,SHORT,3.0300907,2.98815166,866.490292,33.4717,1.2748,TP,OOS
15,R01_EMA_Cross,INJ_USDT_USDT,1H,RegimeAdaptive,2026-05-10 17:00:00,2026-05-10 19:00:00,LONG,4.2622783,4.38760485,604.569656,72.8924,2.8287,TP,OOS
15,R01_EMA_Cross,INJ_USDT_USDT,1H,RegimeAdaptive,2026-06-09 23:00:00,2026-06-10 04:00:00,SHORT,5.5173443,5.32310625,331.71141,62.4532,3.4124,TP,OOS
15,R01_EMA_Cross,INJ_USDT_USDT,1H,RegimeAdaptive,2026-06-11 16:00:00,2026-06-11 21:00:00,SHORT,5.1574523,5.4496344,369.376175,-110.08,-5.7784,SL,OOS
15,R01_EMA_Cross,INJ_USDT_USDT,1H,RegimeAdaptive,2026-06-12 16:00:00,2026-06-14 17:00:00,SHORT,5.1104664,4.9320583,200.592744,34.6794,3.383,TP,OOS
15,R01_EMA_Cross,INJ_USDT_USDT,1H,RegimeAdaptive,2026-06-17 01:00:00,2026-06-17 09:00:00,SHORT,5.5563326,5.378117,194.94009,33.569,3.0992,TP,OOS
15,R01_EMA_Cross,INJ_USDT_USDT,1H,RegimeAdaptive,2026-06-28 00:00:00,2026-07-01 01:00:00,SHORT,4.628611,4.50660072,240.021829,28.0792,2.5275,TP,OOS
15,R01_EMA_Cross,INJ_USDT_USDT,1H,RegimeAdaptive,2026-07-01 08:00:00,2026-07-01 14:00:00,SHORT,4.6256119,4.7524253,854.816956,-112.8113,-2.8531,SL,OOS
15,R01_EMA_Cross,INJ_USDT_USDT,1H,RegimeAdaptive,2026-07-02 00:00:00,2026-07-03 10:00:00,SHORT,4.4856539,4.8744619,273.801029,-107.8656,-8.7826,SL,OOS
15,R01_EMA_Cross,INJ_USDT_USDT,1H,RegimeAdaptive,2026-07-04 14:00:00,2026-07-05 02:00:00,SHORT,4.7805654,4.68981833,634.553504,54.2787,1.7893,TP,OOS
15,R01_EMA_Cross,INJ_USDT_USDT,1H,RegimeAdaptive,2026-07-07 05:00:00,2026-07-07 22:00:00,SHORT,4.7605714,4.65887215,472.27567,45.5834,2.0275,TP,OOS
15,R01_EMA_Cross,INJ_USDT_USDT,1H,RegimeAdaptive,2026-07-12 02:00:00,2026-07-12 22:00:00,SHORT,4.8955309,4.79951793,387.523582,35.1409,1.8523,TP,OOS
15,R01_EMA_Cross,INJ_USDT_USDT,1H,RegimeAdaptive,2026-07-16 14:00:00,2026-07-16 18:00:00,SHORT,5.0424868,4.9543217,570.078335,47.1266,1.6394,TP,OOS
15,R01_EMA_Cross,INJ_USDT_USDT,1H,RegimeAdaptive,2026-07-19 10:00:00,2026-07-20 09:00:00,SHORT,5.0634805,5.2145639,714.277404,-111.9532,-3.0954,SL,OOS
15,R01_EMA_Cross,INJ_USDT_USDT,1H,RegimeAdaptive,2026-08-23 01:00:00,2026-08-23 15:00:00,LONG,4.9354802,5.24253703,264.540941,79.7482,6.108,TP,OOS
15,R01_EMA_Cross,INJ_USDT_USDT,1H,RegimeAdaptive,2026-08-27 16:00:00,2026-08-28 02:00:00,LONG,5.5426623,5.3224028,486.944253,-110.164,-4.0817,SL,OOS
15,R01_EMA_Cross,INJ_USDT_USDT,1H,RegimeAdaptive,2026-08-30 07:00:00,2026-08-30 13:00:00,LONG,5.1765525,5.33129633,577.229623,85.9867,2.8777,TP,OOS
16,R16_Trend_Plus_RSI_Pullback,DOGE_USDT_USDT,4H,RegimeAdaptive,2022-09-02 16:00:00,2022-09-06 00:00:00,SHORT,0.06248125,0.06463905,46763.530812,-104.1761,-3.5654,SL,IS
16,R16_Trend_Plus_RSI_Pullback,DOGE_USDT_USDT,4H,RegimeAdaptive,2022-09-06 04:00:00,2022-09-06 16:00:00,SHORT,0.06328101,0.06000415,49299.212684,158.2039,5.0711,TP,IS
16,R16_Trend_Plus_RSI_Pullback,DOGE_USDT_USDT,4H,RegimeAdaptive,2022-09-09 04:00:00,2022-09-09 08:00:00,SHORT,0.06218134,0.06417439,50937.369061,-105.0606,-3.317,SL,IS
16,R16_Trend_Plus_RSI_Pullback,DOGE_USDT_USDT,4H,RegimeAdaptive,2022-09-17 20:00:00,2022-09-18 20:00:00,SHORT,0.06168149,0.0587611,55505.676782,158.4213,4.6272,TP,IS
16,R16_Trend_Plus_RSI_Pullback,DOGE_USDT_USDT,4H,RegimeAdaptive,2022-09-20 16:00:00,2022-09-21 20:00:00,SHORT,0.06008197,0.05671279,49051.599955,162.1128,5.5007,TP,IS
16,R16_Trend_Plus_RSI_Pullback,DOGE_USDT_USDT,4H,RegimeAdaptive,2022-09-22 12:00:00,2022-09-23 00:00:00,SHORT,0.05918224,0.06144912,45673.616808,-106.5671,-3.9424,SL,IS
16,R16_Trend_Plus_RSI_Pullback,DOGE_USDT_USDT,4H,RegimeAdaptive,2022-09-27 04:00:00,2022-10-04 16:00:00,SHORT,0.06258122,0.06517044,39549.526897,-105.1812,-4.2496,SL,IS
16,R16_Trend_Plus_RSI_Pullback,DOGE_USDT_USDT,4H,RegimeAdaptive,2022-11-15 16:00:00,2022-11-21 00:00:00,SHORT,0.08837348,0.07594367,13385.382425,165.168,13.9628,TP,IS
16,R16_Trend_Plus_RSI_Pullback,DOGE_USDT_USDT,4H,RegimeAdaptive,2022-11-23 04:00:00,2022-11-25 08:00:00,SHORT,0.08177546,0.08591606,24844.084362,-105.1607,-5.1762,SL,IS
16,R16_Trend_Plus_RSI_Pullback,DOGE_USDT_USDT,4H,RegimeAdaptive,2023-01-17 16:00:00,2023-01-18 12:00:00,LONG,0.08364509,0.08971463,27359.965264,163.4538,7.1423,TP,IS
16,R16_Trend_Plus_RSI_Pullback,DOGE_USDT_USDT,4H,RegimeAdaptive,2023-01-19 04:00:00,2023-01-21 08:00:00,LONG,0.08095428,0.08859927,22149.241065,167.2651,9.3284,TP,IS
16,R16_Trend_Plus_RSI_Pullback,DOGE_USDT_USDT,4H,RegimeAdaptive,2023-01-25 04:00:00,2023-01-28 04:00:00,LONG,0.08414524,0.09093778,25285.034949,169.3149,7.958,TP,IS
16,R16_Trend_Plus_RSI_Pullback,DOGE_USDT_USDT,4H,RegimeAdaptive,2023-01-30 12:00:00,2023-01-30 16:00:00,LONG,0.08582574,0.09114494,32679.027022,170.6455,6.0843,TP,IS
16,R16_Trend_Plus_RSI_Pullback,DOGE_USDT_USDT,4H,RegimeAdaptive,2023-01-30 20:00:00,2023-01-31 00:00:00,LONG,0.08706611,0.0935587,27283.662299,174.431,7.343,TP,IS
16,R16_Trend_Plus_RSI_Pullback,DOGE_USDT_USDT,4H,RegimeAdaptive,2023-02-01 16:00:00,2023-02-04 16:00:00,LONG,0.08955686,0.09782528,21831.253461,178.2601,9.1175,TP,IS
16,R16_Trend_Plus_RSI_Pullback,DOGE_USDT_USDT,4H,RegimeAdaptive,2023-02-05 16:00:00,2023-02-09 00:00:00,LONG,0.09200759,0.08775992,26392.440761,-114.7159,-4.7241,SL,IS
16,R16_Trend_Plus_RSI_Pullback,DOGE_USDT_USDT,4H,RegimeAdaptive,2023-02-17 00:00:00,2023-02-24 12:00:00,LONG,0.08489546,0.08123399,30316.572183,-113.7733,-4.4205,SL,IS
16,R16_Trend_Plus_RSI_Pullback,DOGE_USDT_USDT,4H,RegimeAdaptive,2023-03-30 20:00:00,2023-04-01 00:00:00,LONG,0.07440231,0.07802197,49121.833745,173.6862,4.7523,TP,IS
16,R16_Trend_Plus_RSI_Pullback,DOGE_USDT_USDT,4H,RegimeAdaptive,2023-04-03 04:00:00,2023-04-03 16:00:00,LONG,0.07726317,0.08304143,31504.345374,179.2627,7.3646,TP,IS
16,R16_Trend_Plus_RSI_Pullback,DOGE_USDT_USDT,4H,RegimeAdaptive,2023-04-06 12:00:00,2023-04-07 04:00:00,LONG,0.0893668,0.08263678,16801.223126,-114.662,-7.6366,SL,IS
16,R16_Trend_Plus_RSI_Pullback,DOGE_USDT_USDT,4H,RegimeAdaptive,2023-04-11 20:00:00,2023-04-12 00:00:00,LONG,0.08419525,0.08154724,42503.351011,-116.4239,-3.2534,SL,IS
16,R16_Trend_Plus_RSI_Pullback,DOGE_USDT_USDT,4H,RegimeAdaptive,2023-04-19 12:00:00,2023-04-20 16:00:00,LONG,0.08848654,0.08425704,26246.319141,-113.5023,-4.8872,SL,IS
16,R16_Trend_Plus_RSI_Pullback,DOGE_USDT_USDT,4H,RegimeAdaptive,2023-06-30 16:00:00,2023-07-01 00:00:00,LONG,0.0640292,0.06832653,41660.617086,175.9964,6.5978,TP,IS
16,R16_Trend_Plus_RSI_Pullback,DOGE_USDT_USDT,4H,RegimeAdaptive,2023-07-05 12:00:00,2023-07-10 00:00:00,LONG,0.06645993,0.06396871,44890.278474,-115.052,-3.8564,SL,IS
16,R16_Trend_Plus_RSI_Pullback,DOGE_USDT_USDT,4H,RegimeAdaptive,2023-07-16 20:00:00,2023-07-21 12:00:00,LONG,0.0693508,0.07417625,37329.401395,177.1843,6.8442,TP,IS
16,R16_Trend_Plus_RSI_Pullback,DOGE_USDT_USDT,4H,RegimeAdaptive,2023-07-23 00:00:00,2023-07-24 04:00:00,LONG,0.07046113,0.07480914,42013.424316,179.318,6.0574,TP,IS
16,R16_Trend_Plus_RSI_Pullback,DOGE_USDT_USDT,4H,RegimeAdaptive,2023-08-23 08:00:00,2023-08-29 12:00:00,SHORT,0.06386084,0.06592988,55329.145732,-118.4282,-3.3517,SL,IS
16,R16_Trend_Plus_RSI_Pullback,DOGE_USDT_USDT,4H,RegimeAdaptive,2023-09-05 08:00:00,2023-09-10 04:00:00,SHORT,0.06404078,0.06202999,89876.237412,174.4904,3.0316,TP,IS
16,R16_Trend_Plus_RSI_Pullback,DOGE_USDT_USDT,4H,RegimeAdaptive,2023-09-14 12:00:00,2023-09-15 20:00:00,SHORT,0.06151154,0.06282069,88308.62288,-121.6477,-2.2395,SL,IS
16,R16_Trend_Plus_RSI_Pullback,DOGE_USDT_USDT,4H,RegimeAdaptive,2023-10-29 04:00:00,2023-10-31 12:00:00,LONG,0.06828048,0.06547932,40527.850844,-116.5065,-4.2102,SL,IS
16,R16_Trend_Plus_RSI_Pullback,DOGE_USDT_USDT,4H,RegimeAdaptive,2023-10-31 16:00:00,2023-11-05 12:00:00,LONG,0.06729018,0.07172496,41227.16589,179.6811,6.4769,TP,IS
16,R16_Trend_Plus_RSI_Pullback,DOGE_USDT_USDT,4H,RegimeAdaptive,2023-11-09 20:00:00,2023-11-11 04:00:00,LONG,0.0713614,0.07807959,27789.768386,184.4127,9.2991,TP,IS
16,R16_Trend_Plus_RSI_Pullback,DOGE_USDT_USDT,4H,RegimeAdaptive,2023-11-13 04:00:00,2023-11-14 00:00:00,LONG,0.07650294,0.0725365,29205.074213,-118.2342,-5.2918,SL,IS
16,R16_Trend_Plus_RSI_Pullback,DOGE_USDT_USDT,4H,RegimeAdaptive,2023-11-14 04:00:00,2023-11-14 16:00:00,LONG,0.07494248,0.0709094,28421.752738,-116.9069,-5.4886,SL,IS
16,R16_Trend_Plus_RSI_Pullback,DOGE_USDT_USDT,4H,RegimeAdaptive,2023-11-19 04:00:00,2023-11-21 16:00:00,LONG,0.07880363,0.07345706,21194.922305,-115.0952,-6.891,SL,IS
16,R16_Trend_Plus_RSI_Pullback,DOGE_USDT_USDT,4H,RegimeAdaptive,2023-11-26 16:00:00,2023-11-26 16:00:00,LONG,0.0773532,0.07544327,59186.533859,-118.016,-2.5777,SL,IS
16,R16_Trend_Plus_RSI_Pullback,DOGE_USDT_USDT,4H,RegimeAdaptive,2023-11-26 20:00:00,2023-11-27 00:00:00,LONG,0.07709312,0.08032008,55604.798506,174.6206,4.0735,TP,IS
16,R16_Trend_Plus_RSI_Pullback,DOGE_USDT_USDT,4H,RegimeAdaptive,2023-11-27 16:00:00,2023-11-29 12:00:00,LONG,0.07721316,0.08162158,41630.102762,179.8865,5.5963,TP,IS
16,R16_Trend_Plus_RSI_Pullback,DOGE_USDT_USDT,4H,RegimeAdaptive,2023-12-11 08:00:00,2023-12-13 00:00:00,LONG,0.0970291,0.09043805,17377.921759,-116.3305,-6.8991,SL,IS
16,R16_Trend_Plus_RSI_Pullback,DOGE_USDT_USDT,4H,RegimeAdaptive,2023-12-14 16:00:00,2023-12-18 04:00:00,LONG,0.09563868,0.0907873,23403.900206,-115.9411,-5.1798,SL,IS
16,R16_Trend_Plus_RSI_Pullback,DOGE_USDT_USDT,4H,RegimeAdaptive,2023-12-23 04:00:00,2023-12-26 16:00:00,LONG,0.09250774,0.08909411,32993.152172,-115.9218,-3.7981,SL,IS
16,R16_Trend_Plus_RSI_Pullback,DOGE_USDT_USDT,4H,RegimeAdaptive,2023-12-28 16:00:00,2023-12-29 20:00:00,LONG,0.09142742,0.08856596,39008.742618,-115.4836,-3.238,SL,IS
16,R16_Trend_Plus_RSI_Pullback,DOGE_USDT_USDT,4H,RegimeAdaptive,2024-01-02 20:00:00,2024-01-03 08:00:00,LONG,0.09147744,0.08923656,49424.445406,-115.6663,-2.5583,SL,IS
16,R16_Trend_Plus_RSI_Pullback,DOGE_USDT_USDT,4H,RegimeAdaptive,2024-01-22 20:00:00,2024-01-23 08:00:00,LONG,0.08196458,0.07831658,29872.743033,-111.6091,-4.5583,SL,IS
16,R16_Trend_Plus_RSI_Pullback,DOGE_USDT_USDT,4H,RegimeAdaptive,2024-02-12 04:00:00,2024-02-14 08:00:00,LONG,0.08045413,0.08308084,65757.320137,166.8109,3.1531,TP,IS
16,R16_Trend_Plus_RSI_Pullback,DOGE_USDT_USDT,4H,RegimeAdaptive,2024-02-17 16:00:00,2024-02-19 12:00:00,LONG,0.08309492,0.08736633,41561.100298,173.6279,5.0276,TP,IS
16,R16_Trend_Plus_RSI_Pullback,DOGE_USDT_USDT,4H,RegimeAdaptive,2024-02-20 16:00:00,2024-02-26 20:00:00,LONG,0.08456536,0.08995975,33570.641879,177.8707,6.2655,TP,IS
16,R16_Trend_Plus_RSI_Pullback,DOGE_USDT_USDT,4H,RegimeAdaptive,2024-03-05 20:00:00,2024-03-09 16:00:00,LONG,0.13740121,0.18108706,4269.875134,185.7852,31.6669,TP,IS
16,R16_Trend_Plus_RSI_Pullback,DOGE_USDT_USDT,4H,RegimeAdaptive,2024-03-11 04:00:00,2024-03-12 16:00:00,LONG,0.16658996,0.1516792,7682.247879,-115.8929,-9.0557,SL,IS
16,R16_Trend_Plus_RSI_Pullback,DOGE_USDT_USDT,4H,RegimeAdaptive,2024-03-12 20:00:00,2024-03-14 04:00:00,LONG,0.16780032,0.1913864,7923.355141,185.3156,13.9383,TP,IS
16,R16_Trend_Plus_RSI_Pullback,DOGE_USDT_USDT,4H,RegimeAdaptive,2024-03-14 20:00:00,2024-03-15 08:00:00,LONG,0.170061,0.1548414,7572.114183,-116.5977,-9.0546,SL,IS
16,R16_Trend_Plus_RSI_Pullback,DOGE_USDT_USDT,4H,RegimeAdaptive,2024-03-31 00:00:00,2024-03-31 16:00:00,LONG,0.19947983,0.22168962,8448.285765,185.6777,11.0177,TP,IS
16,R16_Trend_Plus_RSI_Pullback,DOGE_USDT_USDT,4H,RegimeAdaptive,2024-04-01 12:00:00,2024-04-02 00:00:00,LONG,0.20577171,0.18991751,7316.702308,-117.5928,-7.8105,SL,IS
16,R16_Trend_Plus_RSI_Pullback,DOGE_USDT_USDT,4H,RegimeAdaptive,2024-04-21 20:00:00,2024-04-25 08:00:00,LONG,0.15706711,0.14803238,12725.666285,-117.1083,-5.859,SL,IS
16,R16_Trend_Plus_RSI_Pullback,DOGE_USDT_USDT,4H,RegimeAdaptive,2024-05-27 00:00:00,2024-05-30 04:00:00,LONG,0.16631988,0.15880325,15160.903417,-116.67,-4.6269,SL,IS
16,R16_Trend_Plus_RSI_Pullback,DOGE_USDT_USDT,4H,RegimeAdaptive,2024-06-06 20:00:00,2024-06-07 16:00:00,LONG,0.15987795,0.15586032,28223.074485,-118.291,-2.6216,SL,IS
16,R16_Trend_Plus_RSI_Pullback,DOGE_USDT_USDT,4H,RegimeAdaptive,2024-07-06 20:00:00,2024-07-08 00:00:00,SHORT,0.11252623,0.1026161,18424.106839,180.4053,8.7018,TP,IS
16,R16_Trend_Plus_RSI_Pullback,DOGE_USDT_USDT,4H,RegimeAdaptive,2024-07-08 12:00:00,2024-07-14 20:00:00,SHORT,0.10924722,0.11543704,18308.246747,-115.5872,-5.779,SL,IS
16,R16_Trend_Plus_RSI_Pullback,DOGE_USDT_USDT,4H,RegimeAdaptive,2024-08-18 08:00:00,2024-08-20 00:00:00,SHORT,0.10216934,0.10519977,37192.20975,-116.9504,-3.0777,SL,IS
16,R16_Trend_Plus_RSI_Pullback,DOGE_USDT_USDT,4H,RegimeAdaptive,2024-09-03 04:00:00,2024-09-04 00:00:00,SHORT,0.09951014,0.09409628,33312.641298,176.8025,5.3335,TP,IS
16,R16_Trend_Plus_RSI_Pullback,DOGE_USDT_USDT,4H,RegimeAdaptive,2024-09-06 00:00:00,2024-09-06 12:00:00,SHORT,0.09834049,0.09289084,33636.149884,179.7675,5.4347,TP,IS
16,R16_Trend_Plus_RSI_Pullback,DOGE_USDT_USDT,4H,RegimeAdaptive,2024-09-08 04:00:00,2024-09-09 16:00:00,SHORT,0.09609116,0.09925532,36348.748869,-118.9186,-3.4047,SL,IS
16,R16_Trend_Plus_RSI_Pullback,DOGE_USDT_USDT,4H,RegimeAdaptive,2024-09-30 12:00:00,2024-09-30 20:00:00,LONG,0.12047613,0.11499369,20694.466271,-116.1363,-4.6581,SL,IS
16,R16_Trend_Plus_RSI_Pullback,DOGE_USDT_USDT,4H,RegimeAdaptive,2024-10-23 04:00:00,2024-10-25 20:00:00,LONG,0.13819144,0.13163143,17112.251707,-114.7962,-4.8544,SL,IS
16,R16_Trend_Plus_RSI_Pullback,DOGE_USDT_USDT,4H,RegimeAdaptive,2024-10-31 20:00:00,2024-11-03 00:00:00,LONG,0.15942781,0.15056662,12526.381272,-113.1344,-5.6651,SL,IS
16,R16_Trend_Plus_RSI_Pullback,DOGE_USDT_USDT,4H,RegimeAdaptive,2024-11-17 04:00:00,2024-11-19 16:00:00,LONG,0.35165546,0.409803,3111.247743,179.6084,16.4163,TP,IS
16,R16_Trend_Plus_RSI_Pullback,DOGE_USDT_USDT,4H,RegimeAdaptive,2024-11-20 20:00:00,2024-11-22 20:00:00,LONG,0.37227165,0.42074208,3786.98569,181.9051,12.903,TP,IS
16,R16_Trend_Plus_RSI_Pullback,DOGE_USDT_USDT,4H,RegimeAdaptive,2024-11-24 16:00:00,2024-11-26 08:00:00,LONG,0.40216061,0.36680128,3203.373729,-114.6239,-8.8975,SL,IS
16,R16_Trend_Plus_RSI_Pullback,DOGE_USDT_USDT,4H,RegimeAdaptive,2024-11-28 00:00:00,2024-12-01 20:00:00,LONG,0.4014404,0.44673563,4071.746985,182.5313,11.167,TP,IS
16,R16_Trend_Plus_RSI_Pullback,DOGE_USDT_USDT,4H,RegimeAdaptive,2024-12-02 12:00:00,2024-12-05 00:00:00,LONG,0.40894265,0.45046717,4509.184046,185.1103,10.0385,TP,IS
16,R16_Trend_Plus_RSI_Pullback,DOGE_USDT_USDT,4H,RegimeAdaptive,2025-03-14 16:00:00,2025-03-24 12:00:00,SHORT,0.17325801,0.18242674,12666.94039,-118.6177,-5.4049,SL,IS
16,R16_Trend_Plus_RSI_Pullback,DOGE_USDT_USDT,4H,RegimeAdaptive,2025-04-01 16:00:00,2025-04-02 20:00:00,SHORT,0.17480754,0.16250387,15244.130786,184.7307,6.9323,TP,IS
16,R16_Trend_Plus_RSI_Pullback,DOGE_USDT_USDT,4H,RegimeAdaptive,2025-04-29 16:00:00,2025-04-30 12:00:00,LONG,0.1780534,0.1716823,18372.716875,-120.5885,-3.6862,SL,IS
16,R16_Trend_Plus_RSI_Pullback,DOGE_USDT_USDT,4H,RegimeAdaptive,2025-05-03 12:00:00,2025-05-04 12:00:00,LONG,0.17802339,0.1726318,21518.069187,-120.1667,-3.1369,SL,IS
16,R16_Trend_Plus_RSI_Pullback,DOGE_USDT_USDT,4H,RegimeAdaptive,2025-05-13 04:00:00,2025-05-14 04:00:00,LONG,0.21844551,0.24592378,6834.569266,186.0565,12.4621,TP,IS
16,R16_Trend_Plus_RSI_Pullback,DOGE_USDT_USDT,4H,RegimeAdaptive,2025-05-15 08:00:00,2025-05-23 00:00:00,LONG,0.22361706,0.24719091,8083.372073,188.463,10.4263,TP,IS
16,R16_Trend_Plus_RSI_Pullback,DOGE_USDT_USDT,4H,RegimeAdaptive,2025-05-23 20:00:00,2025-05-25 00:00:00,LONG,0.23309991,0.22055312,9410.241886,-120.4163,-5.4896,SL,IS
16,R16_Trend_Plus_RSI_Pullback,DOGE_USDT_USDT,4H,RegimeAdaptive,2025-05-27 20:00:00,2025-05-28 12:00:00,LONG,0.22717813,0.21866939,13767.571269,-120.5208,-3.8533,SL,IS
16,R16_Trend_Plus_RSI_Pullback,DOGE_USDT_USDT,4H,RegimeAdaptive,2025-07-15 04:00:00,2025-07-16 12:00:00,LONG,0.1904071,0.20585608,12240.725747,186.4389,7.9992,TP,IS
16,R16_Trend_Plus_RSI_Pullback,DOGE_USDT_USDT,4H,RegimeAdaptive,2025-07-23 12:00:00,2025-07-23 16:00:00,LONG,0.25605679,0.23968576,7172.205582,-119.3719,-6.5,SL,IS
16,R16_Trend_Plus_RSI_Pullback,DOGE_USDT_USDT,4H,RegimeAdaptive,2025-07-23 20:00:00,2025-07-24 04:00:00,LONG,0.24230267,0.2252423,6809.177178,-117.918,-7.1471,SL,IS
16,R16_Trend_Plus_RSI_Pullback,DOGE_USDT_USDT,4H,RegimeAdaptive,2025-07-28 16:00:00,2025-07-29 12:00:00,LONG,0.23221964,0.22062131,9931.178523,-117.6586,-5.1018,SL,IS
16,R16_Trend_Plus_RSI_Pullback,DOGE_USDT_USDT,4H,RegimeAdaptive,2025-08-14 16:00:00,2025-08-19 16:00:00,LONG,0.22536759,0.21237716,8768.754683,-116.021,-5.8709,SL,IS
16,R16_Trend_Plus_RSI_Pullback,DOGE_USDT_USDT,4H,RegimeAdaptive,2025-11-09 08:00:00,2025-11-10 00:00:00,SHORT,0.17504747,0.18274954,14670.721778,-115.8819,-4.5124,SL,IS
16,R16_Trend_Plus_RSI_Pullback,DOGE_USDT_USDT,4H,RegimeAdaptive,2025-11-12 12:00:00,2025-11-13 16:00:00,SHORT,0.17607716,0.16512524,16608.113647,178.774,6.1134,TP,IS
16,R16_Trend_Plus_RSI_Pullback,DOGE_USDT_USDT,4H,RegimeAdaptive,2025-11-25 04:00:00,2025-12-01 00:00:00,SHORT,0.15104467,0.14049929,17559.388308,182.3549,6.8755,TP,IS
16,R16_Trend_Plus_RSI_Pullback,DOGE_USDT_USDT,4H,RegimeAdaptive,2025-12-02 16:00:00,2025-12-03 04:00:00,SHORT,0.14618613,0.15137004,22310.595485,-119.3074,-3.6581,SL,IS
16,R16_Trend_Plus_RSI_Pullback,DOGE_USDT_USDT,4H,RegimeAdaptive,2025-12-08 08:00:00,2025-12-09 12:00:00,SHORT,0.14206737,0.14651685,25751.686034,-118.6691,-3.2437,SL,IS
16,R16_Trend_Plus_RSI_Pullback,DOGE_USDT_USDT,4H,RegimeAdaptive,2025-12-19 16:00:00,2025-12-22 12:00:00,SHORT,0.12949114,0.13480898,21272.482594,-116.2159,-4.219,SL,IS
16,R16_Trend_Plus_RSI_Pullback,DOGE_USDT_USDT,4H,RegimeAdaptive,2026-02-03 16:00:00,2026-02-05 04:00:00,SHORT,0.11009696,0.10096397,20015.27829,180.476,8.19,TP,OOS
16,R16_Trend_Plus_RSI_Pullback,DOGE_USDT_USDT,4H,RegimeAdaptive,2026-02-13 12:00:00,2026-02-13 20:00:00,SHORT,0.09388183,0.0971998,34330.261847,-117.5148,-3.6461,SL,OOS
16,R16_Trend_Plus_RSI_Pullback,DOGE_USDT_USDT,4H,RegimeAdaptive,2026-02-17 20:00:00,2026-02-23 00:00:00,SHORT,0.10099969,0.09378081,25412.467734,180.7272,7.0414,TP,OOS
16,R16_Trend_Plus_RSI_Pullback,DOGE_USDT_USDT,4H,RegimeAdaptive,2026-03-01 04:00:00,2026-03-03 08:00:00,SHORT,0.09601119,0.08921243,27415.392585,183.5976,6.9751,TP,OOS
16,R16_Trend_Plus_RSI_Pullback,DOGE_USDT_USDT,4H,RegimeAdaptive,2026-03-09 16:00:00,2026-03-10 08:00:00,SHORT,0.09104268,0.09420076,36862.746921,-120.1714,-3.5807,SL,OOS
16,R16_Trend_Plus_RSI_Pullback,DOGE_USDT_USDT,4H,RegimeAdaptive,2026-05-10 04:00:00,2026-05-10 20:00:00,LONG,0.10845253,0.11272202,43345.116262,179.7889,3.8246,TP,OOS
16,R16_Trend_Plus_RSI_Pullback,DOGE_USDT_USDT,4H,RegimeAdaptive,2026-06-08 00:00:00,2026-06-12 12:00:00,SHORT,0.08621413,0.09020791,29235.791408,-119.5982,-4.7449,SL,OOS
16,R16_Trend_Plus_RSI_Pullback,DOGE_USDT_USDT,4H,RegimeAdaptive,2026-06-12 16:00:00,2026-06-15 12:00:00,SHORT,0.08736378,0.09046361,37353.049898,-119.4412,-3.6601,SL,OOS
16,R16_Trend_Plus_RSI_Pullback,DOGE_USDT_USDT,4H,RegimeAdaptive,2026-06-22 12:00:00,2026-06-23 00:00:00,SHORT,0.08415475,0.08133107,64930.696126,177.4337,3.2472,TP,OOS
16,R16_Trend_Plus_RSI_Pullback,DOGE_USDT_USDT,4H,RegimeAdaptive,2026-07-01 16:00:00,2026-07-03 08:00:00,SHORT,0.073308,0.07564085,49933.353854,-120.5777,-3.294,SL,OOS
16,R16_Trend_Plus_RSI_Pullback,DOGE_USDT_USDT,4H,RegimeAdaptive,2026-07-10 04:00:00,2026-07-23 12:00:00,SHORT,0.07395781,0.07089992,60620.657895,180.5411,4.0269,TP,OOS
16,R16_Trend_Plus_RSI_Pullback,DOGE_USDT_USDT,4H,RegimeAdaptive,2026-08-25 20:00:00,2026-08-30 20:00:00,LONG,0.08804641,0.08335181,24831.750937,-118.916,-5.439,SL,OOS
