strategy,symbol,tf,total_return_pct,cagr_pct,sharpe,sortino,calmar,max_drawdown_pct,max_dd_duration_bars,profit_factor,win_rate_pct,expectancy,total_trades,avg_trade_pct,avg_win,avg_loss,avg_win_loss_ratio,max_consecutive_wins,max_consecutive_losses,best_month,worst_month,pct_profitable_months,monthly_returns,monthly_freq
S30a_DOW_Seasonality,BTC_USDT_USDT,15m,-96.1,-55.7,-3.8502,-10.2152,-0.5767,-96.58,2359,0.7591,39.95,-3.894,2468,-0.1379,30.7192,26.9228,1.141,9,13,10.99,-16.1,12.77,"{'2022-02-28': 9.9, '2022-03-31': -2.53, '2022-04-30': -9.83, '2022-05-31': -14.18, '2022-06-30': -6.14, '2022-07-31': -12.84, '2022-08-31': -6.96, '2022-09-30': -6.71, '2022-10-31': -2.18, '2022-11-30': -10.89, '2022-12-31': -5.16, '2023-01-31': 5.39, '2023-02-28': 0.96, '2023-03-31': -6.61, '2023-04-30': -12.42, '2023-05-31': -6.05, '2023-06-30': -11.65, '2023-07-31': -7.05, '2023-08-31': -0.91, '2023-09-30': -10.3, '2023-10-31': -2.62, '2023-11-30': -1.21, '2023-12-31': -11.48, '2024-01-31': -2.76, '2024-02-29': -15.95, '2024-03-31': -8.54, '2024-04-30': -16.1, '2024-05-31': -7.92, '2024-06-30': -5.45, '2024-07-31': 10.99, '2024-08-31': -11.95, '2024-09-30': -13.24, '2024-10-31': -5.17, '2024-11-30': -9.06, '2024-12-31': 7.56, '2025-01-31': -8.72, '2025-02-28': -9.23, '2025-03-31': -3.44, '2025-04-30': -12.89, '2025-05-31': -15.86, '2025-06-30': -2.8, '2025-07-31': -8.25, '2025-08-31': -8.33, '2025-09-30': -7.63, '2025-10-31': -11.9, '2025-11-30': 2.95, '2025-12-31': -7.6}",51.456
S30a_DOW_Seasonality,ETH_USDT_USDT,15m,-92.89,-48.48,-2.3853,-6.2549,-0.512,-94.68,2282,0.8307,40.71,-3.8117,2437,-0.1152,45.9602,37.9804,1.2101,7,13,11.43,-16.96,19.15,"{'2022-02-28': 11.43, '2022-03-31': 7.81, '2022-04-30': -11.51, '2022-05-31': 5.63, '2022-06-30': -6.58, '2022-07-31': -13.35, '2022-08-31': -8.23, '2022-09-30': -16.96, '2022-10-31': 5.36, '2022-11-30': -10.82, '2022-12-31': -10.32, '2023-01-31': -7.58, '2023-02-28': 4.11, '2023-03-31': -3.37, '2023-04-30': -10.71, '2023-05-31': -2.76, '2023-06-30': -6.4, '2023-07-31': -6.76, '2023-08-31': -0.77, '2023-09-30': -8.65, '2023-10-31': -6.84, '2023-11-30': -4.87, '2023-12-31': -10.57, '2024-01-31': -7.48, '2024-02-29': -12.28, '2024-03-31': -16.27, '2024-04-30': -8.59, '2024-05-31': -10.03, '2024-06-30': -10.2, '2024-07-31': 10.05, '2024-08-31': -5.69, '2024-09-30': -9.35, '2024-10-31': -4.63, '2024-11-30': -4.95, '2024-12-31': 1.46, '2025-01-31': 0.83, '2025-02-28': -6.33, '2025-03-31': -2.62, '2025-04-30': -9.81, '2025-05-31': -4.09, '2025-06-30': 4.47, '2025-07-31': -6.6, '2025-08-31': -8.89, '2025-09-30': -4.79, '2025-10-31': -14.19, '2025-11-30': -0.56, '2025-12-31': -6.21}",50.81
S30a_DOW_Seasonality,SOL_USDT_USDT,15m,-89.12,-42.67,-1.7173,-3.5235,-0.4716,-90.48,2409,0.8493,40.3,-3.5804,2489,-0.125,50.0842,39.8022,1.2583,8,11,15.07,-21.73,25.53,"{'2022-02-28': -1.95, '2022-03-31': -7.28, '2022-04-30': -11.03, '2022-05-31': 1.53, '2022-06-30': -14.48, '2022-07-31': -21.73, '2022-08-31': -6.14, '2022-09-30': -12.03, '2022-10-31': -3.04, '2022-11-30': 3.12, '2022-12-31': -4.95, '2023-01-31': 1.33, '2023-02-28': -8.24, '2023-03-31': 10.35, '2023-04-30': -8.24, '2023-05-31': 3.24, '2023-06-30': -0.94, '2023-07-31': -4.23, '2023-08-31': -1.32, '2023-09-30': -7.14, '2023-10-31': 0.02, '2023-11-30': -2.61, '2023-12-31': -8.55, '2024-01-31': -5.13, '2024-02-29': -9.52, '2024-03-31': 1.92, '2024-04-30': -9.05, '2024-05-31': -11.86, '2024-06-30': -2.29, '2024-07-31': 15.07, '2024-08-31': -14.77, '2024-09-30': -10.16, '2024-10-31': 0.23, '2024-11-30': -7.97, '2024-12-31': -3.5, '2025-01-31': -8.25, '2025-02-28': -0.37, '2025-03-31': -1.95, '2025-04-30': -6.33, '2025-05-31': -6.7, '2025-06-30': 4.35, '2025-07-31': -7.09, '2025-08-31': -11.49, '2025-09-30': 2.04, '2025-10-31': -10.67, '2025-11-30': -3.78, '2025-12-31': 2.14}",51.894
S30a_DOW_Seasonality,XRP_USDT_USDT,15m,-93.82,-50.25,-2.4359,-5.4737,-0.5272,-95.32,2399,0.8249,39.83,-3.7632,2493,-0.1356,44.5214,35.7276,1.2461,7,15,25.82,-22.26,12.77,"{'2022-02-28': 20.95, '2022-03-31': -7.15, '2022-04-30': -4.8, '2022-05-31': -1.16, '2022-06-30': -0.48, '2022-07-31': -12.85, '2022-08-31': -13.36, '2022-09-30': -2.56, '2022-10-31': -1.11, '2022-11-30': -22.26, '2022-12-31': -3.12, '2023-01-31': -0.55, '2023-02-28': -3.98, '2023-03-31': -8.3, '2023-04-30': -5.39, '2023-05-31': -14.48, '2023-06-30': -9.12, '2023-07-31': -8.72, '2023-08-31': 2.63, '2023-09-30': -7.31, '2023-10-31': -14.23, '2023-11-30': -6.01, '2023-12-31': -8.85, '2024-01-31': 4.8, '2024-02-29': -17.63, '2024-03-31': -20.07, '2024-04-30': -4.96, '2024-05-31': -17.15, '2024-06-30': -5.81, '2024-07-31': 25.82, '2024-08-31': -10.79, '2024-09-30': -4.06, '2024-10-31': -5.36, '2024-11-30': -5.44, '2024-12-31': 2.56, '2025-01-31': -14.25, '2025-02-28': -2.88, '2025-03-31': -8.27, '2025-04-30': -6.37, '2025-05-31': -9.19, '2025-06-30': -0.27, '2025-07-31': -1.41, '2025-08-31': -6.55, '2025-09-30': -7.04, '2025-10-31': -11.66, '2025-11-30': -2.61, '2025-12-31': 10.56}",51.977
S30a_DOW_Seasonality,DOGE_USDT_USDT,15m,-87.69,-40.9,-1.4959,-3.7759,-0.4619,-88.55,2325,0.8345,40.58,-3.5547,2467,-0.0972,44.1809,36.1491,1.2222,8,11,21.94,-15.83,25.53,"{'2022-02-28': 4.19, '2022-03-31': 2.76, '2022-04-30': -10.06, '2022-05-31': 1.1, '2022-06-30': -10.0, '2022-07-31': -15.83, '2022-08-31': -7.02, '2022-09-30': -5.8, '2022-10-31': 8.42, '2022-11-30': -6.26, '2022-12-31': -14.18, '2023-01-31': 2.83, '2023-02-28': -1.98, '2023-03-31': 0.2, '2023-04-30': -6.34, '2023-05-31': -8.37, '2023-06-30': -2.45, '2023-07-31': -8.61, '2023-08-31': -3.58, '2023-09-30': -7.93, '2023-10-31': -12.26, '2023-11-30': -7.68, '2023-12-31': -6.41, '2024-01-31': -3.22, '2024-02-29': -13.68, '2024-03-31': -13.15, '2024-04-30': -1.09, '2024-05-31': -8.1, '2024-06-30': -12.34, '2024-07-31': 21.94, '2024-08-31': -10.57, '2024-09-30': -5.7, '2024-10-31': -1.48, '2024-11-30': -4.3, '2024-12-31': -3.83, '2025-01-31': 6.08, '2025-02-28': -1.9, '2025-03-31': 2.05, '2025-04-30': -3.87, '2025-05-31': -8.06, '2025-06-30': 0.7, '2025-07-31': 3.49, '2025-08-31': -5.77, '2025-09-30': -0.75, '2025-10-31': -3.25, '2025-11-30': -4.53, '2025-12-31': 2.2}",51.435
S30a_DOW_Seasonality,ADA_USDT_USDT,15m,-95.97,-55.31,-2.3448,-6.444,-0.5751,-96.18,2528,0.7803,39.19,-3.7946,2529,-0.1394,34.3934,28.4008,1.211,6,17,16.0,-21.44,19.15,"{'2022-02-28': 3.91, '2022-03-31': -3.92, '2022-04-30': -7.99, '2022-05-31': 3.37, '2022-06-30': -21.08, '2022-07-31': -15.81, '2022-08-31': -7.47, '2022-09-30': -9.97, '2022-10-31': 2.74, '2022-11-30': -11.96, '2022-12-31': -12.81, '2023-01-31': -2.61, '2023-02-28': -0.67, '2023-03-31': 5.73, '2023-04-30': -6.31, '2023-05-31': -6.86, '2023-06-30': -2.53, '2023-07-31': -8.21, '2023-08-31': -14.09, '2023-09-30': -8.59, '2023-10-31': -10.4, '2023-11-30': -21.44, '2023-12-31': -9.32, '2024-01-31': -2.94, '2024-02-29': -14.42, '2024-03-31': -9.76, '2024-04-30': -9.01, '2024-05-31': -14.53, '2024-06-30': -2.91, '2024-07-31': 16.0, '2024-08-31': -9.94, '2024-09-30': -11.99, '2024-10-31': -4.64, '2024-11-30': 4.53, '2024-12-31': 10.76, '2025-01-31': -8.14, '2025-02-28': -7.54, '2025-03-31': -8.91, '2025-04-30': 0.71, '2025-05-31': -10.63, '2025-06-30': -0.6, '2025-07-31': -5.76, '2025-08-31': -11.1, '2025-09-30': -9.65, '2025-10-31': -10.08, '2025-11-30': -1.13, '2025-12-31': 0.79}",52.728
S30a_DOW_Seasonality,AVAX_USDT_USDT,15m,-88.85,-42.32,-1.52,-3.9979,-0.4643,-91.15,2436,0.8572,40.37,-3.4994,2539,-0.1022,52.0408,41.101,1.2662,7,13,25.55,-21.35,34.04,"{'2022-02-28': 4.6, '2022-03-31': -7.65, '2022-04-30': -9.14, '2022-05-31': 13.9, '2022-06-30': -12.06, '2022-07-31': -21.35, '2022-08-31': -9.58, '2022-09-30': -16.71, '2022-10-31': 3.73, '2022-11-30': -4.81, '2022-12-31': -10.85, '2023-01-31': 4.84, '2023-02-28': 4.41, '2023-03-31': -2.3, '2023-04-30': -6.35, '2023-05-31': 1.53, '2023-06-30': -12.79, '2023-07-31': -8.35, '2023-08-31': -1.84, '2023-09-30': -7.93, '2023-10-31': -3.67, '2023-11-30': -5.94, '2023-12-31': -9.75, '2024-01-31': 6.93, '2024-02-29': -7.63, '2024-03-31': -10.3, '2024-04-30': -6.15, '2024-05-31': -21.08, '2024-06-30': -1.61, '2024-07-31': 25.55, '2024-08-31': -19.03, '2024-09-30': -7.06, '2024-10-31': 8.1, '2024-11-30': 12.73, '2024-12-31': 8.39, '2025-01-31': -9.66, '2025-02-28': 0.15, '2025-03-31': -10.62, '2025-04-30': -18.47, '2025-05-31': -13.08, '2025-06-30': 2.8, '2025-07-31': -8.91, '2025-08-31': -10.39, '2025-09-30': 4.76, '2025-10-31': -10.76, '2025-11-30': 2.39, '2025-12-31': 4.3}",52.936
S30a_DOW_Seasonality,LINK_USDT_USDT,15m,-92.03,-47.01,-1.9512,-5.716,-0.5037,-93.33,2385,0.825,40.29,-3.639,2529,-0.1198,42.5883,34.8347,1.2226,7,19,16.61,-24.04,27.66,"{'2022-02-28': 16.61, '2022-03-31': -2.65, '2022-04-30': -3.73, '2022-05-31': 0.38, '2022-06-30': -21.87, '2022-07-31': -23.81, '2022-08-31': -7.61, '2022-09-30': -11.02, '2022-10-31': -0.49, '2022-11-30': -14.8, '2022-12-31': -24.04, '2023-01-31': 4.16, '2023-02-28': -8.54, '2023-03-31': 1.52, '2023-04-30': -7.75, '2023-05-31': 3.11, '2023-06-30': -8.02, '2023-07-31': -15.3, '2023-08-31': 8.08, '2023-09-30': -2.37, '2023-10-31': -1.56, '2023-11-30': -3.77, '2023-12-31': -11.52, '2024-01-31': 3.82, '2024-02-29': -2.29, '2024-03-31': -6.5, '2024-04-30': -10.71, '2024-05-31': -10.43, '2024-06-30': -12.28, '2024-07-31': 14.3, '2024-08-31': -13.42, '2024-09-30': -6.42, '2024-10-31': -2.38, '2024-11-30': -8.48, '2024-12-31': 0.86, '2025-01-31': -1.31, '2025-02-28': 1.32, '2025-03-31': 0.81, '2025-04-30': -9.83, '2025-05-31': -8.4, '2025-06-30': 1.34, '2025-07-31': -5.86, '2025-08-31': -4.12, '2025-09-30': -4.5, '2025-10-31': 1.38, '2025-11-30': -1.78, '2025-12-31': -9.82}",52.728
S30a_DOW_Seasonality,BNB_USDT_USDT,15m,-97.92,-62.17,-3.865,-10.3082,-0.6328,-98.24,2437,0.7445,38.43,-3.8752,2527,-0.1513,29.3939,24.6363,1.1931,8,16,10.15,-16.51,6.38,"{'2022-02-28': 8.77, '2022-03-31': -12.62, '2022-04-30': -11.68, '2022-05-31': -1.59, '2022-06-30': -14.34, '2022-07-31': -16.51, '2022-08-31': -8.26, '2022-09-30': -7.81, '2022-10-31': -4.19, '2022-11-30': -10.42, '2022-12-31': -6.06, '2023-01-31': -1.61, '2023-02-28': -2.19, '2023-03-31': -8.01, '2023-04-30': -6.85, '2023-05-31': -9.54, '2023-06-30': -1.78, '2023-07-31': -6.67, '2023-08-31': -7.91, '2023-09-30': -11.88, '2023-10-31': -8.83, '2023-11-30': -13.07, '2023-12-31': -16.14, '2024-01-31': -10.85, '2024-02-29': -8.53, '2024-03-31': -2.0, '2024-04-30': -15.47, '2024-05-31': -3.95, '2024-06-30': -3.92, '2024-07-31': 10.15, '2024-08-31': -14.35, '2024-09-30': -8.42, '2024-10-31': -5.5, '2024-11-30': -15.48, '2024-12-31': -7.31, '2025-01-31': -13.26, '2025-02-28': -6.77, '2025-03-31': -8.54, '2025-04-30': -13.87, '2025-05-31': -11.9, '2025-06-30': -6.91, '2025-07-31': -10.78, '2025-08-31': -9.27, '2025-09-30': 1.17, '2025-10-31': -10.82, '2025-11-30': -8.3, '2025-12-31': -4.24}",52.686
S30a_DOW_Seasonality,LTC_USDT_USDT,15m,-97.39,-59.94,-2.9119,-7.4646,-0.6124,-97.87,2506,0.789,38.67,-3.7589,2591,-0.1537,36.3434,29.0468,1.2512,9,12,13.14,-21.34,14.89,"{'2022-02-28': 12.2, '2022-03-31': -14.07, '2022-04-30': -8.98, '2022-05-31': -0.58, '2022-06-30': -8.56, '2022-07-31': -21.34, '2022-08-31': -15.06, '2022-09-30': -16.5, '2022-10-31': 2.42, '2022-11-30': -9.1, '2022-12-31': -7.98, '2023-01-31': 2.71, '2023-02-28': -7.18, '2023-03-31': 3.54, '2023-04-30': -7.78, '2023-05-31': -11.97, '2023-06-30': -8.38, '2023-07-31': -6.6, '2023-08-31': 2.79, '2023-09-30': -12.92, '2023-10-31': -10.89, '2023-11-30': -10.16, '2023-12-31': -11.79, '2024-01-31': -11.69, '2024-02-29': -12.51, '2024-03-31': -8.16, '2024-04-30': -9.48, '2024-05-31': -12.73, '2024-06-30': -13.92, '2024-07-31': 13.14, '2024-08-31': -16.46, '2024-09-30': -10.39, '2024-10-31': -11.91, '2024-11-30': -1.34, '2024-12-31': -0.66, '2025-01-31': -15.85, '2025-02-28': -0.16, '2025-03-31': -5.14, '2025-04-30': -7.84, '2025-05-31': -14.34, '2025-06-30': -3.26, '2025-07-31': -5.7, '2025-08-31': -18.24, '2025-09-30': -3.01, '2025-10-31': -2.19, '2025-11-30': -6.81, '2025-12-31': 1.7}",54.021
S30a_DOW_Seasonality,DOT_USDT_USDT,15m,-93.55,-49.71,-1.9435,-5.3121,-0.5232,-95.02,2480,0.8353,40.36,-3.5855,2609,-0.1097,45.0441,36.4948,1.2343,7,13,16.63,-16.58,10.64,"{'2022-02-28': 15.14, '2022-03-31': -0.67, '2022-04-30': -15.13, '2022-05-31': 8.22, '2022-06-30': -14.58, '2022-07-31': -12.76, '2022-08-31': -10.15, '2022-09-30': -14.84, '2022-10-31': -0.84, '2022-11-30': -2.91, '2022-12-31': -16.58, '2023-01-31': -4.79, '2023-02-28': -1.26, '2023-03-31': -4.75, '2023-04-30': -7.47, '2023-05-31': -2.77, '2023-06-30': -6.75, '2023-07-31': -7.36, '2023-08-31': -2.18, '2023-09-30': -8.26, '2023-10-31': -2.32, '2023-11-30': -12.24, '2023-12-31': -4.27, '2024-01-31': -9.55, '2024-02-29': -10.71, '2024-03-31': -6.57, '2024-04-30': -13.71, '2024-05-31': -9.37, '2024-06-30': -4.57, '2024-07-31': 16.63, '2024-08-31': -16.56, '2024-09-30': -7.16, '2024-10-31': -1.7, '2024-11-30': -3.09, '2024-12-31': 2.7, '2025-01-31': -7.32, '2025-02-28': -6.12, '2025-03-31': -2.56, '2025-04-30': -10.7, '2025-05-31': -13.19, '2025-06-30': -0.65, '2025-07-31': -3.11, '2025-08-31': -9.52, '2025-09-30': -6.19, '2025-10-31': -6.66, '2025-11-30': -3.31, '2025-12-31': 5.92}",54.396
S30a_DOW_Seasonality,BCH_USDT_USDT,15m,-97.17,-59.12,-2.677,-6.7974,-0.6077,-97.29,2536,0.7597,39.22,-3.6502,2662,-0.1424,29.4307,24.9953,1.1774,8,15,21.56,-22.79,14.89,"{'2022-02-28': 2.25, '2022-03-31': -6.2, '2022-04-30': -15.3, '2022-05-31': -5.11, '2022-06-30': -11.01, '2022-07-31': -22.79, '2022-08-31': -7.77, '2022-09-30': -18.49, '2022-10-31': -2.25, '2022-11-30': -9.89, '2022-12-31': -8.95, '2023-01-31': -3.12, '2023-02-28': -5.74, '2023-03-31': -1.28, '2023-04-30': -6.95, '2023-05-31': -8.83, '2023-06-30': -9.48, '2023-07-31': -6.96, '2023-08-31': -5.52, '2023-09-30': -7.98, '2023-10-31': -9.22, '2023-11-30': 0.49, '2023-12-31': -17.32, '2024-01-31': -12.13, '2024-02-29': -4.95, '2024-03-31': -6.64, '2024-04-30': -11.6, '2024-05-31': -11.03, '2024-06-30': -14.28, '2024-07-31': 21.56, '2024-08-31': -11.69, '2024-09-30': -9.16, '2024-10-31': -17.25, '2024-11-30': -11.98, '2024-12-31': 11.07, '2025-01-31': -9.69, '2025-02-28': 5.23, '2025-03-31': -4.4, '2025-04-30': -5.06, '2025-05-31': -14.11, '2025-06-30': -9.21, '2025-07-31': -3.32, '2025-08-31': -9.86, '2025-09-30': -1.58, '2025-10-31': 1.29, '2025-11-30': 2.35, '2025-12-31': -14.99}",55.501
S30a_DOW_Seasonality,ATOM_USDT_USDT,15m,-96.4,-56.58,-2.5617,-6.7588,-0.5854,-96.66,2558,0.7721,39.0,-3.7673,2559,-0.153,32.7305,27.1016,1.2077,8,12,24.56,-23.41,14.89,"{'2022-02-28': -2.47, '2022-03-31': -6.9, '2022-04-30': -9.71, '2022-05-31': 13.35, '2022-06-30': -16.96, '2022-07-31': -15.53, '2022-08-31': -7.02, '2022-09-30': -11.36, '2022-10-31': -2.77, '2022-11-30': -13.89, '2022-12-31': -14.31, '2023-01-31': -0.46, '2023-02-28': -2.37, '2023-03-31': -13.19, '2023-04-30': -8.43, '2023-05-31': -13.34, '2023-06-30': -7.32, '2023-07-31': -5.07, '2023-08-31': -6.8, '2023-09-30': -5.91, '2023-10-31': -14.16, '2023-11-30': -23.41, '2023-12-31': -15.05, '2024-01-31': -1.4, '2024-02-29': -12.78, '2024-03-31': 0.54, '2024-04-30': -13.9, '2024-05-31': -10.71, '2024-06-30': -5.7, '2024-07-31': 24.56, '2024-08-31': -5.56, '2024-09-30': -6.84, '2024-10-31': 1.53, '2024-11-30': -0.75, '2024-12-31': 1.47, '2025-01-31': -8.63, '2025-02-28': -7.06, '2025-03-31': 3.08, '2025-04-30': -10.45, '2025-05-31': -3.48, '2025-06-30': -0.12, '2025-07-31': -9.44, '2025-08-31': -13.84, '2025-09-30': -9.45, '2025-10-31': -10.36, '2025-11-30': -2.07, '2025-12-31': 4.0}",53.353
S30a_DOW_Seasonality,NEAR_USDT_USDT,15m,-93.53,-49.68,-2.0429,-5.6782,-0.5222,-95.14,2343,0.8422,38.87,-3.7516,2493,-0.1506,51.4975,38.8805,1.3245,7,15,14.15,-19.72,27.66,"{'2022-02-28': 3.59, '2022-03-31': 3.81, '2022-04-30': -2.24, '2022-05-31': 2.12, '2022-06-30': -8.39, '2022-07-31': -18.28, '2022-08-31': -0.41, '2022-09-30': -10.06, '2022-10-31': 0.17, '2022-11-30': -4.96, '2022-12-31': -13.4, '2023-01-31': 4.78, '2023-02-28': -8.86, '2023-03-31': -10.46, '2023-04-30': -12.05, '2023-05-31': 1.37, '2023-06-30': -12.2, '2023-07-31': -5.48, '2023-08-31': 1.53, '2023-09-30': -18.38, '2023-10-31': -6.1, '2023-11-30': -17.2, '2023-12-31': -4.9, '2024-01-31': -0.67, '2024-02-29': -19.72, '2024-03-31': -8.65, '2024-04-30': -7.92, '2024-05-31': -14.63, '2024-06-30': -10.9, '2024-07-31': 2.63, '2024-08-31': -7.57, '2024-09-30': -3.81, '2024-10-31': 0.84, '2024-11-30': -17.69, '2024-12-31': -0.15, '2025-01-31': 14.15, '2025-02-28': 1.08, '2025-03-31': -15.2, '2025-04-30': -8.47, '2025-05-31': -0.87, '2025-06-30': -2.26, '2025-07-31': -3.07, '2025-08-31': -10.51, '2025-09-30': -8.85, '2025-10-31': -2.29, '2025-11-30': 5.81, '2025-12-31': 4.91}",51.977
S30a_DOW_Seasonality,UNI_USDT_USDT,15m,-95.29,-53.55,-1.9699,-5.4573,-0.5558,-96.34,2484,0.821,39.02,-3.6666,2599,-0.1257,43.1051,33.5887,1.2833,7,13,16.85,-17.24,19.15,"{'2022-02-28': 7.37, '2022-03-31': 1.76, '2022-04-30': -13.54, '2022-05-31': 5.8, '2022-06-30': -14.59, '2022-07-31': -15.43, '2022-08-31': -9.72, '2022-09-30': -13.03, '2022-10-31': -10.5, '2022-11-30': 1.08, '2022-12-31': -14.5, '2023-01-31': -4.87, '2023-02-28': -9.99, '2023-03-31': 6.22, '2023-04-30': -8.7, '2023-05-31': -9.94, '2023-06-30': -9.86, '2023-07-31': -3.12, '2023-08-31': -3.62, '2023-09-30': -11.43, '2023-10-31': -7.39, '2023-11-30': -17.24, '2023-12-31': -10.07, '2024-01-31': -5.09, '2024-02-29': -9.92, '2024-03-31': -15.67, '2024-04-30': -7.1, '2024-05-31': -6.8, '2024-06-30': -10.61, '2024-07-31': 15.66, '2024-08-31': -12.39, '2024-09-30': -6.91, '2024-10-31': -11.44, '2024-11-30': -14.39, '2024-12-31': 16.85, '2025-01-31': 0.81, '2025-02-28': -4.19, '2025-03-31': -3.7, '2025-04-30': -10.54, '2025-05-31': -5.81, '2025-06-30': -0.05, '2025-07-31': 3.83, '2025-08-31': -13.49, '2025-09-30': -2.93, '2025-10-31': -10.84, '2025-11-30': -6.29, '2025-12-31': -0.7}",54.187
S30a_DOW_Seasonality,OP_USDT_USDT,15m,-89.26,-46.47,-1.6236,-3.9572,-0.5173,-89.83,2339,0.8515,39.17,-3.8127,2341,-0.1316,55.821,42.2145,1.3223,8,13,13.16,-23.6,23.81,"{'2022-07-31': -7.92, '2022-08-31': 2.38, '2022-09-30': -2.48, '2022-10-31': 11.24, '2022-11-30': -11.93, '2022-12-31': -13.93, '2023-01-31': 13.16, '2023-02-28': -13.32, '2023-03-31': -6.92, '2023-04-30': -7.5, '2023-05-31': -9.33, '2023-06-30': -7.49, '2023-07-31': 1.83, '2023-08-31': -10.66, '2023-09-30': -12.52, '2023-10-31': -6.46, '2023-11-30': -8.41, '2023-12-31': 3.42, '2024-01-31': 1.54, '2024-02-29': -10.87, '2024-03-31': -23.6, '2024-04-30': -6.08, '2024-05-31': -9.79, '2024-06-30': -6.8, '2024-07-31': 7.65, '2024-08-31': -12.92, '2024-09-30': -7.46, '2024-10-31': 9.9, '2024-11-30': -5.65, '2024-12-31': 7.24, '2025-01-31': -0.93, '2025-02-28': -7.18, '2025-03-31': -2.73, '2025-04-30': 0.7, '2025-05-31': -8.43, '2025-06-30': -5.34, '2025-07-31': -8.86, '2025-08-31': -11.61, '2025-09-30': -0.35, '2025-10-31': -5.28, '2025-11-30': -1.02, '2025-12-31': -1.96}",54.439
S30a_DOW_Seasonality,APT_USDT_USDT,15m,-87.47,-47.89,-1.7807,-5.4274,-0.5331,-89.83,1987,0.8348,39.42,-4.365,2004,-0.1208,55.963,43.6229,1.2829,9,14,12.23,-18.48,23.68,"{'2022-11-30': -6.23, '2022-12-31': -7.17, '2023-01-31': 3.91, '2023-02-28': -4.95, '2023-03-31': -10.66, '2023-04-30': -5.92, '2023-05-31': 2.63, '2023-06-30': -15.7, '2023-07-31': -9.12, '2023-08-31': 1.39, '2023-09-30': -7.95, '2023-10-31': -9.33, '2023-11-30': -3.44, '2023-12-31': -8.1, '2024-01-31': -7.57, '2024-02-29': -17.28, '2024-03-31': 2.52, '2024-04-30': -4.55, '2024-05-31': -3.52, '2024-06-30': -12.03, '2024-07-31': 12.23, '2024-08-31': -16.62, '2024-09-30': -0.72, '2024-10-31': -4.54, '2024-11-30': -7.05, '2024-12-31': 11.5, '2025-01-31': -5.06, '2025-02-28': -7.07, '2025-03-31': -13.86, '2025-04-30': -7.41, '2025-05-31': -12.45, '2025-06-30': 7.19, '2025-07-31': -10.68, '2025-08-31': -18.48, '2025-09-30': -7.11, '2025-10-31': 1.59, '2025-11-30': -1.38, '2025-12-31': 9.02}",52.183
S30a_DOW_Seasonality,FIL_USDT_USDT,15m,-96.44,-56.67,-2.0311,-5.1144,-0.5827,-97.26,2546,0.7851,38.63,-3.6668,2630,-0.1325,34.6756,27.803,1.2472,7,14,20.54,-20.07,23.4,"{'2022-02-28': 3.53, '2022-03-31': -14.99, '2022-04-30': -13.67, '2022-05-31': 8.06, '2022-06-30': -15.22, '2022-07-31': -20.07, '2022-08-31': -6.79, '2022-09-30': -7.72, '2022-10-31': -3.3, '2022-11-30': -13.18, '2022-12-31': -16.68, '2023-01-31': 0.16, '2023-02-28': 18.64, '2023-03-31': -9.84, '2023-04-30': -11.84, '2023-05-31': -7.24, '2023-06-30': -10.67, '2023-07-31': -13.24, '2023-08-31': 4.21, '2023-09-30': -12.35, '2023-10-31': -14.32, '2023-11-30': -10.67, '2023-12-31': -16.26, '2024-01-31': -6.75, '2024-02-29': -19.1, '2024-03-31': -14.02, '2024-04-30': -0.54, '2024-05-31': -10.49, '2024-06-30': -0.33, '2024-07-31': 20.54, '2024-08-31': -15.44, '2024-09-30': -19.19, '2024-10-31': 1.82, '2024-11-30': -4.68, '2024-12-31': 9.82, '2025-01-31': -14.44, '2025-02-28': -9.14, '2025-03-31': -7.64, '2025-04-30': -7.12, '2025-05-31': -11.24, '2025-06-30': -2.32, '2025-07-31': -9.53, '2025-08-31': -8.08, '2025-09-30': -2.27, '2025-10-31': 4.87, '2025-11-30': 1.12, '2025-12-31': 3.91}",54.834
S30a_DOW_Seasonality,INJ_USDT_USDT,15m,-88.41,-47.35,-1.5192,-5.1776,-0.5309,-89.19,2171,0.8542,39.17,-4.0499,2183,-0.113,60.5683,45.6528,1.3267,7,11,12.98,-20.76,25.0,"{'2022-09-30': -9.94, '2022-10-31': 9.72, '2022-11-30': -13.7, '2022-12-31': -14.31, '2023-01-31': -3.81, '2023-02-28': 1.81, '2023-03-31': 8.32, '2023-04-30': -9.78, '2023-05-31': 5.6, '2023-06-30': -15.22, '2023-07-31': -15.32, '2023-08-31': -8.29, '2023-09-30': -0.34, '2023-10-31': -1.25, '2023-11-30': -1.02, '2023-12-31': -8.11, '2024-01-31': 12.98, '2024-02-29': -13.31, '2024-03-31': -9.96, '2024-04-30': 3.19, '2024-05-31': -4.87, '2024-06-30': -0.89, '2024-07-31': 5.45, '2024-08-31': -14.65, '2024-09-30': -15.25, '2024-10-31': 3.89, '2024-11-30': -8.01, '2024-12-31': 5.91, '2025-01-31': -10.5, '2025-02-28': -9.73, '2025-03-31': -1.48, '2025-04-30': -10.03, '2025-05-31': 11.47, '2025-06-30': -7.56, '2025-07-31': -10.41, '2025-08-31': -20.76, '2025-09-30': -4.0, '2025-10-31': -4.17, '2025-11-30': -7.98, '2025-12-31': -4.41}",53.937
S30a_DOW_Seasonality,TRX_USDT_USDT,15m,-97.87,-61.91,-4.3108,-9.4554,-0.6323,-97.91,2694,0.6704,39.74,-3.6314,2695,-0.1376,18.5882,18.2849,1.0166,9,13,6.01,-14.95,6.38,"{'2022-02-28': 6.01, '2022-03-31': -11.17, '2022-04-30': -11.8, '2022-05-31': 1.94, '2022-06-30': -12.5, '2022-07-31': -11.97, '2022-08-31': -14.45, '2022-09-30': -14.95, '2022-10-31': -8.1, '2022-11-30': -4.08, '2022-12-31': -10.36, '2023-01-31': -4.09, '2023-02-28': -1.25, '2023-03-31': -8.03, '2023-04-30': -12.43, '2023-05-31': -7.53, '2023-06-30': -7.82, '2023-07-31': -4.57, '2023-08-31': -13.46, '2023-09-30': -9.73, '2023-10-31': -9.05, '2023-11-30': -7.6, '2023-12-31': -12.74, '2024-01-31': -4.94, '2024-02-29': -5.36, '2024-03-31': -3.79, '2024-04-30': -8.68, '2024-05-31': -8.17, '2024-06-30': -10.27, '2024-07-31': -3.22, '2024-08-31': -8.23, '2024-09-30': -4.18, '2024-10-31': -8.42, '2024-11-30': -12.45, '2024-12-31': 4.57, '2025-01-31': -6.67, '2025-02-28': -2.91, '2025-03-31': -2.44, '2025-04-30': -6.28, '2025-05-31': -13.78, '2025-06-30': -10.52, '2025-07-31': -9.67, '2025-08-31': -8.12, '2025-09-30': -7.24, '2025-10-31': -8.38, '2025-11-30': -10.04, '2025-12-31': -6.73}",56.189
S30a_DOW_Seasonality,ETC_USDT_USDT,15m,-96.49,-56.85,-2.8779,-6.9807,-0.5868,-96.88,2609,0.7589,38.97,-3.6509,2643,-0.1614,29.4807,24.8075,1.1884,7,11,22.66,-22.45,17.02,"{'2022-02-28': -1.86, '2022-03-31': -10.64, '2022-04-30': -10.43, '2022-05-31': -6.73, '2022-06-30': -15.44, '2022-07-31': -22.45, '2022-08-31': -10.24, '2022-09-30': -19.18, '2022-10-31': 7.08, '2022-11-30': -6.82, '2022-12-31': -4.79, '2023-01-31': -3.93, '2023-02-28': -1.43, '2023-03-31': 10.36, '2023-04-30': -10.71, '2023-05-31': -10.14, '2023-06-30': -8.32, '2023-07-31': -8.53, '2023-08-31': -10.92, '2023-09-30': -15.22, '2023-10-31': -11.46, '2023-11-30': -16.79, '2023-12-31': -15.31, '2024-01-31': -1.94, '2024-02-29': -9.08, '2024-03-31': -12.67, '2024-04-30': -11.23, '2024-05-31': -17.67, '2024-06-30': -3.62, '2024-07-31': 22.66, '2024-08-31': -7.04, '2024-09-30': -6.05, '2024-10-31': -8.45, '2024-11-30': -15.93, '2024-12-31': 3.81, '2025-01-31': -9.32, '2025-02-28': -7.69, '2025-03-31': -0.21, '2025-04-30': -7.86, '2025-05-31': -6.71, '2025-06-30': 2.78, '2025-07-31': 8.25, '2025-08-31': -5.68, '2025-09-30': -9.47, '2025-10-31': -3.65, '2025-11-30': 1.21, '2025-12-31': 2.77}",55.105
S30a_DOW_Seasonality,XLM_USDT_USDT,15m,-98.31,-64.07,-3.5003,-8.0711,-0.6501,-98.55,2619,0.7668,38.39,-3.5736,2751,-0.1696,30.6093,24.8699,1.2308,8,12,12.23,-23.86,12.77,"{'2022-02-28': 12.23, '2022-03-31': -6.66, '2022-04-30': -14.82, '2022-05-31': -0.19, '2022-06-30': -15.75, '2022-07-31': -23.86, '2022-08-31': -10.99, '2022-09-30': -1.17, '2022-10-31': -2.17, '2022-11-30': -16.05, '2022-12-31': -8.99, '2023-01-31': -1.43, '2023-02-28': -3.92, '2023-03-31': -1.65, '2023-04-30': -8.6, '2023-05-31': -10.69, '2023-06-30': -7.49, '2023-07-31': -14.1, '2023-08-31': 2.8, '2023-09-30': -13.89, '2023-10-31': -6.7, '2023-11-30': -6.7, '2023-12-31': -14.01, '2024-01-31': 2.66, '2024-02-29': -15.89, '2024-03-31': -10.61, '2024-04-30': -12.2, '2024-05-31': -14.9, '2024-06-30': -8.45, '2024-07-31': 2.26, '2024-08-31': -15.33, '2024-09-30': -10.87, '2024-10-31': -7.95, '2024-11-30': -11.59, '2024-12-31': -2.52, '2025-01-31': -13.42, '2025-02-28': 0.6, '2025-03-31': -11.56, '2025-04-30': -13.44, '2025-05-31': -16.48, '2025-06-30': -6.64, '2025-07-31': 0.5, '2025-08-31': -11.54, '2025-09-30': -12.2, '2025-10-31': -6.01, '2025-11-30': -2.78, '2025-12-31': -4.58}",57.356
S30a_DOW_Seasonality,RUNE_USDT_USDT,15m,-85.37,-38.27,-1.1155,-3.1059,-0.4275,-89.51,2375,0.8787,40.51,-3.3543,2545,-0.0781,60.0039,46.4998,1.2904,7,17,17.48,-20.02,23.4,"{'2022-02-28': 7.89, '2022-03-31': 13.69, '2022-04-30': -11.06, '2022-05-31': -3.05, '2022-06-30': -6.22, '2022-07-31': -20.02, '2022-08-31': -3.21, '2022-09-30': -13.17, '2022-10-31': -3.74, '2022-11-30': -7.06, '2022-12-31': -10.09, '2023-01-31': -5.92, '2023-02-28': -2.88, '2023-03-31': -9.39, '2023-04-30': -4.52, '2023-05-31': -1.47, '2023-06-30': -11.04, '2023-07-31': -12.83, '2023-08-31': 3.17, '2023-09-30': 4.28, '2023-10-31': 4.97, '2023-11-30': 4.42, '2023-12-31': -13.67, '2024-01-31': -3.03, '2024-02-29': -12.79, '2024-03-31': -6.06, '2024-04-30': 4.63, '2024-05-31': -1.08, '2024-06-30': -10.96, '2024-07-31': 7.23, '2024-08-31': -5.01, '2024-09-30': -2.67, '2024-10-31': 3.8, '2024-11-30': -1.67, '2024-12-31': -0.39, '2025-01-31': 17.48, '2025-02-28': -3.86, '2025-03-31': -4.79, '2025-04-30': -12.43, '2025-05-31': -2.23, '2025-06-30': -3.08, '2025-07-31': -14.94, '2025-08-31': -8.64, '2025-09-30': -5.32, '2025-10-31': -10.86, '2025-11-30': 2.25, '2025-12-31': -1.42}",53.062
S30a_DOW_Seasonality,AAVE_USDT_USDT,15m,-94.79,-52.34,-1.9569,-5.6886,-0.5471,-95.66,2359,0.8403,39.16,-3.6683,2584,-0.1308,49.292,37.7623,1.3053,8,12,17.23,-18.13,14.89,"{'2022-02-28': 12.16, '2022-03-31': -1.19, '2022-04-30': -2.64, '2022-05-31': 3.17, '2022-06-30': -13.31, '2022-07-31': -13.59, '2022-08-31': -7.24, '2022-09-30': -12.16, '2022-10-31': -6.55, '2022-11-30': -8.0, '2022-12-31': -2.37, '2023-01-31': -10.38, '2023-02-28': -8.69, '2023-03-31': -3.27, '2023-04-30': -14.26, '2023-05-31': -4.17, '2023-06-30': -3.75, '2023-07-31': -5.78, '2023-08-31': -5.35, '2023-09-30': 1.27, '2023-10-31': 1.1, '2023-11-30': -15.15, '2023-12-31': -15.49, '2024-01-31': -9.48, '2024-02-29': -5.57, '2024-03-31': -18.13, '2024-04-30': -4.86, '2024-05-31': -13.64, '2024-06-30': -7.46, '2024-07-31': -1.28, '2024-08-31': -6.36, '2024-09-30': -10.23, '2024-10-31': 0.21, '2024-11-30': -1.58, '2024-12-31': 17.23, '2025-01-31': 1.12, '2025-02-28': -4.11, '2025-03-31': -2.36, '2025-04-30': -8.5, '2025-05-31': -17.87, '2025-06-30': -0.84, '2025-07-31': -6.54, '2025-08-31': -12.44, '2025-09-30': -11.79, '2025-10-31': -3.28, '2025-11-30': -2.71, '2025-12-31': -6.46}",53.875
S30a_DOW_Seasonality,LDO_USDT_USDT,15m,-71.95,-30.94,-0.9558,-2.5936,-0.4071,-76.0,1584,0.9077,40.66,-3.2395,2221,-0.0762,78.3966,59.1707,1.3249,9,12,23.6,-17.0,26.83,"{'2022-08-31': 7.62, '2022-09-30': -14.21, '2022-10-31': 5.2, '2022-11-30': -5.21, '2022-12-31': -17.0, '2023-01-31': 16.47, '2023-02-28': -0.16, '2023-03-31': -1.64, '2023-04-30': -10.01, '2023-05-31': 23.6, '2023-06-30': 13.02, '2023-07-31': -5.02, '2023-08-31': -8.86, '2023-09-30': -7.54, '2023-10-31': -4.85, '2023-11-30': 4.74, '2023-12-31': -10.8, '2024-01-31': -3.67, '2024-02-29': -10.11, '2024-03-31': -12.93, '2024-04-30': -13.59, '2024-05-31': -9.4, '2024-06-30': -2.2, '2024-07-31': -4.91, '2024-08-31': -8.96, '2024-09-30': -14.24, '2024-10-31': -4.18, '2024-11-30': -1.83, '2024-12-31': 6.16, '2025-01-31': 5.91, '2025-02-28': -3.08, '2025-03-31': -0.26, '2025-04-30': -5.14, '2025-05-31': -1.58, '2025-06-30': 3.09, '2025-07-31': -2.55, '2025-08-31': 0.23, '2025-09-30': -1.63, '2025-10-31': -6.67, '2025-11-30': -3.7, '2025-12-31': 8.09}",53.699
S30a_DOW_Seasonality,SAND_USDT_USDT,15m,-95.4,-53.8,-2.1661,-5.4573,-0.5579,-96.44,2549,0.8221,39.63,-3.6355,2624,-0.1356,42.379,33.8471,1.2521,8,15,32.75,-20.73,21.28,"{'2022-02-28': 15.9, '2022-03-31': -7.2, '2022-04-30': -10.6, '2022-05-31': 6.42, '2022-06-30': -13.18, '2022-07-31': -20.73, '2022-08-31': -5.61, '2022-09-30': -17.83, '2022-10-31': -3.13, '2022-11-30': -10.24, '2022-12-31': -15.2, '2023-01-31': 15.69, '2023-02-28': -10.56, '2023-03-31': 6.9, '2023-04-30': -10.47, '2023-05-31': -5.5, '2023-06-30': -3.8, '2023-07-31': -7.29, '2023-08-31': -3.8, '2023-09-30': -5.36, '2023-10-31': -7.79, '2023-11-30': -16.93, '2023-12-31': -14.9, '2024-01-31': -6.34, '2024-02-29': -19.83, '2024-03-31': -11.84, '2024-04-30': -11.92, '2024-05-31': -11.63, '2024-06-30': -6.51, '2024-07-31': 32.75, '2024-08-31': -12.7, '2024-09-30': -12.2, '2024-10-31': 13.14, '2024-11-30': -7.74, '2024-12-31': 1.98, '2025-01-31': -10.12, '2025-02-28': 4.04, '2025-03-31': -7.76, '2025-04-30': -14.26, '2025-05-31': -8.85, '2025-06-30': -4.52, '2025-07-31': -8.5, '2025-08-31': -10.56, '2025-09-30': -11.3, '2025-10-31': 0.07, '2025-11-30': -12.06, '2025-12-31': 3.71}",54.709
S30a_DOW_Seasonality,MANA_USDT_USDT,15m,-95.87,-55.04,-2.2557,-6.0824,-0.5723,-96.18,2724,0.8126,39.61,-3.5194,2724,-0.134,38.5203,31.0943,1.2388,6,15,31.63,-23.08,17.02,"{'2022-02-28': -4.12, '2022-03-31': -0.56, '2022-04-30': -10.35, '2022-05-31': 7.18, '2022-06-30': -10.46, '2022-07-31': -23.08, '2022-08-31': -5.66, '2022-09-30': -5.56, '2022-10-31': 3.14, '2022-11-30': -6.22, '2022-12-31': -8.97, '2023-01-31': 10.46, '2023-02-28': -2.72, '2023-03-31': -3.24, '2023-04-30': -5.16, '2023-05-31': -4.18, '2023-06-30': -4.81, '2023-07-31': -6.58, '2023-08-31': -1.78, '2023-09-30': -10.8, '2023-10-31': -15.55, '2023-11-30': -17.76, '2023-12-31': -11.63, '2024-01-31': -0.66, '2024-02-29': -22.92, '2024-03-31': -22.53, '2024-04-30': -12.33, '2024-05-31': -16.38, '2024-06-30': -5.98, '2024-07-31': 31.63, '2024-08-31': -5.88, '2024-09-30': -14.33, '2024-10-31': 14.57, '2024-11-30': -6.38, '2024-12-31': -4.34, '2025-01-31': -12.84, '2025-02-28': 1.21, '2025-03-31': -8.35, '2025-04-30': -11.88, '2025-05-31': -5.28, '2025-06-30': 0.84, '2025-07-31': -10.26, '2025-08-31': -8.77, '2025-09-30': -2.15, '2025-10-31': -7.36, '2025-11-30': -17.92, '2025-12-31': 8.22}",56.794
S30a_DOW_Seasonality,CRV_USDT_USDT,15m,-87.86,-41.1,-1.3594,-3.6715,-0.4593,-89.48,2440,0.886,40.06,-3.4577,2541,-0.1041,67.096,50.6171,1.3256,7,12,30.05,-22.97,23.4,"{'2022-02-28': 12.24, '2022-03-31': -3.45, '2022-04-30': -2.53, '2022-05-31': -0.52, '2022-06-30': -11.36, '2022-07-31': -8.09, '2022-08-31': -2.08, '2022-09-30': -20.74, '2022-10-31': -4.19, '2022-11-30': 7.31, '2022-12-31': -9.28, '2023-01-31': 30.05, '2023-02-28': -6.54, '2023-03-31': 6.94, '2023-04-30': -17.36, '2023-05-31': 1.69, '2023-06-30': -9.32, '2023-07-31': -0.75, '2023-08-31': 1.5, '2023-09-30': -7.61, '2023-10-31': -1.73, '2023-11-30': -6.25, '2023-12-31': -8.98, '2024-01-31': -8.49, '2024-02-29': -5.95, '2024-03-31': -22.97, '2024-04-30': -15.56, '2024-05-31': -10.99, '2024-06-30': -5.25, '2024-07-31': 22.63, '2024-08-31': -16.59, '2024-09-30': -0.37, '2024-10-31': -0.25, '2024-11-30': -3.48, '2024-12-31': 9.75, '2025-01-31': -2.64, '2025-02-28': 3.16, '2025-03-31': 4.75, '2025-04-30': -14.52, '2025-05-31': -8.94, '2025-06-30': -9.03, '2025-07-31': 0.87, '2025-08-31': -13.23, '2025-09-30': -4.82, '2025-10-31': -12.35, '2025-11-30': -3.11, '2025-12-31': -0.97}",52.978
S30a_DOW_Seasonality,GALA_USDT_USDT,15m,-87.12,-40.19,-1.1079,-2.7736,-0.4487,-89.56,2338,0.8757,40.01,-3.5099,2482,-0.0904,61.8253,47.0813,1.3132,7,16,29.76,-19.77,23.4,"{'2022-02-28': 4.77, '2022-03-31': 0.47, '2022-04-30': -12.82, '2022-05-31': 9.54, '2022-06-30': -8.3, '2022-07-31': -19.77, '2022-08-31': -1.88, '2022-09-30': -12.57, '2022-10-31': -3.6, '2022-11-30': -6.75, '2022-12-31': -8.93, '2023-01-31': 19.42, '2023-02-28': 4.15, '2023-03-31': -3.86, '2023-04-30': -11.81, '2023-05-31': 2.73, '2023-06-30': -13.27, '2023-07-31': -13.81, '2023-08-31': 0.29, '2023-09-30': -5.96, '2023-10-31': -9.32, '2023-11-30': -5.11, '2023-12-31': -10.73, '2024-01-31': -6.13, '2024-02-29': -14.9, '2024-03-31': -10.66, '2024-04-30': -12.29, '2024-05-31': -9.06, '2024-06-30': -4.99, '2024-07-31': 29.76, '2024-08-31': 2.03, '2024-09-30': -2.13, '2024-10-31': -0.76, '2024-11-30': -11.66, '2024-12-31': -1.47, '2025-01-31': -6.99, '2025-02-28': 3.75, '2025-03-31': -4.07, '2025-04-30': -6.18, '2025-05-31': -8.97, '2025-06-30': -2.49, '2025-07-31': -1.07, '2025-08-31': -4.55, '2025-09-30': -1.32, '2025-10-31': -8.68, '2025-11-30': -2.06, '2025-12-31': 0.98}",51.748
S30a_DOW_Seasonality,APE_USDT_USDT,15m,-90.24,-46.01,-1.7436,-4.0046,-0.5055,-91.02,2444,0.8143,39.71,-3.6639,2463,-0.1255,40.47,32.7298,1.2365,8,14,20.52,-21.95,28.89,"{'2022-04-30': -11.19, '2022-05-31': 2.73, '2022-06-30': -14.01, '2022-07-31': -21.95, '2022-08-31': -10.71, '2022-09-30': -19.58, '2022-10-31': 1.53, '2022-11-30': -2.77, '2022-12-31': -14.85, '2023-01-31': -2.12, '2023-02-28': 1.14, '2023-03-31': 5.05, '2023-04-30': -7.26, '2023-05-31': 7.21, '2023-06-30': -8.71, '2023-07-31': -13.38, '2023-08-31': -8.55, '2023-09-30': -4.79, '2023-10-31': -2.42, '2023-11-30': -1.94, '2023-12-31': -1.0, '2024-01-31': 1.42, '2024-02-29': -13.19, '2024-03-31': -17.49, '2024-04-30': -7.76, '2024-05-31': -6.2, '2024-06-30': -14.01, '2024-07-31': 20.52, '2024-08-31': -11.86, '2024-09-30': -10.8, '2024-10-31': 5.48, '2024-11-30': -0.41, '2024-12-31': 6.42, '2025-01-31': 4.2, '2025-02-28': 1.92, '2025-03-31': -6.96, '2025-04-30': -10.25, '2025-05-31': -3.43, '2025-06-30': 2.58, '2025-07-31': -2.12, '2025-08-31': -4.35, '2025-09-30': -8.78, '2025-10-31': 2.52, '2025-11-30': -13.1, '2025-12-31': -2.36}",54.172
S30a_DOW_Seasonality,AXS_USDT_USDT,15m,-93.32,-49.28,-1.7911,-5.0397,-0.5159,-95.52,2490,0.8643,39.81,-3.6003,2592,-0.1117,57.5828,44.0752,1.3065,7,13,28.5,-20.8,21.28,"{'2022-02-28': 20.55, '2022-03-31': -4.33, '2022-04-30': -5.2, '2022-05-31': 3.62, '2022-06-30': -2.23, '2022-07-31': -17.62, '2022-08-31': -10.2, '2022-09-30': -7.1, '2022-10-31': 7.46, '2022-11-30': -9.72, '2022-12-31': -12.93, '2023-01-31': -0.47, '2023-02-28': -3.79, '2023-03-31': -1.98, '2023-04-30': -15.31, '2023-05-31': -8.98, '2023-06-30': 3.29, '2023-07-31': -14.11, '2023-08-31': 1.18, '2023-09-30': -2.11, '2023-10-31': -17.14, '2023-11-30': -9.56, '2023-12-31': -12.34, '2024-01-31': -11.95, '2024-02-29': -20.8, '2024-03-31': -2.87, '2024-04-30': -10.54, '2024-05-31': -9.29, '2024-06-30': -16.16, '2024-07-31': 28.5, '2024-08-31': -11.53, '2024-09-30': -8.93, '2024-10-31': 5.84, '2024-11-30': -0.36, '2024-12-31': 8.88, '2025-01-31': -12.93, '2025-02-28': 4.12, '2025-03-31': -15.09, '2025-04-30': -15.63, '2025-05-31': -14.39, '2025-06-30': -1.8, '2025-07-31': -2.17, '2025-08-31': -10.59, '2025-09-30': -6.59, '2025-10-31': -10.73, '2025-11-30': -5.35, '2025-12-31': 11.69}",54.041
S30a_DOW_Seasonality,GRT_USDT_USDT,15m,-91.52,-46.14,-1.5672,-4.6628,-0.4973,-92.78,2476,0.826,39.78,-3.5375,2587,-0.1078,42.2116,33.7531,1.2506,7,15,26.36,-18.66,21.28,"{'2022-02-28': 14.76, '2022-03-31': -8.83, '2022-04-30': -13.9, '2022-05-31': 2.79, '2022-06-30': -13.54, '2022-07-31': -14.12, '2022-08-31': -4.59, '2022-09-30': -13.35, '2022-10-31': -14.46, '2022-11-30': -10.77, '2022-12-31': -11.72, '2023-01-31': 4.49, '2023-02-28': -7.57, '2023-03-31': -2.77, '2023-04-30': -8.58, '2023-05-31': 1.75, '2023-06-30': -14.72, '2023-07-31': -15.57, '2023-08-31': -0.56, '2023-09-30': -10.98, '2023-10-31': -9.64, '2023-11-30': -6.66, '2023-12-31': -10.04, '2024-01-31': -2.93, '2024-02-29': -13.49, '2024-03-31': 1.72, '2024-04-30': -8.6, '2024-05-31': -0.26, '2024-06-30': -0.76, '2024-07-31': 26.36, '2024-08-31': -9.69, '2024-09-30': -5.53, '2024-10-31': -0.27, '2024-11-30': -2.04, '2024-12-31': 5.91, '2025-01-31': -0.43, '2025-02-28': 0.87, '2025-03-31': -2.2, '2025-04-30': -1.13, '2025-05-31': -6.68, '2025-06-30': 8.25, '2025-07-31': -4.65, '2025-08-31': -18.66, '2025-09-30': -7.7, '2025-10-31': -11.27, '2025-11-30': -0.38, '2025-12-31': 1.55}",53.937
S30a_DOW_Seasonality,CHZ_USDT_USDT,15m,-87.1,-40.17,-1.5574,-4.1233,-0.4431,-90.65,2546,0.8646,40.77,-3.3092,2632,-0.095,51.8381,41.2649,1.2562,7,11,33.69,-20.06,27.66,"{'2022-02-28': 15.54, '2022-03-31': -9.81, '2022-04-30': -7.61, '2022-05-31': 3.39, '2022-06-30': -20.06, '2022-07-31': -8.15, '2022-08-31': -10.95, '2022-09-30': -1.54, '2022-10-31': 16.46, '2022-11-30': 2.79, '2022-12-31': -7.73, '2023-01-31': -3.54, '2023-02-28': -4.89, '2023-03-31': 2.98, '2023-04-30': -9.86, '2023-05-31': -3.88, '2023-06-30': -10.56, '2023-07-31': -10.47, '2023-08-31': -4.17, '2023-09-30': -13.39, '2023-10-31': -8.29, '2023-11-30': -11.04, '2023-12-31': -5.02, '2024-01-31': -9.66, '2024-02-29': -13.37, '2024-03-31': -16.91, '2024-04-30': -8.2, '2024-05-31': 2.25, '2024-06-30': -11.75, '2024-07-31': 33.69, '2024-08-31': -8.32, '2024-09-30': -6.08, '2024-10-31': -0.15, '2024-11-30': 2.66, '2024-12-31': 6.64, '2025-01-31': -8.84, '2025-02-28': 3.15, '2025-03-31': -2.7, '2025-04-30': -8.56, '2025-05-31': -8.54, '2025-06-30': 3.16, '2025-07-31': -8.23, '2025-08-31': -8.04, '2025-09-30': -8.48, '2025-10-31': -8.2, '2025-11-30': 5.69, '2025-12-31': 12.04}",54.875
S30a_DOW_Seasonality,1000LUNC_USDT_USDT,15m,-90.61,-51.21,-1.4975,-3.6099,-0.5514,-92.87,1899,0.817,39.4,-4.1508,2183,-0.1057,47.0547,37.4363,1.2569,6,14,22.17,-18.3,17.95,"{'2022-10-31': -3.54, '2022-11-30': 5.7, '2022-12-31': -8.32, '2023-01-31': 5.84, '2023-02-28': -2.8, '2023-03-31': -14.19, '2023-04-30': -8.32, '2023-05-31': -4.56, '2023-06-30': -18.16, '2023-07-31': -10.33, '2023-08-31': -8.63, '2023-09-30': -12.89, '2023-10-31': -9.13, '2023-11-30': -12.34, '2023-12-31': -8.76, '2024-01-31': -6.08, '2024-02-29': -12.0, '2024-03-31': -9.57, '2024-04-30': -9.86, '2024-05-31': -9.58, '2024-06-30': -1.58, '2024-07-31': 22.17, '2024-08-31': -10.57, '2024-09-30': -6.26, '2024-10-31': -3.6, '2024-11-30': -4.88, '2024-12-31': 5.34, '2025-01-31': -10.5, '2025-02-28': -8.73, '2025-03-31': -13.75, '2025-04-30': -18.3, '2025-05-31': -5.18, '2025-06-30': 3.91, '2025-07-31': -4.04, '2025-08-31': -8.19, '2025-09-30': -6.34, '2025-10-31': 1.98, '2025-11-30': -5.92, '2025-12-31': 15.78}",54.963
S30a_DOW_Seasonality,TWT_USDT_USDT,15m,-97.09,-67.98,-3.4393,-9.1634,-0.6981,-97.38,1909,0.7329,36.92,-4.7545,2042,-0.1895,35.3291,28.2196,1.2519,7,12,26.58,-20.65,8.11,"{'2022-12-31': -7.53, '2023-01-31': 1.67, '2023-02-28': -5.03, '2023-03-31': -4.77, '2023-04-30': -8.53, '2023-05-31': -3.98, '2023-06-30': -6.07, '2023-07-31': -19.6, '2023-08-31': -15.29, '2023-09-30': -13.59, '2023-10-31': -10.77, '2023-11-30': -18.9, '2023-12-31': -13.59, '2024-01-31': -5.91, '2024-02-29': -10.8, '2024-03-31': -10.64, '2024-04-30': -12.19, '2024-05-31': -7.09, '2024-06-30': -12.36, '2024-07-31': 26.58, '2024-08-31': -12.49, '2024-09-30': -16.87, '2024-10-31': -10.43, '2024-11-30': -13.1, '2024-12-31': -6.23, '2025-01-31': -16.42, '2025-02-28': -7.29, '2025-03-31': -10.26, '2025-04-30': -20.65, '2025-05-31': -7.27, '2025-06-30': -3.13, '2025-07-31': -11.79, '2025-08-31': -7.25, '2025-09-30': -9.09, '2025-10-31': -10.81, '2025-11-30': -7.88, '2025-12-31': 3.42}",54.573
S30a_DOW_Seasonality,ZRX_USDT_USDT,15m,-91.08,-47.53,-1.4802,-3.7828,-0.5184,-91.68,2635,0.8237,40.33,-3.4461,2643,-0.092,39.9319,32.7682,1.2186,8,12,26.26,-22.47,24.44,"{'2022-04-30': -0.09, '2022-05-31': 6.6, '2022-06-30': -11.04, '2022-07-31': -22.47, '2022-08-31': -15.52, '2022-09-30': -20.56, '2022-10-31': -7.75, '2022-11-30': -13.9, '2022-12-31': -14.5, '2023-01-31': 0.01, '2023-02-28': 4.14, '2023-03-31': 5.09, '2023-04-30': -5.22, '2023-05-31': 1.96, '2023-06-30': -10.53, '2023-07-31': -2.36, '2023-08-31': -3.6, '2023-09-30': -4.2, '2023-10-31': 14.82, '2023-11-30': 1.11, '2023-12-31': -12.27, '2024-01-31': 0.01, '2024-02-29': -15.94, '2024-03-31': -1.7, '2024-04-30': -6.63, '2024-05-31': -2.76, '2024-06-30': -7.28, '2024-07-31': 26.26, '2024-08-31': -9.15, '2024-09-30': -5.97, '2024-10-31': 10.85, '2024-11-30': -9.67, '2024-12-31': 3.13, '2025-01-31': -6.85, '2025-02-28': -5.08, '2025-03-31': -5.48, '2025-04-30': -20.13, '2025-05-31': -5.14, '2025-06-30': -1.13, '2025-07-31': -4.24, '2025-08-31': -13.85, '2025-09-30': -0.05, '2025-10-31': -11.31, '2025-11-30': -5.51, '2025-12-31': -7.94}",58.554
S30a_DOW_Seasonality,ANKR_USDT_USDT,15m,-96.33,-56.38,-2.4737,-6.0636,-0.5824,-96.81,2668,0.7773,39.49,-3.4902,2760,-0.1438,30.8543,25.9067,1.191,8,16,11.88,-23.52,17.02,"{'2022-02-28': 11.3, '2022-03-31': -14.85, '2022-04-30': -17.16, '2022-05-31': 6.08, '2022-06-30': -4.39, '2022-07-31': -23.52, '2022-08-31': -18.61, '2022-09-30': -14.46, '2022-10-31': -1.93, '2022-11-30': -17.28, '2022-12-31': -15.77, '2023-01-31': -4.63, '2023-02-28': -4.66, '2023-03-31': -2.05, '2023-04-30': -10.02, '2023-05-31': 0.18, '2023-06-30': 0.27, '2023-07-31': -1.61, '2023-08-31': -1.18, '2023-09-30': -10.6, '2023-10-31': -7.39, '2023-11-30': -1.36, '2023-12-31': -12.24, '2024-01-31': -4.03, '2024-02-29': -17.99, '2024-03-31': -8.18, '2024-04-30': -3.22, '2024-05-31': -10.95, '2024-06-30': -5.77, '2024-07-31': 11.88, '2024-08-31': -15.48, '2024-09-30': -11.94, '2024-10-31': 6.94, '2024-11-30': -2.14, '2024-12-31': 2.56, '2025-01-31': -4.34, '2025-02-28': 0.4, '2025-03-31': -7.16, '2025-04-30': -16.06, '2025-05-31': -5.73, '2025-06-30': -3.28, '2025-07-31': -12.79, '2025-08-31': -7.35, '2025-09-30': -3.63, '2025-10-31': -8.33, '2025-11-30': -3.99, '2025-12-31': -5.36}",57.544
S30a_DOW_Seasonality,STX_USDT_USDT,15m,-96.86,-58.02,-2.4948,-6.8145,-0.596,-97.35,2422,0.7733,37.72,-3.8743,2500,-0.1785,35.0315,27.4376,1.2768,7,17,15.35,-24.52,27.66,"{'2022-02-28': 4.86, '2022-03-31': -14.32, '2022-04-30': -16.12, '2022-05-31': 3.23, '2022-06-30': -4.79, '2022-07-31': -22.27, '2022-08-31': -15.05, '2022-09-30': -24.52, '2022-10-31': -4.85, '2022-11-30': -11.49, '2022-12-31': -10.23, '2023-01-31': -2.76, '2023-02-28': -5.48, '2023-03-31': 11.06, '2023-04-30': -15.16, '2023-05-31': -5.51, '2023-06-30': -10.21, '2023-07-31': -6.42, '2023-08-31': -5.87, '2023-09-30': -17.65, '2023-10-31': 4.11, '2023-11-30': -12.19, '2023-12-31': 15.35, '2024-01-31': -12.49, '2024-02-29': -16.34, '2024-03-31': -22.29, '2024-04-30': -13.02, '2024-05-31': -3.39, '2024-06-30': -10.21, '2024-07-31': 14.67, '2024-08-31': -9.95, '2024-09-30': -12.36, '2024-10-31': 3.64, '2024-11-30': -20.09, '2024-12-31': 10.72, '2025-01-31': -10.84, '2025-02-28': 0.34, '2025-03-31': 1.41, '2025-04-30': -9.86, '2025-05-31': -12.09, '2025-06-30': -4.21, '2025-07-31': -6.96, '2025-08-31': -10.44, '2025-09-30': 3.58, '2025-10-31': -9.74, '2025-11-30': 0.21, '2025-12-31': 0.41}",52.123
S30a_DOW_Seasonality,EGLD_USDT_USDT,15m,-95.23,-53.38,-2.2002,-6.1578,-0.553,-96.53,2530,0.8188,39.23,-3.5612,2674,-0.1258,41.0177,32.3386,1.2684,6,16,15.96,-22.42,23.4,"{'2022-02-28': 15.96, '2022-03-31': -6.27, '2022-04-30': -6.55, '2022-05-31': 9.31, '2022-06-30': -13.26, '2022-07-31': -17.96, '2022-08-31': -19.89, '2022-09-30': -22.42, '2022-10-31': -10.67, '2022-11-30': -17.87, '2022-12-31': -15.33, '2023-01-31': 2.28, '2023-02-28': -5.74, '2023-03-31': 2.53, '2023-04-30': -2.21, '2023-05-31': -3.88, '2023-06-30': -9.5, '2023-07-31': -4.43, '2023-08-31': -2.38, '2023-09-30': -6.41, '2023-10-31': -0.95, '2023-11-30': -5.39, '2023-12-31': -7.0, '2024-01-31': 2.86, '2024-02-29': -17.22, '2024-03-31': -15.07, '2024-04-30': -10.32, '2024-05-31': -11.98, '2024-06-30': -5.3, '2024-07-31': 3.07, '2024-08-31': -10.31, '2024-09-30': -12.24, '2024-10-31': -0.38, '2024-11-30': 8.33, '2024-12-31': 1.19, '2025-01-31': -8.47, '2025-02-28': 0.01, '2025-03-31': 3.08, '2025-04-30': -15.83, '2025-05-31': -16.89, '2025-06-30': -0.43, '2025-07-31': -4.33, '2025-08-31': -11.09, '2025-09-30': -7.27, '2025-10-31': -12.99, '2025-11-30': -0.18, '2025-12-31': 9.56}",55.751
S30a_DOW_Seasonality,MINA_USDT_USDT,15m,-91.94,-49.17,-1.8776,-4.4298,-0.5338,-92.12,2536,0.7801,39.67,-3.6253,2536,-0.126,32.4298,27.3322,1.1865,6,13,22.65,-21.16,13.64,"{'2022-05-31': -0.47, '2022-06-30': -12.62, '2022-07-31': -18.76, '2022-08-31': -5.88, '2022-09-30': -13.96, '2022-10-31': -2.04, '2022-11-30': -21.16, '2022-12-31': -11.01, '2023-01-31': 5.3, '2023-02-28': -7.84, '2023-03-31': -2.33, '2023-04-30': -0.51, '2023-05-31': -4.13, '2023-06-30': -7.45, '2023-07-31': -10.98, '2023-08-31': -4.59, '2023-09-30': -12.58, '2023-10-31': -12.46, '2023-11-30': -0.34, '2023-12-31': -0.66, '2024-01-31': 4.51, '2024-02-29': -6.64, '2024-03-31': -8.45, '2024-04-30': -7.32, '2024-05-31': -12.13, '2024-06-30': -6.58, '2024-07-31': 22.65, '2024-08-31': -0.35, '2024-09-30': -14.53, '2024-10-31': -2.87, '2024-11-30': 1.54, '2024-12-31': 11.0, '2025-01-31': -5.12, '2025-02-28': -3.48, '2025-03-31': -0.34, '2025-04-30': -9.55, '2025-05-31': -4.25, '2025-06-30': -1.87, '2025-07-31': 4.19, '2025-08-31': -12.02, '2025-09-30': -4.71, '2025-10-31': -6.17, '2025-11-30': -8.29, '2025-12-31': -1.09}",56.595
S30a_DOW_Seasonality,ZEN_USDT_USDT,15m,-99.05,-68.92,-2.8967,-7.0628,-0.6944,-99.25,2640,0.7676,36.41,-3.643,2719,-0.2073,33.0505,24.6531,1.3406,7,16,9.16,-29.16,8.51,"{'2022-02-28': 9.16, '2022-03-31': -6.24, '2022-04-30': -16.75, '2022-05-31': -9.25, '2022-06-30': -14.51, '2022-07-31': -18.68, '2022-08-31': -16.92, '2022-09-30': -13.74, '2022-10-31': -0.23, '2022-11-30': -14.5, '2022-12-31': -29.16, '2023-01-31': 7.08, '2023-02-28': 3.26, '2023-03-31': -1.07, '2023-04-30': -6.97, '2023-05-31': -9.64, '2023-06-30': -3.08, '2023-07-31': -17.1, '2023-08-31': -2.84, '2023-09-30': -6.93, '2023-10-31': -10.18, '2023-11-30': -7.32, '2023-12-31': -18.95, '2024-01-31': -4.52, '2024-02-29': -17.23, '2024-03-31': -8.27, '2024-04-30': -11.4, '2024-05-31': -11.39, '2024-06-30': -13.24, '2024-07-31': -5.08, '2024-08-31': -15.68, '2024-09-30': -16.45, '2024-10-31': -11.34, '2024-11-30': -15.86, '2024-12-31': -10.22, '2025-01-31': -11.4, '2025-02-28': -5.49, '2025-03-31': -1.58, '2025-04-30': -11.52, '2025-05-31': -7.4, '2025-06-30': -7.46, '2025-07-31': -11.58, '2025-08-31': -18.58, '2025-09-30': -4.77, '2025-10-31': -5.73, '2025-11-30': 0.04, '2025-12-31': -2.62}",56.689
S30a_DOW_Seasonality,ALICE_USDT_USDT,15m,-97.94,-62.25,-2.3136,-7.2275,-0.6341,-98.17,2483,0.7674,37.36,-3.8439,2548,-0.1681,33.9349,26.3786,1.2865,6,16,16.3,-24.71,17.02,"{'2022-02-28': 3.71, '2022-03-31': -7.28, '2022-04-30': -12.49, '2022-05-31': 11.9, '2022-06-30': -18.33, '2022-07-31': -18.95, '2022-08-31': -18.14, '2022-09-30': -17.27, '2022-10-31': -3.6, '2022-11-30': -15.06, '2022-12-31': -17.57, '2023-01-31': -0.3, '2023-02-28': 7.63, '2023-03-31': -8.55, '2023-04-30': -9.18, '2023-05-31': 1.71, '2023-06-30': -10.11, '2023-07-31': -24.71, '2023-08-31': -0.52, '2023-09-30': -21.55, '2023-10-31': -18.97, '2023-11-30': -13.21, '2023-12-31': -9.84, '2024-01-31': -0.76, '2024-02-29': -14.1, '2024-03-31': -11.55, '2024-04-30': -0.17, '2024-05-31': -6.11, '2024-06-30': -13.01, '2024-07-31': 16.3, '2024-08-31': -16.03, '2024-09-30': -15.76, '2024-10-31': -2.87, '2024-11-30': -15.06, '2024-12-31': 0.59, '2025-01-31': -12.77, '2025-02-28': -5.22, '2025-03-31': -1.59, '2025-04-30': -1.56, '2025-05-31': -1.66, '2025-06-30': -7.68, '2025-07-31': -4.83, '2025-08-31': -7.41, '2025-09-30': 0.97, '2025-10-31': -11.96, '2025-11-30': -1.89, '2025-12-31': 2.13}",53.124
S30a_DOW_Seasonality,JST_USDT_USDT,15m,-98.03,-64.09,-3.3077,-6.7303,-0.6533,-98.1,2596,0.7408,39.15,-3.5466,2764,-0.1336,25.8927,22.4843,1.1516,8,13,6.38,-17.51,8.7,"{'2022-03-31': -8.43, '2022-04-30': -5.59, '2022-05-31': 6.38, '2022-06-30': -6.7, '2022-07-31': -13.14, '2022-08-31': -11.55, '2022-09-30': -17.51, '2022-10-31': -5.61, '2022-11-30': -8.69, '2022-12-31': -8.89, '2023-01-31': 0.62, '2023-02-28': -5.52, '2023-03-31': -6.93, '2023-04-30': -12.79, '2023-05-31': -9.3, '2023-06-30': -6.9, '2023-07-31': -5.68, '2023-08-31': -12.75, '2023-09-30': -6.32, '2023-10-31': -10.31, '2023-11-30': -4.12, '2023-12-31': -9.76, '2024-01-31': -9.22, '2024-02-29': -12.76, '2024-03-31': -6.93, '2024-04-30': -11.27, '2024-05-31': -5.91, '2024-06-30': -13.28, '2024-07-31': 3.98, '2024-08-31': -7.1, '2024-09-30': -7.39, '2024-10-31': -9.39, '2024-11-30': -4.12, '2024-12-31': 2.7, '2025-01-31': -16.62, '2025-02-28': -12.74, '2025-03-31': -6.45, '2025-04-30': -9.57, '2025-05-31': -12.22, '2025-06-30': -10.49, '2025-07-31': -11.77, '2025-08-31': -10.82, '2025-09-30': -9.23, '2025-10-31': -7.12, '2025-11-30': -4.98, '2025-12-31': -9.61}",59.883
S30a_DOW_Seasonality,SUN_USDT_USDT,15m,-98.36,-65.8,-2.731,-5.6313,-0.6686,-98.42,2615,0.6882,37.12,-3.76,2616,-0.1388,22.3539,19.1744,1.1658,7,17,5.21,-21.23,13.04,"{'2022-03-31': -2.68, '2022-04-30': -10.05, '2022-05-31': 5.21, '2022-06-30': -15.14, '2022-07-31': -21.23, '2022-08-31': -12.6, '2022-09-30': -10.61, '2022-10-31': 4.04, '2022-11-30': -6.78, '2022-12-31': -16.76, '2023-01-31': -9.04, '2023-02-28': -0.07, '2023-03-31': -15.91, '2023-04-30': -5.57, '2023-05-31': -10.76, '2023-06-30': -8.06, '2023-07-31': -6.87, '2023-08-31': -12.46, '2023-09-30': -16.81, '2023-10-31': -11.74, '2023-11-30': -6.06, '2023-12-31': -15.0, '2024-01-31': -9.7, '2024-02-29': -5.4, '2024-03-31': -7.13, '2024-04-30': -12.61, '2024-05-31': -15.69, '2024-06-30': -13.81, '2024-07-31': -3.43, '2024-08-31': 4.66, '2024-09-30': -11.31, '2024-10-31': -4.21, '2024-11-30': -9.44, '2024-12-31': -0.81, '2025-01-31': 1.21, '2025-02-28': -12.02, '2025-03-31': -9.08, '2025-04-30': -14.28, '2025-05-31': -15.89, '2025-06-30': -8.75, '2025-07-31': -14.7, '2025-08-31': -2.14, '2025-09-30': -3.28, '2025-10-31': 1.1, '2025-11-30': -7.26, '2025-12-31': 0.2}",56.677
S30a_DOW_Seasonality,ONT_USDT_USDT,15m,-95.16,-57.31,-2.8512,-7.6606,-0.6016,-95.26,2557,0.7205,39.77,-3.7214,2557,-0.1394,24.1175,22.1059,1.091,8,12,20.99,-19.35,23.81,"{'2022-07-31': -18.31, '2022-08-31': -18.14, '2022-09-30': -19.35, '2022-10-31': 3.96, '2022-11-30': -14.28, '2022-12-31': -12.45, '2023-01-31': -7.42, '2023-02-28': 0.07, '2023-03-31': -7.05, '2023-04-30': -5.07, '2023-05-31': 7.78, '2023-06-30': 2.28, '2023-07-31': -11.57, '2023-08-31': -3.91, '2023-09-30': -12.76, '2023-10-31': -0.9, '2023-11-30': -16.61, '2023-12-31': -17.82, '2024-01-31': 4.26, '2024-02-29': -16.34, '2024-03-31': -18.73, '2024-04-30': -3.13, '2024-05-31': -10.27, '2024-06-30': -9.72, '2024-07-31': 20.99, '2024-08-31': -10.2, '2024-09-30': -18.13, '2024-10-31': 4.42, '2024-11-30': -8.51, '2024-12-31': 3.09, '2025-01-31': -5.19, '2025-02-28': 1.17, '2025-03-31': -7.57, '2025-04-30': -2.95, '2025-05-31': -9.18, '2025-06-30': -4.9, '2025-07-31': 6.78, '2025-08-31': -6.84, '2025-09-30': -3.03, '2025-10-31': -3.18, '2025-11-30': -9.78, '2025-12-31': -4.33}",59.689
S30a_DOW_Seasonality,AGLD_USDT_USDT,15m,-93.44,-52.3,-1.8061,-4.7456,-0.5529,-94.6,2427,0.8071,39.19,-3.748,2493,-0.1325,40.0195,31.9544,1.2524,9,12,16.22,-21.85,25.0,"{'2022-05-31': 16.22, '2022-06-30': -17.27, '2022-07-31': -20.98, '2022-08-31': -3.16, '2022-09-30': -10.71, '2022-10-31': -8.05, '2022-11-30': -5.82, '2022-12-31': -21.85, '2023-01-31': -1.95, '2023-02-28': -0.78, '2023-03-31': -3.69, '2023-04-30': 1.18, '2023-05-31': -0.24, '2023-06-30': -16.85, '2023-07-31': -5.64, '2023-08-31': 2.41, '2023-09-30': -1.56, '2023-10-31': -2.54, '2023-11-30': -14.21, '2023-12-31': -6.56, '2024-01-31': -14.04, '2024-02-29': -16.41, '2024-03-31': -8.88, '2024-04-30': 0.74, '2024-05-31': -12.64, '2024-06-30': -6.13, '2024-07-31': 9.04, '2024-08-31': -8.02, '2024-09-30': 0.78, '2024-10-31': -0.21, '2024-11-30': 6.03, '2024-12-31': -12.9, '2025-01-31': -9.44, '2025-02-28': 2.5, '2025-03-31': -5.29, '2025-04-30': -4.93, '2025-05-31': -3.43, '2025-06-30': 2.58, '2025-07-31': -17.73, '2025-08-31': -6.66, '2025-09-30': 1.68, '2025-10-31': -3.55, '2025-11-30': -20.31, '2025-12-31': 5.48}",56.254
S30a_DOW_Seasonality,BTC_USDT_USDT,30m,-62.93,-22.05,-1.4541,-4.0408,-0.3035,-72.66,1148,0.8728,41.72,-5.01,1256,-0.1043,82.421,67.5973,1.2193,9,11,11.96,-14.21,31.91,"{'2022-02-28': 8.38, '2022-03-31': -0.78, '2022-04-30': 3.0, '2022-05-31': -0.1, '2022-06-30': -7.35, '2022-07-31': -11.06, '2022-08-31': 1.22, '2022-09-30': -0.7, '2022-10-31': -0.88, '2022-11-30': -10.45, '2022-12-31': -1.67, '2023-01-31': 9.43, '2023-02-28': 2.85, '2023-03-31': 6.66, '2023-04-30': -0.27, '2023-05-31': -3.1, '2023-06-30': -8.04, '2023-07-31': -10.06, '2023-08-31': 4.39, '2023-09-30': -5.65, '2023-10-31': 3.06, '2023-11-30': 2.37, '2023-12-31': -8.45, '2024-01-31': 2.02, '2024-02-29': -7.3, '2024-03-31': -5.78, '2024-04-30': -9.66, '2024-05-31': -2.3, '2024-06-30': -7.93, '2024-07-31': 6.56, '2024-08-31': -2.44, '2024-09-30': -8.38, '2024-10-31': 1.95, '2024-11-30': -14.21, '2024-12-31': 4.65, '2025-01-31': -8.79, '2025-02-28': -4.61, '2025-03-31': -5.78, '2025-04-30': -7.34, '2025-05-31': -1.4, '2025-06-30': 3.01, '2025-07-31': -3.42, '2025-08-31': -0.18, '2025-09-30': -0.81, '2025-10-31': -0.71, '2025-11-30': 11.96, '2025-12-31': -4.04}",26.187
S30a_DOW_Seasonality,ETH_USDT_USDT,30m,-54.27,-17.83,-0.8498,-2.4219,-0.2628,-67.85,1131,0.9091,41.5,-4.2729,1270,-0.0804,102.9317,80.3117,1.2817,8,10,9.93,-10.81,34.04,"{'2022-02-28': 7.05, '2022-03-31': 9.93, '2022-04-30': -2.53, '2022-05-31': 8.18, '2022-06-30': -4.5, '2022-07-31': -10.28, '2022-08-31': -3.27, '2022-09-30': -6.87, '2022-10-31': 7.06, '2022-11-30': -10.81, '2022-12-31': -4.13, '2023-01-31': 0.39, '2023-02-28': 3.37, '2023-03-31': 3.43, '2023-04-30': 2.51, '2023-05-31': -1.98, '2023-06-30': -5.21, '2023-07-31': -6.81, '2023-08-31': 3.77, '2023-09-30': -3.12, '2023-10-31': 2.52, '2023-11-30': -1.76, '2023-12-31': -8.05, '2024-01-31': -8.21, '2024-02-29': -8.02, '2024-03-31': -4.77, '2024-04-30': -5.02, '2024-05-31': -1.48, '2024-06-30': -7.94, '2024-07-31': 8.24, '2024-08-31': -6.26, '2024-09-30': -2.54, '2024-10-31': -0.84, '2024-11-30': -4.55, '2024-12-31': 4.32, '2025-01-31': -8.59, '2025-02-28': -0.35, '2025-03-31': -2.85, '2025-04-30': -4.98, '2025-05-31': -0.71, '2025-06-30': 0.78, '2025-07-31': -3.09, '2025-08-31': 4.43, '2025-09-30': 2.48, '2025-10-31': -3.36, '2025-11-30': 6.18, '2025-12-31': -8.31}",26.479
S30a_DOW_Seasonality,SOL_USDT_USDT,30m,39.63,8.73,0.1169,0.219,0.254,-34.37,682,1.0398,43.19,3.1006,1278,0.0176,187.4879,137.0947,1.3676,7,10,15.12,-12.42,59.57,"{'2022-02-28': 5.9, '2022-03-31': 4.37, '2022-04-30': 4.58, '2022-05-31': 1.37, '2022-06-30': 4.71, '2022-07-31': -12.42, '2022-08-31': -2.54, '2022-09-30': -5.14, '2022-10-31': 15.12, '2022-11-30': 2.51, '2022-12-31': -4.79, '2023-01-31': 9.66, '2023-02-28': 1.36, '2023-03-31': 12.96, '2023-04-30': 1.38, '2023-05-31': 3.26, '2023-06-30': 1.04, '2023-07-31': -5.23, '2023-08-31': 3.74, '2023-09-30': -3.74, '2023-10-31': 3.54, '2023-11-30': 9.33, '2023-12-31': -5.53, '2024-01-31': -2.13, '2024-02-29': -0.32, '2024-03-31': -1.04, '2024-04-30': -6.45, '2024-05-31': -6.9, '2024-06-30': 0.97, '2024-07-31': 11.91, '2024-08-31': -4.97, '2024-09-30': -6.4, '2024-10-31': 4.1, '2024-11-30': -11.59, '2024-12-31': 0.51, '2025-01-31': -6.15, '2025-02-28': 3.69, '2025-03-31': 7.4, '2025-04-30': -3.42, '2025-05-31': 1.07, '2025-06-30': 7.46, '2025-07-31': -0.82, '2025-08-31': 0.98, '2025-09-30': 2.92, '2025-10-31': -4.59, '2025-11-30': 7.55, '2025-12-31': 3.23}",26.645
S30a_DOW_Seasonality,XRP_USDT_USDT,30m,-31.34,-9.0,-0.5435,-1.2804,-0.1573,-57.22,1211,0.9463,42.15,-2.4598,1274,-0.0608,102.9269,79.2476,1.2988,7,15,17.41,-13.74,48.94,"{'2022-02-28': 17.41, '2022-03-31': -5.96, '2022-04-30': -2.61, '2022-05-31': -4.43, '2022-06-30': -3.44, '2022-07-31': -10.62, '2022-08-31': -2.78, '2022-09-30': 1.72, '2022-10-31': 6.99, '2022-11-30': -13.74, '2022-12-31': 1.94, '2023-01-31': 5.38, '2023-02-28': -2.03, '2023-03-31': 0.14, '2023-04-30': 0.27, '2023-05-31': -7.45, '2023-06-30': -3.39, '2023-07-31': -4.73, '2023-08-31': 6.74, '2023-09-30': -9.64, '2023-10-31': -0.44, '2023-11-30': 0.8, '2023-12-31': -2.76, '2024-01-31': 7.01, '2024-02-29': -10.14, '2024-03-31': -5.59, '2024-04-30': 1.72, '2024-05-31': -12.3, '2024-06-30': 0.15, '2024-07-31': 15.65, '2024-08-31': 6.6, '2024-09-30': -0.33, '2024-10-31': -8.92, '2024-11-30': 2.41, '2024-12-31': -0.23, '2025-01-31': -12.09, '2025-02-28': 1.54, '2025-03-31': 0.25, '2025-04-30': -5.95, '2025-05-31': 0.29, '2025-06-30': 8.24, '2025-07-31': 4.16, '2025-08-31': -1.44, '2025-09-30': 1.81, '2025-10-31': -3.49, '2025-11-30': 8.3, '2025-12-31': 7.42}",26.562
S30a_DOW_Seasonality,DOGE_USDT_USDT,30m,-13.26,-3.51,-0.063,-0.1686,-0.0696,-50.46,1240,0.9805,42.22,-1.0069,1317,-0.0081,119.8264,89.2898,1.342,7,11,23.24,-12.77,51.06,"{'2022-02-28': 9.47, '2022-03-31': 6.96, '2022-04-30': -12.15, '2022-05-31': 1.82, '2022-06-30': -0.01, '2022-07-31': -5.17, '2022-08-31': -0.16, '2022-09-30': -1.08, '2022-10-31': 5.09, '2022-11-30': -1.91, '2022-12-31': -11.38, '2023-01-31': 7.76, '2023-02-28': 6.1, '2023-03-31': 7.31, '2023-04-30': 3.92, '2023-05-31': -2.63, '2023-06-30': -11.3, '2023-07-31': -6.9, '2023-08-31': 3.0, '2023-09-30': 0.86, '2023-10-31': 3.48, '2023-11-30': -5.24, '2023-12-31': -0.1, '2024-01-31': -4.66, '2024-02-29': -11.75, '2024-03-31': -4.48, '2024-04-30': -1.19, '2024-05-31': 2.04, '2024-06-30': -12.01, '2024-07-31': 23.24, '2024-08-31': -9.33, '2024-09-30': -6.53, '2024-10-31': 1.47, '2024-11-30': -12.77, '2024-12-31': 7.0, '2025-01-31': 2.17, '2025-02-28': -4.07, '2025-03-31': 8.55, '2025-04-30': -5.86, '2025-05-31': 3.89, '2025-06-30': 10.34, '2025-07-31': 5.65, '2025-08-31': 1.74, '2025-09-30': 5.64, '2025-10-31': 2.29, '2025-11-30': 4.34, '2025-12-31': -1.35}",27.459
S30a_DOW_Seasonality,ADA_USDT_USDT,30m,-33.23,-9.64,-0.3281,-0.91,-0.2271,-42.45,1254,0.9503,41.88,-2.4985,1330,-0.0389,114.1772,86.5715,1.3189,6,13,17.38,-14.04,38.3,"{'2022-02-28': 8.39, '2022-03-31': 7.49, '2022-04-30': -11.4, '2022-05-31': 0.31, '2022-06-30': -6.31, '2022-07-31': -12.83, '2022-08-31': 0.97, '2022-09-30': -3.25, '2022-10-31': 10.14, '2022-11-30': -5.41, '2022-12-31': -1.31, '2023-01-31': -1.21, '2023-02-28': 10.04, '2023-03-31': 14.73, '2023-04-30': 7.68, '2023-05-31': -0.27, '2023-06-30': -4.47, '2023-07-31': -2.79, '2023-08-31': -2.53, '2023-09-30': -2.44, '2023-10-31': -3.98, '2023-11-30': -6.93, '2023-12-31': 4.1, '2024-01-31': 0.83, '2024-02-29': -8.15, '2024-03-31': 2.65, '2024-04-30': -9.49, '2024-05-31': -4.13, '2024-06-30': -0.93, '2024-07-31': 17.38, '2024-08-31': -8.3, '2024-09-30': -14.04, '2024-10-31': 3.71, '2024-11-30': 17.01, '2024-12-31': -1.51, '2025-01-31': -2.61, '2025-02-28': -1.79, '2025-03-31': -1.47, '2025-04-30': -5.98, '2025-05-31': -1.78, '2025-06-30': 0.96, '2025-07-31': 5.87, '2025-08-31': -6.15, '2025-09-30': -1.09, '2025-10-31': 2.94, '2025-11-30': -3.4, '2025-12-31': 0.59}",27.73
S30a_DOW_Seasonality,AVAX_USDT_USDT,30m,-3.87,-0.99,-0.0998,-0.2672,-0.0249,-39.74,947,0.996,42.29,-0.2842,1362,-0.0128,165.4208,121.7169,1.3591,6,13,15.27,-15.41,42.55,"{'2022-02-28': 9.4, '2022-03-31': -2.07, '2022-04-30': -2.06, '2022-05-31': 7.84, '2022-06-30': 1.94, '2022-07-31': -9.86, '2022-08-31': 3.37, '2022-09-30': 3.44, '2022-10-31': 6.75, '2022-11-30': -2.76, '2022-12-31': 0.76, '2023-01-31': 6.61, '2023-02-28': 3.63, '2023-03-31': 2.0, '2023-04-30': -5.71, '2023-05-31': 3.04, '2023-06-30': -4.76, '2023-07-31': -3.36, '2023-08-31': -0.14, '2023-09-30': -0.4, '2023-10-31': -3.14, '2023-11-30': -5.44, '2023-12-31': 0.43, '2024-01-31': 7.35, '2024-02-29': -0.42, '2024-03-31': -8.19, '2024-04-30': -1.93, '2024-05-31': -0.25, '2024-06-30': -0.34, '2024-07-31': 15.27, '2024-08-31': -10.23, '2024-09-30': -6.42, '2024-10-31': 11.12, '2024-11-30': 9.01, '2024-12-31': 0.97, '2025-01-31': -8.25, '2025-02-28': -1.45, '2025-03-31': -2.2, '2025-04-30': -15.41, '2025-05-31': -0.34, '2025-06-30': 5.34, '2025-07-31': -2.9, '2025-08-31': -4.3, '2025-09-30': 1.82, '2025-10-31': -2.84, '2025-11-30': 6.15, '2025-12-31': -0.89}",28.397
S30a_DOW_Seasonality,LINK_USDT_USDT,30m,-10.34,-2.7,-0.024,-0.0763,-0.0732,-36.88,1231,0.9874,42.31,-0.7908,1307,-0.003,146.1611,108.5685,1.3463,5,12,13.35,-11.15,46.81,"{'2022-02-28': 13.35, '2022-03-31': 2.96, '2022-04-30': -2.93, '2022-05-31': 1.56, '2022-06-30': -8.42, '2022-07-31': -5.13, '2022-08-31': -1.88, '2022-09-30': -0.87, '2022-10-31': 10.41, '2022-11-30': -10.37, '2022-12-31': -7.5, '2023-01-31': 7.84, '2023-02-28': -1.02, '2023-03-31': 2.93, '2023-04-30': 1.1, '2023-05-31': 3.1, '2023-06-30': 5.47, '2023-07-31': -11.15, '2023-08-31': 8.82, '2023-09-30': -0.09, '2023-10-31': -6.21, '2023-11-30': 0.39, '2023-12-31': -4.04, '2024-01-31': 3.11, '2024-02-29': -3.65, '2024-03-31': -8.01, '2024-04-30': -1.77, '2024-05-31': 1.85, '2024-06-30': -4.14, '2024-07-31': 12.15, '2024-08-31': -8.4, '2024-09-30': -4.45, '2024-10-31': -1.2, '2024-11-30': 4.75, '2024-12-31': 11.52, '2025-01-31': -1.78, '2025-02-28': -3.76, '2025-03-31': 3.49, '2025-04-30': -8.04, '2025-05-31': 1.57, '2025-06-30': 1.09, '2025-07-31': 2.28, '2025-08-31': 2.47, '2025-09-30': -2.11, '2025-10-31': -0.35, '2025-11-30': 1.01, '2025-12-31': -4.89}",27.25
S30a_DOW_Seasonality,BNB_USDT_USDT,30m,-85.48,-38.37,-2.0414,-5.1182,-0.4376,-87.68,1280,0.7972,38.33,-6.3128,1354,-0.1587,64.7465,50.4802,1.2826,6,11,7.92,-12.64,23.4,"{'2022-02-28': 7.92, '2022-03-31': 0.2, '2022-04-30': -5.0, '2022-05-31': 2.7, '2022-06-30': -6.92, '2022-07-31': -11.04, '2022-08-31': -6.48, '2022-09-30': -1.42, '2022-10-31': 5.61, '2022-11-30': -9.17, '2022-12-31': -3.82, '2023-01-31': 0.57, '2023-02-28': 3.41, '2023-03-31': -6.31, '2023-04-30': -2.77, '2023-05-31': -5.39, '2023-06-30': -1.76, '2023-07-31': -5.0, '2023-08-31': 0.84, '2023-09-30': -8.75, '2023-10-31': -4.82, '2023-11-30': -6.05, '2023-12-31': -8.4, '2024-01-31': -9.53, '2024-02-29': -8.72, '2024-03-31': -5.84, '2024-04-30': -6.79, '2024-05-31': 0.89, '2024-06-30': -10.26, '2024-07-31': 6.86, '2024-08-31': -12.64, '2024-09-30': -11.28, '2024-10-31': -0.44, '2024-11-30': -10.6, '2024-12-31': -2.46, '2025-01-31': -8.3, '2025-02-28': -1.38, '2025-03-31': -3.88, '2025-04-30': -12.29, '2025-05-31': -6.97, '2025-06-30': -0.71, '2025-07-31': -4.38, '2025-08-31': 0.47, '2025-09-30': 4.23, '2025-10-31': -3.12, '2025-11-30': -1.07, '2025-12-31': -2.27}",28.23
S30a_DOW_Seasonality,LTC_USDT_USDT,30m,-67.45,-24.54,-1.0347,-2.8726,-0.3221,-76.18,1248,0.8745,40.03,-4.9634,1359,-0.108,86.4371,65.9719,1.3102,6,13,12.54,-15.5,40.43,"{'2022-02-28': 10.11, '2022-03-31': -5.73, '2022-04-30': 12.54, '2022-05-31': -3.44, '2022-06-30': 0.25, '2022-07-31': -13.43, '2022-08-31': -5.93, '2022-09-30': -8.53, '2022-10-31': 9.14, '2022-11-30': -3.55, '2022-12-31': -5.75, '2023-01-31': 0.41, '2023-02-28': -4.4, '2023-03-31': 3.79, '2023-04-30': -5.52, '2023-05-31': -7.42, '2023-06-30': 3.19, '2023-07-31': -1.1, '2023-08-31': 9.95, '2023-09-30': -1.09, '2023-10-31': 1.12, '2023-11-30': -6.73, '2023-12-31': -7.79, '2024-01-31': -11.78, '2024-02-29': -8.97, '2024-03-31': 3.6, '2024-04-30': -8.52, '2024-05-31': -12.68, '2024-06-30': -5.02, '2024-07-31': 9.32, '2024-08-31': -9.54, '2024-09-30': -5.3, '2024-10-31': 3.18, '2024-11-30': -4.45, '2024-12-31': 6.03, '2025-01-31': -15.5, '2025-02-28': 0.08, '2025-03-31': 1.3, '2025-04-30': -6.18, '2025-05-31': -4.27, '2025-06-30': 0.33, '2025-07-31': 4.15, '2025-08-31': -7.37, '2025-09-30': -5.39, '2025-10-31': 7.01, '2025-11-30': 5.19, '2025-12-31': -1.38}",28.334
S30a_DOW_Seasonality,DOT_USDT_USDT,30m,-27.79,-7.84,-0.2054,-0.6188,-0.1586,-49.42,1212,0.964,42.32,-2.0632,1347,-0.0231,130.676,99.4395,1.3141,6,13,13.35,-13.45,48.94,"{'2022-02-28': 9.57, '2022-03-31': 7.65, '2022-04-30': -5.89, '2022-05-31': 11.36, '2022-06-30': -7.31, '2022-07-31': -10.84, '2022-08-31': 5.7, '2022-09-30': -4.99, '2022-10-31': 3.19, '2022-11-30': -6.47, '2022-12-31': -11.63, '2023-01-31': 1.56, '2023-02-28': 13.35, '2023-03-31': -0.37, '2023-04-30': 5.52, '2023-05-31': 0.45, '2023-06-30': 6.82, '2023-07-31': -2.08, '2023-08-31': 3.97, '2023-09-30': -0.4, '2023-10-31': 1.11, '2023-11-30': -1.26, '2023-12-31': -2.1, '2024-01-31': 0.12, '2024-02-29': -0.13, '2024-03-31': -11.83, '2024-04-30': -7.03, '2024-05-31': 0.74, '2024-06-30': -7.83, '2024-07-31': 10.91, '2024-08-31': -13.45, '2024-09-30': -6.49, '2024-10-31': 4.49, '2024-11-30': 8.01, '2024-12-31': -0.34, '2025-01-31': -10.55, '2025-02-28': -4.53, '2025-03-31': 4.53, '2025-04-30': -8.8, '2025-05-31': 1.76, '2025-06-30': -1.51, '2025-07-31': 0.72, '2025-08-31': -0.33, '2025-09-30': -6.09, '2025-10-31': 5.8, '2025-11-30': 0.34, '2025-12-31': 2.38}",28.084
S30a_DOW_Seasonality,BCH_USDT_USDT,30m,-65.12,-23.23,-0.9956,-2.6814,-0.323,-71.92,1265,0.882,40.19,-4.8379,1346,-0.1071,89.9586,68.5459,1.3124,5,10,13.1,-10.3,27.66,"{'2022-02-28': 10.4, '2022-03-31': -3.6, '2022-04-30': -4.74, '2022-05-31': -2.53, '2022-06-30': -7.32, '2022-07-31': -2.2, '2022-08-31': 2.18, '2022-09-30': -4.35, '2022-10-31': 1.44, '2022-11-30': -7.04, '2022-12-31': -1.55, '2023-01-31': -3.28, '2023-02-28': 6.75, '2023-03-31': 7.51, '2023-04-30': -2.42, '2023-05-31': -5.57, '2023-06-30': -3.19, '2023-07-31': -4.18, '2023-08-31': 1.55, '2023-09-30': -1.62, '2023-10-31': -1.44, '2023-11-30': -2.46, '2023-12-31': -8.99, '2024-01-31': -1.85, '2024-02-29': -6.58, '2024-03-31': -4.55, '2024-04-30': -4.79, '2024-05-31': 6.07, '2024-06-30': -9.2, '2024-07-31': 13.1, '2024-08-31': -10.3, '2024-09-30': -8.9, '2024-10-31': -7.8, '2024-11-30': -2.82, '2024-12-31': 8.95, '2025-01-31': -8.53, '2025-02-28': -2.95, '2025-03-31': 4.95, '2025-04-30': -4.65, '2025-05-31': -6.05, '2025-06-30': -5.26, '2025-07-31': 10.14, '2025-08-31': -8.7, '2025-09-30': -9.34, '2025-10-31': 0.6, '2025-11-30': 10.06, '2025-12-31': -5.91}",28.063
S30a_DOW_Seasonality,ATOM_USDT_USDT,30m,-67.86,-24.78,-1.2076,-3.4605,-0.3415,-72.56,1222,0.8605,39.61,-5.053,1343,-0.1388,78.6795,59.9798,1.3118,7,10,23.77,-12.08,29.79,"{'2022-02-28': 1.98, '2022-03-31': -1.99, '2022-04-30': -2.4, '2022-05-31': 7.46, '2022-06-30': -9.91, '2022-07-31': -7.01, '2022-08-31': -1.07, '2022-09-30': -9.11, '2022-10-31': 0.9, '2022-11-30': -9.7, '2022-12-31': -6.26, '2023-01-31': 9.14, '2023-02-28': 0.12, '2023-03-31': -6.53, '2023-04-30': -1.79, '2023-05-31': -12.08, '2023-06-30': 1.84, '2023-07-31': -3.37, '2023-08-31': 0.12, '2023-09-30': -5.27, '2023-10-31': -3.67, '2023-11-30': -11.74, '2023-12-31': -8.43, '2024-01-31': -0.94, '2024-02-29': -11.37, '2024-03-31': -5.55, '2024-04-30': -5.25, '2024-05-31': -5.54, '2024-06-30': -5.35, '2024-07-31': 23.77, '2024-08-31': -0.58, '2024-09-30': -3.21, '2024-10-31': 5.45, '2024-11-30': 6.53, '2024-12-31': -1.93, '2025-01-31': -6.14, '2025-02-28': 1.69, '2025-03-31': 2.57, '2025-04-30': -5.34, '2025-05-31': -0.03, '2025-06-30': -2.89, '2025-07-31': 2.06, '2025-08-31': -5.54, '2025-09-30': -3.51, '2025-10-31': -8.27, '2025-11-30': -3.18, '2025-12-31': 6.89}",28.001
S30a_DOW_Seasonality,NEAR_USDT_USDT,30m,-48.31,-15.26,-0.7713,-2.2274,-0.2459,-62.07,1177,0.9289,39.89,-3.7421,1291,-0.1129,122.5969,87.5882,1.3997,7,12,12.15,-11.52,38.3,"{'2022-02-28': 3.51, '2022-03-31': 0.92, '2022-04-30': 9.41, '2022-05-31': 5.97, '2022-06-30': -0.11, '2022-07-31': -6.79, '2022-08-31': -2.79, '2022-09-30': -4.52, '2022-10-31': 8.98, '2022-11-30': 0.25, '2022-12-31': -8.59, '2023-01-31': 9.7, '2023-02-28': -0.67, '2023-03-31': 2.16, '2023-04-30': -8.12, '2023-05-31': -3.51, '2023-06-30': -4.24, '2023-07-31': 4.29, '2023-08-31': 9.84, '2023-09-30': -2.9, '2023-10-31': -0.57, '2023-11-30': -11.52, '2023-12-31': -0.89, '2024-01-31': -3.48, '2024-02-29': -9.21, '2024-03-31': -8.18, '2024-04-30': -1.27, '2024-05-31': -5.0, '2024-06-30': -4.57, '2024-07-31': 12.15, '2024-08-31': -4.39, '2024-09-30': -7.87, '2024-10-31': 2.09, '2024-11-30': -2.3, '2024-12-31': -7.45, '2025-01-31': -3.6, '2025-02-28': 2.19, '2025-03-31': -5.31, '2025-04-30': -7.64, '2025-05-31': -3.12, '2025-06-30': 1.61, '2025-07-31': 3.97, '2025-08-31': -5.87, '2025-09-30': -4.22, '2025-10-31': 0.49, '2025-11-30': 7.42, '2025-12-31': 0.96}",26.916
S30a_DOW_Seasonality,UNI_USDT_USDT,30m,-51.85,-16.76,-0.5263,-1.5731,-0.2446,-68.52,1259,0.9158,40.34,-3.8523,1346,-0.0669,103.8635,76.6913,1.3543,9,10,20.32,-11.59,40.43,"{'2022-02-28': 8.98, '2022-03-31': 12.89, '2022-04-30': -9.8, '2022-05-31': 3.06, '2022-06-30': -10.97, '2022-07-31': -8.48, '2022-08-31': -8.52, '2022-09-30': -6.13, '2022-10-31': -0.64, '2022-11-30': 4.34, '2022-12-31': 0.69, '2023-01-31': 1.52, '2023-02-28': -7.6, '2023-03-31': 4.53, '2023-04-30': -1.87, '2023-05-31': -4.48, '2023-06-30': -7.55, '2023-07-31': -4.78, '2023-08-31': 6.18, '2023-09-30': -11.59, '2023-10-31': -3.57, '2023-11-30': -7.65, '2023-12-31': -2.33, '2024-01-31': 5.31, '2024-02-29': 1.66, '2024-03-31': -10.71, '2024-04-30': -0.01, '2024-05-31': -1.72, '2024-06-30': -4.05, '2024-07-31': 20.32, '2024-08-31': -10.82, '2024-09-30': -3.0, '2024-10-31': -0.09, '2024-11-30': 1.41, '2024-12-31': 6.57, '2025-01-31': -9.7, '2025-02-28': -6.26, '2025-03-31': -6.46, '2025-04-30': -5.57, '2025-05-31': -0.82, '2025-06-30': 3.34, '2025-07-31': 3.96, '2025-08-31': 1.32, '2025-09-30': 0.14, '2025-10-31': -4.72, '2025-11-30': 2.08, '2025-12-31': 2.68}",28.063
S30a_DOW_Seasonality,OP_USDT_USDT,30m,-25.4,-7.88,-0.3846,-0.9561,-0.2218,-35.52,866,0.961,40.67,-2.1252,1195,-0.0618,128.7259,91.82,1.4019,6,9,12.68,-12.56,47.62,"{'2022-07-31': -5.55, '2022-08-31': 1.09, '2022-09-30': 0.27, '2022-10-31': 11.73, '2022-11-30': -3.46, '2022-12-31': -6.17, '2023-01-31': 9.02, '2023-02-28': -0.97, '2023-03-31': -2.48, '2023-04-30': 3.59, '2023-05-31': 3.27, '2023-06-30': -3.38, '2023-07-31': -1.54, '2023-08-31': -5.36, '2023-09-30': -5.96, '2023-10-31': 2.02, '2023-11-30': -6.34, '2023-12-31': 8.93, '2024-01-31': -2.06, '2024-02-29': -5.22, '2024-03-31': -8.71, '2024-04-30': 0.86, '2024-05-31': 1.77, '2024-06-30': -0.23, '2024-07-31': 12.68, '2024-08-31': 0.1, '2024-09-30': -12.56, '2024-10-31': 6.44, '2024-11-30': -1.13, '2024-12-31': 2.17, '2025-01-31': -6.2, '2025-02-28': 0.86, '2025-03-31': 0.53, '2025-04-30': -4.29, '2025-05-31': 2.52, '2025-06-30': -0.95, '2025-07-31': 4.66, '2025-08-31': -5.79, '2025-09-30': 0.75, '2025-10-31': -2.93, '2025-11-30': 4.6, '2025-12-31': -2.7}",27.789
S30a_DOW_Seasonality,APT_USDT_USDT,30m,-20.52,-6.95,-0.5805,-1.6633,-0.1536,-45.26,820,0.9634,41.32,-2.0138,1019,-0.0782,128.2878,93.7478,1.3684,6,9,15.62,-7.24,42.11,"{'2022-11-30': -4.53, '2022-12-31': 1.8, '2023-01-31': 8.32, '2023-02-28': 4.37, '2023-03-31': -5.64, '2023-04-30': 3.59, '2023-05-31': 4.65, '2023-06-30': -0.04, '2023-07-31': -5.5, '2023-08-31': 2.91, '2023-09-30': -6.85, '2023-10-31': -0.35, '2023-11-30': -1.18, '2023-12-31': 0.17, '2024-01-31': -5.34, '2024-02-29': -7.08, '2024-03-31': 0.85, '2024-04-30': -6.21, '2024-05-31': -5.11, '2024-06-30': -3.79, '2024-07-31': 15.62, '2024-08-31': 0.11, '2024-09-30': -3.46, '2024-10-31': -4.64, '2024-11-30': -5.86, '2024-12-31': -4.1, '2025-01-31': -0.07, '2025-02-28': -7.24, '2025-03-31': 4.64, '2025-04-30': -2.7, '2025-05-31': -2.01, '2025-06-30': 0.04, '2025-07-31': -1.45, '2025-08-31': -2.55, '2025-09-30': 2.26, '2025-10-31': 6.01, '2025-11-30': 3.49, '2025-12-31': 8.7}",26.534
S30a_DOW_Seasonality,FIL_USDT_USDT,30m,-54.74,-18.03,-0.74,-1.865,-0.2624,-68.72,1267,0.9038,40.06,-4.1849,1308,-0.0993,98.1531,72.5843,1.3523,7,13,23.63,-15.11,42.55,"{'2022-02-28': 5.58, '2022-03-31': -4.87, '2022-04-30': -6.0, '2022-05-31': 3.56, '2022-06-30': -5.12, '2022-07-31': -8.73, '2022-08-31': 1.89, '2022-09-30': 4.96, '2022-10-31': 6.74, '2022-11-30': -10.82, '2022-12-31': -10.82, '2023-01-31': 4.99, '2023-02-28': 4.21, '2023-03-31': -4.54, '2023-04-30': -5.13, '2023-05-31': -0.57, '2023-06-30': -6.23, '2023-07-31': -6.31, '2023-08-31': 5.93, '2023-09-30': -2.04, '2023-10-31': -4.63, '2023-11-30': 0.01, '2023-12-31': -8.94, '2024-01-31': 3.99, '2024-02-29': -11.06, '2024-03-31': -12.06, '2024-04-30': 1.7, '2024-05-31': -2.91, '2024-06-30': -0.81, '2024-07-31': 23.63, '2024-08-31': -9.72, '2024-09-30': -15.11, '2024-10-31': 1.24, '2024-11-30': 3.29, '2024-12-31': 0.97, '2025-01-31': -11.84, '2025-02-28': -1.67, '2025-03-31': -9.06, '2025-04-30': -4.36, '2025-05-31': -2.9, '2025-06-30': 5.63, '2025-07-31': 0.99, '2025-08-31': 5.83, '2025-09-30': -0.07, '2025-10-31': 8.94, '2025-11-30': 2.19, '2025-12-31': -3.28}",27.271
S30a_DOW_Seasonality,INJ_USDT_USDT,30m,-26.17,-8.63,-0.2333,-0.8329,-0.2759,-31.28,1123,0.9567,40.5,-2.3243,1126,-0.0347,126.7756,90.1893,1.4057,6,12,9.47,-10.74,47.5,"{'2022-09-30': -5.49, '2022-10-31': 9.47, '2022-11-30': -7.62, '2022-12-31': -6.3, '2023-01-31': 3.58, '2023-02-28': 6.42, '2023-03-31': -5.15, '2023-04-30': 3.98, '2023-05-31': 5.34, '2023-06-30': -10.74, '2023-07-31': -9.61, '2023-08-31': -7.03, '2023-09-30': 6.17, '2023-10-31': 3.85, '2023-11-30': 4.14, '2023-12-31': -4.35, '2024-01-31': 8.24, '2024-02-29': -6.42, '2024-03-31': -3.41, '2024-04-30': 5.79, '2024-05-31': 6.18, '2024-06-30': -6.7, '2024-07-31': 7.33, '2024-08-31': -8.73, '2024-09-30': -9.71, '2024-10-31': 4.37, '2024-11-30': 1.41, '2024-12-31': 4.07, '2025-01-31': -0.94, '2025-02-28': -4.69, '2025-03-31': 9.23, '2025-04-30': 0.46, '2025-05-31': 3.06, '2025-06-30': -4.47, '2025-07-31': -0.59, '2025-08-31': -2.19, '2025-09-30': -1.19, '2025-10-31': -6.1, '2025-11-30': 1.82, '2025-12-31': -1.29}",27.821
S30a_DOW_Seasonality,TRX_USDT_USDT,30m,-80.16,-33.35,-1.8332,-4.0703,-0.401,-83.17,1299,0.7809,40.56,-5.8898,1361,-0.1185,51.7718,45.2337,1.1445,5,12,10.72,-12.2,17.02,"{'2022-02-28': 10.72, '2022-03-31': -3.0, '2022-04-30': -5.66, '2022-05-31': 0.88, '2022-06-30': -10.98, '2022-07-31': -6.12, '2022-08-31': -5.23, '2022-09-30': -5.67, '2022-10-31': -3.75, '2022-11-30': -3.84, '2022-12-31': -1.48, '2023-01-31': 8.08, '2023-02-28': 3.11, '2023-03-31': -11.75, '2023-04-30': -6.58, '2023-05-31': -3.58, '2023-06-30': -2.17, '2023-07-31': -2.24, '2023-08-31': -6.23, '2023-09-30': -5.04, '2023-10-31': -4.06, '2023-11-30': -3.42, '2023-12-31': -8.42, '2024-01-31': -2.09, '2024-02-29': -2.95, '2024-03-31': -1.07, '2024-04-30': -5.94, '2024-05-31': -4.05, '2024-06-30': -2.87, '2024-07-31': -0.75, '2024-08-31': -4.23, '2024-09-30': -1.75, '2024-10-31': -5.12, '2024-11-30': -12.2, '2024-12-31': 6.34, '2025-01-31': -1.19, '2025-02-28': 0.84, '2025-03-31': -2.34, '2025-04-30': -5.63, '2025-05-31': -9.64, '2025-06-30': -2.11, '2025-07-31': -5.33, '2025-08-31': -8.14, '2025-09-30': 0.46, '2025-10-31': 0.5, '2025-11-30': -5.56, '2025-12-31': -3.98}",28.376
S30a_DOW_Seasonality,ETC_USDT_USDT,30m,-69.55,-25.79,-1.3631,-3.5007,-0.3498,-73.72,1241,0.8535,39.47,-5.1027,1363,-0.1514,75.2898,57.5284,1.3087,5,9,16.89,-13.75,38.3,"{'2022-02-28': 3.8, '2022-03-31': -0.35, '2022-04-30': -3.48, '2022-05-31': 2.9, '2022-06-30': -7.36, '2022-07-31': -10.71, '2022-08-31': 1.55, '2022-09-30': -13.75, '2022-10-31': 8.17, '2022-11-30': -8.31, '2022-12-31': -6.25, '2023-01-31': 1.02, '2023-02-28': 2.34, '2023-03-31': 4.42, '2023-04-30': 0.42, '2023-05-31': -5.85, '2023-06-30': 1.47, '2023-07-31': -9.42, '2023-08-31': -6.75, '2023-09-30': -9.41, '2023-10-31': -4.12, '2023-11-30': -4.44, '2023-12-31': -5.99, '2024-01-31': -2.2, '2024-02-29': -6.32, '2024-03-31': -7.5, '2024-04-30': -0.43, '2024-05-31': -9.57, '2024-06-30': 1.9, '2024-07-31': 16.89, '2024-08-31': -1.57, '2024-09-30': -8.22, '2024-10-31': -3.36, '2024-11-30': -9.37, '2024-12-31': 0.93, '2025-01-31': -9.72, '2025-02-28': -2.87, '2025-03-31': 1.85, '2025-04-30': 2.83, '2025-05-31': -0.57, '2025-06-30': -0.61, '2025-07-31': 5.32, '2025-08-31': 0.7, '2025-09-30': -4.76, '2025-10-31': 1.11, '2025-11-30': 1.31, '2025-12-31': -3.74}",28.418
S30a_DOW_Seasonality,XLM_USDT_USDT,30m,-71.04,-26.72,-1.0974,-2.6902,-0.3453,-77.39,1351,0.8605,40.07,-5.0028,1420,-0.1105,77.0272,59.8502,1.287,8,20,9.5,-19.28,40.43,"{'2022-02-28': 9.5, '2022-03-31': 0.83, '2022-04-30': -9.06, '2022-05-31': 3.65, '2022-06-30': -4.56, '2022-07-31': -10.44, '2022-08-31': -3.19, '2022-09-30': 2.86, '2022-10-31': 3.32, '2022-11-30': -19.28, '2022-12-31': 0.14, '2023-01-31': 8.32, '2023-02-28': 3.76, '2023-03-31': -0.15, '2023-04-30': -10.51, '2023-05-31': -8.52, '2023-06-30': 1.98, '2023-07-31': -8.44, '2023-08-31': 6.82, '2023-09-30': -14.04, '2023-10-31': -2.68, '2023-11-30': -0.17, '2023-12-31': -5.45, '2024-01-31': -2.05, '2024-02-29': -7.51, '2024-03-31': -3.18, '2024-04-30': -7.36, '2024-05-31': -5.88, '2024-06-30': -1.82, '2024-07-31': 3.41, '2024-08-31': -8.7, '2024-09-30': -6.0, '2024-10-31': 1.4, '2024-11-30': -2.97, '2024-12-31': 3.09, '2025-01-31': -9.65, '2025-02-28': 5.07, '2025-03-31': -8.46, '2025-04-30': -8.39, '2025-05-31': -6.54, '2025-06-30': 2.11, '2025-07-31': 6.46, '2025-08-31': -5.48, '2025-09-30': 0.29, '2025-10-31': 1.57, '2025-11-30': 5.38, '2025-12-31': -0.32}",29.606
S30a_DOW_Seasonality,RUNE_USDT_USDT,30m,-28.63,-8.12,-0.21,-0.6164,-0.1938,-41.89,1257,0.9626,41.22,-2.1384,1339,-0.0293,133.3375,97.1609,1.3723,8,14,14.42,-15.83,44.68,"{'2022-02-28': 8.05, '2022-03-31': 8.62, '2022-04-30': -11.55, '2022-05-31': 3.54, '2022-06-30': -6.57, '2022-07-31': -15.83, '2022-08-31': -0.59, '2022-09-30': -5.04, '2022-10-31': 1.84, '2022-11-30': -1.79, '2022-12-31': -4.55, '2023-01-31': 11.77, '2023-02-28': 5.72, '2023-03-31': -0.92, '2023-04-30': 2.83, '2023-05-31': -1.44, '2023-06-30': -4.02, '2023-07-31': -8.9, '2023-08-31': 11.77, '2023-09-30': 2.96, '2023-10-31': 1.44, '2023-11-30': 0.53, '2023-12-31': -10.14, '2024-01-31': -0.79, '2024-02-29': -5.04, '2024-03-31': -0.6, '2024-04-30': -0.83, '2024-05-31': 6.49, '2024-06-30': -6.1, '2024-07-31': 14.42, '2024-08-31': -1.47, '2024-09-30': -8.36, '2024-10-31': 5.39, '2024-11-30': 0.92, '2024-12-31': 0.23, '2025-01-31': 9.62, '2025-02-28': -3.4, '2025-03-31': 0.76, '2025-04-30': -6.94, '2025-05-31': -2.52, '2025-06-30': 0.88, '2025-07-31': -7.7, '2025-08-31': 4.29, '2025-09-30': -0.43, '2025-10-31': -11.03, '2025-11-30': 3.67, '2025-12-31': -7.28}",27.917
S30a_DOW_Seasonality,AAVE_USDT_USDT,30m,-67.81,-24.73,-0.8127,-2.5635,-0.3255,-75.97,1201,0.8959,38.91,-4.9494,1370,-0.107,109.5119,77.8382,1.4069,7,14,16.32,-16.03,34.04,"{'2022-02-28': 16.32, '2022-03-31': 5.66, '2022-04-30': -1.65, '2022-05-31': 2.28, '2022-06-30': 5.07, '2022-07-31': -11.58, '2022-08-31': -5.37, '2022-09-30': -8.49, '2022-10-31': 3.92, '2022-11-30': -9.47, '2022-12-31': 0.84, '2023-01-31': 2.11, '2023-02-28': -2.17, '2023-03-31': 2.19, '2023-04-30': -7.95, '2023-05-31': -2.16, '2023-06-30': 4.17, '2023-07-31': -9.12, '2023-08-31': 2.03, '2023-09-30': -1.87, '2023-10-31': 7.86, '2023-11-30': -8.32, '2023-12-31': -8.12, '2024-01-31': -4.97, '2024-02-29': -10.45, '2024-03-31': -16.03, '2024-04-30': -0.8, '2024-05-31': -8.02, '2024-06-30': -7.31, '2024-07-31': 5.27, '2024-08-31': -7.45, '2024-09-30': -3.49, '2024-10-31': 0.08, '2024-11-30': -0.72, '2024-12-31': 10.13, '2025-01-31': -0.07, '2025-02-28': -4.77, '2025-03-31': -1.39, '2025-04-30': -7.48, '2025-05-31': -9.63, '2025-06-30': -2.27, '2025-07-31': -2.17, '2025-08-31': 2.69, '2025-09-30': -4.14, '2025-10-31': 2.54, '2025-11-30': -5.47, '2025-12-31': -5.09}",28.564
S30a_DOW_Seasonality,LDO_USDT_USDT,30m,30.19,7.98,0.1036,0.3019,0.2018,-39.54,709,1.0366,42.46,2.6162,1154,0.0163,174.2951,124.0746,1.4048,12,10,18.01,-9.25,46.34,"{'2022-08-31': 7.11, '2022-09-30': -3.9, '2022-10-31': 10.11, '2022-11-30': -3.64, '2022-12-31': -2.66, '2023-01-31': 6.89, '2023-02-28': -7.46, '2023-03-31': -1.36, '2023-04-30': -0.44, '2023-05-31': 18.01, '2023-06-30': 10.41, '2023-07-31': -5.1, '2023-08-31': 1.84, '2023-09-30': -0.52, '2023-10-31': 11.12, '2023-11-30': -1.22, '2023-12-31': -2.78, '2024-01-31': -0.82, '2024-02-29': -8.33, '2024-03-31': -6.98, '2024-04-30': -9.25, '2024-05-31': 3.64, '2024-06-30': -6.39, '2024-07-31': -2.95, '2024-08-31': -3.19, '2024-09-30': 0.87, '2024-10-31': 0.48, '2024-11-30': 7.27, '2024-12-31': 12.05, '2025-01-31': 8.82, '2025-02-28': -1.8, '2025-03-31': 7.86, '2025-04-30': -4.18, '2025-05-31': 1.06, '2025-06-30': -2.08, '2025-07-31': -2.16, '2025-08-31': 6.66, '2025-09-30': -5.03, '2025-10-31': 0.78, '2025-11-30': 1.77, '2025-12-31': 2.19}",27.901
S30a_DOW_Seasonality,SAND_USDT_USDT,30m,-51.42,-16.57,-0.5815,-1.5453,-0.2489,-66.56,978,0.9265,40.7,-3.7234,1381,-0.0723,115.3499,85.4319,1.3502,7,12,23.53,-14.05,38.3,"{'2022-02-28': 9.29, '2022-03-31': 1.33, '2022-04-30': -3.16, '2022-05-31': 9.12, '2022-06-30': -2.17, '2022-07-31': -12.73, '2022-08-31': -6.71, '2022-09-30': -2.61, '2022-10-31': 6.73, '2022-11-30': 0.26, '2022-12-31': -1.0, '2023-01-31': 21.66, '2023-02-28': 4.75, '2023-03-31': 6.83, '2023-04-30': -2.19, '2023-05-31': -4.4, '2023-06-30': -3.14, '2023-07-31': -4.64, '2023-08-31': -1.22, '2023-09-30': 2.12, '2023-10-31': -7.82, '2023-11-30': -6.33, '2023-12-31': -5.73, '2024-01-31': -2.46, '2024-02-29': -14.05, '2024-03-31': -9.46, '2024-04-30': -9.11, '2024-05-31': -6.39, '2024-06-30': -6.44, '2024-07-31': 23.53, '2024-08-31': -5.08, '2024-09-30': -8.21, '2024-10-31': 10.17, '2024-11-30': -5.37, '2024-12-31': 3.14, '2025-01-31': -10.07, '2025-02-28': 2.57, '2025-03-31': -10.53, '2025-04-30': -0.84, '2025-05-31': 2.8, '2025-06-30': 3.67, '2025-07-31': -7.68, '2025-08-31': -0.92, '2025-09-30': -7.71, '2025-10-31': 1.18, '2025-11-30': 3.29, '2025-12-31': 1.84}",28.793
S30a_DOW_Seasonality,MANA_USDT_USDT,30m,-17.77,-4.79,-0.0189,-0.0586,-0.0823,-58.17,941,0.9784,42.11,-1.3225,1344,-0.0023,142.0905,105.6564,1.3448,8,12,27.89,-15.95,40.43,"{'2022-02-28': 3.48, '2022-03-31': 7.62, '2022-04-30': -2.52, '2022-05-31': 11.21, '2022-06-30': -1.83, '2022-07-31': -11.11, '2022-08-31': -3.57, '2022-09-30': -8.91, '2022-10-31': 8.0, '2022-11-30': 1.88, '2022-12-31': 2.7, '2023-01-31': 27.89, '2023-02-28': 3.12, '2023-03-31': 13.11, '2023-04-30': -2.01, '2023-05-31': -1.65, '2023-06-30': -9.05, '2023-07-31': -1.24, '2023-08-31': -0.7, '2023-09-30': -8.61, '2023-10-31': -7.86, '2023-11-30': -7.61, '2023-12-31': 2.04, '2024-01-31': -1.8, '2024-02-29': -9.71, '2024-03-31': -15.95, '2024-04-30': -9.85, '2024-05-31': -2.62, '2024-06-30': -0.31, '2024-07-31': 23.85, '2024-08-31': -3.79, '2024-09-30': -3.67, '2024-10-31': 15.44, '2024-11-30': -5.09, '2024-12-31': 7.3, '2025-01-31': -8.86, '2025-02-28': 0.49, '2025-03-31': -5.47, '2025-04-30': -9.68, '2025-05-31': 0.55, '2025-06-30': -0.46, '2025-07-31': -2.22, '2025-08-31': 1.48, '2025-09-30': 2.02, '2025-10-31': 10.36, '2025-11-30': -0.4, '2025-12-31': 1.79}",28.021
S30a_DOW_Seasonality,CRV_USDT_USDT,30m,-57.46,-19.31,-0.7569,-2.1562,-0.2881,-67.02,1226,0.9195,39.29,-4.2438,1354,-0.1132,123.4161,86.8656,1.4208,8,12,14.47,-13.34,38.3,"{'2022-02-28': 14.47, '2022-03-31': -1.03, '2022-04-30': 3.53, '2022-05-31': 1.25, '2022-06-30': -8.03, '2022-07-31': -13.34, '2022-08-31': -0.03, '2022-09-30': -12.11, '2022-10-31': 2.92, '2022-11-30': 3.3, '2022-12-31': 0.47, '2023-01-31': 12.34, '2023-02-28': 3.21, '2023-03-31': 5.9, '2023-04-30': -8.14, '2023-05-31': 4.38, '2023-06-30': -1.94, '2023-07-31': -3.73, '2023-08-31': 5.54, '2023-09-30': -6.0, '2023-10-31': -1.76, '2023-11-30': -4.33, '2023-12-31': -4.88, '2024-01-31': -3.07, '2024-02-29': -7.47, '2024-03-31': -11.12, '2024-04-30': -7.43, '2024-05-31': -0.34, '2024-06-30': -12.33, '2024-07-31': 11.13, '2024-08-31': -10.12, '2024-09-30': -4.87, '2024-10-31': 0.23, '2024-11-30': 0.75, '2024-12-31': 7.96, '2025-01-31': 0.05, '2025-02-28': -1.17, '2025-03-31': 3.01, '2025-04-30': -3.27, '2025-05-31': -0.04, '2025-06-30': 3.02, '2025-07-31': -2.0, '2025-08-31': -2.46, '2025-09-30': -7.7, '2025-10-31': -11.34, '2025-11-30': -3.63, '2025-12-31': -6.27}",28.23
S30a_DOW_Seasonality,GALA_USDT_USDT,30m,-16.91,-4.54,-0.0538,-0.1405,-0.1027,-44.22,1156,0.978,41.08,-1.3284,1273,-0.0088,143.8765,102.5846,1.4025,7,13,23.17,-14.51,48.94,"{'2022-02-28': 9.14, '2022-03-31': 3.58, '2022-04-30': -2.83, '2022-05-31': 6.42, '2022-06-30': -2.53, '2022-07-31': -12.84, '2022-08-31': 5.59, '2022-09-30': -14.51, '2022-10-31': 1.61, '2022-11-30': -1.97, '2022-12-31': -1.82, '2023-01-31': 12.95, '2023-02-28': 6.39, '2023-03-31': 6.69, '2023-04-30': -4.1, '2023-05-31': 4.76, '2023-06-30': -7.21, '2023-07-31': -8.85, '2023-08-31': 7.57, '2023-09-30': 1.24, '2023-10-31': 4.16, '2023-11-30': -1.97, '2023-12-31': -2.07, '2024-01-31': -6.06, '2024-02-29': -11.28, '2024-03-31': -8.36, '2024-04-30': -6.53, '2024-05-31': -4.8, '2024-06-30': -7.76, '2024-07-31': 23.17, '2024-08-31': 1.5, '2024-09-30': -2.8, '2024-10-31': 7.95, '2024-11-30': -4.12, '2024-12-31': 0.35, '2025-01-31': -5.7, '2025-02-28': 1.26, '2025-03-31': -1.98, '2025-04-30': -4.65, '2025-05-31': 0.77, '2025-06-30': 3.65, '2025-07-31': 3.37, '2025-08-31': 1.25, '2025-09-30': 0.41, '2025-10-31': -2.19, '2025-11-30': 5.54, '2025-12-31': -4.14}",26.541
S30a_DOW_Seasonality,APE_USDT_USDT,30m,-32.63,-9.93,-0.7971,-1.884,-0.237,-41.89,1273,0.946,40.77,-2.5632,1273,-0.113,110.0869,80.1036,1.3743,7,13,15.36,-13.98,46.67,"{'2022-04-30': -5.55, '2022-05-31': 5.11, '2022-06-30': -7.57, '2022-07-31': -13.98, '2022-08-31': -1.18, '2022-09-30': -13.69, '2022-10-31': 12.0, '2022-11-30': -5.88, '2022-12-31': -2.02, '2023-01-31': 1.95, '2023-02-28': 7.99, '2023-03-31': -1.44, '2023-04-30': -7.3, '2023-05-31': 9.9, '2023-06-30': 5.51, '2023-07-31': -3.27, '2023-08-31': 1.43, '2023-09-30': -2.79, '2023-10-31': 3.61, '2023-11-30': 3.27, '2023-12-31': 3.57, '2024-01-31': 3.26, '2024-02-29': -11.72, '2024-03-31': -10.49, '2024-04-30': -0.03, '2024-05-31': -7.21, '2024-06-30': -10.05, '2024-07-31': 15.36, '2024-08-31': -1.28, '2024-09-30': -0.09, '2024-10-31': 10.41, '2024-11-30': 0.96, '2024-12-31': 1.34, '2025-01-31': -3.85, '2025-02-28': 1.08, '2025-03-31': -1.61, '2025-04-30': -7.77, '2025-05-31': -3.86, '2025-06-30': 3.06, '2025-07-31': 2.14, '2025-08-31': 3.43, '2025-09-30': 0.75, '2025-10-31': -2.41, '2025-11-30': -2.89, '2025-12-31': 2.34}",27.999
S30a_DOW_Seasonality,AXS_USDT_USDT,30m,-40.55,-12.24,-0.6525,-1.8577,-0.2197,-55.71,1317,0.9369,41.12,-2.9513,1374,-0.0773,106.6427,79.491,1.3416,8,11,21.05,-12.76,38.3,"{'2022-02-28': 0.49, '2022-03-31': 0.29, '2022-04-30': -2.75, '2022-05-31': -0.04, '2022-06-30': -0.39, '2022-07-31': -9.59, '2022-08-31': -5.17, '2022-09-30': -6.39, '2022-10-31': 6.51, '2022-11-30': -5.35, '2022-12-31': -1.73, '2023-01-31': 10.24, '2023-02-28': -2.7, '2023-03-31': 12.8, '2023-04-30': -0.4, '2023-05-31': -0.9, '2023-06-30': -7.21, '2023-07-31': -6.84, '2023-08-31': 2.78, '2023-09-30': 0.14, '2023-10-31': -7.75, '2023-11-30': 1.86, '2023-12-31': -6.35, '2024-01-31': -4.71, '2024-02-29': -12.76, '2024-03-31': -3.96, '2024-04-30': -9.09, '2024-05-31': -3.04, '2024-06-30': -1.73, '2024-07-31': 21.05, '2024-08-31': -11.22, '2024-09-30': -0.8, '2024-10-31': 11.18, '2024-11-30': -0.81, '2024-12-31': 6.09, '2025-01-31': -12.14, '2025-02-28': -2.04, '2025-03-31': 2.37, '2025-04-30': -8.29, '2025-05-31': -3.8, '2025-06-30': 2.89, '2025-07-31': 5.15, '2025-08-31': 1.77, '2025-09-30': 6.12, '2025-10-31': -2.81, '2025-11-30': 1.35, '2025-12-31': 2.39}",28.647
S30a_DOW_Seasonality,GRT_USDT_USDT,30m,1.75,0.44,0.0835,0.2586,0.0117,-37.67,1256,1.0021,42.11,0.1316,1330,0.0115,148.3721,107.6796,1.3779,7,10,22.21,-10.06,44.68,"{'2022-02-28': 11.27, '2022-03-31': 2.94, '2022-04-30': -3.31, '2022-05-31': 1.68, '2022-06-30': -1.26, '2022-07-31': -3.94, '2022-08-31': 3.59, '2022-09-30': -5.54, '2022-10-31': 0.93, '2022-11-30': -10.06, '2022-12-31': -5.14, '2023-01-31': 1.83, '2023-02-28': -0.22, '2023-03-31': 0.66, '2023-04-30': 2.14, '2023-05-31': -6.34, '2023-06-30': -6.85, '2023-07-31': -7.29, '2023-08-31': 1.87, '2023-09-30': -2.0, '2023-10-31': 4.01, '2023-11-30': 9.9, '2023-12-31': -5.22, '2024-01-31': 2.82, '2024-02-29': -9.56, '2024-03-31': 1.74, '2024-04-30': -1.82, '2024-05-31': 3.95, '2024-06-30': -2.41, '2024-07-31': 22.21, '2024-08-31': -1.99, '2024-09-30': -1.94, '2024-10-31': 6.62, '2024-11-30': 0.41, '2024-12-31': -2.03, '2025-01-31': -7.63, '2025-02-28': -0.13, '2025-03-31': 2.83, '2025-04-30': -0.57, '2025-05-31': 8.18, '2025-06-30': 4.83, '2025-07-31': -1.02, '2025-08-31': -8.23, '2025-09-30': -2.14, '2025-10-31': -4.21, '2025-11-30': 8.62, '2025-12-31': -0.3}",27.73
S30a_DOW_Seasonality,CHZ_USDT_USDT,30m,-23.29,-6.43,-0.2035,-0.5546,-0.1224,-52.54,982,0.9687,41.67,-1.6731,1392,-0.0247,124.1898,91.5751,1.3562,8,10,23.8,-10.05,38.3,"{'2022-02-28': 9.58, '2022-03-31': -2.22, '2022-04-30': -8.95, '2022-05-31': 4.83, '2022-06-30': -7.5, '2022-07-31': 1.11, '2022-08-31': -1.19, '2022-09-30': 3.8, '2022-10-31': 9.31, '2022-11-30': 7.94, '2022-12-31': -4.6, '2023-01-31': 9.19, '2023-02-28': 4.4, '2023-03-31': 2.36, '2023-04-30': -3.32, '2023-05-31': -5.51, '2023-06-30': -4.19, '2023-07-31': -10.05, '2023-08-31': -3.5, '2023-09-30': -0.48, '2023-10-31': -1.76, '2023-11-30': -3.21, '2023-12-31': -0.18, '2024-01-31': -4.76, '2024-02-29': -8.82, '2024-03-31': -7.1, '2024-04-30': -3.24, '2024-05-31': 1.62, '2024-06-30': 0.81, '2024-07-31': 23.8, '2024-08-31': -7.41, '2024-09-30': -7.06, '2024-10-31': -0.47, '2024-11-30': -3.36, '2024-12-31': 3.18, '2025-01-31': -9.15, '2025-02-28': -0.98, '2025-03-31': 0.41, '2025-04-30': -3.28, '2025-05-31': -2.35, '2025-06-30': 5.88, '2025-07-31': 1.34, '2025-08-31': -0.63, '2025-09-30': -3.58, '2025-10-31': -1.04, '2025-11-30': 4.59, '2025-12-31': 12.85}",29.022
S30a_DOW_Seasonality,1000LUNC_USDT_USDT,30m,-56.98,-22.58,-0.402,-1.0456,-0.3304,-68.35,993,0.8856,39.78,-4.8952,1164,-0.0557,95.2985,71.0717,1.3409,5,11,15.05,-14.01,33.33,"{'2022-10-31': 0.22, '2022-11-30': -3.81, '2022-12-31': -6.48, '2023-01-31': 10.46, '2023-02-28': 3.49, '2023-03-31': -5.23, '2023-04-30': -8.92, '2023-05-31': 6.73, '2023-06-30': -14.01, '2023-07-31': -1.21, '2023-08-31': 2.46, '2023-09-30': -2.77, '2023-10-31': 2.16, '2023-11-30': -1.12, '2023-12-31': -5.06, '2024-01-31': -4.82, '2024-02-29': -10.07, '2024-03-31': -0.15, '2024-04-30': -12.34, '2024-05-31': -3.75, '2024-06-30': -7.51, '2024-07-31': 15.05, '2024-08-31': -4.04, '2024-09-30': -13.32, '2024-10-31': 6.01, '2024-11-30': -3.66, '2024-12-31': 2.59, '2025-01-31': -12.32, '2025-02-28': -3.8, '2025-03-31': -5.47, '2025-04-30': -10.59, '2025-05-31': 0.97, '2025-06-30': 9.88, '2025-07-31': -3.7, '2025-08-31': -3.66, '2025-09-30': -3.64, '2025-10-31': 3.92, '2025-11-30': -1.19, '2025-12-31': 12.48}",29.307
S30a_DOW_Seasonality,TWT_USDT_USDT,30m,-62.73,-27.21,-1.0401,-3.1342,-0.3635,-74.86,856,0.8607,38.98,-6.2541,1003,-0.1209,99.1195,73.5761,1.3472,6,15,15.32,-11.9,32.43,"{'2022-12-31': 0.24, '2023-01-31': 4.98, '2023-02-28': 2.26, '2023-03-31': 15.32, '2023-04-30': 0.81, '2023-05-31': 5.19, '2023-06-30': -8.74, '2023-07-31': -5.05, '2023-08-31': -7.34, '2023-09-30': -5.15, '2023-10-31': -11.9, '2023-11-30': -9.31, '2023-12-31': -7.97, '2024-01-31': -1.52, '2024-02-29': -4.36, '2024-03-31': -5.03, '2024-04-30': -2.49, '2024-05-31': -1.81, '2024-06-30': -2.75, '2024-07-31': 12.75, '2024-08-31': -6.46, '2024-09-30': -9.07, '2024-10-31': -3.37, '2024-11-30': -8.41, '2024-12-31': 1.84, '2025-01-31': -9.74, '2025-02-28': -9.21, '2025-03-31': -11.84, '2025-04-30': 1.4, '2025-05-31': -2.45, '2025-06-30': 6.85, '2025-07-31': -1.13, '2025-08-31': 2.04, '2025-09-30': -0.66, '2025-10-31': -11.89, '2025-11-30': -1.79, '2025-12-31': 6.76}",26.805
S30a_DOW_Seasonality,ZRX_USDT_USDT,30m,-13.57,-3.82,-0.0022,-0.0062,-0.1243,-30.72,503,0.9829,42.16,-1.0038,1352,-0.0003,136.7725,101.429,1.3485,8,11,22.39,-14.26,46.67,"{'2022-04-30': 3.97, '2022-05-31': -0.91, '2022-06-30': -1.26, '2022-07-31': -4.16, '2022-08-31': -7.76, '2022-09-30': -14.26, '2022-10-31': 3.95, '2022-11-30': -5.68, '2022-12-31': 2.04, '2023-01-31': 2.99, '2023-02-28': 12.13, '2023-03-31': 11.56, '2023-04-30': 1.12, '2023-05-31': 5.92, '2023-06-30': -5.68, '2023-07-31': -3.17, '2023-08-31': -5.19, '2023-09-30': -0.32, '2023-10-31': 7.35, '2023-11-30': 3.06, '2023-12-31': -2.16, '2024-01-31': -3.57, '2024-02-29': -11.78, '2024-03-31': 3.25, '2024-04-30': 0.42, '2024-05-31': -2.4, '2024-06-30': 1.03, '2024-07-31': 22.39, '2024-08-31': 1.62, '2024-09-30': -6.33, '2024-10-31': 14.53, '2024-11-30': -8.17, '2024-12-31': 1.31, '2025-01-31': -6.85, '2025-02-28': -4.19, '2025-03-31': 0.62, '2025-04-30': -5.74, '2025-05-31': -2.08, '2025-06-30': 5.47, '2025-07-31': 3.99, '2025-08-31': -0.95, '2025-09-30': -1.25, '2025-10-31': -5.03, '2025-11-30': 0.52, '2025-12-31': -4.64}",29.953
S30a_DOW_Seasonality,ANKR_USDT_USDT,30m,-40.33,-12.16,-0.559,-1.3999,-0.2543,-47.81,1330,0.9382,41.45,-2.9228,1380,-0.0685,106.9576,80.7094,1.3252,7,11,15.75,-14.41,40.43,"{'2022-02-28': 5.87, '2022-03-31': 0.82, '2022-04-30': -14.41, '2022-05-31': 7.19, '2022-06-30': -5.44, '2022-07-31': -7.34, '2022-08-31': -8.1, '2022-09-30': -8.71, '2022-10-31': 12.01, '2022-11-30': -6.37, '2022-12-31': -8.75, '2023-01-31': 6.6, '2023-02-28': 7.96, '2023-03-31': -0.96, '2023-04-30': -4.16, '2023-05-31': 0.2, '2023-06-30': 7.57, '2023-07-31': -2.86, '2023-08-31': 0.68, '2023-09-30': -1.55, '2023-10-31': 0.93, '2023-11-30': 4.84, '2023-12-31': -9.28, '2024-01-31': -1.17, '2024-02-29': -11.19, '2024-03-31': 3.41, '2024-04-30': -1.59, '2024-05-31': -3.06, '2024-06-30': -3.68, '2024-07-31': 12.8, '2024-08-31': -7.95, '2024-09-30': -4.67, '2024-10-31': 15.75, '2024-11-30': -0.03, '2024-12-31': 1.25, '2025-01-31': -5.12, '2025-02-28': -1.88, '2025-03-31': -3.5, '2025-04-30': -5.45, '2025-05-31': 5.45, '2025-06-30': -8.36, '2025-07-31': 4.63, '2025-08-31': -1.03, '2025-09-30': 4.11, '2025-10-31': -3.75, '2025-11-30': 0.01, '2025-12-31': -4.67}",28.772
S30a_DOW_Seasonality,STX_USDT_USDT,30m,-49.72,-15.84,-0.6687,-2.0932,-0.2503,-63.28,1217,0.9174,39.87,-3.8874,1279,-0.0948,108.3463,78.3207,1.3834,6,11,16.91,-15.97,36.17,"{'2022-02-28': 16.91, '2022-03-31': -3.08, '2022-04-30': -15.97, '2022-05-31': 0.71, '2022-06-30': 4.0, '2022-07-31': -5.33, '2022-08-31': -5.35, '2022-09-30': -15.29, '2022-10-31': 8.95, '2022-11-30': -7.56, '2022-12-31': 5.04, '2023-01-31': 2.35, '2023-02-28': 4.28, '2023-03-31': 6.02, '2023-04-30': -4.26, '2023-05-31': -1.6, '2023-06-30': -5.35, '2023-07-31': -11.39, '2023-08-31': 5.49, '2023-09-30': -9.72, '2023-10-31': 2.21, '2023-11-30': -1.7, '2023-12-31': 6.97, '2024-01-31': -9.08, '2024-02-29': -2.22, '2024-03-31': -7.25, '2024-04-30': -8.43, '2024-05-31': 15.4, '2024-06-30': -4.12, '2024-07-31': 16.57, '2024-08-31': -4.71, '2024-09-30': -8.72, '2024-10-31': -0.84, '2024-11-30': -8.12, '2024-12-31': 7.35, '2025-01-31': -8.5, '2025-02-28': -0.32, '2025-03-31': -0.44, '2025-04-30': -4.14, '2025-05-31': -4.09, '2025-06-30': 1.57, '2025-07-31': 2.72, '2025-08-31': -2.53, '2025-09-30': -2.66, '2025-10-31': -7.24, '2025-11-30': 11.59, '2025-12-31': -3.79}",26.666
S30a_DOW_Seasonality,EGLD_USDT_USDT,30m,-40.32,-12.14,-0.5217,-1.6001,-0.2137,-56.81,1306,0.9301,41.25,-2.9385,1372,-0.0599,94.7209,71.5182,1.3244,6,10,11.38,-15.14,44.68,"{'2022-02-28': 5.58, '2022-03-31': -1.08, '2022-04-30': -8.65, '2022-05-31': 7.56, '2022-06-30': -13.34, '2022-07-31': -6.03, '2022-08-31': 2.35, '2022-09-30': -15.14, '2022-10-31': -5.1, '2022-11-30': -11.09, '2022-12-31': -7.92, '2023-01-31': 4.3, '2023-02-28': -6.83, '2023-03-31': 9.56, '2023-04-30': -2.46, '2023-05-31': 4.29, '2023-06-30': -3.83, '2023-07-31': 4.08, '2023-08-31': 6.95, '2023-09-30': 0.25, '2023-10-31': 3.18, '2023-11-30': -4.14, '2023-12-31': 6.41, '2024-01-31': 10.17, '2024-02-29': -11.98, '2024-03-31': -6.07, '2024-04-30': -6.88, '2024-05-31': -4.01, '2024-06-30': -7.68, '2024-07-31': 10.19, '2024-08-31': -3.6, '2024-09-30': -5.49, '2024-10-31': 11.11, '2024-11-30': 2.63, '2024-12-31': 3.97, '2025-01-31': -5.69, '2025-02-28': -1.78, '2025-03-31': 3.65, '2025-04-30': -5.99, '2025-05-31': -7.3, '2025-06-30': 5.99, '2025-07-31': 0.35, '2025-08-31': -4.46, '2025-09-30': -3.95, '2025-10-31': -0.58, '2025-11-30': 11.38, '2025-12-31': 6.77}",28.605
S30a_DOW_Seasonality,MINA_USDT_USDT,30m,-57.69,-20.64,-0.7719,-1.9662,-0.3515,-58.72,1292,0.887,39.55,-4.4655,1292,-0.1026,88.6582,65.3953,1.3557,5,9,17.08,-9.59,29.55,"{'2022-05-31': -3.06, '2022-06-30': -0.37, '2022-07-31': -8.81, '2022-08-31': 5.27, '2022-09-30': -8.93, '2022-10-31': 6.75, '2022-11-30': -9.59, '2022-12-31': -1.58, '2023-01-31': -0.52, '2023-02-28': -2.43, '2023-03-31': -0.15, '2023-04-30': -0.3, '2023-05-31': -0.84, '2023-06-30': -7.19, '2023-07-31': -0.64, '2023-08-31': -5.59, '2023-09-30': -3.91, '2023-10-31': -5.54, '2023-11-30': 6.6, '2023-12-31': 0.59, '2024-01-31': 0.97, '2024-02-29': -5.17, '2024-03-31': -1.69, '2024-04-30': -0.28, '2024-05-31': -8.34, '2024-06-30': -5.55, '2024-07-31': 17.08, '2024-08-31': -1.6, '2024-09-30': -6.24, '2024-10-31': 1.82, '2024-11-30': 0.4, '2024-12-31': 4.68, '2025-01-31': -6.66, '2025-02-28': -1.27, '2025-03-31': 2.15, '2025-04-30': -6.02, '2025-05-31': 0.68, '2025-06-30': 2.91, '2025-07-31': 4.31, '2025-08-31': -8.25, '2025-09-30': -1.75, '2025-10-31': -7.62, '2025-11-30': -0.38, '2025-12-31': -3.53}",28.833
S30a_DOW_Seasonality,ZEN_USDT_USDT,30m,-81.14,-34.19,-1.4679,-3.8298,-0.4049,-84.45,1303,0.8599,37.43,-5.8965,1376,-0.2121,96.6806,67.2521,1.4376,6,14,14.05,-15.46,34.04,"{'2022-02-28': 9.21, '2022-03-31': 5.27, '2022-04-30': -10.0, '2022-05-31': 4.77, '2022-06-30': -5.45, '2022-07-31': -4.25, '2022-08-31': -7.6, '2022-09-30': -8.79, '2022-10-31': 8.79, '2022-11-30': -5.36, '2022-12-31': -5.1, '2023-01-31': 14.05, '2023-02-28': 3.14, '2023-03-31': 5.32, '2023-04-30': 2.43, '2023-05-31': -4.61, '2023-06-30': 3.73, '2023-07-31': -15.46, '2023-08-31': 1.71, '2023-09-30': -7.72, '2023-10-31': -3.75, '2023-11-30': -4.75, '2023-12-31': -9.88, '2024-01-31': 3.13, '2024-02-29': -12.52, '2024-03-31': -13.71, '2024-04-30': -5.9, '2024-05-31': -11.24, '2024-06-30': -4.16, '2024-07-31': -4.9, '2024-08-31': -3.87, '2024-09-30': -7.83, '2024-10-31': -9.66, '2024-11-30': 0.41, '2024-12-31': 0.92, '2025-01-31': -14.0, '2025-02-28': -9.29, '2025-03-31': -1.55, '2025-04-30': -2.51, '2025-05-31': -4.17, '2025-06-30': -8.87, '2025-07-31': -9.69, '2025-08-31': -2.34, '2025-09-30': 5.84, '2025-10-31': 5.53, '2025-11-30': 1.48, '2025-12-31': -11.1}",28.689
S30a_DOW_Seasonality,ALICE_USDT_USDT,30m,-39.01,-11.67,-0.495,-1.5806,-0.2017,-57.85,1196,0.9402,40.32,-3.0837,1265,-0.0707,120.1685,86.3402,1.3918,7,12,15.23,-14.58,42.55,"{'2022-02-28': 12.32, '2022-03-31': 9.78, '2022-04-30': -8.4, '2022-05-31': 0.02, '2022-06-30': -2.4, '2022-07-31': -11.42, '2022-08-31': -8.05, '2022-09-30': -6.54, '2022-10-31': 13.42, '2022-11-30': -7.93, '2022-12-31': -5.12, '2023-01-31': 9.3, '2023-02-28': 7.03, '2023-03-31': -2.32, '2023-04-30': 2.23, '2023-05-31': 1.06, '2023-06-30': -1.72, '2023-07-31': -5.53, '2023-08-31': 4.1, '2023-09-30': -3.26, '2023-10-31': 1.28, '2023-11-30': -4.14, '2023-12-31': -8.43, '2024-01-31': 3.09, '2024-02-29': -14.58, '2024-03-31': -6.02, '2024-04-30': -6.79, '2024-05-31': 2.98, '2024-06-30': -12.58, '2024-07-31': 15.23, '2024-08-31': -2.75, '2024-09-30': -4.26, '2024-10-31': 9.03, '2024-11-30': -6.9, '2024-12-31': 1.47, '2025-01-31': -6.25, '2025-02-28': -4.21, '2025-03-31': 4.87, '2025-04-30': -1.08, '2025-05-31': 10.16, '2025-06-30': 0.08, '2025-07-31': 2.7, '2025-08-31': -0.01, '2025-09-30': -0.79, '2025-10-31': -9.82, '2025-11-30': 2.98, '2025-12-31': -0.34}",26.374
S30a_DOW_Seasonality,JST_USDT_USDT,30m,-73.32,-29.14,-1.0156,-2.2834,-0.3882,-75.06,1386,0.8268,41.15,-5.2747,1390,-0.0848,61.1772,51.7423,1.1823,7,13,5.21,-11.06,21.74,"{'2022-03-31': -2.88, '2022-04-30': -5.11, '2022-05-31': -1.68, '2022-06-30': -1.97, '2022-07-31': -9.98, '2022-08-31': -2.69, '2022-09-30': -7.38, '2022-10-31': -3.0, '2022-11-30': -4.47, '2022-12-31': 2.39, '2023-01-31': -2.33, '2023-02-28': 4.0, '2023-03-31': 1.14, '2023-04-30': -2.49, '2023-05-31': 0.22, '2023-06-30': 2.31, '2023-07-31': -3.78, '2023-08-31': -7.28, '2023-09-30': 2.58, '2023-10-31': -2.95, '2023-11-30': -0.18, '2023-12-31': -9.19, '2024-01-31': -1.51, '2024-02-29': -7.64, '2024-03-31': 2.56, '2024-04-30': -11.06, '2024-05-31': -6.78, '2024-06-30': -8.92, '2024-07-31': 5.21, '2024-08-31': -1.15, '2024-09-30': -2.59, '2024-10-31': -4.08, '2024-11-30': -1.83, '2024-12-31': 1.25, '2025-01-31': -10.26, '2025-02-28': -1.19, '2025-03-31': -0.57, '2025-04-30': -3.78, '2025-05-31': -1.81, '2025-06-30': -3.71, '2025-07-31': -7.25, '2025-08-31': -0.47, '2025-09-30': -5.1, '2025-10-31': 0.42, '2025-11-30': -2.72, '2025-12-31': -0.93}",30.115
S30a_DOW_Seasonality,SUN_USDT_USDT,30m,-78.05,-32.67,-0.6874,-1.4903,-0.3952,-82.66,1314,0.7874,39.73,-5.9172,1319,-0.072,55.1604,46.1746,1.1946,7,13,7.47,-16.16,26.09,"{'2022-03-31': 0.04, '2022-04-30': -7.59, '2022-05-31': 4.78, '2022-06-30': -5.41, '2022-07-31': -8.87, '2022-08-31': -2.75, '2022-09-30': -5.78, '2022-10-31': 7.47, '2022-11-30': -8.4, '2022-12-31': -9.14, '2023-01-31': -3.01, '2023-02-28': 1.26, '2023-03-31': -11.95, '2023-04-30': -4.22, '2023-05-31': -0.79, '2023-06-30': -1.8, '2023-07-31': -2.32, '2023-08-31': -6.12, '2023-09-30': -7.2, '2023-10-31': -0.81, '2023-11-30': -0.26, '2023-12-31': -8.82, '2024-01-31': -8.36, '2024-02-29': -1.83, '2024-03-31': -5.74, '2024-04-30': -0.66, '2024-05-31': -16.16, '2024-06-30': -11.0, '2024-07-31': -0.62, '2024-08-31': 6.79, '2024-09-30': -4.11, '2024-10-31': -4.4, '2024-11-30': -3.27, '2024-12-31': 2.05, '2025-01-31': -3.37, '2025-02-28': -5.8, '2025-03-31': -7.9, '2025-04-30': -6.99, '2025-05-31': -7.0, '2025-06-30': 0.53, '2025-07-31': 0.77, '2025-08-31': 2.85, '2025-09-30': 2.44, '2025-10-31': 6.9, '2025-11-30': -2.95, '2025-12-31': 4.72}",28.577
S30a_DOW_Seasonality,ONT_USDT_USDT,30m,-41.59,-14.03,-0.6278,-1.8325,-0.27,-51.97,859,0.926,41.38,-3.349,1242,-0.0654,101.2161,77.1765,1.3115,8,12,17.93,-13.6,35.71,"{'2022-07-31': -3.37, '2022-08-31': -10.1, '2022-09-30': -9.79, '2022-10-31': 4.77, '2022-11-30': -7.94, '2022-12-31': 2.75, '2023-01-31': 6.77, '2023-02-28': 3.17, '2023-03-31': 9.57, '2023-04-30': -5.59, '2023-05-31': 4.31, '2023-06-30': 8.02, '2023-07-31': -6.25, '2023-08-31': -7.58, '2023-09-30': -6.43, '2023-10-31': -2.41, '2023-11-30': -5.44, '2023-12-31': -13.6, '2024-01-31': 5.97, '2024-02-29': -10.43, '2024-03-31': -11.26, '2024-04-30': 4.26, '2024-05-31': 1.62, '2024-06-30': -6.62, '2024-07-31': 17.93, '2024-08-31': -7.87, '2024-09-30': -2.41, '2024-10-31': 7.88, '2024-11-30': -2.99, '2024-12-31': 0.02, '2025-01-31': -2.91, '2025-02-28': -4.27, '2025-03-31': -1.49, '2025-04-30': -2.19, '2025-05-31': -0.77, '2025-06-30': -3.57, '2025-07-31': 8.2, '2025-08-31': 11.28, '2025-09-30': -2.05, '2025-10-31': -1.77, '2025-11-30': -1.49, '2025-12-31': -2.83}",28.993
S30a_DOW_Seasonality,AGLD_USDT_USDT,30m,-46.87,-15.79,-0.7686,-2.1508,-0.278,-56.8,1248,0.915,39.95,-3.708,1264,-0.1142,99.9514,72.6777,1.3753,6,16,9.11,-17.1,45.45,"{'2022-05-31': 5.41, '2022-06-30': -9.99, '2022-07-31': -17.1, '2022-08-31': -2.35, '2022-09-30': 2.61, '2022-10-31': 4.14, '2022-11-30': -6.2, '2022-12-31': -9.19, '2023-01-31': 6.86, '2023-02-28': 2.08, '2023-03-31': 4.83, '2023-04-30': 4.28, '2023-05-31': 9.0, '2023-06-30': -7.3, '2023-07-31': 2.89, '2023-08-31': 9.09, '2023-09-30': 1.8, '2023-10-31': -4.64, '2023-11-30': -11.28, '2023-12-31': -8.14, '2024-01-31': -9.05, '2024-02-29': -9.53, '2024-03-31': -2.06, '2024-04-30': -1.07, '2024-05-31': -10.24, '2024-06-30': -5.29, '2024-07-31': 6.22, '2024-08-31': -2.9, '2024-09-30': 6.9, '2024-10-31': -0.76, '2024-11-30': 9.11, '2024-12-31': -8.56, '2025-01-31': -12.66, '2025-02-28': 3.64, '2025-03-31': 0.26, '2025-04-30': 4.76, '2025-05-31': 3.05, '2025-06-30': 6.79, '2025-07-31': -2.63, '2025-08-31': -0.36, '2025-09-30': -2.0, '2025-10-31': -1.59, '2025-11-30': -6.39, '2025-12-31': 6.48}",28.522
S30a_DOW_Seasonality,BTC_USDT_USDT,1H,-17.92,-4.84,-0.4453,-1.2868,-0.1011,-47.86,483,0.9629,42.16,-2.5095,714,-0.0609,154.3082,116.8003,1.3211,7,9,10.87,-11.74,55.32,"{'2022-02-28': 9.6, '2022-03-31': 5.45, '2022-04-30': 2.66, '2022-05-31': 4.7, '2022-06-30': 0.58, '2022-07-31': -2.36, '2022-08-31': 1.47, '2022-09-30': -0.2, '2022-10-31': 1.92, '2022-11-30': -4.36, '2022-12-31': 0.27, '2023-01-31': 10.87, '2023-02-28': 2.03, '2023-03-31': 3.43, '2023-04-30': 1.61, '2023-05-31': -2.5, '2023-06-30': -6.58, '2023-07-31': -8.15, '2023-08-31': 7.33, '2023-09-30': 0.03, '2023-10-31': 1.76, '2023-11-30': 0.64, '2023-12-31': -4.23, '2024-01-31': -2.47, '2024-02-29': -8.79, '2024-03-31': 0.17, '2024-04-30': -11.74, '2024-05-31': 0.83, '2024-06-30': -2.37, '2024-07-31': 3.06, '2024-08-31': -4.18, '2024-09-30': -5.78, '2024-10-31': 1.31, '2024-11-30': -2.65, '2024-12-31': 2.92, '2025-01-31': -5.26, '2025-02-28': -4.54, '2025-03-31': 3.52, '2025-04-30': -5.37, '2025-05-31': -1.93, '2025-06-30': -1.64, '2025-07-31': 0.45, '2025-08-31': 0.76, '2025-09-30': -2.82, '2025-10-31': 5.33, '2025-11-30': 2.42, '2025-12-31': -3.22}",14.886
S30a_DOW_Seasonality,ETH_USDT_USDT,1H,12.96,3.11,0.0918,0.2601,0.0794,-39.16,675,1.028,42.8,1.7774,729,0.0164,152.3062,110.8484,1.374,5,14,14.19,-9.9,59.57,"{'2022-02-28': 14.19, '2022-03-31': 3.45, '2022-04-30': -7.47, '2022-05-31': 2.41, '2022-06-30': 2.53, '2022-07-31': -6.16, '2022-08-31': -0.91, '2022-09-30': -2.77, '2022-10-31': 1.35, '2022-11-30': -9.5, '2022-12-31': -2.12, '2023-01-31': 2.85, '2023-02-28': 1.35, '2023-03-31': 2.16, '2023-04-30': -0.1, '2023-05-31': 0.11, '2023-06-30': -5.04, '2023-07-31': -7.17, '2023-08-31': 3.15, '2023-09-30': 0.96, '2023-10-31': 4.21, '2023-11-30': -2.63, '2023-12-31': -0.63, '2024-01-31': -6.71, '2024-02-29': -9.9, '2024-03-31': -3.92, '2024-04-30': 1.09, '2024-05-31': -1.97, '2024-06-30': 1.28, '2024-07-31': 5.66, '2024-08-31': 2.8, '2024-09-30': 0.02, '2024-10-31': 4.21, '2024-11-30': 2.24, '2024-12-31': -0.42, '2025-01-31': 0.54, '2025-02-28': -3.32, '2025-03-31': -1.48, '2025-04-30': 1.97, '2025-05-31': 2.2, '2025-06-30': 1.09, '2025-07-31': 3.22, '2025-08-31': 5.25, '2025-09-30': 1.23, '2025-10-31': 4.82, '2025-11-30': 5.33, '2025-12-31': -2.52}",15.199
S30a_DOW_Seasonality,SOL_USDT_USDT,1H,153.56,26.31,0.6066,0.9687,2.0364,-12.92,112,1.2258,46.06,22.8173,673,0.1885,268.8988,187.335,1.4354,8,12,10.69,-7.6,65.96,"{'2022-02-28': 10.0, '2022-03-31': 10.39, '2022-04-30': 0.94, '2022-05-31': 10.18, '2022-06-30': -1.96, '2022-07-31': -4.12, '2022-08-31': -0.67, '2022-09-30': -5.35, '2022-10-31': 4.02, '2022-11-30': 2.16, '2022-12-31': 0.46, '2023-01-31': 5.44, '2023-02-28': 1.91, '2023-03-31': 10.69, '2023-04-30': 2.39, '2023-05-31': -1.22, '2023-06-30': -0.48, '2023-07-31': -7.6, '2023-08-31': 8.23, '2023-09-30': 2.52, '2023-10-31': 2.06, '2023-11-30': -2.43, '2023-12-31': 1.11, '2024-01-31': 1.08, '2024-02-29': 2.85, '2024-03-31': -1.57, '2024-04-30': -2.21, '2024-05-31': 4.1, '2024-06-30': 0.06, '2024-07-31': 8.42, '2024-08-31': 1.01, '2024-09-30': -5.07, '2024-10-31': 9.48, '2024-11-30': -5.42, '2024-12-31': -1.22, '2025-01-31': 4.5, '2025-02-28': -1.84, '2025-03-31': 2.47, '2025-04-30': 4.04, '2025-05-31': 4.89, '2025-06-30': 7.07, '2025-07-31': 4.44, '2025-08-31': 3.3, '2025-09-30': -0.6, '2025-10-31': 0.57, '2025-11-30': -0.83, '2025-12-31': 2.75}",14.032
S30a_DOW_Seasonality,XRP_USDT_USDT,1H,31.14,7.04,-0.0645,-0.1524,0.2148,-32.77,563,1.075,43.27,4.5066,691,-0.014,149.2374,105.8875,1.4094,7,10,15.22,-9.85,48.94,"{'2022-02-28': 14.87, '2022-03-31': -0.69, '2022-04-30': 8.29, '2022-05-31': 0.96, '2022-06-30': -9.85, '2022-07-31': -8.42, '2022-08-31': -2.86, '2022-09-30': -4.23, '2022-10-31': 0.54, '2022-11-30': -7.0, '2022-12-31': -1.21, '2023-01-31': 8.49, '2023-02-28': -0.25, '2023-03-31': -0.25, '2023-04-30': 1.75, '2023-05-31': -7.9, '2023-06-30': -0.84, '2023-07-31': -5.0, '2023-08-31': 10.48, '2023-09-30': -6.17, '2023-10-31': 4.24, '2023-11-30': 2.54, '2023-12-31': -1.68, '2024-01-31': 7.44, '2024-02-29': -0.34, '2024-03-31': -4.44, '2024-04-30': -3.18, '2024-05-31': -2.16, '2024-06-30': -1.7, '2024-07-31': 15.22, '2024-08-31': 5.44, '2024-09-30': 2.16, '2024-10-31': 0.82, '2024-11-30': 0.77, '2024-12-31': -7.53, '2025-01-31': -3.37, '2025-02-28': -0.11, '2025-03-31': 1.94, '2025-04-30': -4.26, '2025-05-31': 4.95, '2025-06-30': 12.34, '2025-07-31': 6.16, '2025-08-31': 5.43, '2025-09-30': 3.03, '2025-10-31': 6.6, '2025-11-30': -2.94, '2025-12-31': 1.59}",14.407
S30a_DOW_Seasonality,DOGE_USDT_USDT,1H,85.76,16.82,0.6957,1.7999,0.6422,-26.19,439,1.142,44.62,11.9938,715,0.173,216.1473,152.4632,1.4177,8,9,12.43,-9.07,59.57,"{'2022-02-28': 7.52, '2022-03-31': 7.75, '2022-04-30': -4.86, '2022-05-31': -1.11, '2022-06-30': 4.11, '2022-07-31': 0.29, '2022-08-31': 5.1, '2022-09-30': -0.37, '2022-10-31': 6.5, '2022-11-30': 4.37, '2022-12-31': -0.34, '2023-01-31': 8.23, '2023-02-28': 8.19, '2023-03-31': -2.36, '2023-04-30': -0.15, '2023-05-31': 0.87, '2023-06-30': -9.07, '2023-07-31': 2.63, '2023-08-31': 1.33, '2023-09-30': -0.89, '2023-10-31': 3.15, '2023-11-30': 3.27, '2023-12-31': -5.66, '2024-01-31': 0.97, '2024-02-29': -8.92, '2024-03-31': 0.78, '2024-04-30': 1.08, '2024-05-31': -2.28, '2024-06-30': -6.67, '2024-07-31': 12.43, '2024-08-31': -3.38, '2024-09-30': -5.36, '2024-10-31': 3.42, '2024-11-30': -3.03, '2024-12-31': 7.15, '2025-01-31': 3.31, '2025-02-28': -5.41, '2025-03-31': 5.21, '2025-04-30': -3.93, '2025-05-31': 3.54, '2025-06-30': 8.12, '2025-07-31': 11.59, '2025-08-31': 4.55, '2025-09-30': -2.08, '2025-10-31': -2.19, '2025-11-30': 2.23, '2025-12-31': 4.89}",14.907
S30a_DOW_Seasonality,ADA_USDT_USDT,1H,25.99,5.97,0.2653,0.7726,0.239,-24.98,284,1.0515,42.58,3.5702,728,0.0599,171.1094,120.6814,1.4179,7,10,24.79,-10.65,53.19,"{'2022-02-28': 9.5, '2022-03-31': 3.98, '2022-04-30': 3.9, '2022-05-31': 0.64, '2022-06-30': -2.57, '2022-07-31': -7.88, '2022-08-31': -4.69, '2022-09-30': -1.76, '2022-10-31': 13.65, '2022-11-30': -1.98, '2022-12-31': -0.82, '2023-01-31': 6.36, '2023-02-28': 3.15, '2023-03-31': 2.33, '2023-04-30': 1.11, '2023-05-31': 1.28, '2023-06-30': -1.36, '2023-07-31': -3.55, '2023-08-31': -3.19, '2023-09-30': -5.35, '2023-10-31': 0.55, '2023-11-30': -1.9, '2023-12-31': 5.11, '2024-01-31': 3.89, '2024-02-29': -5.99, '2024-03-31': -6.21, '2024-04-30': -0.24, '2024-05-31': 0.03, '2024-06-30': 3.08, '2024-07-31': 10.63, '2024-08-31': -6.52, '2024-09-30': -10.65, '2024-10-31': 4.46, '2024-11-30': 24.79, '2024-12-31': 2.21, '2025-01-31': -4.25, '2025-02-28': -3.67, '2025-03-31': 6.43, '2025-04-30': -8.28, '2025-05-31': 1.2, '2025-06-30': 6.37, '2025-07-31': -0.19, '2025-08-31': 2.48, '2025-09-30': -1.16, '2025-10-31': 2.48, '2025-11-30': 0.26, '2025-12-31': -1.53}",15.178
S30a_DOW_Seasonality,AVAX_USDT_USDT,1H,75.63,15.18,0.3546,0.8733,0.9279,-16.36,206,1.1242,43.98,10.4612,723,0.0918,215.2694,150.3511,1.4318,6,10,11.29,-7.74,55.32,"{'2022-02-28': 1.12, '2022-03-31': -1.64, '2022-04-30': 6.18, '2022-05-31': 2.54, '2022-06-30': 5.54, '2022-07-31': -7.04, '2022-08-31': 3.53, '2022-09-30': 0.13, '2022-10-31': 8.26, '2022-11-30': -2.66, '2022-12-31': 3.2, '2023-01-31': 8.45, '2023-02-28': 4.13, '2023-03-31': -2.12, '2023-04-30': -1.49, '2023-05-31': 4.26, '2023-06-30': -7.06, '2023-07-31': -2.96, '2023-08-31': 7.64, '2023-09-30': -4.87, '2023-10-31': -0.41, '2023-11-30': -6.58, '2023-12-31': 6.02, '2024-01-31': 0.38, '2024-02-29': 7.6, '2024-03-31': -6.97, '2024-04-30': 2.54, '2024-05-31': 5.3, '2024-06-30': -4.29, '2024-07-31': 11.29, '2024-08-31': -1.85, '2024-09-30': -3.76, '2024-10-31': 11.21, '2024-11-30': -0.72, '2024-12-31': 5.47, '2025-01-31': 3.35, '2025-02-28': -2.88, '2025-03-31': 4.69, '2025-04-30': -7.74, '2025-05-31': 6.77, '2025-06-30': 9.38, '2025-07-31': -7.39, '2025-08-31': 1.78, '2025-09-30': -0.92, '2025-10-31': -0.64, '2025-11-30': 4.87, '2025-12-31': -2.49}",15.074
S30a_DOW_Seasonality,LINK_USDT_USDT,1H,55.0,11.63,0.4205,1.2995,0.5919,-19.65,226,1.0893,43.44,7.7571,709,0.1001,217.8465,153.6083,1.4182,7,10,14.53,-10.82,53.19,"{'2022-02-28': 14.53, '2022-03-31': -0.2, '2022-04-30': 8.79, '2022-05-31': 0.11, '2022-06-30': -5.07, '2022-07-31': -6.21, '2022-08-31': 5.02, '2022-09-30': -3.87, '2022-10-31': 5.23, '2022-11-30': -5.17, '2022-12-31': -2.48, '2023-01-31': 9.73, '2023-02-28': 2.99, '2023-03-31': 2.21, '2023-04-30': 4.84, '2023-05-31': 9.58, '2023-06-30': 1.11, '2023-07-31': -10.82, '2023-08-31': 8.42, '2023-09-30': 0.14, '2023-10-31': -4.52, '2023-11-30': 2.01, '2023-12-31': -0.25, '2024-01-31': 2.83, '2024-02-29': -0.81, '2024-03-31': -5.85, '2024-04-30': -2.39, '2024-05-31': 1.69, '2024-06-30': -2.11, '2024-07-31': 11.08, '2024-08-31': 0.49, '2024-09-30': 1.39, '2024-10-31': 4.34, '2024-11-30': -2.21, '2024-12-31': 6.71, '2025-01-31': -2.29, '2025-02-28': -5.93, '2025-03-31': -3.2, '2025-04-30': -3.27, '2025-05-31': 0.74, '2025-06-30': 8.83, '2025-07-31': 1.3, '2025-08-31': 7.54, '2025-09-30': -1.38, '2025-10-31': -2.64, '2025-11-30': -1.36, '2025-12-31': -4.41}",14.782
S30a_DOW_Seasonality,BNB_USDT_USDT,1H,-48.48,-15.34,-0.8484,-2.2257,-0.2532,-60.59,683,0.8769,39.04,-6.641,730,-0.1264,121.1516,88.4857,1.3692,6,10,10.38,-8.61,34.04,"{'2022-02-28': 10.38, '2022-03-31': 9.77, '2022-04-30': -4.58, '2022-05-31': 2.99, '2022-06-30': -8.61, '2022-07-31': -2.02, '2022-08-31': 3.64, '2022-09-30': 0.56, '2022-10-31': 7.92, '2022-11-30': -3.52, '2022-12-31': -6.71, '2023-01-31': -3.14, '2023-02-28': 8.12, '2023-03-31': -1.24, '2023-04-30': -4.52, '2023-05-31': 2.35, '2023-06-30': -2.62, '2023-07-31': -6.85, '2023-08-31': 3.77, '2023-09-30': -7.27, '2023-10-31': -4.48, '2023-11-30': 2.3, '2023-12-31': -5.73, '2024-01-31': -3.86, '2024-02-29': -4.56, '2024-03-31': -1.34, '2024-04-30': -8.25, '2024-05-31': 5.86, '2024-06-30': -2.78, '2024-07-31': 9.88, '2024-08-31': -6.67, '2024-09-30': -5.87, '2024-10-31': -0.27, '2024-11-30': -5.94, '2024-12-31': -2.41, '2025-01-31': -5.12, '2025-02-28': 1.42, '2025-03-31': -4.09, '2025-04-30': -4.41, '2025-05-31': -2.66, '2025-06-30': -3.74, '2025-07-31': -7.7, '2025-08-31': -0.6, '2025-09-30': 0.39, '2025-10-31': -0.73, '2025-11-30': 0.17, '2025-12-31': 4.78}",15.22
S30a_DOW_Seasonality,LTC_USDT_USDT,1H,36.19,8.06,0.1413,0.3866,0.3182,-25.33,376,1.0648,43.47,5.0262,720,0.0288,189.8987,137.1485,1.3846,5,10,11.23,-9.65,55.32,"{'2022-02-28': 9.51, '2022-03-31': 5.32, '2022-04-30': 7.4, '2022-05-31': 1.99, '2022-06-30': 2.54, '2022-07-31': -5.45, '2022-08-31': 1.12, '2022-09-30': 3.23, '2022-10-31': 4.67, '2022-11-30': -2.63, '2022-12-31': -6.28, '2023-01-31': 8.48, '2023-02-28': -3.69, '2023-03-31': 2.68, '2023-04-30': -3.04, '2023-05-31': -1.76, '2023-06-30': 4.93, '2023-07-31': -3.82, '2023-08-31': 4.71, '2023-09-30': 0.4, '2023-10-31': 6.84, '2023-11-30': 0.67, '2023-12-31': -0.97, '2024-01-31': -0.77, '2024-02-29': -9.65, '2024-03-31': -1.73, '2024-04-30': -0.9, '2024-05-31': -3.02, '2024-06-30': -5.88, '2024-07-31': 11.23, '2024-08-31': -2.06, '2024-09-30': -3.73, '2024-10-31': 4.78, '2024-11-30': 0.09, '2024-12-31': 0.6, '2025-01-31': -2.96, '2025-02-28': -2.06, '2025-03-31': 2.85, '2025-04-30': -0.37, '2025-05-31': 1.71, '2025-06-30': 4.02, '2025-07-31': 4.41, '2025-08-31': 2.17, '2025-09-30': -2.06, '2025-10-31': 0.88, '2025-11-30': 1.66, '2025-12-31': -0.57}",15.012
S30a_DOW_Seasonality,DOT_USDT_USDT,1H,66.46,13.64,0.5705,1.556,0.6913,-19.73,453,1.1207,44.1,9.0177,737,0.1258,189.9278,133.6905,1.4207,8,9,15.66,-8.13,59.57,"{'2022-02-28': 12.7, '2022-03-31': 9.92, '2022-04-30': 0.7, '2022-05-31': 5.07, '2022-06-30': -4.69, '2022-07-31': -5.78, '2022-08-31': 0.22, '2022-09-30': -1.17, '2022-10-31': 4.11, '2022-11-30': -6.58, '2022-12-31': 0.51, '2023-01-31': -1.22, '2023-02-28': 7.26, '2023-03-31': -5.72, '2023-04-30': 2.76, '2023-05-31': 1.4, '2023-06-30': -0.9, '2023-07-31': -2.72, '2023-08-31': 7.86, '2023-09-30': 2.32, '2023-10-31': -0.92, '2023-11-30': 0.76, '2023-12-31': 0.38, '2024-01-31': 2.36, '2024-02-29': -5.35, '2024-03-31': -8.13, '2024-04-30': 1.33, '2024-05-31': -0.74, '2024-06-30': -3.42, '2024-07-31': 15.66, '2024-08-31': -2.36, '2024-09-30': -3.79, '2024-10-31': 5.73, '2024-11-30': 10.28, '2024-12-31': 8.85, '2025-01-31': 0.66, '2025-02-28': -2.39, '2025-03-31': 3.2, '2025-04-30': -7.34, '2025-05-31': 3.15, '2025-06-30': 8.06, '2025-07-31': 2.34, '2025-08-31': 5.56, '2025-09-30': -3.02, '2025-10-31': 5.23, '2025-11-30': 1.36, '2025-12-31': -1.0}",15.366
S30a_DOW_Seasonality,BCH_USDT_USDT,1H,-8.07,-2.09,-0.4458,-1.1376,-0.0675,-30.97,672,0.9805,41.3,-1.1413,707,-0.0958,138.985,99.7362,1.3935,6,9,12.86,-8.18,51.06,"{'2022-02-28': 12.86, '2022-03-31': -0.19, '2022-04-30': -5.55, '2022-05-31': -0.03, '2022-06-30': -6.76, '2022-07-31': -4.31, '2022-08-31': 3.0, '2022-09-30': -4.22, '2022-10-31': 2.47, '2022-11-30': -5.91, '2022-12-31': 2.95, '2023-01-31': 3.74, '2023-02-28': 1.91, '2023-03-31': 4.79, '2023-04-30': 0.33, '2023-05-31': 0.83, '2023-06-30': 5.95, '2023-07-31': -3.21, '2023-08-31': -3.25, '2023-09-30': -2.6, '2023-10-31': -1.79, '2023-11-30': -3.99, '2023-12-31': -6.11, '2024-01-31': 6.13, '2024-02-29': -6.32, '2024-03-31': 0.09, '2024-04-30': 0.01, '2024-05-31': 3.2, '2024-06-30': 0.35, '2024-07-31': 9.82, '2024-08-31': -8.18, '2024-09-30': -4.61, '2024-10-31': -2.78, '2024-11-30': 1.43, '2024-12-31': 0.43, '2025-01-31': 0.61, '2025-02-28': -3.2, '2025-03-31': 6.31, '2025-04-30': 0.12, '2025-05-31': -2.67, '2025-06-30': -1.66, '2025-07-31': 4.56, '2025-08-31': 4.0, '2025-09-30': -2.28, '2025-10-31': -0.37, '2025-11-30': -0.93, '2025-12-31': 4.8}",14.74
S30a_DOW_Seasonality,ATOM_USDT_USDT,1H,0.38,0.1,-0.1362,-0.3876,0.0021,-47.87,623,1.0009,41.47,0.0542,709,-0.0319,138.2414,97.8422,1.4129,7,10,14.93,-9.53,48.94,"{'2022-02-28': 4.33, '2022-03-31': 1.43, '2022-04-30': -3.4, '2022-05-31': 11.95, '2022-06-30': 0.03, '2022-07-31': -5.55, '2022-08-31': -2.17, '2022-09-30': -8.49, '2022-10-31': 0.17, '2022-11-30': -0.09, '2022-12-31': -3.91, '2023-01-31': 1.61, '2023-02-28': -3.41, '2023-03-31': -2.34, '2023-04-30': 3.11, '2023-05-31': -6.3, '2023-06-30': -2.94, '2023-07-31': -6.2, '2023-08-31': 2.38, '2023-09-30': 2.21, '2023-10-31': 2.0, '2023-11-30': -9.38, '2023-12-31': -0.36, '2024-01-31': -7.33, '2024-02-29': -9.53, '2024-03-31': -1.11, '2024-04-30': -0.42, '2024-05-31': 2.45, '2024-06-30': 1.7, '2024-07-31': 14.93, '2024-08-31': 12.87, '2024-09-30': 2.55, '2024-10-31': 10.66, '2024-11-30': 2.34, '2024-12-31': 0.05, '2025-01-31': -2.67, '2025-02-28': -2.34, '2025-03-31': 6.08, '2025-04-30': -5.41, '2025-05-31': 5.7, '2025-06-30': 6.04, '2025-07-31': -2.03, '2025-08-31': 4.83, '2025-09-30': -4.51, '2025-10-31': -4.04, '2025-11-30': -0.76, '2025-12-31': 3.34}",14.782
S30a_DOW_Seasonality,NEAR_USDT_USDT,1H,59.55,12.43,0.4177,1.6077,0.3686,-33.72,364,1.1084,43.08,8.3284,715,0.1165,197.6883,134.971,1.4647,6,9,11.99,-8.31,61.7,"{'2022-02-28': 3.83, '2022-03-31': -3.11, '2022-04-30': 9.52, '2022-05-31': 7.2, '2022-06-30': 2.71, '2022-07-31': -7.62, '2022-08-31': 1.39, '2022-09-30': -4.33, '2022-10-31': 7.0, '2022-11-30': 3.11, '2022-12-31': -1.66, '2023-01-31': 11.02, '2023-02-28': 1.55, '2023-03-31': 4.46, '2023-04-30': -4.49, '2023-05-31': 7.28, '2023-06-30': 0.06, '2023-07-31': 1.16, '2023-08-31': 6.27, '2023-09-30': 0.71, '2023-10-31': 4.62, '2023-11-30': -7.6, '2023-12-31': -3.09, '2024-01-31': -0.52, '2024-02-29': -7.75, '2024-03-31': -5.46, '2024-04-30': -7.0, '2024-05-31': -1.21, '2024-06-30': -6.62, '2024-07-31': 9.23, '2024-08-31': 11.99, '2024-09-30': -8.31, '2024-10-31': 2.27, '2024-11-30': -1.58, '2024-12-31': 0.13, '2025-01-31': 5.58, '2025-02-28': -3.2, '2025-03-31': -1.19, '2025-04-30': 4.7, '2025-05-31': 4.15, '2025-06-30': 6.22, '2025-07-31': 0.41, '2025-08-31': 9.67, '2025-09-30': 1.32, '2025-10-31': 1.18, '2025-11-30': 3.75, '2025-12-31': -1.8}",14.907
S30a_DOW_Seasonality,UNI_USDT_USDT,1H,19.08,4.48,0.4868,1.5827,0.2034,-22.03,466,1.0375,41.95,2.695,708,0.123,177.9561,123.9536,1.4357,7,8,11.14,-7.04,44.68,"{'2022-02-28': 5.8, '2022-03-31': 4.61, '2022-04-30': 0.13, '2022-05-31': 0.18, '2022-06-30': 2.69, '2022-07-31': -5.61, '2022-08-31': -0.59, '2022-09-30': 0.22, '2022-10-31': 3.45, '2022-11-30': 3.13, '2022-12-31': -5.05, '2023-01-31': 7.66, '2023-02-28': -3.02, '2023-03-31': 6.33, '2023-04-30': 0.12, '2023-05-31': -1.58, '2023-06-30': -5.98, '2023-07-31': -4.4, '2023-08-31': 9.14, '2023-09-30': -5.52, '2023-10-31': -5.73, '2023-11-30': -1.56, '2023-12-31': -3.49, '2024-01-31': 9.44, '2024-02-29': 2.82, '2024-03-31': -2.1, '2024-04-30': 3.17, '2024-05-31': -1.07, '2024-06-30': -3.74, '2024-07-31': 11.14, '2024-08-31': -2.14, '2024-09-30': -0.97, '2024-10-31': -7.04, '2024-11-30': 0.54, '2024-12-31': 10.72, '2025-01-31': -4.97, '2025-02-28': -1.21, '2025-03-31': -4.84, '2025-04-30': -6.31, '2025-05-31': 6.44, '2025-06-30': -0.09, '2025-07-31': -0.49, '2025-08-31': 8.51, '2025-09-30': -1.8, '2025-10-31': -1.06, '2025-11-30': 5.87, '2025-12-31': -2.78}",14.761
S30a_DOW_Seasonality,OP_USDT_USDT,1H,16.16,4.28,-0.248,-0.6078,0.2226,-19.23,300,1.0403,41.26,2.478,652,-0.0769,154.8902,104.5687,1.4812,8,10,12.28,-9.4,40.48,"{'2022-07-31': -4.32, '2022-08-31': -0.26, '2022-09-30': -2.0, '2022-10-31': 3.49, '2022-11-30': -9.4, '2022-12-31': -1.79, '2023-01-31': 8.27, '2023-02-28': 3.0, '2023-03-31': -5.54, '2023-04-30': 2.56, '2023-05-31': 1.24, '2023-06-30': -5.8, '2023-07-31': -2.71, '2023-08-31': 5.2, '2023-09-30': 4.83, '2023-10-31': 3.04, '2023-11-30': -1.18, '2023-12-31': 5.45, '2024-01-31': 3.84, '2024-02-29': -2.27, '2024-03-31': -8.06, '2024-04-30': 4.77, '2024-05-31': -1.25, '2024-06-30': -1.56, '2024-07-31': 6.82, '2024-08-31': -0.92, '2024-09-30': -3.59, '2024-10-31': 9.7, '2024-11-30': -3.57, '2024-12-31': 5.52, '2025-01-31': -0.81, '2025-02-28': -3.68, '2025-03-31': -0.13, '2025-04-30': -0.31, '2025-05-31': 12.28, '2025-06-30': -1.26, '2025-07-31': -3.64, '2025-08-31': 9.14, '2025-09-30': -0.9, '2025-10-31': 9.98, '2025-11-30': -4.2, '2025-12-31': -5.42}",15.162
S30a_DOW_Seasonality,APT_USDT_USDT,1H,15.66,4.67,-0.1079,-0.3029,0.1974,-23.66,444,1.0457,41.79,2.8582,548,-0.0285,156.6206,107.523,1.4566,5,8,11.8,-7.96,55.26,"{'2022-11-30': -5.02, '2022-12-31': 2.76, '2023-01-31': 8.39, '2023-02-28': 6.6, '2023-03-31': -6.59, '2023-04-30': 1.91, '2023-05-31': 3.61, '2023-06-30': -2.4, '2023-07-31': -4.64, '2023-08-31': 9.63, '2023-09-30': -7.96, '2023-10-31': -5.31, '2023-11-30': 0.4, '2023-12-31': 1.41, '2024-01-31': -2.64, '2024-02-29': -6.99, '2024-03-31': 0.13, '2024-04-30': 5.36, '2024-05-31': -5.54, '2024-06-30': -2.48, '2024-07-31': 11.8, '2024-08-31': 7.19, '2024-09-30': -4.69, '2024-10-31': 0.43, '2024-11-30': -2.05, '2024-12-31': 0.06, '2025-01-31': -2.38, '2025-02-28': -4.13, '2025-03-31': 0.27, '2025-04-30': -1.25, '2025-05-31': 3.31, '2025-06-30': 5.7, '2025-07-31': -0.28, '2025-08-31': 1.67, '2025-09-30': 0.1, '2025-10-31': 9.09, '2025-11-30': -2.65, '2025-12-31': 6.9}",14.27
S30a_DOW_Seasonality,FIL_USDT_USDT,1H,49.52,10.62,0.3652,1.0545,0.5744,-18.49,292,1.1005,43.19,6.8772,720,0.0934,174.3922,120.4998,1.4472,7,11,11.77,-7.73,55.32,"{'2022-02-28': 3.6, '2022-03-31': -1.93, '2022-04-30': -2.35, '2022-05-31': 2.81, '2022-06-30': -0.65, '2022-07-31': -7.73, '2022-08-31': 0.53, '2022-09-30': -0.37, '2022-10-31': 9.5, '2022-11-30': -6.78, '2022-12-31': -6.17, '2023-01-31': 0.3, '2023-02-28': 8.41, '2023-03-31': -2.01, '2023-04-30': 2.11, '2023-05-31': 6.45, '2023-06-30': -2.25, '2023-07-31': -6.01, '2023-08-31': 11.77, '2023-09-30': 2.67, '2023-10-31': 4.82, '2023-11-30': 3.52, '2023-12-31': -7.45, '2024-01-31': 0.92, '2024-02-29': -2.1, '2024-03-31': -4.56, '2024-04-30': 11.53, '2024-05-31': -5.11, '2024-06-30': -6.96, '2024-07-31': 6.04, '2024-08-31': -5.63, '2024-09-30': 0.36, '2024-10-31': -0.75, '2024-11-30': 10.22, '2024-12-31': 0.59, '2025-01-31': -5.98, '2025-02-28': -0.25, '2025-03-31': 2.81, '2025-04-30': 2.37, '2025-05-31': 3.2, '2025-06-30': 8.71, '2025-07-31': -1.86, '2025-08-31': 4.38, '2025-09-30': -1.27, '2025-10-31': 4.17, '2025-11-30': 5.04, '2025-12-31': 3.88}",15.012
S30a_DOW_Seasonality,INJ_USDT_USDT,1H,10.15,2.92,-0.0619,-0.2224,0.0958,-30.47,357,1.0271,41.01,1.6591,612,-0.0175,153.1028,103.6383,1.4773,6,12,9.75,-10.53,52.5,"{'2022-09-30': -2.88, '2022-10-31': 9.75, '2022-11-30': -4.96, '2022-12-31': -4.44, '2023-01-31': 3.88, '2023-02-28': 1.23, '2023-03-31': -0.38, '2023-04-30': 3.87, '2023-05-31': 1.53, '2023-06-30': -10.53, '2023-07-31': -8.79, '2023-08-31': -2.62, '2023-09-30': -0.55, '2023-10-31': 0.23, '2023-11-30': 0.03, '2023-12-31': -1.96, '2024-01-31': 0.05, '2024-02-29': -3.2, '2024-03-31': -2.51, '2024-04-30': 6.48, '2024-05-31': -0.81, '2024-06-30': -3.64, '2024-07-31': 5.35, '2024-08-31': 4.74, '2024-09-30': -1.22, '2024-10-31': 5.16, '2024-11-30': 2.14, '2024-12-31': 0.08, '2025-01-31': 1.94, '2025-02-28': -2.08, '2025-03-31': 3.72, '2025-04-30': 3.11, '2025-05-31': 5.39, '2025-06-30': -0.6, '2025-07-31': -5.18, '2025-08-31': -0.62, '2025-09-30': 0.31, '2025-10-31': 3.69, '2025-11-30': 5.47, '2025-12-31': -1.85}",15.121
S30a_DOW_Seasonality,TRX_USDT_USDT,1H,-43.04,-13.17,-0.9692,-1.8583,-0.2518,-52.3,706,0.8511,41.67,-5.7846,744,-0.1231,79.3748,66.6127,1.1916,7,9,5.47,-8.66,40.43,"{'2022-02-28': 5.47, '2022-03-31': -0.95, '2022-04-30': -5.1, '2022-05-31': 1.24, '2022-06-30': -8.66, '2022-07-31': -6.2, '2022-08-31': -0.31, '2022-09-30': -8.33, '2022-10-31': -6.79, '2022-11-30': -2.62, '2022-12-31': -5.04, '2023-01-31': 4.22, '2023-02-28': -2.16, '2023-03-31': -5.11, '2023-04-30': -5.4, '2023-05-31': 0.35, '2023-06-30': -1.74, '2023-07-31': 1.64, '2023-08-31': -8.37, '2023-09-30': -2.91, '2023-10-31': -3.48, '2023-11-30': 2.68, '2023-12-31': -1.78, '2024-01-31': 2.8, '2024-02-29': -0.47, '2024-03-31': 4.2, '2024-04-30': -1.55, '2024-05-31': -2.54, '2024-06-30': -0.9, '2024-07-31': 2.57, '2024-08-31': 4.08, '2024-09-30': 0.11, '2024-10-31': -3.88, '2024-11-30': -3.76, '2024-12-31': 3.51, '2025-01-31': 1.02, '2025-02-28': 1.29, '2025-03-31': 2.57, '2025-04-30': -3.06, '2025-05-31': -0.47, '2025-06-30': -1.46, '2025-07-31': 1.57, '2025-08-31': 1.33, '2025-09-30': -2.63, '2025-10-31': 2.96, '2025-11-30': 1.03, '2025-12-31': -2.18}",15.512
S30a_DOW_Seasonality,ETC_USDT_USDT,1H,-3.6,-0.92,-0.3355,-0.8894,-0.0267,-34.51,706,0.9909,41.42,-0.4907,734,-0.0733,129.4083,92.3262,1.4016,5,10,12.04,-11.0,51.06,"{'2022-02-28': 6.41, '2022-03-31': -3.37, '2022-04-30': -5.33, '2022-05-31': 0.71, '2022-06-30': -1.84, '2022-07-31': -8.13, '2022-08-31': 4.88, '2022-09-30': -11.0, '2022-10-31': 8.73, '2022-11-30': -1.75, '2022-12-31': -5.16, '2023-01-31': 0.3, '2023-02-28': 6.02, '2023-03-31': -4.35, '2023-04-30': -0.93, '2023-05-31': 2.18, '2023-06-30': 6.21, '2023-07-31': -6.91, '2023-08-31': -1.49, '2023-09-30': 1.56, '2023-10-31': -1.79, '2023-11-30': -1.84, '2023-12-31': -0.41, '2024-01-31': 1.54, '2024-02-29': -4.16, '2024-03-31': -5.81, '2024-04-30': -5.8, '2024-05-31': 3.21, '2024-06-30': -4.35, '2024-07-31': 12.04, '2024-08-31': 7.37, '2024-09-30': -4.75, '2024-10-31': -1.12, '2024-11-30': 0.37, '2024-12-31': 1.54, '2025-01-31': -3.33, '2025-02-28': -3.86, '2025-03-31': 0.52, '2025-04-30': 2.54, '2025-05-31': 2.54, '2025-06-30': 4.93, '2025-07-31': 0.57, '2025-08-31': 8.86, '2025-09-30': -3.37, '2025-10-31': 2.04, '2025-11-30': 6.57, '2025-12-31': 0.21}",15.303
S30a_DOW_Seasonality,XLM_USDT_USDT,1H,0.53,0.13,-0.0566,-0.1409,0.0032,-40.71,691,1.0013,41.97,0.0738,722,-0.0115,133.7751,96.6123,1.3847,6,11,10.72,-11.48,53.19,"{'2022-02-28': 10.72, '2022-03-31': 1.98, '2022-04-30': -5.7, '2022-05-31': -3.22, '2022-06-30': -1.83, '2022-07-31': -4.92, '2022-08-31': 0.09, '2022-09-30': 1.62, '2022-10-31': 3.53, '2022-11-30': -10.64, '2022-12-31': -4.79, '2023-01-31': 8.05, '2023-02-28': 0.53, '2023-03-31': -2.86, '2023-04-30': 0.93, '2023-05-31': -11.48, '2023-06-30': -5.66, '2023-07-31': -3.44, '2023-08-31': 9.76, '2023-09-30': -10.43, '2023-10-31': 0.08, '2023-11-30': 5.08, '2023-12-31': -3.03, '2024-01-31': 4.31, '2024-02-29': -3.07, '2024-03-31': -2.16, '2024-04-30': 2.66, '2024-05-31': -2.4, '2024-06-30': -0.57, '2024-07-31': 4.11, '2024-08-31': 2.92, '2024-09-30': -4.12, '2024-10-31': -4.14, '2024-11-30': 6.42, '2024-12-31': 1.67, '2025-01-31': -4.16, '2025-02-28': -0.62, '2025-03-31': -2.32, '2025-04-30': -0.88, '2025-05-31': 2.41, '2025-06-30': 10.48, '2025-07-31': 6.45, '2025-08-31': 4.53, '2025-09-30': 2.84, '2025-10-31': 0.05, '2025-11-30': 2.26, '2025-12-31': 0.99}",15.053
S30a_DOW_Seasonality,RUNE_USDT_USDT,1H,56.55,11.91,0.5002,1.387,0.7509,-15.86,149,1.0895,43.09,7.662,738,0.1349,216.5141,150.4688,1.4389,6,11,11.12,-9.46,57.45,"{'2022-02-28': 11.12, '2022-03-31': 5.14, '2022-04-30': -2.91, '2022-05-31': -1.23, '2022-06-30': 7.18, '2022-07-31': -9.46, '2022-08-31': 4.64, '2022-09-30': -6.99, '2022-10-31': 4.77, '2022-11-30': -2.91, '2022-12-31': -0.58, '2023-01-31': 10.41, '2023-02-28': 0.77, '2023-03-31': -1.49, '2023-04-30': 0.96, '2023-05-31': 2.39, '2023-06-30': 1.33, '2023-07-31': -7.01, '2023-08-31': -1.35, '2023-09-30': 7.63, '2023-10-31': 7.55, '2023-11-30': 2.78, '2023-12-31': -9.16, '2024-01-31': 2.51, '2024-02-29': 6.29, '2024-03-31': 9.58, '2024-04-30': 3.19, '2024-05-31': 7.28, '2024-06-30': -3.69, '2024-07-31': 10.87, '2024-08-31': 1.39, '2024-09-30': -2.26, '2024-10-31': 1.35, '2024-11-30': -3.25, '2024-12-31': -1.06, '2025-01-31': 1.56, '2025-02-28': 3.84, '2025-03-31': -1.16, '2025-04-30': -3.45, '2025-05-31': 0.85, '2025-06-30': 5.04, '2025-07-31': -1.35, '2025-08-31': 5.46, '2025-09-30': -5.14, '2025-10-31': -4.04, '2025-11-30': 3.05, '2025-12-31': -8.61}",15.387
S30a_DOW_Seasonality,AAVE_USDT_USDT,1H,17.21,4.06,0.2114,0.641,0.1594,-25.47,570,1.0338,41.68,2.407,715,0.055,176.4872,121.9957,1.4467,6,13,14.87,-6.65,48.94,"{'2022-02-28': 9.28, '2022-03-31': 8.81, '2022-04-30': 1.19, '2022-05-31': 0.91, '2022-06-30': 1.71, '2022-07-31': -3.49, '2022-08-31': -3.24, '2022-09-30': -6.51, '2022-10-31': 4.22, '2022-11-30': -3.75, '2022-12-31': 0.07, '2023-01-31': 5.65, '2023-02-28': -0.22, '2023-03-31': 3.85, '2023-04-30': -4.03, '2023-05-31': 0.3, '2023-06-30': -0.79, '2023-07-31': -4.97, '2023-08-31': 1.94, '2023-09-30': -0.82, '2023-10-31': 5.17, '2023-11-30': 1.41, '2023-12-31': -1.88, '2024-01-31': -3.43, '2024-02-29': -5.79, '2024-03-31': -6.65, '2024-04-30': 8.12, '2024-05-31': -0.43, '2024-06-30': 3.22, '2024-07-31': 7.38, '2024-08-31': -4.68, '2024-09-30': -1.8, '2024-10-31': 1.47, '2024-11-30': 2.65, '2024-12-31': 4.94, '2025-01-31': 0.42, '2025-02-28': -5.23, '2025-03-31': -3.77, '2025-04-30': 3.68, '2025-05-31': -4.19, '2025-06-30': 6.8, '2025-07-31': -5.36, '2025-08-31': 14.87, '2025-09-30': -0.05, '2025-10-31': -3.18, '2025-11-30': -0.31, '2025-12-31': -3.46}",14.907
S30a_DOW_Seasonality,LDO_USDT_USDT,1H,37.55,9.72,0.0993,0.3086,0.5021,-19.36,275,1.0895,42.26,6.057,620,0.0301,174.4208,117.1589,1.4888,8,9,11.21,-10.03,51.22,"{'2022-08-31': 5.11, '2022-09-30': -4.41, '2022-10-31': 3.57, '2022-11-30': -2.0, '2022-12-31': -1.76, '2023-01-31': 4.53, '2023-02-28': -1.84, '2023-03-31': -4.47, '2023-04-30': -4.22, '2023-05-31': 5.26, '2023-06-30': 4.9, '2023-07-31': -1.38, '2023-08-31': 1.7, '2023-09-30': 6.72, '2023-10-31': 8.73, '2023-11-30': -4.2, '2023-12-31': 0.34, '2024-01-31': -2.05, '2024-02-29': -4.23, '2024-03-31': -1.56, '2024-04-30': -0.59, '2024-05-31': 4.22, '2024-06-30': -10.03, '2024-07-31': 5.96, '2024-08-31': 0.37, '2024-09-30': 2.93, '2024-10-31': -1.23, '2024-11-30': -2.53, '2024-12-31': 5.61, '2025-01-31': 11.21, '2025-02-28': -3.97, '2025-03-31': 0.49, '2025-04-30': -4.66, '2025-05-31': 6.58, '2025-06-30': 3.72, '2025-07-31': -3.09, '2025-08-31': 9.9, '2025-09-30': -2.58, '2025-10-31': 3.99, '2025-11-30': -0.14, '2025-12-31': 1.9}",14.99
S30a_DOW_Seasonality,SAND_USDT_USDT,1H,90.45,17.55,0.5737,1.4342,0.8692,-20.19,161,1.1683,44.63,12.7754,708,0.1442,198.7254,137.1231,1.4492,9,10,12.44,-7.74,57.45,"{'2022-02-28': 8.81, '2022-03-31': 6.93, '2022-04-30': -2.8, '2022-05-31': -2.35, '2022-06-30': -3.06, '2022-07-31': -5.56, '2022-08-31': 3.95, '2022-09-30': -2.6, '2022-10-31': 5.12, '2022-11-30': -7.74, '2022-12-31': 2.78, '2023-01-31': 12.11, '2023-02-28': 7.11, '2023-03-31': 1.16, '2023-04-30': 2.34, '2023-05-31': -0.65, '2023-06-30': -0.49, '2023-07-31': -5.66, '2023-08-31': 6.38, '2023-09-30': 5.2, '2023-10-31': 3.39, '2023-11-30': 3.64, '2023-12-31': -4.41, '2024-01-31': -2.4, '2024-02-29': -5.34, '2024-03-31': -1.63, '2024-04-30': 1.88, '2024-05-31': 1.45, '2024-06-30': -7.61, '2024-07-31': 9.89, '2024-08-31': 5.76, '2024-09-30': -2.66, '2024-10-31': 8.67, '2024-11-30': -0.28, '2024-12-31': 5.59, '2025-01-31': 0.37, '2025-02-28': -2.29, '2025-03-31': -2.19, '2025-04-30': 2.27, '2025-05-31': 6.2, '2025-06-30': 7.6, '2025-07-31': -5.46, '2025-08-31': 12.44, '2025-09-30': -1.24, '2025-10-31': 2.6, '2025-11-30': 7.36, '2025-12-31': 0.48}",14.761
S30a_DOW_Seasonality,MANA_USDT_USDT,1H,153.1,26.25,1.0694,2.9622,1.8577,-14.13,105,1.2192,46.13,21.5323,711,0.2644,259.5678,182.3205,1.4237,7,8,15.25,-7.58,65.96,"{'2022-02-28': 1.73, '2022-03-31': 7.91, '2022-04-30': 5.18, '2022-05-31': 4.13, '2022-06-30': -4.68, '2022-07-31': -6.72, '2022-08-31': 5.58, '2022-09-30': -7.58, '2022-10-31': 10.27, '2022-11-30': 1.85, '2022-12-31': 5.37, '2023-01-31': 14.48, '2023-02-28': 1.5, '2023-03-31': 3.33, '2023-04-30': 1.12, '2023-05-31': 3.43, '2023-06-30': 4.28, '2023-07-31': -4.8, '2023-08-31': 1.14, '2023-09-30': -1.5, '2023-10-31': 1.36, '2023-11-30': 2.43, '2023-12-31': 0.82, '2024-01-31': 1.2, '2024-02-29': -4.45, '2024-03-31': -1.14, '2024-04-30': 4.72, '2024-05-31': -1.21, '2024-06-30': -5.24, '2024-07-31': 15.25, '2024-08-31': 10.91, '2024-09-30': 0.95, '2024-10-31': 14.63, '2024-11-30': -0.34, '2024-12-31': 5.53, '2025-01-31': -3.4, '2025-02-28': -1.4, '2025-03-31': 1.85, '2025-04-30': -1.21, '2025-05-31': 1.3, '2025-06-30': 8.0, '2025-07-31': -4.81, '2025-08-31': 6.05, '2025-09-30': -0.88, '2025-10-31': 2.76, '2025-11-30': -1.32, '2025-12-31': 3.83}",14.824
S30a_DOW_Seasonality,CRV_USDT_USDT,1H,22.28,5.18,-0.0115,-0.0323,0.2403,-21.56,264,1.0405,41.5,3.0316,735,-0.0034,187.6911,127.9478,1.4669,6,11,11.29,-10.49,59.57,"{'2022-02-28': 7.74, '2022-03-31': 4.22, '2022-04-30': 4.05, '2022-05-31': -2.64, '2022-06-30': 6.09, '2022-07-31': -9.8, '2022-08-31': -0.61, '2022-09-30': -6.69, '2022-10-31': 3.2, '2022-11-30': -3.54, '2022-12-31': 2.06, '2023-01-31': 10.92, '2023-02-28': 2.65, '2023-03-31': 4.08, '2023-04-30': -3.94, '2023-05-31': 0.81, '2023-06-30': 1.05, '2023-07-31': -10.49, '2023-08-31': 5.14, '2023-09-30': 3.18, '2023-10-31': 0.3, '2023-11-30': 5.63, '2023-12-31': -3.59, '2024-01-31': 1.99, '2024-02-29': -4.04, '2024-03-31': -2.64, '2024-04-30': 3.54, '2024-05-31': 5.93, '2024-06-30': -0.63, '2024-07-31': 11.29, '2024-08-31': -10.47, '2024-09-30': -3.97, '2024-10-31': 0.82, '2024-11-30': 6.53, '2024-12-31': 2.56, '2025-01-31': 2.23, '2025-02-28': -3.08, '2025-03-31': 2.03, '2025-04-30': -4.02, '2025-05-31': -2.11, '2025-06-30': 2.09, '2025-07-31': 0.62, '2025-08-31': 7.56, '2025-09-30': -7.04, '2025-10-31': 4.56, '2025-11-30': -1.66, '2025-12-31': -7.21}",15.324
S30a_DOW_Seasonality,GALA_USDT_USDT,1H,107.5,20.11,0.7281,1.9386,1.469,-13.69,170,1.1768,44.38,15.2916,703,0.2328,229.3549,155.5211,1.4748,9,10,17.47,-7.85,63.83,"{'2022-02-28': 3.96, '2022-03-31': -0.52, '2022-04-30': -0.65, '2022-05-31': 1.01, '2022-06-30': 2.27, '2022-07-31': -3.59, '2022-08-31': 0.95, '2022-09-30': -6.59, '2022-10-31': -0.1, '2022-11-30': 3.84, '2022-12-31': 0.08, '2023-01-31': 8.41, '2023-02-28': 0.57, '2023-03-31': 2.12, '2023-04-30': 1.34, '2023-05-31': 9.09, '2023-06-30': -4.01, '2023-07-31': -3.51, '2023-08-31': 5.29, '2023-09-30': 7.7, '2023-10-31': 4.36, '2023-11-30': -5.04, '2023-12-31': 0.86, '2024-01-31': 6.94, '2024-02-29': -0.8, '2024-03-31': 4.46, '2024-04-30': 2.18, '2024-05-31': 1.95, '2024-06-30': 0.26, '2024-07-31': 17.47, '2024-08-31': -1.77, '2024-09-30': -7.85, '2024-10-31': 11.99, '2024-11-30': -3.57, '2024-12-31': 6.2, '2025-01-31': -3.07, '2025-02-28': -4.17, '2025-03-31': 0.92, '2025-04-30': 4.16, '2025-05-31': 0.42, '2025-06-30': 6.29, '2025-07-31': -1.1, '2025-08-31': 7.41, '2025-09-30': 0.5, '2025-10-31': 3.43, '2025-11-30': -2.72, '2025-12-31': -1.3}",14.657
S30a_DOW_Seasonality,APE_USDT_USDT,1H,21.79,5.36,-0.2378,-0.5242,0.2437,-21.99,290,1.0514,41.81,3.1854,684,-0.0646,155.744,106.4421,1.4632,8,11,13.32,-9.42,53.33,"{'2022-04-30': -5.89, '2022-05-31': 4.58, '2022-06-30': -1.99, '2022-07-31': -9.42, '2022-08-31': 1.48, '2022-09-30': -7.24, '2022-10-31': 4.86, '2022-11-30': -6.11, '2022-12-31': -0.81, '2023-01-31': 5.12, '2023-02-28': 7.41, '2023-03-31': -3.52, '2023-04-30': -2.1, '2023-05-31': -0.16, '2023-06-30': 3.94, '2023-07-31': 0.28, '2023-08-31': -3.36, '2023-09-30': 1.56, '2023-10-31': 2.44, '2023-11-30': 13.32, '2023-12-31': -5.99, '2024-01-31': 3.1, '2024-02-29': -5.45, '2024-03-31': -3.14, '2024-04-30': 4.16, '2024-05-31': -0.95, '2024-06-30': -1.85, '2024-07-31': 5.66, '2024-08-31': 8.25, '2024-09-30': -2.31, '2024-10-31': 3.02, '2024-11-30': 2.19, '2024-12-31': 4.95, '2025-01-31': -3.31, '2025-02-28': -2.75, '2025-03-31': 3.03, '2025-04-30': 0.74, '2025-05-31': 4.03, '2025-06-30': 5.09, '2025-07-31': 1.22, '2025-08-31': 7.56, '2025-09-30': -2.53, '2025-10-31': -2.7, '2025-11-30': 3.57, '2025-12-31': -4.84}",15.044
S30a_DOW_Seasonality,AXS_USDT_USDT,1H,89.54,17.41,0.4948,1.2716,0.7491,-23.24,176,1.1586,44.49,12.6463,708,0.1223,207.6885,143.6852,1.4454,6,13,16.59,-10.01,57.45,"{'2022-02-28': 7.17, '2022-03-31': 4.63, '2022-04-30': 0.87, '2022-05-31': -4.41, '2022-06-30': -0.42, '2022-07-31': -10.01, '2022-08-31': 5.66, '2022-09-30': -1.97, '2022-10-31': 8.11, '2022-11-30': -3.85, '2022-12-31': -1.99, '2023-01-31': 5.76, '2023-02-28': 3.7, '2023-03-31': 4.44, '2023-04-30': -0.58, '2023-05-31': 6.9, '2023-06-30': 3.53, '2023-07-31': -9.06, '2023-08-31': 5.36, '2023-09-30': -3.57, '2023-10-31': -1.55, '2023-11-30': -0.76, '2023-12-31': -2.33, '2024-01-31': 0.35, '2024-02-29': -8.13, '2024-03-31': -3.16, '2024-04-30': 8.09, '2024-05-31': 0.37, '2024-06-30': 1.75, '2024-07-31': 16.59, '2024-08-31': -3.8, '2024-09-30': 3.2, '2024-10-31': 9.98, '2024-11-30': 5.71, '2024-12-31': 3.85, '2025-01-31': -0.85, '2025-02-28': -1.35, '2025-03-31': 3.52, '2025-04-30': 2.91, '2025-05-31': 2.49, '2025-06-30': -0.47, '2025-07-31': 0.23, '2025-08-31': 4.42, '2025-09-30': 1.17, '2025-10-31': -0.57, '2025-11-30': 5.86, '2025-12-31': -1.36}",14.761
S30a_DOW_Seasonality,GRT_USDT_USDT,1H,127.31,22.87,0.9364,2.5145,1.2777,-17.9,124,1.1967,45.31,18.6676,682,0.2696,250.6385,173.5013,1.4446,6,8,15.48,-5.39,65.96,"{'2022-02-28': 4.74, '2022-03-31': -2.66, '2022-04-30': 3.16, '2022-05-31': 6.37, '2022-06-30': -2.99, '2022-07-31': 4.41, '2022-08-31': 2.64, '2022-09-30': -0.67, '2022-10-31': 3.42, '2022-11-30': -1.55, '2022-12-31': 0.81, '2023-01-31': 6.27, '2023-02-28': 4.03, '2023-03-31': -3.09, '2023-04-30': 10.8, '2023-05-31': -4.09, '2023-06-30': -4.87, '2023-07-31': -4.87, '2023-08-31': 4.66, '2023-09-30': -4.58, '2023-10-31': 3.67, '2023-11-30': 9.83, '2023-12-31': 3.51, '2024-01-31': 1.33, '2024-02-29': -3.45, '2024-03-31': -0.4, '2024-04-30': 5.34, '2024-05-31': 3.57, '2024-06-30': 2.18, '2024-07-31': 15.48, '2024-08-31': 6.03, '2024-09-30': -1.98, '2024-10-31': 5.98, '2024-11-30': 2.01, '2024-12-31': 2.25, '2025-01-31': 2.41, '2025-02-28': -5.39, '2025-03-31': 0.86, '2025-04-30': 2.92, '2025-05-31': 7.43, '2025-06-30': 1.16, '2025-07-31': -4.4, '2025-08-31': 1.77, '2025-09-30': -3.37, '2025-10-31': -0.09, '2025-11-30': 3.47, '2025-12-31': 1.58}",14.219
S30a_DOW_Seasonality,CHZ_USDT_USDT,1H,14.43,3.44,0.0051,0.0135,0.0954,-36.07,667,1.0307,41.84,1.9791,729,0.0012,159.0236,110.9892,1.4328,7,11,15.9,-11.98,48.94,"{'2022-02-28': 10.44, '2022-03-31': 4.68, '2022-04-30': 1.58, '2022-05-31': 5.1, '2022-06-30': -5.23, '2022-07-31': -5.76, '2022-08-31': 0.05, '2022-09-30': 0.53, '2022-10-31': -3.96, '2022-11-30': -1.42, '2022-12-31': -0.38, '2023-01-31': 2.38, '2023-02-28': 1.83, '2023-03-31': -1.93, '2023-04-30': -4.02, '2023-05-31': 0.03, '2023-06-30': -2.22, '2023-07-31': -8.32, '2023-08-31': 5.49, '2023-09-30': -1.45, '2023-10-31': 1.65, '2023-11-30': 5.12, '2023-12-31': -2.74, '2024-01-31': 3.26, '2024-02-29': -11.98, '2024-03-31': -9.55, '2024-04-30': 2.61, '2024-05-31': 1.87, '2024-06-30': -1.36, '2024-07-31': 15.9, '2024-08-31': -0.74, '2024-09-30': -3.94, '2024-10-31': -0.65, '2024-11-30': -1.39, '2024-12-31': 4.97, '2025-01-31': -1.92, '2025-02-28': -4.9, '2025-03-31': 2.14, '2025-04-30': -6.03, '2025-05-31': 7.18, '2025-06-30': 3.07, '2025-07-31': -3.59, '2025-08-31': 6.22, '2025-09-30': -0.84, '2025-10-31': -3.57, '2025-11-30': 11.33, '2025-12-31': 6.42}",15.199
S30a_DOW_Seasonality,1000LUNC_USDT_USDT,1H,-20.02,-6.55,0.1596,0.4568,-0.1361,-48.14,543,0.934,39.68,-3.1773,630,0.0432,113.3954,79.8698,1.4198,6,9,18.72,-12.26,41.03,"{'2022-10-31': -6.24, '2022-11-30': 2.11, '2022-12-31': -1.54, '2023-01-31': 5.66, '2023-02-28': 0.14, '2023-03-31': -1.34, '2023-04-30': -5.77, '2023-05-31': 3.33, '2023-06-30': -12.26, '2023-07-31': -8.54, '2023-08-31': -0.16, '2023-09-30': -1.02, '2023-10-31': -3.85, '2023-11-30': 0.95, '2023-12-31': -5.55, '2024-01-31': 0.0, '2024-02-29': -6.72, '2024-03-31': 1.62, '2024-04-30': -2.16, '2024-05-31': -8.83, '2024-06-30': -3.88, '2024-07-31': 10.24, '2024-08-31': -1.04, '2024-09-30': -2.46, '2024-10-31': -0.08, '2024-11-30': 5.22, '2024-12-31': 3.84, '2025-01-31': -6.56, '2025-02-28': -7.41, '2025-03-31': 2.72, '2025-04-30': -0.99, '2025-05-31': 5.22, '2025-06-30': 12.31, '2025-07-31': -4.69, '2025-08-31': 0.68, '2025-09-30': -0.99, '2025-10-31': 3.87, '2025-11-30': -0.41, '2025-12-31': 18.72}",15.862
S30a_DOW_Seasonality,TWT_USDT_USDT,1H,4.59,1.45,0.413,1.5289,0.0465,-31.21,271,1.0139,41.67,0.8495,540,0.0941,148.2992,104.4717,1.4195,6,10,10.84,-9.3,56.76,"{'2022-12-31': 1.51, '2023-01-31': -0.45, '2023-02-28': 4.09, '2023-03-31': 3.27, '2023-04-30': -5.05, '2023-05-31': -2.89, '2023-06-30': -3.67, '2023-07-31': -5.58, '2023-08-31': 2.8, '2023-09-30': 1.5, '2023-10-31': -2.53, '2023-11-30': 5.46, '2023-12-31': 1.61, '2024-01-31': 4.24, '2024-02-29': -7.94, '2024-03-31': 4.13, '2024-04-30': 1.86, '2024-05-31': 3.96, '2024-06-30': 4.26, '2024-07-31': 5.0, '2024-08-31': -3.69, '2024-09-30': -9.3, '2024-10-31': 5.74, '2024-11-30': -5.45, '2024-12-31': -4.53, '2025-01-31': -6.58, '2025-02-28': -4.39, '2025-03-31': -1.45, '2025-04-30': 1.01, '2025-05-31': 0.23, '2025-06-30': 6.89, '2025-07-31': -1.68, '2025-08-31': 5.25, '2025-09-30': 0.09, '2025-10-31': -6.3, '2025-11-30': 8.13, '2025-12-31': 10.84}",14.432
S30a_DOW_Seasonality,ZRX_USDT_USDT,1H,56.27,12.64,0.5781,1.6664,0.521,-24.26,227,1.0995,43.42,7.8804,714,0.1469,200.5882,139.9895,1.4329,7,10,12.49,-10.54,66.67,"{'2022-04-30': 4.45, '2022-05-31': 3.55, '2022-06-30': 0.54, '2022-07-31': -4.78, '2022-08-31': -2.82, '2022-09-30': -9.0, '2022-10-31': 10.25, '2022-11-30': -2.82, '2022-12-31': 0.37, '2023-01-31': 4.76, '2023-02-28': 1.93, '2023-03-31': 10.16, '2023-04-30': 4.49, '2023-05-31': 2.05, '2023-06-30': 2.04, '2023-07-31': 0.37, '2023-08-31': -0.27, '2023-09-30': 3.03, '2023-10-31': 6.85, '2023-11-30': -0.47, '2023-12-31': -3.06, '2024-01-31': 1.85, '2024-02-29': -10.54, '2024-03-31': 0.32, '2024-04-30': 1.0, '2024-05-31': 6.77, '2024-06-30': -7.08, '2024-07-31': 12.49, '2024-08-31': 9.95, '2024-09-30': 5.8, '2024-10-31': 4.72, '2024-11-30': -4.68, '2024-12-31': -0.26, '2025-01-31': -9.67, '2025-02-28': -6.93, '2025-03-31': 2.41, '2025-04-30': 0.21, '2025-05-31': 7.18, '2025-06-30': 3.14, '2025-07-31': -5.01, '2025-08-31': 6.02, '2025-09-30': 3.53, '2025-10-31': -5.86, '2025-11-30': 2.08, '2025-12-31': 2.26}",15.818
S30a_DOW_Seasonality,ANKR_USDT_USDT,1H,24.38,5.62,0.1531,0.4018,0.2336,-24.06,308,1.0508,42.34,3.3951,718,0.0382,165.8992,115.9315,1.431,7,10,8.1,-8.68,48.94,"{'2022-02-28': 7.53, '2022-03-31': 1.88, '2022-04-30': -8.68, '2022-05-31': 5.57, '2022-06-30': -5.14, '2022-07-31': -1.26, '2022-08-31': -1.52, '2022-09-30': -7.5, '2022-10-31': 4.63, '2022-11-30': -4.39, '2022-12-31': -2.96, '2023-01-31': 5.62, '2023-02-28': -1.43, '2023-03-31': 0.86, '2023-04-30': 1.9, '2023-05-31': 6.95, '2023-06-30': -0.89, '2023-07-31': -3.54, '2023-08-31': 7.73, '2023-09-30': -0.13, '2023-10-31': 6.73, '2023-11-30': 2.84, '2023-12-31': -1.88, '2024-01-31': -3.34, '2024-02-29': -5.03, '2024-03-31': 1.78, '2024-04-30': -1.01, '2024-05-31': -1.34, '2024-06-30': -5.42, '2024-07-31': 7.1, '2024-08-31': 0.16, '2024-09-30': -3.64, '2024-10-31': 5.49, '2024-11-30': 3.46, '2024-12-31': 5.48, '2025-01-31': -4.41, '2025-02-28': 3.59, '2025-03-31': 3.9, '2025-04-30': -2.38, '2025-05-31': 8.1, '2025-06-30': -3.51, '2025-07-31': -6.59, '2025-08-31': 6.92, '2025-09-30': -4.05, '2025-10-31': -0.47, '2025-11-30': 1.8, '2025-12-31': 4.14}",14.97
S30a_DOW_Seasonality,STX_USDT_USDT,1H,5.6,1.38,0.0706,0.2221,0.0451,-30.62,443,1.012,40.9,0.8148,687,0.02,168.6743,115.3639,1.4621,6,9,12.58,-6.58,44.68,"{'2022-02-28': 12.58, '2022-03-31': -0.85, '2022-04-30': -0.89, '2022-05-31': 3.31, '2022-06-30': -3.09, '2022-07-31': -5.34, '2022-08-31': -2.38, '2022-09-30': -6.25, '2022-10-31': 4.43, '2022-11-30': -4.51, '2022-12-31': 3.11, '2023-01-31': 3.23, '2023-02-28': 5.45, '2023-03-31': 9.77, '2023-04-30': -0.15, '2023-05-31': 1.31, '2023-06-30': 3.02, '2023-07-31': -5.67, '2023-08-31': -0.24, '2023-09-30': -3.66, '2023-10-31': -1.92, '2023-11-30': 1.43, '2023-12-31': 3.33, '2024-01-31': -2.06, '2024-02-29': -6.58, '2024-03-31': 1.13, '2024-04-30': -0.51, '2024-05-31': 4.59, '2024-06-30': -3.12, '2024-07-31': 9.79, '2024-08-31': -1.83, '2024-09-30': -4.36, '2024-10-31': -5.88, '2024-11-30': -3.11, '2024-12-31': 6.07, '2025-01-31': -5.9, '2025-02-28': -3.72, '2025-03-31': -3.27, '2025-04-30': -3.68, '2025-05-31': 3.06, '2025-06-30': 1.83, '2025-07-31': 2.46, '2025-08-31': 2.88, '2025-09-30': -1.92, '2025-10-31': 0.28, '2025-11-30': 6.7, '2025-12-31': -0.96}",14.323
S30a_DOW_Seasonality,EGLD_USDT_USDT,1H,12.95,3.1,0.1336,0.4428,0.0883,-35.1,615,1.0298,41.76,1.8391,704,0.0311,152.4319,106.1469,1.436,9,9,13.59,-9.12,48.94,"{'2022-02-28': 2.18, '2022-03-31': -0.13, '2022-04-30': 1.87, '2022-05-31': 13.59, '2022-06-30': -6.04, '2022-07-31': -4.73, '2022-08-31': 6.62, '2022-09-30': -9.12, '2022-10-31': -8.68, '2022-11-30': -5.33, '2022-12-31': -7.38, '2023-01-31': 1.15, '2023-02-28': -0.78, '2023-03-31': 2.69, '2023-04-30': -1.07, '2023-05-31': -2.17, '2023-06-30': -4.03, '2023-07-31': 2.91, '2023-08-31': 6.72, '2023-09-30': 2.07, '2023-10-31': -1.88, '2023-11-30': -2.86, '2023-12-31': 7.77, '2024-01-31': 10.35, '2024-02-29': -4.03, '2024-03-31': -9.09, '2024-04-30': 4.11, '2024-05-31': -0.18, '2024-06-30': -4.92, '2024-07-31': 1.3, '2024-08-31': 3.95, '2024-09-30': -0.67, '2024-10-31': 9.75, '2024-11-30': 2.45, '2024-12-31': 2.28, '2025-01-31': -4.38, '2025-02-28': -8.36, '2025-03-31': 6.5, '2025-04-30': 0.12, '2025-05-31': -0.21, '2025-06-30': 5.97, '2025-07-31': -0.37, '2025-08-31': 3.91, '2025-09-30': -1.59, '2025-10-31': 1.05, '2025-11-30': 8.08, '2025-12-31': -3.74}",14.678
S30a_DOW_Seasonality,MINA_USDT_USDT,1H,1.97,0.52,-0.1762,-0.4109,0.0171,-30.48,406,1.0052,41.05,0.2957,665,-0.0488,138.577,96.0073,1.4434,7,11,15.43,-7.21,52.27,"{'2022-05-31': -7.21, '2022-06-30': 2.67, '2022-07-31': -4.12, '2022-08-31': 1.97, '2022-09-30': -7.21, '2022-10-31': 4.21, '2022-11-30': -4.21, '2022-12-31': -6.96, '2023-01-31': 1.36, '2023-02-28': 4.11, '2023-03-31': -0.37, '2023-04-30': 2.45, '2023-05-31': 1.51, '2023-06-30': -1.72, '2023-07-31': -6.35, '2023-08-31': -0.09, '2023-09-30': -6.97, '2023-10-31': 2.09, '2023-11-30': 7.09, '2023-12-31': -1.18, '2024-01-31': 4.85, '2024-02-29': 0.9, '2024-03-31': -1.11, '2024-04-30': 5.33, '2024-05-31': -6.38, '2024-06-30': -1.01, '2024-07-31': 15.43, '2024-08-31': 4.78, '2024-09-30': -6.54, '2024-10-31': -1.29, '2024-11-30': 3.62, '2024-12-31': 5.99, '2025-01-31': -2.46, '2025-02-28': -1.73, '2025-03-31': 2.78, '2025-04-30': -1.5, '2025-05-31': 3.35, '2025-06-30': 2.67, '2025-07-31': 2.39, '2025-08-31': 5.57, '2025-09-30': -5.94, '2025-10-31': 0.4, '2025-11-30': -2.54, '2025-12-31': 1.71}",14.841
S30a_DOW_Seasonality,ZEN_USDT_USDT,1H,-11.08,-2.9,-0.1992,-0.5276,-0.0548,-52.9,495,0.977,40.08,-1.5267,726,-0.0585,161.5007,110.5864,1.4604,6,11,10.77,-11.15,55.32,"{'2022-02-28': 4.65, '2022-03-31': -1.76, '2022-04-30': 0.23, '2022-05-31': 0.77, '2022-06-30': 2.15, '2022-07-31': -0.55, '2022-08-31': 1.35, '2022-09-30': -2.92, '2022-10-31': 5.62, '2022-11-30': 2.98, '2022-12-31': 0.58, '2023-01-31': 10.77, '2023-02-28': 3.25, '2023-03-31': 0.28, '2023-04-30': 4.88, '2023-05-31': -1.35, '2023-06-30': -0.32, '2023-07-31': -7.79, '2023-08-31': -3.54, '2023-09-30': -7.68, '2023-10-31': -5.47, '2023-11-30': 0.74, '2023-12-31': 6.82, '2024-01-31': 1.56, '2024-02-29': 1.46, '2024-03-31': -8.5, '2024-04-30': 2.59, '2024-05-31': -1.43, '2024-06-30': -3.41, '2024-07-31': -1.98, '2024-08-31': -6.12, '2024-09-30': -11.15, '2024-10-31': -5.38, '2024-11-30': -8.22, '2024-12-31': 6.33, '2025-01-31': -9.84, '2025-02-28': -5.49, '2025-03-31': 3.61, '2025-04-30': 2.43, '2025-05-31': 0.96, '2025-06-30': 0.49, '2025-07-31': -6.81, '2025-08-31': 10.11, '2025-09-30': 2.18, '2025-10-31': 9.41, '2025-11-30': 4.53, '2025-12-31': -0.71}",15.137
S30a_DOW_Seasonality,ALICE_USDT_USDT,1H,36.51,8.13,0.4935,1.4487,0.2852,-28.51,456,1.0734,42.28,5.2677,693,0.1405,182.1256,124.2807,1.4654,7,17,18.2,-9.87,51.06,"{'2022-02-28': 11.23, '2022-03-31': 5.34, '2022-04-30': -0.52, '2022-05-31': 0.28, '2022-06-30': 4.43, '2022-07-31': -1.54, '2022-08-31': -3.75, '2022-09-30': -6.06, '2022-10-31': 4.04, '2022-11-30': -5.73, '2022-12-31': -1.82, '2023-01-31': 2.96, '2023-02-28': 4.38, '2023-03-31': -5.76, '2023-04-30': 1.34, '2023-05-31': 1.75, '2023-06-30': -3.06, '2023-07-31': -9.87, '2023-08-31': -3.04, '2023-09-30': 0.25, '2023-10-31': -2.31, '2023-11-30': 9.87, '2023-12-31': 0.41, '2024-01-31': 8.49, '2024-02-29': -2.98, '2024-03-31': -1.56, '2024-04-30': 2.61, '2024-05-31': -2.93, '2024-06-30': -6.69, '2024-07-31': 18.2, '2024-08-31': -0.3, '2024-09-30': -4.08, '2024-10-31': 10.64, '2024-11-30': 3.04, '2024-12-31': 7.73, '2025-01-31': -3.02, '2025-02-28': -4.29, '2025-03-31': 2.28, '2025-04-30': -1.71, '2025-05-31': 8.1, '2025-06-30': 0.71, '2025-07-31': -0.05, '2025-08-31': 3.51, '2025-09-30': -2.0, '2025-10-31': -8.03, '2025-11-30': 2.65, '2025-12-31': 2.87}",14.449
S30a_DOW_Seasonality,JST_USDT_USDT,1H,-42.11,-13.29,-0.781,-1.752,-0.281,-47.3,690,0.8636,40.36,-5.7999,726,-0.1285,90.9561,71.2722,1.2762,6,10,6.62,-9.78,39.13,"{'2022-03-31': -1.16, '2022-04-30': -0.58, '2022-05-31': -0.99, '2022-06-30': -4.55, '2022-07-31': -9.32, '2022-08-31': 1.65, '2022-09-30': -6.75, '2022-10-31': 2.39, '2022-11-30': -9.78, '2022-12-31': 1.62, '2023-01-31': -0.54, '2023-02-28': 4.19, '2023-03-31': -0.73, '2023-04-30': -5.06, '2023-05-31': -1.34, '2023-06-30': 0.9, '2023-07-31': -0.1, '2023-08-31': -6.14, '2023-09-30': -1.13, '2023-10-31': -5.58, '2023-11-30': 2.93, '2023-12-31': -6.42, '2024-01-31': 6.62, '2024-02-29': -5.44, '2024-03-31': 3.61, '2024-04-30': -8.07, '2024-05-31': 0.45, '2024-06-30': -3.04, '2024-07-31': 5.2, '2024-08-31': 1.52, '2024-09-30': 0.19, '2024-10-31': -4.58, '2024-11-30': -3.06, '2024-12-31': 2.79, '2025-01-31': -3.64, '2025-02-28': -0.15, '2025-03-31': 0.35, '2025-04-30': -3.69, '2025-05-31': 4.29, '2025-06-30': 2.11, '2025-07-31': -1.31, '2025-08-31': 6.44, '2025-09-30': -2.44, '2025-10-31': -1.3, '2025-11-30': 2.18, '2025-12-31': -2.18}",15.729
S30a_DOW_Seasonality,SUN_USDT_USDT,1H,-42.06,-13.28,-0.0594,-0.1401,-0.225,-59.03,696,0.8428,40.23,-5.9996,701,-0.012,79.9844,63.8695,1.2523,10,10,9.55,-9.98,32.61,"{'2022-03-31': 0.37, '2022-04-30': -6.75, '2022-05-31': -1.5, '2022-06-30': -1.11, '2022-07-31': -3.57, '2022-08-31': -3.4, '2022-09-30': -6.47, '2022-10-31': 5.08, '2022-11-30': -8.68, '2022-12-31': -9.83, '2023-01-31': 2.5, '2023-02-28': 4.8, '2023-03-31': -3.75, '2023-04-30': -6.34, '2023-05-31': 1.43, '2023-06-30': -9.77, '2023-07-31': 0.69, '2023-08-31': -9.98, '2023-09-30': -7.06, '2023-10-31': 5.44, '2023-11-30': -0.16, '2023-12-31': -1.1, '2024-01-31': -1.31, '2024-02-29': 2.62, '2024-03-31': -4.94, '2024-04-30': -1.35, '2024-05-31': -6.2, '2024-06-30': -9.13, '2024-07-31': -0.95, '2024-08-31': 9.3, '2024-09-30': -0.84, '2024-10-31': -3.27, '2024-11-30': -0.22, '2024-12-31': 5.94, '2025-01-31': -1.69, '2025-02-28': -1.66, '2025-03-31': -2.58, '2025-04-30': -1.1, '2025-05-31': 0.47, '2025-06-30': -0.56, '2025-07-31': -0.53, '2025-08-31': 4.95, '2025-09-30': 7.09, '2025-10-31': 9.55, '2025-11-30': -0.44, '2025-12-31': 8.72}",15.188
S30a_DOW_Seasonality,ONT_USDT_USDT,1H,40.81,10.1,0.5642,1.8228,0.415,-24.34,256,1.088,43.4,5.9235,689,0.115,168.7915,118.942,1.4191,8,8,18.32,-9.08,45.24,"{'2022-07-31': -2.87, '2022-08-31': -2.24, '2022-09-30': -3.14, '2022-10-31': 3.76, '2022-11-30': -9.0, '2022-12-31': 4.3, '2023-01-31': 0.32, '2023-02-28': 9.64, '2023-03-31': 6.05, '2023-04-30': -3.16, '2023-05-31': -0.42, '2023-06-30': -2.44, '2023-07-31': -3.96, '2023-08-31': -4.75, '2023-09-30': -4.27, '2023-10-31': 1.48, '2023-11-30': 8.46, '2023-12-31': -6.22, '2024-01-31': 5.14, '2024-02-29': -3.33, '2024-03-31': -5.67, '2024-04-30': 2.35, '2024-05-31': 3.26, '2024-06-30': -1.21, '2024-07-31': 18.32, '2024-08-31': 7.43, '2024-09-30': -1.28, '2024-10-31': 5.08, '2024-11-30': -2.93, '2024-12-31': 12.99, '2025-01-31': -3.59, '2025-02-28': -0.9, '2025-03-31': 4.25, '2025-04-30': -0.02, '2025-05-31': 5.86, '2025-06-30': -0.39, '2025-07-31': -3.32, '2025-08-31': 8.5, '2025-09-30': -1.71, '2025-10-31': -9.08, '2025-11-30': 1.24, '2025-12-31': 7.64}",16.084
S30a_DOW_Seasonality,AGLD_USDT_USDT,1H,-6.63,-1.85,-0.3519,-0.9786,-0.0583,-31.74,386,0.9826,40.16,-1.0285,645,-0.1086,144.6969,98.808,1.4644,6,11,12.88,-12.21,50.0,"{'2022-05-31': 2.37, '2022-06-30': -3.92, '2022-07-31': -12.21, '2022-08-31': 0.29, '2022-09-30': 0.25, '2022-10-31': 4.14, '2022-11-30': 1.38, '2022-12-31': -9.45, '2023-01-31': 7.88, '2023-02-28': 0.31, '2023-03-31': 5.64, '2023-04-30': -1.11, '2023-05-31': 12.88, '2023-06-30': -5.67, '2023-07-31': 2.19, '2023-08-31': 3.19, '2023-09-30': 9.27, '2023-10-31': -2.52, '2023-11-30': -4.63, '2023-12-31': -0.61, '2024-01-31': -4.11, '2024-02-29': -9.9, '2024-03-31': -0.08, '2024-04-30': 2.65, '2024-05-31': -9.64, '2024-06-30': -7.75, '2024-07-31': 7.36, '2024-08-31': 2.59, '2024-09-30': 0.73, '2024-10-31': -0.33, '2024-11-30': 9.27, '2024-12-31': -5.4, '2025-01-31': -5.01, '2025-02-28': -2.05, '2025-03-31': 6.29, '2025-04-30': -0.12, '2025-05-31': 5.94, '2025-06-30': 6.87, '2025-07-31': -3.9, '2025-08-31': 4.25, '2025-09-30': -5.52, '2025-10-31': -0.75, '2025-11-30': -2.2, '2025-12-31': 1.7}",14.554
S30a_DOW_Seasonality,BTC_USDT_USDT,4H,63.64,13.11,0.9244,3.0727,1.2195,-10.75,70,1.306,46.94,21.6469,294,0.3885,196.8164,133.3108,1.4764,6,9,8.18,-6.36,65.96,"{'2022-02-28': 3.85, '2022-03-31': 3.77, '2022-04-30': 5.36, '2022-05-31': -0.99, '2022-06-30': -0.42, '2022-07-31': -3.56, '2022-08-31': 2.64, '2022-09-30': 2.69, '2022-10-31': -4.34, '2022-11-30': -1.1, '2022-12-31': 2.38, '2023-01-31': 4.44, '2023-02-28': 0.99, '2023-03-31': 5.35, '2023-04-30': 1.01, '2023-05-31': 0.34, '2023-06-30': -2.79, '2023-07-31': -5.3, '2023-08-31': 2.7, '2023-09-30': 2.02, '2023-10-31': 1.35, '2023-11-30': -1.11, '2023-12-31': -1.21, '2024-01-31': 0.49, '2024-02-29': 1.44, '2024-03-31': 3.8, '2024-04-30': -4.62, '2024-05-31': -3.2, '2024-06-30': -1.22, '2024-07-31': 2.05, '2024-08-31': -1.57, '2024-09-30': 2.58, '2024-10-31': -2.26, '2024-11-30': 2.62, '2024-12-31': 1.59, '2025-01-31': 3.12, '2025-02-28': 3.22, '2025-03-31': 1.03, '2025-04-30': 2.15, '2025-05-31': 1.84, '2025-06-30': 5.1, '2025-07-31': -0.22, '2025-08-31': 2.83, '2025-09-30': 0.11, '2025-10-31': 7.33, '2025-11-30': 8.18, '2025-12-31': -6.36}",6.13
S30a_DOW_Seasonality,ETH_USDT_USDT,4H,19.36,4.53,0.2804,0.9177,0.2482,-18.25,159,1.1103,42.56,6.7003,289,0.1558,158.4256,105.7226,1.4985,6,10,5.99,-4.69,51.06,"{'2022-02-28': 2.32, '2022-03-31': 2.71, '2022-04-30': -2.06, '2022-05-31': -1.96, '2022-06-30': 4.5, '2022-07-31': -3.5, '2022-08-31': 1.69, '2022-09-30': -0.34, '2022-10-31': -1.13, '2022-11-30': 0.11, '2022-12-31': -3.7, '2023-01-31': 0.39, '2023-02-28': 1.07, '2023-03-31': 5.9, '2023-04-30': -0.03, '2023-05-31': -0.73, '2023-06-30': -4.31, '2023-07-31': -4.45, '2023-08-31': 1.3, '2023-09-30': -2.4, '2023-10-31': 5.63, '2023-11-30': -1.56, '2023-12-31': -4.69, '2024-01-31': -4.09, '2024-02-29': 5.84, '2024-03-31': -0.98, '2024-04-30': -3.59, '2024-05-31': -0.02, '2024-06-30': -2.61, '2024-07-31': 2.66, '2024-08-31': -2.55, '2024-09-30': 1.59, '2024-10-31': 2.61, '2024-11-30': 3.79, '2024-12-31': 2.74, '2025-01-31': -0.49, '2025-02-28': -0.95, '2025-03-31': 3.8, '2025-04-30': 0.57, '2025-05-31': 2.23, '2025-06-30': 3.78, '2025-07-31': 2.69, '2025-08-31': 1.65, '2025-09-30': -0.05, '2025-10-31': 5.99, '2025-11-30': 2.78, '2025-12-31': -2.43}",6.025
S30a_DOW_Seasonality,SOL_USDT_USDT,4H,49.52,10.6,0.5952,1.282,0.925,-11.46,57,1.2348,44.68,17.5588,282,0.5534,206.6605,135.1772,1.5288,6,6,5.13,-6.52,70.21,"{'2022-02-28': 3.46, '2022-03-31': 4.46, '2022-04-30': 4.47, '2022-05-31': 1.21, '2022-06-30': -0.85, '2022-07-31': -5.44, '2022-08-31': 2.8, '2022-09-30': -1.95, '2022-10-31': 3.8, '2022-11-30': -0.45, '2022-12-31': 1.66, '2023-01-31': 5.13, '2023-02-28': 4.46, '2023-03-31': -0.34, '2023-04-30': 0.65, '2023-05-31': -2.6, '2023-06-30': -4.57, '2023-07-31': 0.14, '2023-08-31': 1.65, '2023-09-30': -1.04, '2023-10-31': 2.75, '2023-11-30': 4.99, '2023-12-31': 0.16, '2024-01-31': 2.84, '2024-02-29': -2.53, '2024-03-31': 0.74, '2024-04-30': 1.18, '2024-05-31': 2.28, '2024-06-30': -1.99, '2024-07-31': 4.41, '2024-08-31': 2.76, '2024-09-30': 0.03, '2024-10-31': -2.07, '2024-11-30': 1.12, '2024-12-31': 0.11, '2025-01-31': -0.38, '2025-02-28': 1.17, '2025-03-31': 1.75, '2025-04-30': 2.8, '2025-05-31': 0.6, '2025-06-30': 2.72, '2025-07-31': -2.01, '2025-08-31': 0.63, '2025-09-30': 0.02, '2025-10-31': 3.32, '2025-11-30': 2.78, '2025-12-31': -6.52}",5.88
S30a_DOW_Seasonality,XRP_USDT_USDT,4H,31.4,7.08,0.2161,0.6127,0.4027,-17.58,187,1.1714,43.36,10.9783,286,0.1397,173.0502,113.0768,1.5304,5,12,7.29,-6.07,46.81,"{'2022-02-28': -0.33, '2022-03-31': 2.71, '2022-04-30': 6.06, '2022-05-31': -0.91, '2022-06-30': -6.07, '2022-07-31': -1.44, '2022-08-31': -0.01, '2022-09-30': -3.02, '2022-10-31': -2.44, '2022-11-30': -2.96, '2022-12-31': 1.53, '2023-01-31': 4.35, '2023-02-28': -1.07, '2023-03-31': 4.33, '2023-04-30': 1.07, '2023-05-31': 0.48, '2023-06-30': -2.05, '2023-07-31': -2.53, '2023-08-31': 6.0, '2023-09-30': 1.5, '2023-10-31': -1.11, '2023-11-30': 1.13, '2023-12-31': -0.02, '2024-01-31': -1.06, '2024-02-29': -3.64, '2024-03-31': -1.96, '2024-04-30': -0.99, '2024-05-31': -0.02, '2024-06-30': -2.24, '2024-07-31': 4.32, '2024-08-31': 2.21, '2024-09-30': 4.22, '2024-10-31': 0.0, '2024-11-30': 7.29, '2024-12-31': 1.19, '2025-01-31': -1.47, '2025-02-28': -2.49, '2025-03-31': 1.14, '2025-04-30': -2.53, '2025-05-31': 7.11, '2025-06-30': 4.27, '2025-07-31': 1.66, '2025-08-31': -0.44, '2025-09-30': 1.02, '2025-10-31': 3.24, '2025-11-30': 2.78, '2025-12-31': -3.09}",5.963
S30a_DOW_Seasonality,DOGE_USDT_USDT,4H,51.45,10.98,0.813,2.2828,1.1378,-9.65,107,1.2702,45.04,18.2439,282,0.6354,190.4242,122.8328,1.5503,4,8,8.83,-5.56,65.96,"{'2022-02-28': 1.73, '2022-03-31': 5.47, '2022-04-30': -2.5, '2022-05-31': 0.16, '2022-06-30': 3.86, '2022-07-31': -2.97, '2022-08-31': 4.41, '2022-09-30': -5.56, '2022-10-31': 0.62, '2022-11-30': -0.39, '2022-12-31': 3.33, '2023-01-31': 0.08, '2023-02-28': -0.96, '2023-03-31': 2.7, '2023-04-30': 3.28, '2023-05-31': -2.09, '2023-06-30': -2.66, '2023-07-31': 3.27, '2023-08-31': -2.05, '2023-09-30': -0.13, '2023-10-31': 1.34, '2023-11-30': 0.12, '2023-12-31': 0.07, '2024-01-31': -1.0, '2024-02-29': -2.65, '2024-03-31': 1.84, '2024-04-30': 0.15, '2024-05-31': -1.93, '2024-06-30': -0.95, '2024-07-31': 2.25, '2024-08-31': 1.17, '2024-09-30': 8.83, '2024-10-31': 1.14, '2024-11-30': 1.21, '2024-12-31': 2.85, '2025-01-31': 2.3, '2025-02-28': 2.8, '2025-03-31': -0.44, '2025-04-30': 3.87, '2025-05-31': -0.4, '2025-06-30': 2.75, '2025-07-31': 1.72, '2025-08-31': 0.1, '2025-09-30': 2.73, '2025-10-31': 3.33, '2025-11-30': 0.67, '2025-12-31': -2.02}",5.88
S30a_DOW_Seasonality,ADA_USDT_USDT,4H,54.02,11.45,0.8662,2.6396,0.8973,-12.76,52,1.2722,45.26,18.9549,285,0.6247,195.7265,127.2217,1.5385,5,6,7.16,-5.02,59.57,"{'2022-02-28': 3.39, '2022-03-31': 1.16, '2022-04-30': 5.5, '2022-05-31': 1.22, '2022-06-30': -2.45, '2022-07-31': -4.53, '2022-08-31': -0.98, '2022-09-30': -5.02, '2022-10-31': 7.13, '2022-11-30': 1.73, '2022-12-31': 0.42, '2023-01-31': 7.16, '2023-02-28': -0.98, '2023-03-31': 2.22, '2023-04-30': 0.04, '2023-05-31': -0.03, '2023-06-30': -4.6, '2023-07-31': -0.45, '2023-08-31': 5.9, '2023-09-30': -1.15, '2023-10-31': -0.73, '2023-11-30': -1.49, '2023-12-31': 1.71, '2024-01-31': 3.37, '2024-02-29': -0.99, '2024-03-31': 0.13, '2024-04-30': -0.96, '2024-05-31': 0.02, '2024-06-30': -1.03, '2024-07-31': 0.62, '2024-08-31': 1.1, '2024-09-30': -1.01, '2024-10-31': 0.01, '2024-11-30': 2.95, '2024-12-31': 5.62, '2025-01-31': -1.92, '2025-02-28': -1.46, '2025-03-31': 1.64, '2025-04-30': 1.17, '2025-05-31': 1.2, '2025-06-30': 3.8, '2025-07-31': 6.71, '2025-08-31': -3.52, '2025-09-30': 3.24, '2025-10-31': 1.67, '2025-11-30': 5.05, '2025-12-31': -0.96}",5.942
S30a_DOW_Seasonality,AVAX_USDT_USDT,4H,107.95,20.13,1.203,3.2894,2.0191,-9.97,37,1.4169,48.66,36.2238,298,0.9483,253.0147,169.2317,1.4951,6,9,9.93,-6.94,74.47,"{'2022-02-28': 1.78, '2022-03-31': 4.51, '2022-04-30': 4.46, '2022-05-31': 0.2, '2022-06-30': 0.18, '2022-07-31': -6.94, '2022-08-31': 3.39, '2022-09-30': -0.93, '2022-10-31': 6.57, '2022-11-30': 1.76, '2022-12-31': 9.93, '2023-01-31': 3.91, '2023-02-28': 1.73, '2023-03-31': 0.09, '2023-04-30': 0.01, '2023-05-31': 2.66, '2023-06-30': 2.13, '2023-07-31': -2.03, '2023-08-31': 4.24, '2023-09-30': -0.04, '2023-10-31': 3.21, '2023-11-30': 2.83, '2023-12-31': 7.34, '2024-01-31': 6.2, '2024-02-29': 1.65, '2024-03-31': -4.01, '2024-04-30': 2.82, '2024-05-31': -0.41, '2024-06-30': 4.4, '2024-07-31': 2.28, '2024-08-31': -2.51, '2024-09-30': 0.61, '2024-10-31': 1.63, '2024-11-30': -0.33, '2024-12-31': 1.79, '2025-01-31': -0.93, '2025-02-28': 0.11, '2025-03-31': -2.48, '2025-04-30': 1.16, '2025-05-31': 2.27, '2025-06-30': 2.76, '2025-07-31': -2.53, '2025-08-31': -1.44, '2025-09-30': 0.64, '2025-10-31': 1.69, '2025-11-30': 3.35, '2025-12-31': 1.68}",6.213
S30a_DOW_Seasonality,LINK_USDT_USDT,4H,25.81,5.92,0.1628,0.527,0.4448,-13.31,60,1.1447,42.59,9.5576,270,0.123,177.5128,115.0543,1.5429,5,11,6.09,-6.51,61.7,"{'2022-02-28': 0.72, '2022-03-31': 0.09, '2022-04-30': 4.41, '2022-05-31': -0.87, '2022-06-30': -4.99, '2022-07-31': -4.5, '2022-08-31': 1.72, '2022-09-30': -0.36, '2022-10-31': 3.3, '2022-11-30': -0.44, '2022-12-31': 5.41, '2023-01-31': -1.54, '2023-02-28': -0.95, '2023-03-31': 3.32, '2023-04-30': 0.01, '2023-05-31': 1.04, '2023-06-30': -0.51, '2023-07-31': -3.55, '2023-08-31': 2.13, '2023-09-30': 1.1, '2023-10-31': -1.58, '2023-11-30': 3.9, '2023-12-31': -5.49, '2024-01-31': -2.48, '2024-02-29': 1.12, '2024-03-31': 2.79, '2024-04-30': 2.75, '2024-05-31': 4.41, '2024-06-30': 1.66, '2024-07-31': -3.55, '2024-08-31': 2.23, '2024-09-30': 1.63, '2024-10-31': -6.1, '2024-11-30': 5.05, '2024-12-31': 2.87, '2025-01-31': 2.79, '2025-02-28': 2.24, '2025-03-31': -2.49, '2025-04-30': 1.17, '2025-05-31': 6.09, '2025-06-30': 2.73, '2025-07-31': -2.53, '2025-08-31': -0.92, '2025-09-30': 0.02, '2025-10-31': 3.34, '2025-11-30': 2.81, '2025-12-31': -6.51}",5.629
S30a_DOW_Seasonality,BNB_USDT_USDT,4H,32.3,7.28,0.1271,0.3417,0.487,-14.95,148,1.1646,44.24,11.6194,278,0.0642,185.766,126.5744,1.4676,9,7,7.26,-4.1,57.45,"{'2022-02-28': -0.46, '2022-03-31': 3.73, '2022-04-30': -0.55, '2022-05-31': -0.33, '2022-06-30': 1.17, '2022-07-31': -4.07, '2022-08-31': 0.01, '2022-09-30': 0.0, '2022-10-31': 4.59, '2022-11-30': 3.87, '2022-12-31': 1.02, '2023-01-31': 1.52, '2023-02-28': 1.57, '2023-03-31': 1.48, '2023-04-30': 0.35, '2023-05-31': 5.02, '2023-06-30': 1.53, '2023-07-31': -1.14, '2023-08-31': 7.26, '2023-09-30': 3.55, '2023-10-31': 0.19, '2023-11-30': -1.56, '2023-12-31': -4.1, '2024-01-31': -3.57, '2024-02-29': -0.05, '2024-03-31': 3.31, '2024-04-30': -1.56, '2024-05-31': -0.51, '2024-06-30': -1.58, '2024-07-31': 2.04, '2024-08-31': 1.07, '2024-09-30': 0.46, '2024-10-31': -1.22, '2024-11-30': 2.09, '2024-12-31': -3.56, '2025-01-31': -0.1, '2025-02-28': -2.58, '2025-03-31': 2.14, '2025-04-30': -0.08, '2025-05-31': 1.78, '2025-06-30': 5.08, '2025-07-31': -0.85, '2025-08-31': -1.1, '2025-09-30': 0.3, '2025-10-31': 3.83, '2025-11-30': 0.01, '2025-12-31': -1.15}",5.796
S30a_DOW_Seasonality,LTC_USDT_USDT,4H,-0.63,-0.16,-0.295,-0.9135,-0.0076,-21.07,285,0.9966,39.54,-0.2052,306,-0.1754,154.1277,101.1473,1.5238,5,12,5.45,-6.09,55.32,"{'2022-02-28': 2.3, '2022-03-31': 1.66, '2022-04-30': -4.08, '2022-05-31': -3.48, '2022-06-30': -1.48, '2022-07-31': -3.99, '2022-08-31': -0.97, '2022-09-30': -2.42, '2022-10-31': -1.1, '2022-11-30': -0.88, '2022-12-31': 1.62, '2023-01-31': 2.71, '2023-02-28': 0.05, '2023-03-31': 1.67, '2023-04-30': 3.8, '2023-05-31': 0.03, '2023-06-30': 2.79, '2023-07-31': -6.09, '2023-08-31': 5.45, '2023-09-30': 2.1, '2023-10-31': -4.79, '2023-11-30': -2.03, '2023-12-31': -0.13, '2024-01-31': -4.58, '2024-02-29': -3.75, '2024-03-31': 3.38, '2024-04-30': -2.51, '2024-05-31': 1.02, '2024-06-30': 1.54, '2024-07-31': 4.85, '2024-08-31': -1.51, '2024-09-30': 2.01, '2024-10-31': -5.17, '2024-11-30': 4.41, '2024-12-31': 1.78, '2025-01-31': -4.52, '2025-02-28': -5.02, '2025-03-31': 1.15, '2025-04-30': 0.07, '2025-05-31': 1.66, '2025-06-30': 4.27, '2025-07-31': -2.58, '2025-08-31': 2.76, '2025-09-30': 2.04, '2025-10-31': 0.1, '2025-11-30': 3.37, '2025-12-31': -1.35}",6.38
S30a_DOW_Seasonality,DOT_USDT_USDT,4H,80.76,16.02,0.9914,2.8603,1.6934,-9.46,37,1.3627,47.02,26.7414,302,0.6622,213.6595,139.1485,1.5355,5,7,6.93,-5.58,72.34,"{'2022-02-28': 4.01, '2022-03-31': 4.42, '2022-04-30': 2.77, '2022-05-31': -0.85, '2022-06-30': -0.88, '2022-07-31': -2.96, '2022-08-31': 2.78, '2022-09-30': -1.98, '2022-10-31': 5.38, '2022-11-30': 1.7, '2022-12-31': 2.61, '2023-01-31': -2.11, '2023-02-28': 4.99, '2023-03-31': -0.43, '2023-04-30': 2.65, '2023-05-31': 1.04, '2023-06-30': -1.57, '2023-07-31': -5.58, '2023-08-31': 6.93, '2023-09-30': -2.27, '2023-10-31': 4.13, '2023-11-30': 1.71, '2023-12-31': 2.74, '2024-01-31': 3.4, '2024-02-29': -3.6, '2024-03-31': 3.28, '2024-04-30': 1.72, '2024-05-31': 2.71, '2024-06-30': -2.09, '2024-07-31': 1.11, '2024-08-31': -0.49, '2024-09-30': 0.52, '2024-10-31': 1.05, '2024-11-30': 3.35, '2024-12-31': 4.54, '2025-01-31': 2.3, '2025-02-28': -3.53, '2025-03-31': 4.41, '2025-04-30': 0.08, '2025-05-31': 2.23, '2025-06-30': 4.35, '2025-07-31': 0.09, '2025-08-31': 0.61, '2025-09-30': 0.02, '2025-10-31': 0.62, '2025-11-30': 3.4, '2025-12-31': 2.27}",6.296
S30a_DOW_Seasonality,BCH_USDT_USDT,4H,31.12,7.03,0.4304,1.4115,0.4366,-16.1,102,1.1463,43.15,10.6571,292,0.2824,193.5081,128.1335,1.5102,6,12,7.18,-6.07,65.96,"{'2022-02-28': 3.35, '2022-03-31': 2.74, '2022-04-30': 1.68, '2022-05-31': 1.19, '2022-06-30': 3.3, '2022-07-31': -3.97, '2022-08-31': -1.51, '2022-09-30': -5.97, '2022-10-31': 3.19, '2022-11-30': -5.04, '2022-12-31': -2.24, '2023-01-31': 0.52, '2023-02-28': 0.02, '2023-03-31': 4.96, '2023-04-30': -0.06, '2023-05-31': 2.57, '2023-06-30': 3.77, '2023-07-31': -0.94, '2023-08-31': 2.73, '2023-09-30': 3.8, '2023-10-31': 5.46, '2023-11-30': 2.19, '2023-12-31': 4.34, '2024-01-31': -1.48, '2024-02-29': 0.96, '2024-03-31': 4.06, '2024-04-30': 0.14, '2024-05-31': 7.18, '2024-06-30': 2.69, '2024-07-31': 2.24, '2024-08-31': -0.98, '2024-09-30': 1.61, '2024-10-31': -5.12, '2024-11-30': 2.79, '2024-12-31': 1.19, '2025-01-31': -6.07, '2025-02-28': -3.56, '2025-03-31': 2.23, '2025-04-30': 3.34, '2025-05-31': -4.57, '2025-06-30': 0.57, '2025-07-31': 3.83, '2025-08-31': 4.33, '2025-09-30': 0.46, '2025-10-31': -3.12, '2025-11-30': -3.98, '2025-12-31': -4.06}",6.088
S30a_DOW_Seasonality,ATOM_USDT_USDT,4H,41.7,9.11,0.5295,1.4972,1.0495,-8.68,62,1.2199,44.17,14.7335,283,0.3881,185.0423,120.0044,1.542,5,8,7.53,-4.06,55.32,"{'2022-02-28': 1.21, '2022-03-31': -1.48, '2022-04-30': 2.77, '2022-05-31': -0.84, '2022-06-30': 2.25, '2022-07-31': -0.88, '2022-08-31': 0.13, '2022-09-30': -3.87, '2022-10-31': 5.02, '2022-11-30': 1.77, '2022-12-31': -1.57, '2023-01-31': 3.25, '2023-02-28': 0.09, '2023-03-31': -0.5, '2023-04-30': 2.15, '2023-05-31': -0.07, '2023-06-30': -0.6, '2023-07-31': -2.6, '2023-08-31': 7.53, '2023-09-30': 0.43, '2023-10-31': 7.01, '2023-11-30': -1.48, '2023-12-31': -0.37, '2024-01-31': -1.99, '2024-02-29': -3.65, '2024-03-31': 1.17, '2024-04-30': 1.66, '2024-05-31': 1.63, '2024-06-30': -1.07, '2024-07-31': -0.5, '2024-08-31': 3.79, '2024-09-30': 2.72, '2024-10-31': -3.59, '2024-11-30': 3.39, '2024-12-31': 7.34, '2025-01-31': -0.93, '2025-02-28': -4.06, '2025-03-31': 4.43, '2025-04-30': -3.52, '2025-05-31': 2.19, '2025-06-30': 4.32, '2025-07-31': -2.56, '2025-08-31': 3.27, '2025-09-30': -0.56, '2025-10-31': 1.63, '2025-11-30': 1.74, '2025-12-31': 1.55}",5.9
S30a_DOW_Seasonality,NEAR_USDT_USDT,4H,88.98,17.26,1.0784,3.1835,1.7038,-10.13,39,1.4372,47.54,31.3296,284,1.01,216.6742,136.6,1.5862,8,9,8.95,-4.05,74.47,"{'2022-02-28': 0.76, '2022-03-31': -0.9, '2022-04-30': 0.77, '2022-05-31': 0.62, '2022-06-30': 5.64, '2022-07-31': -2.91, '2022-08-31': 4.49, '2022-09-30': 1.16, '2022-10-31': 0.62, '2022-11-30': 4.51, '2022-12-31': -0.99, '2023-01-31': 1.74, '2023-02-28': 1.77, '2023-03-31': -1.94, '2023-04-30': -0.96, '2023-05-31': 1.08, '2023-06-30': 0.6, '2023-07-31': -0.97, '2023-08-31': 7.07, '2023-09-30': 1.53, '2023-10-31': 2.64, '2023-11-30': 1.79, '2023-12-31': 0.16, '2024-01-31': 1.8, '2024-02-29': 1.73, '2024-03-31': 1.22, '2024-04-30': -2.88, '2024-05-31': -0.33, '2024-06-30': 1.13, '2024-07-31': 0.69, '2024-08-31': 4.47, '2024-09-30': 2.8, '2024-10-31': -1.5, '2024-11-30': 3.43, '2024-12-31': 2.86, '2025-01-31': 2.32, '2025-02-28': -4.05, '2025-03-31': -2.5, '2025-04-30': 0.13, '2025-05-31': 2.31, '2025-06-30': 2.78, '2025-07-31': -0.93, '2025-08-31': 8.95, '2025-09-30': 1.1, '2025-10-31': 3.94, '2025-11-30': 6.22, '2025-12-31': 0.46}",5.921
S30a_DOW_Seasonality,UNI_USDT_USDT,4H,-5.27,-1.35,-0.1449,-0.4997,-0.0832,-16.22,289,0.9709,38.67,-1.7555,300,-0.1077,151.7009,98.4998,1.5401,5,9,7.11,-5.2,48.94,"{'2022-02-28': 0.73, '2022-03-31': 1.72, '2022-04-30': 0.68, '2022-05-31': -4.42, '2022-06-30': 2.25, '2022-07-31': -2.47, '2022-08-31': 1.77, '2022-09-30': -1.94, '2022-10-31': -0.85, '2022-11-30': -3.47, '2022-12-31': 0.55, '2023-01-31': -4.58, '2023-02-28': 2.75, '2023-03-31': 4.96, '2023-04-30': 0.5, '2023-05-31': -5.2, '2023-06-30': -1.6, '2023-07-31': -1.47, '2023-08-31': 7.11, '2023-09-30': -2.65, '2023-10-31': 0.42, '2023-11-30': -0.89, '2023-12-31': -2.0, '2024-01-31': -1.47, '2024-02-29': 2.15, '2024-03-31': -0.87, '2024-04-30': -2.47, '2024-05-31': 0.68, '2024-06-30': 3.88, '2024-07-31': 5.02, '2024-08-31': -4.53, '2024-09-30': -0.99, '2024-10-31': -5.06, '2024-11-30': 2.81, '2024-12-31': 1.81, '2025-01-31': -0.36, '2025-02-28': 0.13, '2025-03-31': -0.45, '2025-04-30': -1.48, '2025-05-31': 5.55, '2025-06-30': -4.47, '2025-07-31': -0.91, '2025-08-31': 2.79, '2025-09-30': 0.05, '2025-10-31': -1.43, '2025-11-30': 2.23, '2025-12-31': 1.26}",6.255
S30a_DOW_Seasonality,OP_USDT_USDT,4H,20.03,5.24,0.3448,1.2648,0.5708,-9.18,77,1.1105,41.64,7.446,269,0.3284,179.7903,115.5003,1.5566,4,7,6.77,-5.48,59.52,"{'2022-07-31': -2.24, '2022-08-31': 3.94, '2022-09-30': -1.86, '2022-10-31': 6.77, '2022-11-30': -3.43, '2022-12-31': 0.12, '2023-01-31': -0.31, '2023-02-28': -1.43, '2023-03-31': 1.81, '2023-04-30': 1.15, '2023-05-31': 2.81, '2023-06-30': -5.45, '2023-07-31': -1.93, '2023-08-31': 2.77, '2023-09-30': 4.33, '2023-10-31': 4.29, '2023-11-30': 1.76, '2023-12-31': -0.32, '2024-01-31': -0.87, '2024-02-29': -3.52, '2024-03-31': -2.45, '2024-04-30': 1.76, '2024-05-31': -2.5, '2024-06-30': 0.65, '2024-07-31': 1.73, '2024-08-31': 0.2, '2024-09-30': 1.68, '2024-10-31': 0.09, '2024-11-30': 4.51, '2024-12-31': 1.81, '2025-01-31': -0.91, '2025-02-28': -1.46, '2025-03-31': -2.48, '2025-04-30': 0.67, '2025-05-31': 5.1, '2025-06-30': 2.8, '2025-07-31': -4.47, '2025-08-31': 2.32, '2025-09-30': 0.05, '2025-10-31': 3.35, '2025-11-30': 1.77, '2025-12-31': -5.48}",6.255
S30a_DOW_Seasonality,APT_USDT_USDT,4H,64.35,16.82,1.1327,4.0591,1.608,-10.46,50,1.411,47.56,28.601,225,0.9984,206.4733,132.6899,1.5561,6,8,10.84,-5.42,73.68,"{'2022-11-30': -1.41, '2022-12-31': 4.44, '2023-01-31': 10.84, '2023-02-28': 5.62, '2023-03-31': -5.42, '2023-04-30': 0.68, '2023-05-31': 1.11, '2023-06-30': -0.94, '2023-07-31': 1.7, '2023-08-31': 6.01, '2023-09-30': -1.55, '2023-10-31': 3.25, '2023-11-30': 0.14, '2023-12-31': 0.67, '2024-01-31': -2.91, '2024-02-29': -4.55, '2024-03-31': 0.18, '2024-04-30': 5.59, '2024-05-31': -3.53, '2024-06-30': 0.58, '2024-07-31': 3.34, '2024-08-31': 3.93, '2024-09-30': 0.64, '2024-10-31': 0.15, '2024-11-30': -0.88, '2024-12-31': -2.45, '2025-01-31': 0.71, '2025-02-28': -3.03, '2025-03-31': 0.13, '2025-04-30': 0.11, '2025-05-31': 3.35, '2025-06-30': 2.75, '2025-07-31': 1.14, '2025-08-31': 1.68, '2025-09-30': 1.58, '2025-10-31': 3.38, '2025-11-30': 5.58, '2025-12-31': 6.15}",5.859
S30a_DOW_Seasonality,FIL_USDT_USDT,4H,35.3,7.88,0.8367,2.7346,0.5491,-14.35,128,1.1795,43.42,12.5625,281,0.6852,190.1704,123.7153,1.5372,6,10,6.73,-4.69,63.83,"{'2022-02-28': 1.75, '2022-03-31': 3.83, '2022-04-30': 1.75, '2022-05-31': 1.8, '2022-06-30': 2.82, '2022-07-31': -4.52, '2022-08-31': 3.91, '2022-09-30': 0.66, '2022-10-31': 2.16, '2022-11-30': 0.59, '2022-12-31': -0.44, '2023-01-31': 2.79, '2023-02-28': 4.52, '2023-03-31': -1.87, '2023-04-30': -2.0, '2023-05-31': 0.03, '2023-06-30': -4.56, '2023-07-31': 1.62, '2023-08-31': 6.55, '2023-09-30': -4.69, '2023-10-31': -2.25, '2023-11-30': 2.8, '2023-12-31': 0.68, '2024-01-31': 0.14, '2024-02-29': -2.03, '2024-03-31': 3.44, '2024-04-30': -0.91, '2024-05-31': -3.55, '2024-06-30': -1.47, '2024-07-31': 2.27, '2024-08-31': 0.62, '2024-09-30': -2.56, '2024-10-31': -0.5, '2024-11-30': 6.12, '2024-12-31': 5.62, '2025-01-31': 2.79, '2025-02-28': -4.06, '2025-03-31': -3.52, '2025-04-30': -3.52, '2025-05-31': 2.22, '2025-06-30': 2.71, '2025-07-31': -3.54, '2025-08-31': 1.67, '2025-09-30': 0.54, '2025-10-31': 0.08, '2025-11-30': 3.51, '2025-12-31': 6.73}",5.859
S30a_DOW_Seasonality,INJ_USDT_USDT,4H,15.07,4.26,0.0807,0.3016,0.3215,-13.25,145,1.0938,41.22,6.1529,245,0.0733,174.1139,111.653,1.5594,7,8,5.63,-5.47,62.5,"{'2022-09-30': -2.48, '2022-10-31': 1.31, '2022-11-30': 1.22, '2022-12-31': -1.0, '2023-01-31': 1.67, '2023-02-28': 5.63, '2023-03-31': 1.37, '2023-04-30': 3.46, '2023-05-31': 1.77, '2023-06-30': -4.47, '2023-07-31': 1.72, '2023-08-31': -2.0, '2023-09-30': 2.67, '2023-10-31': 1.63, '2023-11-30': 1.81, '2023-12-31': -2.45, '2024-01-31': -0.85, '2024-02-29': -1.93, '2024-03-31': -3.02, '2024-04-30': 0.74, '2024-05-31': 0.69, '2024-06-30': -1.9, '2024-07-31': -3.48, '2024-08-31': 3.41, '2024-09-30': 0.12, '2024-10-31': -1.49, '2024-11-30': 0.72, '2024-12-31': 3.48, '2025-01-31': 4.49, '2025-02-28': -4.03, '2025-03-31': -0.88, '2025-04-30': 0.12, '2025-05-31': 3.41, '2025-06-30': 1.17, '2025-07-31': 0.12, '2025-08-31': -5.47, '2025-09-30': 0.04, '2025-10-31': 3.34, '2025-11-30': 4.52, '2025-12-31': -0.35}",6.053
S30a_DOW_Seasonality,TRX_USDT_USDT,4H,29.73,6.75,0.2528,0.4652,0.665,-10.15,72,1.1373,44.7,9.8438,302,0.1012,182.362,129.617,1.4069,7,8,7.86,-5.7,53.19,"{'2022-02-28': 4.84, '2022-03-31': 2.62, '2022-04-30': -5.58, '2022-05-31': -0.41, '2022-06-30': 2.24, '2022-07-31': -4.22, '2022-08-31': 4.77, '2022-09-30': -0.73, '2022-10-31': 3.41, '2022-11-30': -1.03, '2022-12-31': -1.26, '2023-01-31': 5.69, '2023-02-28': -0.59, '2023-03-31': 1.45, '2023-04-30': -4.82, '2023-05-31': 0.17, '2023-06-30': 4.1, '2023-07-31': 1.71, '2023-08-31': -0.3, '2023-09-30': -1.5, '2023-10-31': 0.03, '2023-11-30': 1.92, '2023-12-31': -1.98, '2024-01-31': 3.59, '2024-02-29': 3.5, '2024-03-31': 6.17, '2024-04-30': 3.63, '2024-05-31': -0.31, '2024-06-30': -1.55, '2024-07-31': -1.37, '2024-08-31': 7.86, '2024-09-30': 2.77, '2024-10-31': -0.24, '2024-11-30': 0.77, '2024-12-31': -0.98, '2025-01-31': 3.11, '2025-02-28': -5.7, '2025-03-31': 1.48, '2025-04-30': -1.19, '2025-05-31': -2.36, '2025-06-30': 0.94, '2025-07-31': 1.42, '2025-08-31': 1.32, '2025-09-30': -0.73, '2025-10-31': 3.15, '2025-11-30': -2.34, '2025-12-31': -5.2}",6.296
S30a_DOW_Seasonality,ETC_USDT_USDT,4H,47.08,10.17,0.5157,1.5987,0.6994,-14.54,120,1.2396,44.56,16.013,294,0.3535,185.9328,120.5483,1.5424,6,8,6.97,-5.7,57.45,"{'2022-02-28': 4.01, '2022-03-31': 0.55, '2022-04-30': 6.18, '2022-05-31': -1.44, '2022-06-30': 2.83, '2022-07-31': -4.51, '2022-08-31': 0.15, '2022-09-30': -3.45, '2022-10-31': 3.34, '2022-11-30': -0.88, '2022-12-31': 1.59, '2023-01-31': -0.39, '2023-02-28': -0.96, '2023-03-31': 2.73, '2023-04-30': -2.54, '2023-05-31': 4.22, '2023-06-30': -3.15, '2023-07-31': -0.5, '2023-08-31': 6.97, '2023-09-30': 5.3, '2023-10-31': -0.08, '2023-11-30': -1.48, '2023-12-31': -0.99, '2024-01-31': -0.89, '2024-02-29': -3.57, '2024-03-31': 3.38, '2024-04-30': -5.5, '2024-05-31': -3.51, '2024-06-30': 1.61, '2024-07-31': 2.17, '2024-08-31': 1.01, '2024-09-30': -0.03, '2024-10-31': -5.7, '2024-11-30': 4.44, '2024-12-31': 2.85, '2025-01-31': 3.31, '2025-02-28': 0.58, '2025-03-31': -1.53, '2025-04-30': 2.71, '2025-05-31': 2.2, '2025-06-30': 2.67, '2025-07-31': 4.98, '2025-08-31': 3.31, '2025-09-30': 2.65, '2025-10-31': -0.46, '2025-11-30': 3.37, '2025-12-31': 1.61}",6.13
S30a_DOW_Seasonality,XLM_USDT_USDT,4H,84.35,16.56,1.004,3.0042,1.3731,-12.06,64,1.4211,48.2,30.3434,278,0.6686,212.454,139.1207,1.5271,8,10,8.3,-5.99,59.57,"{'2022-02-28': 2.3, '2022-03-31': 3.79, '2022-04-30': -0.46, '2022-05-31': 0.14, '2022-06-30': -3.5, '2022-07-31': -3.03, '2022-08-31': -2.61, '2022-09-30': -1.55, '2022-10-31': 3.78, '2022-11-30': 0.62, '2022-12-31': 1.45, '2023-01-31': 0.45, '2023-02-28': 3.2, '2023-03-31': 5.39, '2023-04-30': 2.15, '2023-05-31': 3.55, '2023-06-30': -0.57, '2023-07-31': -3.45, '2023-08-31': 4.36, '2023-09-30': 0.43, '2023-10-31': -0.1, '2023-11-30': -0.49, '2023-12-31': 7.06, '2024-01-31': 0.5, '2024-02-29': -3.72, '2024-03-31': 3.32, '2024-04-30': -1.01, '2024-05-31': -0.07, '2024-06-30': 4.15, '2024-07-31': 3.18, '2024-08-31': 5.39, '2024-09-30': 5.25, '2024-10-31': -4.18, '2024-11-30': 8.3, '2024-12-31': 5.64, '2025-01-31': -5.99, '2025-02-28': -2.49, '2025-03-31': 4.94, '2025-04-30': 2.74, '2025-05-31': 4.9, '2025-06-30': 3.69, '2025-07-31': -0.38, '2025-08-31': -0.4, '2025-09-30': -0.0, '2025-10-31': 3.28, '2025-11-30': 1.14, '2025-12-31': -1.5}",5.796
S30a_DOW_Seasonality,RUNE_USDT_USDT,4H,53.99,11.42,0.7725,2.2702,0.8157,-14.0,66,1.2473,44.52,17.4158,310,0.6465,197.3377,126.9401,1.5546,6,8,7.24,-5.14,65.96,"{'2022-02-28': 1.78, '2022-03-31': 2.44, '2022-04-30': 0.79, '2022-05-31': 1.23, '2022-06-30': 0.19, '2022-07-31': -4.45, '2022-08-31': -0.9, '2022-09-30': 1.72, '2022-10-31': -3.05, '2022-11-30': -2.52, '2022-12-31': -2.07, '2023-01-31': 6.03, '2023-02-28': 1.71, '2023-03-31': 0.64, '2023-04-30': 5.39, '2023-05-31': 5.4, '2023-06-30': -5.14, '2023-07-31': 1.05, '2023-08-31': 2.73, '2023-09-30': -2.01, '2023-10-31': 3.35, '2023-11-30': 2.85, '2023-12-31': 4.5, '2024-01-31': 1.76, '2024-02-29': -4.54, '2024-03-31': 1.38, '2024-04-30': 4.5, '2024-05-31': -2.38, '2024-06-30': -1.52, '2024-07-31': 3.4, '2024-08-31': 0.26, '2024-09-30': -2.5, '2024-10-31': -1.93, '2024-11-30': 2.22, '2024-12-31': 0.17, '2025-01-31': 6.2, '2025-02-28': -1.86, '2025-03-31': 1.75, '2025-04-30': 1.16, '2025-05-31': -1.38, '2025-06-30': 2.78, '2025-07-31': -3.53, '2025-08-31': 3.3, '2025-09-30': 1.6, '2025-10-31': 3.28, '2025-11-30': 7.24, '2025-12-31': -2.04}",6.463
S30a_DOW_Seasonality,AAVE_USDT_USDT,4H,21.52,5.01,0.4387,1.5116,0.2515,-19.92,220,1.1129,41.75,7.2452,297,0.3514,171.0085,110.1342,1.5527,8,8,10.07,-6.04,57.45,"{'2022-02-28': 3.42, '2022-03-31': 1.77, '2022-04-30': 4.53, '2022-05-31': -0.82, '2022-06-30': 0.19, '2022-07-31': -2.88, '2022-08-31': -0.9, '2022-09-30': -5.47, '2022-10-31': -0.45, '2022-11-30': -1.34, '2022-12-31': 5.42, '2023-01-31': 1.69, '2023-02-28': 0.69, '2023-03-31': 2.26, '2023-04-30': -3.59, '2023-05-31': -1.08, '2023-06-30': 0.58, '2023-07-31': -3.97, '2023-08-31': 1.6, '2023-09-30': -4.69, '2023-10-31': -1.54, '2023-11-30': 0.14, '2023-12-31': -1.98, '2024-01-31': 0.13, '2024-02-29': 1.63, '2024-03-31': -0.89, '2024-04-30': -2.5, '2024-05-31': 1.12, '2024-06-30': 4.93, '2024-07-31': 3.35, '2024-08-31': -1.91, '2024-09-30': -3.51, '2024-10-31': -0.98, '2024-11-30': 2.82, '2024-12-31': 5.61, '2025-01-31': 2.35, '2025-02-28': 2.25, '2025-03-31': 2.23, '2025-04-30': 2.81, '2025-05-31': 1.74, '2025-06-30': -0.92, '2025-07-31': -4.51, '2025-08-31': 10.07, '2025-09-30': 0.02, '2025-10-31': 2.26, '2025-11-30': 3.41, '2025-12-31': -6.04}",6.192
S30a_DOW_Seasonality,LDO_USDT_USDT,4H,43.88,11.16,0.9363,3.491,1.4055,-7.94,31,1.2519,44.58,17.6238,249,0.9063,196.4726,126.2328,1.5564,4,8,7.39,-3.54,60.98,"{'2022-08-31': 7.39, '2022-09-30': -2.43, '2022-10-31': 1.28, '2022-11-30': 0.14, '2022-12-31': 0.6, '2023-01-31': 5.17, '2023-02-28': -2.43, '2023-03-31': 2.86, '2023-04-30': -3.49, '2023-05-31': 4.48, '2023-06-30': -2.95, '2023-07-31': 2.31, '2023-08-31': 4.9, '2023-09-30': -0.57, '2023-10-31': 2.66, '2023-11-30': -1.45, '2023-12-31': -1.97, '2024-01-31': -0.86, '2024-02-29': 1.73, '2024-03-31': 4.52, '2024-04-30': 0.14, '2024-05-31': 0.25, '2024-06-30': -1.9, '2024-07-31': 0.14, '2024-08-31': 4.0, '2024-09-30': 5.05, '2024-10-31': -2.51, '2024-11-30': 2.23, '2024-12-31': -0.24, '2025-01-31': -0.29, '2025-02-28': 1.22, '2025-03-31': 3.88, '2025-04-30': 1.17, '2025-05-31': -0.32, '2025-06-30': 2.83, '2025-07-31': -1.47, '2025-08-31': 5.58, '2025-09-30': -3.54, '2025-10-31': 0.57, '2025-11-30': 2.85, '2025-12-31': -2.42}",6.02
S30a_DOW_Seasonality,SAND_USDT_USDT,4H,74.5,14.98,1.091,3.1719,1.2947,-11.57,54,1.3416,46.58,25.5147,292,0.8725,215.1719,139.8275,1.5388,8,7,8.39,-6.4,68.09,"{'2022-02-28': 1.8, '2022-03-31': 3.87, '2022-04-30': 8.39, '2022-05-31': -3.41, '2022-06-30': 3.91, '2022-07-31': -6.4, '2022-08-31': 0.68, '2022-09-30': -4.0, '2022-10-31': 0.58, '2022-11-30': 0.16, '2022-12-31': 8.28, '2023-01-31': 3.39, '2023-02-28': 2.84, '2023-03-31': 0.7, '2023-04-30': -2.54, '2023-05-31': -2.54, '2023-06-30': 0.65, '2023-07-31': 0.07, '2023-08-31': 6.47, '2023-09-30': -1.08, '2023-10-31': 3.53, '2023-11-30': 2.82, '2023-12-31': -1.5, '2024-01-31': 0.7, '2024-02-29': 0.54, '2024-03-31': 7.31, '2024-04-30': -0.93, '2024-05-31': 2.21, '2024-06-30': -2.02, '2024-07-31': 0.63, '2024-08-31': -0.42, '2024-09-30': 2.71, '2024-10-31': 3.25, '2024-11-30': -0.91, '2024-12-31': 2.89, '2025-01-31': 2.83, '2025-02-28': 0.59, '2025-03-31': -1.47, '2025-04-30': 0.09, '2025-05-31': 2.28, '2025-06-30': 3.81, '2025-07-31': -1.98, '2025-08-31': -0.98, '2025-09-30': 2.68, '2025-10-31': -0.41, '2025-11-30': 5.07, '2025-12-31': 0.64}",6.088
S30a_DOW_Seasonality,MANA_USDT_USDT,4H,78.91,15.7,1.1588,3.6043,1.1822,-13.28,75,1.3714,46.92,27.0238,292,0.9043,212.6941,137.0847,1.5516,6,8,7.24,-6.55,74.47,"{'2022-02-28': -0.26, '2022-03-31': 3.85, '2022-04-30': 7.24, '2022-05-31': 1.24, '2022-06-30': 2.25, '2022-07-31': -1.37, '2022-08-31': 4.43, '2022-09-30': -6.55, '2022-10-31': 2.1, '2022-11-30': 1.75, '2022-12-31': 3.24, '2023-01-31': 1.74, '2023-02-28': -0.9, '2023-03-31': 0.69, '2023-04-30': 1.65, '2023-05-31': 1.11, '2023-06-30': 0.61, '2023-07-31': -0.96, '2023-08-31': 4.26, '2023-09-30': 3.73, '2023-10-31': 1.55, '2023-11-30': 2.81, '2023-12-31': 1.12, '2024-01-31': -2.4, '2024-02-29': -4.62, '2024-03-31': 2.84, '2024-04-30': 1.72, '2024-05-31': -6.08, '2024-06-30': -1.0, '2024-07-31': 0.63, '2024-08-31': 3.29, '2024-09-30': 2.71, '2024-10-31': -0.45, '2024-11-30': 1.73, '2024-12-31': 5.63, '2025-01-31': 3.39, '2025-02-28': 0.59, '2025-03-31': -5.04, '2025-04-30': 2.79, '2025-05-31': 6.12, '2025-06-30': 3.81, '2025-07-31': 3.37, '2025-08-31': 1.69, '2025-09-30': 2.72, '2025-10-31': -2.44, '2025-11-30': 3.39, '2025-12-31': 1.67}",6.088
S30a_DOW_Seasonality,CRV_USDT_USDT,4H,2.39,0.59,0.0717,0.2406,0.0336,-17.54,149,1.0124,39.44,0.8402,284,0.0656,173.7199,111.7326,1.5548,5,8,6.12,-6.0,55.32,"{'2022-02-28': 1.79, '2022-03-31': 0.12, '2022-04-30': 5.09, '2022-05-31': -3.41, '2022-06-30': 1.21, '2022-07-31': -3.85, '2022-08-31': -0.88, '2022-09-30': -0.88, '2022-10-31': -3.99, '2022-11-30': 1.8, '2022-12-31': 1.12, '2023-01-31': 6.12, '2023-02-28': 5.6, '2023-03-31': 2.33, '2023-04-30': -1.52, '2023-05-31': -3.59, '2023-06-30': -3.05, '2023-07-31': 1.14, '2023-08-31': 2.79, '2023-09-30': 4.37, '2023-10-31': -1.02, '2023-11-30': 2.82, '2023-12-31': -3.52, '2024-01-31': 0.11, '2024-02-29': 0.6, '2024-03-31': -6.0, '2024-04-30': -2.52, '2024-05-31': -4.54, '2024-06-30': 1.14, '2024-07-31': 0.69, '2024-08-31': 1.77, '2024-09-30': -0.36, '2024-10-31': 1.08, '2024-11-30': 5.13, '2024-12-31': 0.2, '2025-01-31': -1.87, '2025-02-28': -0.86, '2025-03-31': -5.01, '2025-04-30': -0.43, '2025-05-31': -0.89, '2025-06-30': 2.22, '2025-07-31': 1.18, '2025-08-31': 3.42, '2025-09-30': -4.08, '2025-10-31': 0.11, '2025-11-30': 2.82, '2025-12-31': -4.51}",5.921
S30a_DOW_Seasonality,GALA_USDT_USDT,4H,57.0,11.95,0.6488,1.6458,1.0127,-11.8,78,1.2945,45.63,21.6726,263,0.6597,208.7883,135.3475,1.5426,8,6,8.41,-4.99,65.96,"{'2022-02-28': -0.82, '2022-03-31': 3.88, '2022-04-30': 8.41, '2022-05-31': -0.81, '2022-06-30': -0.41, '2022-07-31': 0.15, '2022-08-31': 5.57, '2022-09-30': -1.53, '2022-10-31': -3.55, '2022-11-30': 1.83, '2022-12-31': 5.5, '2023-01-31': 5.13, '2023-02-28': -0.87, '2023-03-31': 3.89, '2023-04-30': 0.12, '2023-05-31': 2.79, '2023-06-30': -1.99, '2023-07-31': -3.54, '2023-08-31': 0.58, '2023-09-30': 3.25, '2023-10-31': 0.1, '2023-11-30': -4.99, '2023-12-31': 0.13, '2024-01-31': -0.9, '2024-02-29': -1.99, '2024-03-31': 0.19, '2024-04-30': 1.8, '2024-05-31': 1.75, '2024-06-30': 3.86, '2024-07-31': -1.36, '2024-08-31': -0.9, '2024-09-30': -2.5, '2024-10-31': 0.12, '2024-11-30': 4.51, '2024-12-31': 2.88, '2025-01-31': -0.88, '2025-02-28': -3.47, '2025-03-31': 1.18, '2025-04-30': 1.18, '2025-05-31': 6.17, '2025-06-30': 2.79, '2025-07-31': 0.13, '2025-08-31': 0.1, '2025-09-30': 2.74, '2025-10-31': 0.68, '2025-11-30': 0.72, '2025-12-31': 1.64}",5.483
S30a_DOW_Seasonality,APE_USDT_USDT,4H,39.27,9.16,0.5865,1.6586,0.8056,-11.37,80,1.2216,43.94,14.8732,264,0.5446,186.6191,119.7384,1.5586,6,10,7.21,-7.89,57.78,"{'2022-04-30': 0.19, '2022-05-31': 0.63, '2022-06-30': 2.28, '2022-07-31': -7.89, '2022-08-31': 4.5, '2022-09-30': -2.91, '2022-10-31': 6.71, '2022-11-30': -0.44, '2022-12-31': -1.48, '2023-01-31': 3.36, '2023-02-28': 5.54, '2023-03-31': 0.69, '2023-04-30': -3.55, '2023-05-31': -2.62, '2023-06-30': 3.29, '2023-07-31': -0.92, '2023-08-31': 1.09, '2023-09-30': 2.75, '2023-10-31': 2.74, '2023-11-30': 0.72, '2023-12-31': -0.93, '2024-01-31': 6.18, '2024-02-29': -1.53, '2024-03-31': 1.79, '2024-04-30': -1.39, '2024-05-31': -5.52, '2024-06-30': 0.07, '2024-07-31': -2.96, '2024-08-31': 7.21, '2024-09-30': -0.93, '2024-10-31': -3.06, '2024-11-30': 4.54, '2024-12-31': -1.86, '2025-01-31': 2.81, '2025-02-28': -2.48, '2025-03-31': 0.13, '2025-04-30': 3.87, '2025-05-31': 4.44, '2025-06-30': -2.51, '2025-07-31': 3.35, '2025-08-31': 4.39, '2025-09-30': -0.0, '2025-10-31': -0.43, '2025-11-30': 1.76, '2025-12-31': 2.33}",5.806
S30a_DOW_Seasonality,AXS_USDT_USDT,4H,32.72,7.35,0.3719,0.9868,0.5031,-14.61,118,1.1749,43.22,11.9839,273,0.3055,186.2132,120.6552,1.5433,5,8,5.58,-6.96,61.7,"{'2022-02-28': 1.79, '2022-03-31': 1.16, '2022-04-30': 5.58, '2022-05-31': -0.39, '2022-06-30': -1.43, '2022-07-31': -1.34, '2022-08-31': 3.86, '2022-09-30': -3.98, '2022-10-31': 2.18, '2022-11-30': 1.76, '2022-12-31': 5.52, '2023-01-31': 0.69, '2023-02-28': 1.77, '2023-03-31': 1.73, '2023-04-30': 0.03, '2023-05-31': -0.48, '2023-06-30': -1.51, '2023-07-31': 0.07, '2023-08-31': 4.81, '2023-09-30': -0.47, '2023-10-31': 1.57, '2023-11-30': -6.96, '2023-12-31': 1.73, '2024-01-31': -0.9, '2024-02-29': -3.6, '2024-03-31': 3.9, '2024-04-30': -0.92, '2024-05-31': -2.54, '2024-06-30': -3.56, '2024-07-31': -0.95, '2024-08-31': -0.43, '2024-09-30': 1.64, '2024-10-31': 1.11, '2024-11-30': 4.44, '2024-12-31': 2.86, '2025-01-31': 1.73, '2025-02-28': -3.51, '2025-03-31': 0.1, '2025-04-30': 2.79, '2025-05-31': 2.78, '2025-06-30': 2.76, '2025-07-31': 1.71, '2025-08-31': 2.24, '2025-09-30': 0.03, '2025-10-31': -1.98, '2025-11-30': -0.89, '2025-12-31': 3.38}",5.692
S30a_DOW_Seasonality,GRT_USDT_USDT,4H,60.05,12.52,0.7496,2.0422,1.2583,-9.95,50,1.2888,45.55,21.3686,281,0.6487,209.3258,135.8766,1.5406,6,8,5.61,-5.04,63.83,"{'2022-02-28': 2.81, '2022-03-31': 0.15, '2022-04-30': 5.61, '2022-05-31': 0.62, '2022-06-30': 0.62, '2022-07-31': -0.3, '2022-08-31': 0.73, '2022-09-30': -0.35, '2022-10-31': -2.0, '2022-11-30': -0.4, '2022-12-31': 4.39, '2023-01-31': 1.69, '2023-02-28': -0.85, '2023-03-31': 1.79, '2023-04-30': 3.83, '2023-05-31': -3.54, '2023-06-30': -0.93, '2023-07-31': -4.07, '2023-08-31': 4.33, '2023-09-30': 3.73, '2023-10-31': 1.57, '2023-11-30': 0.72, '2023-12-31': -2.97, '2024-01-31': -1.9, '2024-02-29': -0.99, '2024-03-31': 0.18, '2024-04-30': 1.77, '2024-05-31': 2.35, '2024-06-30': 2.77, '2024-07-31': -1.95, '2024-08-31': 5.01, '2024-09-30': 4.41, '2024-10-31': 1.68, '2024-11-30': 1.76, '2024-12-31': 1.21, '2025-01-31': 5.08, '2025-02-28': -5.04, '2025-03-31': -1.47, '2025-04-30': 2.79, '2025-05-31': 2.3, '2025-06-30': 2.77, '2025-07-31': 3.36, '2025-08-31': -0.4, '2025-09-30': -1.56, '2025-10-31': -0.41, '2025-11-30': 0.69, '2025-12-31': 1.66}",5.859
S30a_DOW_Seasonality,CHZ_USDT_USDT,4H,33.27,7.46,0.3009,0.792,0.363,-20.55,133,1.1709,43.1,11.4724,290,0.2329,182.3997,118.0179,1.5455,5,9,4.95,-5.97,57.45,"{'2022-02-28': 3.41, '2022-03-31': 1.73, '2022-04-30': 3.91, '2022-05-31': -0.41, '2022-06-30': 4.51, '2022-07-31': -3.39, '2022-08-31': 2.23, '2022-09-30': -2.9, '2022-10-31': 3.98, '2022-11-30': 0.2, '2022-12-31': 0.62, '2023-01-31': 2.77, '2023-02-28': 1.16, '2023-03-31': -3.01, '2023-04-30': 2.72, '2023-05-31': -1.55, '2023-06-30': -1.54, '2023-07-31': -2.57, '2023-08-31': 2.12, '2023-09-30': -1.11, '2023-10-31': -0.0, '2023-11-30': -0.93, '2023-12-31': -0.97, '2024-01-31': -2.48, '2024-02-29': -1.01, '2024-03-31': -5.97, '2024-04-30': 0.7, '2024-05-31': -1.96, '2024-06-30': 4.45, '2024-07-31': -2.99, '2024-08-31': 3.87, '2024-09-30': 1.08, '2024-10-31': 3.87, '2024-11-30': 3.39, '2024-12-31': 4.53, '2025-01-31': 2.78, '2025-02-28': 1.74, '2025-03-31': -4.51, '2025-04-30': 1.68, '2025-05-31': 3.3, '2025-06-30': 2.7, '2025-07-31': 0.62, '2025-08-31': -1.0, '2025-09-30': -0.56, '2025-10-31': -0.43, '2025-11-30': 4.95, '2025-12-31': 0.61}",6.046
S30a_DOW_Seasonality,1000LUNC_USDT_USDT,4H,7.78,2.29,0.4355,1.2994,0.1638,-13.98,199,1.0523,40.5,3.2131,242,0.3822,159.6264,103.2348,1.5462,5,8,5.19,-6.47,56.41,"{'2022-10-31': 2.38, '2022-11-30': -2.03, '2022-12-31': 1.18, '2023-01-31': -0.91, '2023-02-28': -6.47, '2023-03-31': 3.87, '2023-04-30': -3.58, '2023-05-31': 1.62, '2023-06-30': -3.47, '2023-07-31': 1.1, '2023-08-31': 4.36, '2023-09-30': -2.64, '2023-10-31': -0.05, '2023-11-30': 2.37, '2023-12-31': 5.19, '2024-01-31': -0.87, '2024-02-29': -5.03, '2024-03-31': 3.48, '2024-04-30': -1.93, '2024-05-31': -3.52, '2024-06-30': -0.95, '2024-07-31': 0.69, '2024-08-31': 2.27, '2024-09-30': 3.31, '2024-10-31': -4.08, '2024-11-30': 3.4, '2024-12-31': -0.86, '2025-01-31': 1.71, '2025-02-28': -5.05, '2025-03-31': 1.67, '2025-04-30': 2.73, '2025-05-31': 1.11, '2025-06-30': 4.31, '2025-07-31': 0.59, '2025-08-31': -0.51, '2025-09-30': 0.38, '2025-10-31': -2.01, '2025-11-30': 0.69, '2025-12-31': 4.1}",6.093
S30a_DOW_Seasonality,TWT_USDT_USDT,4H,30.13,8.82,0.8285,3.2272,0.7147,-12.34,57,1.2168,44.19,14.0147,215,0.5868,178.0057,115.8115,1.537,5,11,6.65,-6.11,67.57,"{'2022-12-31': -0.3, '2023-01-31': -1.43, '2023-02-28': 1.73, '2023-03-31': 5.53, '2023-04-30': 1.13, '2023-05-31': -5.16, '2023-06-30': 1.65, '2023-07-31': -0.05, '2023-08-31': -1.05, '2023-09-30': 1.47, '2023-10-31': 1.61, '2023-11-30': 4.49, '2023-12-31': 0.07, '2024-01-31': -1.94, '2024-02-29': 3.2, '2024-03-31': 6.65, '2024-04-30': -2.49, '2024-05-31': -2.0, '2024-06-30': 1.12, '2024-07-31': -3.02, '2024-08-31': -4.59, '2024-09-30': 0.08, '2024-10-31': 4.39, '2024-11-30': 6.09, '2024-12-31': 0.16, '2025-01-31': 1.12, '2025-02-28': 2.79, '2025-03-31': 0.07, '2025-04-30': -1.03, '2025-05-31': 1.05, '2025-06-30': 4.31, '2025-07-31': -6.11, '2025-08-31': 4.86, '2025-09-30': 1.71, '2025-10-31': 0.71, '2025-11-30': 1.68, '2025-12-31': 0.57}",5.746
S30a_DOW_Seasonality,ZRX_USDT_USDT,4H,35.86,8.51,0.5523,1.5612,0.5205,-16.35,100,1.2005,43.8,13.8993,258,0.4715,190.007,123.3433,1.5405,6,7,5.54,-5.07,60.0,"{'2022-04-30': -0.86, '2022-05-31': 3.52, '2022-06-30': 3.91, '2022-07-31': -1.36, '2022-08-31': -1.5, '2022-09-30': -1.98, '2022-10-31': 4.33, '2022-11-30': 1.17, '2022-12-31': 3.75, '2023-01-31': 0.61, '2023-02-28': 1.73, '2023-03-31': 2.28, '2023-04-30': 4.97, '2023-05-31': -1.54, '2023-06-30': 2.16, '2023-07-31': 0.1, '2023-08-31': -0.51, '2023-09-30': -3.58, '2023-10-31': -2.51, '2023-11-30': -0.44, '2023-12-31': 3.88, '2024-01-31': -3.92, '2024-02-29': -5.07, '2024-03-31': 1.22, '2024-04-30': -2.46, '2024-05-31': 1.15, '2024-06-30': 3.35, '2024-07-31': 1.25, '2024-08-31': 5.54, '2024-09-30': 3.28, '2024-10-31': -3.02, '2024-11-30': 2.81, '2024-12-31': 2.89, '2025-01-31': -2.48, '2025-02-28': -1.48, '2025-03-31': 0.11, '2025-04-30': 5.53, '2025-05-31': 3.31, '2025-06-30': 2.73, '2025-07-31': 3.3, '2025-08-31': -3.56, '2025-09-30': -0.98, '2025-10-31': 0.63, '2025-11-30': -0.92, '2025-12-31': 1.11}",5.716
S30a_DOW_Seasonality,ANKR_USDT_USDT,4H,20.55,4.8,0.2667,0.8056,0.2469,-19.44,253,1.1092,41.81,7.1619,287,0.2101,173.9773,112.7055,1.5436,7,8,7.18,-5.97,53.19,"{'2022-02-28': 6.2, '2022-03-31': 2.3, '2022-04-30': 4.51, '2022-05-31': 0.18, '2022-06-30': -0.87, '2022-07-31': -4.51, '2022-08-31': -1.44, '2022-09-30': -5.49, '2022-10-31': 0.02, '2022-11-30': -5.97, '2022-12-31': 2.67, '2023-01-31': 3.95, '2023-02-28': 0.16, '2023-03-31': -0.33, '2023-04-30': 1.68, '2023-05-31': 3.27, '2023-06-30': 1.66, '2023-07-31': -2.52, '2023-08-31': 2.69, '2023-09-30': -5.15, '2023-10-31': -2.11, '2023-11-30': -2.5, '2023-12-31': -0.94, '2024-01-31': 1.74, '2024-02-29': 0.02, '2024-03-31': 2.87, '2024-04-30': -1.87, '2024-05-31': -4.51, '2024-06-30': -0.94, '2024-07-31': 0.65, '2024-08-31': 2.24, '2024-09-30': 2.73, '2024-10-31': -3.59, '2024-11-30': 6.16, '2024-12-31': 5.62, '2025-01-31': -4.94, '2025-02-28': -2.04, '2025-03-31': -2.51, '2025-04-30': 5.53, '2025-05-31': 7.18, '2025-06-30': -3.08, '2025-07-31': -1.54, '2025-08-31': 4.35, '2025-09-30': -0.06, '2025-10-31': 1.64, '2025-11-30': 4.45, '2025-12-31': -1.55}",5.984
S30a_DOW_Seasonality,STX_USDT_USDT,4H,40.15,8.84,0.7105,2.4721,0.82,-10.78,78,1.2196,43.8,14.653,274,0.6517,185.8091,118.7154,1.5652,5,6,7.33,-4.48,63.83,"{'2022-02-28': 2.35, '2022-03-31': 1.74, '2022-04-30': -2.52, '2022-05-31': 1.21, '2022-06-30': -2.89, '2022-07-31': -0.9, '2022-08-31': 0.07, '2022-09-30': 0.66, '2022-10-31': -3.55, '2022-11-30': -1.39, '2022-12-31': 1.7, '2023-01-31': 1.63, '2023-02-28': 2.85, '2023-03-31': 2.26, '2023-04-30': 2.83, '2023-05-31': 2.21, '2023-06-30': -3.51, '2023-07-31': 1.13, '2023-08-31': 0.05, '2023-09-30': 2.18, '2023-10-31': 1.22, '2023-11-30': -0.44, '2023-12-31': 7.33, '2024-01-31': 1.82, '2024-02-29': -0.9, '2024-03-31': -0.43, '2024-04-30': 4.52, '2024-05-31': -0.33, '2024-06-30': 1.18, '2024-07-31': 2.34, '2024-08-31': -0.36, '2024-09-30': 0.12, '2024-10-31': -1.95, '2024-11-30': 2.22, '2024-12-31': 2.87, '2025-01-31': 2.79, '2025-02-28': -4.48, '2025-03-31': -1.46, '2025-04-30': -1.47, '2025-05-31': 0.7, '2025-06-30': 1.72, '2025-07-31': 0.11, '2025-08-31': 6.1, '2025-09-30': -2.59, '2025-10-31': 4.41, '2025-11-30': -0.34, '2025-12-31': 2.23}",5.713
S30a_DOW_Seasonality,EGLD_USDT_USDT,4H,57.81,12.11,0.9171,3.3645,0.7573,-15.99,62,1.2798,45.55,20.5741,281,0.6823,206.6174,135.07,1.5297,9,9,8.36,-6.55,68.09,"{'2022-02-28': -0.27, '2022-03-31': 1.75, '2022-04-30': 8.36, '2022-05-31': 3.91, '2022-06-30': 0.18, '2022-07-31': -4.49, '2022-08-31': 1.71, '2022-09-30': -6.55, '2022-10-31': -3.58, '2022-11-30': 0.13, '2022-12-31': 3.76, '2023-01-31': 1.62, '2023-02-28': 2.78, '2023-03-31': 2.75, '2023-04-30': 0.59, '2023-05-31': 1.05, '2023-06-30': -0.52, '2023-07-31': -1.03, '2023-08-31': 6.46, '2023-09-30': 4.31, '2023-10-31': 4.85, '2023-11-30': -2.48, '2023-12-31': 1.69, '2024-01-31': 4.49, '2024-02-29': -3.55, '2024-03-31': 0.15, '2024-04-30': 3.35, '2024-05-31': -2.0, '2024-06-30': -3.06, '2024-07-31': -2.5, '2024-08-31': 4.94, '2024-09-30': 0.04, '2024-10-31': 0.04, '2024-11-30': 5.06, '2024-12-31': 3.93, '2025-01-31': 0.12, '2025-02-28': -6.04, '2025-03-31': 1.15, '2025-04-30': -3.51, '2025-05-31': 2.79, '2025-06-30': 4.38, '2025-07-31': -0.95, '2025-08-31': 0.63, '2025-09-30': -1.04, '2025-10-31': 4.43, '2025-11-30': 1.75, '2025-12-31': 2.24}",5.859
S30a_DOW_Seasonality,MINA_USDT_USDT,4H,28.63,7.0,0.6616,2.0666,0.6829,-10.25,52,1.1755,43.03,11.4078,251,0.6038,177.589,114.0996,1.5564,6,9,7.1,-6.4,61.36,"{'2022-05-31': 0.62, '2022-06-30': 0.63, '2022-07-31': -6.4, '2022-08-31': 2.8, '2022-09-30': -4.54, '2022-10-31': 4.92, '2022-11-30': -1.43, '2022-12-31': 0.01, '2023-01-31': 2.79, '2023-02-28': -0.82, '2023-03-31': 1.8, '2023-04-30': 2.75, '2023-05-31': -2.55, '2023-06-30': -0.4, '2023-07-31': -6.04, '2023-08-31': 7.1, '2023-09-30': -1.61, '2023-10-31': -2.6, '2023-11-30': 3.3, '2023-12-31': 1.75, '2024-01-31': 4.54, '2024-02-29': -0.94, '2024-03-31': 1.19, '2024-04-30': 4.46, '2024-05-31': -1.39, '2024-06-30': -0.95, '2024-07-31': -2.97, '2024-08-31': 1.68, '2024-09-30': 1.71, '2024-10-31': -0.92, '2024-11-30': 1.75, '2024-12-31': 0.76, '2025-01-31': 0.11, '2025-02-28': -3.49, '2025-03-31': 0.1, '2025-04-30': 1.71, '2025-05-31': 6.11, '2025-06-30': 2.75, '2025-07-31': 3.37, '2025-08-31': 0.09, '2025-09-30': -2.58, '2025-10-31': -0.94, '2025-11-30': 1.22, '2025-12-31': 2.79}",5.601
S30a_DOW_Seasonality,ZEN_USDT_USDT,4H,7.91,1.93,-0.1746,-0.4927,0.1094,-17.64,267,1.0425,40.14,2.6897,294,-0.1569,164.4246,105.7462,1.5549,5,9,6.67,-5.05,59.57,"{'2022-02-28': 3.41, '2022-03-31': 1.75, '2022-04-30': 4.48, '2022-05-31': -4.42, '2022-06-30': 1.19, '2022-07-31': -2.92, '2022-08-31': 1.74, '2022-09-30': -3.97, '2022-10-31': 0.58, '2022-11-30': -0.92, '2022-12-31': 0.03, '2023-01-31': -3.98, '2023-02-28': -1.46, '2023-03-31': -2.94, '2023-04-30': 3.79, '2023-05-31': -1.54, '2023-06-30': 6.67, '2023-07-31': -4.03, '2023-08-31': 5.47, '2023-09-30': 0.01, '2023-10-31': 0.53, '2023-11-30': 1.18, '2023-12-31': 1.14, '2024-01-31': 2.38, '2024-02-29': -3.54, '2024-03-31': -0.86, '2024-04-30': 0.7, '2024-05-31': -5.05, '2024-06-30': 0.08, '2024-07-31': 3.45, '2024-08-31': 0.67, '2024-09-30': -4.58, '2024-10-31': -2.56, '2024-11-30': 3.39, '2024-12-31': -0.21, '2025-01-31': -3.43, '2025-02-28': -1.44, '2025-03-31': -2.46, '2025-04-30': 1.75, '2025-05-31': 2.96, '2025-06-30': 2.83, '2025-07-31': 0.12, '2025-08-31': 2.75, '2025-09-30': 2.18, '2025-10-31': -0.81, '2025-11-30': 1.86, '2025-12-31': 1.74}",6.13
S30a_DOW_Seasonality,ALICE_USDT_USDT,4H,17.72,4.17,0.2073,0.6521,0.3385,-12.32,139,1.0971,41.37,6.3741,278,0.1847,174.1692,112.009,1.555,4,8,5.56,-6.02,61.7,"{'2022-02-28': 1.8, '2022-03-31': 5.56, '2022-04-30': -1.89, '2022-05-31': -0.41, '2022-06-30': -3.02, '2022-07-31': -0.31, '2022-08-31': 2.8, '2022-09-30': 0.08, '2022-10-31': 2.18, '2022-11-30': -0.45, '2022-12-31': 1.65, '2023-01-31': 2.26, '2023-02-28': -0.88, '2023-03-31': -1.36, '2023-04-30': -0.42, '2023-05-31': 0.08, '2023-06-30': -3.01, '2023-07-31': 0.09, '2023-08-31': 0.09, '2023-09-30': 1.68, '2023-10-31': 0.07, '2023-11-30': 2.83, '2023-12-31': 1.75, '2024-01-31': -3.47, '2024-02-29': -0.46, '2024-03-31': 1.2, '2024-04-30': -3.48, '2024-05-31': -3.44, '2024-06-30': -0.89, '2024-07-31': 0.13, '2024-08-31': -0.92, '2024-09-30': 2.27, '2024-10-31': 0.65, '2024-11-30': 1.76, '2024-12-31': 1.21, '2025-01-31': 3.38, '2025-02-28': -6.02, '2025-03-31': 1.16, '2025-04-30': 0.14, '2025-05-31': 4.46, '2025-06-30': 2.77, '2025-07-31': -3.49, '2025-08-31': -3.5, '2025-09-30': 0.08, '2025-10-31': 3.92, '2025-11-30': 0.76, '2025-12-31': 5.53}",5.796
S30a_DOW_Seasonality,JST_USDT_USDT,4H,-31.71,-9.45,-1.2047,-2.5264,-0.291,-32.47,267,0.7955,35.06,-11.7005,271,-0.6238,129.8068,88.0823,1.4737,4,8,5.97,-7.37,39.13,"{'2022-03-31': 1.13, '2022-04-30': -7.37, '2022-05-31': -4.02, '2022-06-30': -0.46, '2022-07-31': -4.05, '2022-08-31': 1.1, '2022-09-30': -0.5, '2022-10-31': -3.59, '2022-11-30': -1.97, '2022-12-31': -1.12, '2023-01-31': 1.59, '2023-02-28': 1.12, '2023-03-31': 4.37, '2023-04-30': -1.08, '2023-05-31': -0.1, '2023-06-30': 3.05, '2023-07-31': 0.39, '2023-08-31': -1.31, '2023-09-30': -2.83, '2023-10-31': 2.7, '2023-11-30': -1.49, '2023-12-31': -2.65, '2024-01-31': 4.17, '2024-02-29': -1.22, '2024-03-31': 1.09, '2024-04-30': -4.08, '2024-05-31': -0.12, '2024-06-30': 0.88, '2024-07-31': -3.9, '2024-08-31': 1.53, '2024-09-30': -0.26, '2024-10-31': -2.11, '2024-11-30': 0.01, '2024-12-31': 1.15, '2025-01-31': 0.04, '2025-02-28': -2.66, '2025-03-31': -4.8, '2025-04-30': -2.76, '2025-05-31': 5.97, '2025-06-30': -1.64, '2025-07-31': -4.45, '2025-08-31': 3.12, '2025-09-30': -2.39, '2025-10-31': -2.86, '2025-11-30': 1.31, '2025-12-31': -5.17}",5.871
S30a_DOW_Seasonality,SUN_USDT_USDT,4H,18.9,4.62,0.5587,1.3667,0.2805,-16.47,147,1.1157,42.91,7.0537,268,0.3718,158.4939,106.7739,1.4844,6,13,6.39,-7.18,54.35,"{'2022-03-31': 0.06, '2022-04-30': 0.14, '2022-05-31': -4.02, '2022-06-30': 0.59, '2022-07-31': 0.0, '2022-08-31': 0.0, '2022-09-30': -0.46, '2022-10-31': 2.31, '2022-11-30': 0.1, '2022-12-31': 5.42, '2023-01-31': 0.82, '2023-02-28': -1.04, '2023-03-31': -3.47, '2023-04-30': -7.18, '2023-05-31': -0.17, '2023-06-30': 1.91, '2023-07-31': -3.31, '2023-08-31': -2.68, '2023-09-30': 1.2, '2023-10-31': 3.6, '2023-11-30': -0.65, '2023-12-31': 4.91, '2024-01-31': -2.04, '2024-02-29': 2.09, '2024-03-31': 0.07, '2024-04-30': -3.1, '2024-05-31': 4.74, '2024-06-30': -2.76, '2024-07-31': 4.44, '2024-08-31': 1.13, '2024-09-30': -1.47, '2024-10-31': 1.15, '2024-11-30': -0.9, '2024-12-31': 5.58, '2025-01-31': 4.4, '2025-02-28': -1.04, '2025-03-31': -4.12, '2025-04-30': 2.6, '2025-05-31': -2.2, '2025-06-30': 1.0, '2025-07-31': -0.73, '2025-08-31': -0.63, '2025-09-30': 2.62, '2025-10-31': 6.39, '2025-11-30': 0.33, '2025-12-31': 3.64}",5.806
S30a_DOW_Seasonality,ONT_USDT_USDT,4H,16.88,4.48,0.4036,1.5145,0.3029,-14.79,176,1.1131,41.83,6.7235,251,0.2933,158.1393,102.1715,1.5478,5,8,5.99,-7.93,64.29,"{'2022-07-31': -0.91, '2022-08-31': 1.73, '2022-09-30': -5.54, '2022-10-31': -4.65, '2022-11-30': -1.52, '2022-12-31': 2.17, '2023-01-31': 0.02, '2023-02-28': 0.09, '2023-03-31': 2.9, '2023-04-30': 2.76, '2023-05-31': 1.14, '2023-06-30': -2.01, '2023-07-31': -2.52, '2023-08-31': 3.16, '2023-09-30': -5.63, '2023-10-31': -1.06, '2023-11-30': -0.92, '2023-12-31': 0.05, '2024-01-31': 1.16, '2024-02-29': -3.63, '2024-03-31': 5.59, '2024-04-30': -3.87, '2024-05-31': -0.38, '2024-06-30': 1.08, '2024-07-31': 3.33, '2024-08-31': 0.61, '2024-09-30': 2.72, '2024-10-31': 1.63, '2024-11-30': 4.44, '2024-12-31': 2.25, '2025-01-31': -7.93, '2025-02-28': -1.98, '2025-03-31': 0.06, '2025-04-30': 5.51, '2025-05-31': 1.64, '2025-06-30': 5.99, '2025-07-31': 0.04, '2025-08-31': 2.72, '2025-09-30': 3.8, '2025-10-31': 1.69, '2025-11-30': -0.38, '2025-12-31': 0.05}",5.859
S30a_DOW_Seasonality,AGLD_USDT_USDT,4H,15.4,3.97,-0.2279,-0.5394,0.3373,-11.77,154,1.0973,41.27,6.1101,252,-0.2145,166.9745,106.9298,1.5615,8,9,7.25,-4.99,56.82,"{'2022-05-31': -0.41, '2022-06-30': 2.88, '2022-07-31': -2.02, '2022-08-31': 2.8, '2022-09-30': 0.13, '2022-10-31': -2.05, '2022-11-30': -0.42, '2022-12-31': 0.62, '2023-01-31': 0.64, '2023-02-28': -3.41, '2023-03-31': 1.32, '2023-04-30': -1.48, '2023-05-31': 0.66, '2023-06-30': -3.49, '2023-07-31': -0.28, '2023-08-31': 0.11, '2023-09-30': -0.3, '2023-10-31': 1.08, '2023-11-30': 2.24, '2023-12-31': 0.13, '2024-01-31': -0.87, '2024-02-29': -0.85, '2024-03-31': -2.46, '2024-04-30': 1.77, '2024-05-31': -0.93, '2024-06-30': 1.76, '2024-07-31': -0.92, '2024-08-31': 5.02, '2024-09-30': 1.66, '2024-10-31': 7.25, '2024-11-30': 4.94, '2024-12-31': -2.01, '2025-01-31': -4.99, '2025-02-28': 0.16, '2025-03-31': 0.13, '2025-04-30': 1.77, '2025-05-31': 2.81, '2025-06-30': 2.21, '2025-07-31': 3.94, '2025-08-31': -2.0, '2025-09-30': -3.59, '2025-10-31': 1.71, '2025-11-30': 1.76, '2025-12-31': -1.96}",5.686
S30b_MidWeek_MeanReversion,BTC_USDT_USDT,15m,-99.49,-73.28,-5.814,-9.8721,-0.7366,-99.49,2982,0.5997,54.56,-3.3363,2982,-0.1832,9.1626,18.3442,0.4995,13,9,4.41,-20.74,4.26,"{'2022-02-28': -10.12, '2022-03-31': 4.41, '2022-04-30': -14.94, '2022-05-31': 1.43, '2022-06-30': -15.91, '2022-07-31': -6.84, '2022-08-31': -13.09, '2022-09-30': -16.26, '2022-10-31': -8.67, '2022-11-30': -11.75, '2022-12-31': -10.75, '2023-01-31': -8.8, '2023-02-28': -15.01, '2023-03-31': -9.93, '2023-04-30': -14.33, '2023-05-31': -12.52, '2023-06-30': -17.8, '2023-07-31': -9.75, '2023-08-31': -20.74, '2023-09-30': -3.87, '2023-10-31': -3.4, '2023-11-30': -18.99, '2023-12-31': -17.3, '2024-01-31': -3.85, '2024-02-29': -20.62, '2024-03-31': -8.52, '2024-04-30': -17.19, '2024-05-31': -7.08, '2024-06-30': -7.15, '2024-07-31': -9.55, '2024-08-31': -8.63, '2024-09-30': -7.96, '2024-10-31': -8.15, '2024-11-30': -7.81, '2024-12-31': -14.07, '2025-01-31': -1.72, '2025-02-28': -10.8, '2025-03-31': -9.42, '2025-04-30': -10.71, '2025-05-31': -9.53, '2025-06-30': -0.96, '2025-07-31': -8.41, '2025-08-31': -4.11, '2025-09-30': -7.6, '2025-10-31': -17.12, '2025-11-30': -15.29, '2025-12-31': -9.21}",62.173
S30b_MidWeek_MeanReversion,ETH_USDT_USDT,15m,-99.47,-73.09,-4.6422,-8.6937,-0.7346,-99.5,2948,0.6441,54.58,-3.372,2950,-0.1905,11.1813,20.8576,0.5361,11,12,0.86,-24.68,6.38,"{'2022-02-28': -10.96, '2022-03-31': -3.64, '2022-04-30': -12.0, '2022-05-31': -0.8, '2022-06-30': -6.29, '2022-07-31': -4.09, '2022-08-31': -9.57, '2022-09-30': -9.23, '2022-10-31': -13.5, '2022-11-30': -11.93, '2022-12-31': -9.57, '2023-01-31': -8.3, '2023-02-28': -15.67, '2023-03-31': -9.32, '2023-04-30': -22.43, '2023-05-31': -9.32, '2023-06-30': -15.95, '2023-07-31': -7.63, '2023-08-31': -14.45, '2023-09-30': -6.39, '2023-10-31': -7.97, '2023-11-30': -13.67, '2023-12-31': -24.68, '2024-01-31': -16.57, '2024-02-29': -16.53, '2024-03-31': -13.72, '2024-04-30': -5.43, '2024-05-31': -0.2, '2024-06-30': -7.11, '2024-07-31': -7.83, '2024-08-31': -9.75, '2024-09-30': -11.64, '2024-10-31': -13.28, '2024-11-30': -8.95, '2024-12-31': -10.0, '2025-01-31': -6.81, '2025-02-28': -2.85, '2025-03-31': -12.62, '2025-04-30': -11.95, '2025-05-31': -17.73, '2025-06-30': 0.46, '2025-07-31': -17.38, '2025-08-31': 0.25, '2025-09-30': 0.86, '2025-10-31': -12.89, '2025-11-30': -16.67, '2025-12-31': -9.34}",61.505
S30b_MidWeek_MeanReversion,SOL_USDT_USDT,15m,-97.4,-59.88,-1.856,-3.2345,-0.614,-97.52,2983,0.7682,56.98,-3.263,2985,-0.1237,18.9786,32.728,0.5799,12,9,1.49,-20.0,6.38,"{'2022-02-28': -7.25, '2022-03-31': -6.23, '2022-04-30': -4.05, '2022-05-31': -1.24, '2022-06-30': -10.87, '2022-07-31': -0.41, '2022-08-31': -3.5, '2022-09-30': -1.14, '2022-10-31': -9.08, '2022-11-30': -5.74, '2022-12-31': -15.95, '2023-01-31': 1.26, '2023-02-28': -16.93, '2023-03-31': 0.11, '2023-04-30': -13.73, '2023-05-31': -9.21, '2023-06-30': -8.85, '2023-07-31': -7.02, '2023-08-31': -20.0, '2023-09-30': -5.43, '2023-10-31': -0.2, '2023-11-30': 1.49, '2023-12-31': -2.59, '2024-01-31': -12.2, '2024-02-29': -17.07, '2024-03-31': -1.77, '2024-04-30': -7.83, '2024-05-31': -1.36, '2024-06-30': -5.81, '2024-07-31': -1.29, '2024-08-31': -4.52, '2024-09-30': -0.43, '2024-10-31': -2.53, '2024-11-30': -6.43, '2024-12-31': -15.52, '2025-01-31': -9.97, '2025-02-28': -3.53, '2025-03-31': -7.82, '2025-04-30': -14.51, '2025-05-31': -14.98, '2025-06-30': -0.91, '2025-07-31': -8.91, '2025-08-31': -9.12, '2025-09-30': -10.11, '2025-10-31': -12.66, '2025-11-30': -11.98, '2025-12-31': -9.14}",62.235
S30b_MidWeek_MeanReversion,XRP_USDT_USDT,15m,-97.05,-58.58,-2.6692,-4.5656,-0.6034,-97.08,2894,0.7384,58.39,-3.3512,2896,-0.1298,16.2013,30.7895,0.5262,15,8,4.62,-18.54,8.51,"{'2022-02-28': -8.6, '2022-03-31': 4.62, '2022-04-30': -9.47, '2022-05-31': -5.53, '2022-06-30': -3.74, '2022-07-31': -3.32, '2022-08-31': -13.82, '2022-09-30': -8.01, '2022-10-31': -5.92, '2022-11-30': -7.97, '2022-12-31': -6.46, '2023-01-31': -3.08, '2023-02-28': -7.21, '2023-03-31': -15.34, '2023-04-30': -13.03, '2023-05-31': -11.55, '2023-06-30': -5.16, '2023-07-31': -3.14, '2023-08-31': -4.45, '2023-09-30': -2.75, '2023-10-31': -4.29, '2023-11-30': -7.57, '2023-12-31': -7.59, '2024-01-31': -8.48, '2024-02-29': -9.04, '2024-03-31': -1.01, '2024-04-30': -4.05, '2024-05-31': -10.7, '2024-06-30': -1.04, '2024-07-31': -14.03, '2024-08-31': 0.21, '2024-09-30': -8.13, '2024-10-31': -12.15, '2024-11-30': -8.98, '2024-12-31': 0.3, '2025-01-31': -6.09, '2025-02-28': 1.4, '2025-03-31': -6.89, '2025-04-30': -9.65, '2025-05-31': -1.29, '2025-06-30': -1.14, '2025-07-31': -11.84, '2025-08-31': -4.8, '2025-09-30': -7.78, '2025-10-31': -16.4, '2025-11-30': -11.78, '2025-12-31': -18.54}",60.38
S30b_MidWeek_MeanReversion,DOGE_USDT_USDT,15m,-95.58,-54.17,-1.9173,-3.1202,-0.5661,-95.69,2928,0.7644,58.35,-3.2632,2929,-0.1135,18.1453,33.2526,0.5457,11,7,3.39,-17.04,10.64,"{'2022-02-28': -9.53, '2022-03-31': 0.74, '2022-04-30': -11.16, '2022-05-31': -4.32, '2022-06-30': -3.68, '2022-07-31': -4.5, '2022-08-31': -2.52, '2022-09-30': -4.97, '2022-10-31': -9.62, '2022-11-30': -6.61, '2022-12-31': -7.45, '2023-01-31': -10.71, '2023-02-28': -6.68, '2023-03-31': -4.23, '2023-04-30': -0.03, '2023-05-31': -5.07, '2023-06-30': -12.83, '2023-07-31': -7.25, '2023-08-31': -12.65, '2023-09-30': -3.44, '2023-10-31': -4.85, '2023-11-30': -10.44, '2023-12-31': -1.2, '2024-01-31': -13.73, '2024-02-29': -13.44, '2024-03-31': -3.91, '2024-04-30': -3.6, '2024-05-31': 0.03, '2024-06-30': -13.3, '2024-07-31': -5.83, '2024-08-31': -2.15, '2024-09-30': -5.03, '2024-10-31': -9.07, '2024-11-30': 0.47, '2024-12-31': 0.68, '2025-01-31': -3.25, '2025-02-28': -3.66, '2025-03-31': -5.1, '2025-04-30': -3.03, '2025-05-31': -6.92, '2025-06-30': 3.39, '2025-07-31': -12.62, '2025-08-31': -0.53, '2025-09-30': -7.79, '2025-10-31': -15.64, '2025-11-30': -7.7, '2025-12-31': -17.04}",61.068
S30b_MidWeek_MeanReversion,ADA_USDT_USDT,15m,-97.77,-61.38,-2.826,-5.1454,-0.6272,-97.86,3065,0.7425,57.79,-3.1795,3075,-0.1442,15.8648,29.2517,0.5424,15,8,4.24,-18.99,12.77,"{'2022-02-28': -0.4, '2022-03-31': 1.13, '2022-04-30': -8.69, '2022-05-31': -11.47, '2022-06-30': 4.24, '2022-07-31': -9.48, '2022-08-31': 0.66, '2022-09-30': -6.38, '2022-10-31': -9.6, '2022-11-30': -11.11, '2022-12-31': -11.51, '2023-01-31': -11.15, '2023-02-28': -18.84, '2023-03-31': -10.59, '2023-04-30': -18.28, '2023-05-31': -3.76, '2023-06-30': -18.99, '2023-07-31': 2.8, '2023-08-31': -11.81, '2023-09-30': -1.63, '2023-10-31': -0.5, '2023-11-30': -15.12, '2023-12-31': -13.34, '2024-01-31': -9.99, '2024-02-29': -8.47, '2024-03-31': -1.83, '2024-04-30': -10.4, '2024-05-31': 0.88, '2024-06-30': -7.11, '2024-07-31': -1.96, '2024-08-31': -6.58, '2024-09-30': -12.88, '2024-10-31': -9.03, '2024-11-30': -4.45, '2024-12-31': 3.37, '2025-01-31': -6.65, '2025-02-28': -3.26, '2025-03-31': -3.91, '2025-04-30': -6.06, '2025-05-31': -5.25, '2025-06-30': -8.51, '2025-07-31': -9.47, '2025-08-31': -4.44, '2025-09-30': -9.08, '2025-10-31': -16.12, '2025-11-30': -8.94, '2025-12-31': -11.07}",64.112
S30b_MidWeek_MeanReversion,AVAX_USDT_USDT,15m,-98.37,-64.3,-2.8038,-5.478,-0.6535,-98.39,3095,0.7467,56.44,-3.1763,3097,-0.1638,16.5855,28.7831,0.5762,10,14,6.93,-22.92,10.64,"{'2022-02-28': -10.65, '2022-03-31': 6.11, '2022-04-30': -3.65, '2022-05-31': -7.31, '2022-06-30': -3.27, '2022-07-31': -5.49, '2022-08-31': -6.6, '2022-09-30': -4.8, '2022-10-31': -8.02, '2022-11-30': -9.38, '2022-12-31': -10.77, '2023-01-31': -6.83, '2023-02-28': -13.55, '2023-03-31': -8.26, '2023-04-30': -20.16, '2023-05-31': -15.96, '2023-06-30': -22.71, '2023-07-31': 5.33, '2023-08-31': -12.22, '2023-09-30': 0.84, '2023-10-31': -5.77, '2023-11-30': -10.68, '2023-12-31': -14.22, '2024-01-31': -2.36, '2024-02-29': -6.07, '2024-03-31': -3.97, '2024-04-30': -5.2, '2024-05-31': -4.44, '2024-06-30': -1.85, '2024-07-31': -18.16, '2024-08-31': -8.26, '2024-09-30': -8.61, '2024-10-31': -4.1, '2024-11-30': -15.75, '2024-12-31': -5.15, '2025-01-31': -6.83, '2025-02-28': 1.15, '2025-03-31': -5.4, '2025-04-30': -12.96, '2025-05-31': -3.52, '2025-06-30': -0.03, '2025-07-31': -18.02, '2025-08-31': 6.93, '2025-09-30': -14.67, '2025-10-31': -22.92, '2025-11-30': -8.63, '2025-12-31': -15.7}",64.57
S30b_MidWeek_MeanReversion,LINK_USDT_USDT,15m,-97.85,-61.74,-2.7426,-5.2303,-0.63,-98.0,2938,0.7173,56.89,-3.3215,2946,-0.1474,14.8172,27.2588,0.5436,10,8,6.7,-18.2,12.77,"{'2022-02-28': -14.77, '2022-03-31': -8.8, '2022-04-30': -7.87, '2022-05-31': -2.14, '2022-06-30': -1.45, '2022-07-31': -2.46, '2022-08-31': -16.56, '2022-09-30': -10.31, '2022-10-31': -12.81, '2022-11-30': -5.63, '2022-12-31': -7.29, '2023-01-31': -5.02, '2023-02-28': -9.74, '2023-03-31': -10.8, '2023-04-30': -16.67, '2023-05-31': -9.11, '2023-06-30': -18.2, '2023-07-31': -3.79, '2023-08-31': -17.14, '2023-09-30': -0.49, '2023-10-31': 6.7, '2023-11-30': -9.35, '2023-12-31': -15.55, '2024-01-31': -3.61, '2024-02-29': -4.67, '2024-03-31': -10.58, '2024-04-30': -1.54, '2024-05-31': 1.58, '2024-06-30': -8.93, '2024-07-31': 0.26, '2024-08-31': -15.59, '2024-09-30': -10.75, '2024-10-31': -13.38, '2024-11-30': -12.42, '2024-12-31': 4.82, '2025-01-31': -13.2, '2025-02-28': 1.42, '2025-03-31': -7.62, '2025-04-30': -8.92, '2025-05-31': -9.08, '2025-06-30': -2.81, '2025-07-31': -7.41, '2025-08-31': 4.16, '2025-09-30': -3.17, '2025-10-31': -15.7, '2025-11-30': -7.61, '2025-12-31': -11.55}",61.422
S30b_MidWeek_MeanReversion,BNB_USDT_USDT,15m,-99.22,-70.27,-4.5727,-7.7882,-0.7082,-99.22,3161,0.6038,57.05,-3.1358,3164,-0.1592,8.3765,18.4262,0.4546,15,11,0.32,-16.34,2.13,"{'2022-02-28': -13.67, '2022-03-31': -7.78, '2022-04-30': -15.38, '2022-05-31': 0.32, '2022-06-30': -3.16, '2022-07-31': -13.73, '2022-08-31': -11.17, '2022-09-30': -15.6, '2022-10-31': -7.08, '2022-11-30': -4.46, '2022-12-31': -4.73, '2023-01-31': -15.14, '2023-02-28': -13.02, '2023-03-31': -4.25, '2023-04-30': -13.89, '2023-05-31': -11.81, '2023-06-30': -6.19, '2023-07-31': -4.58, '2023-08-31': -8.51, '2023-09-30': -5.84, '2023-10-31': -3.14, '2023-11-30': -9.82, '2023-12-31': -10.0, '2024-01-31': -6.88, '2024-02-29': -11.53, '2024-03-31': -16.24, '2024-04-30': -4.14, '2024-05-31': -9.41, '2024-06-30': -15.12, '2024-07-31': -4.87, '2024-08-31': -2.36, '2024-09-30': -12.73, '2024-10-31': -16.34, '2024-11-30': -8.21, '2024-12-31': -12.66, '2025-01-31': -7.24, '2025-02-28': -13.91, '2025-03-31': -7.08, '2025-04-30': -7.37, '2025-05-31': -13.86, '2025-06-30': -5.99, '2025-07-31': -9.82, '2025-08-31': -2.45, '2025-09-30': -13.76, '2025-10-31': -6.08, '2025-11-30': -9.96, '2025-12-31': -15.32}",65.967
S30b_MidWeek_MeanReversion,LTC_USDT_USDT,15m,-97.34,-59.65,-2.8844,-5.3389,-0.6122,-97.44,3079,0.7021,58.86,-3.1584,3082,-0.1273,12.6485,25.7717,0.4908,17,7,6.32,-16.03,12.77,"{'2022-02-28': -8.22, '2022-03-31': -4.77, '2022-04-30': -14.42, '2022-05-31': -5.35, '2022-06-30': -9.57, '2022-07-31': -7.56, '2022-08-31': -11.04, '2022-09-30': -14.86, '2022-10-31': -5.26, '2022-11-30': -6.82, '2022-12-31': -2.34, '2023-01-31': -3.76, '2023-02-28': -16.03, '2023-03-31': -12.15, '2023-04-30': -11.81, '2023-05-31': -13.75, '2023-06-30': -8.44, '2023-07-31': 6.32, '2023-08-31': -9.94, '2023-09-30': -8.45, '2023-10-31': -10.12, '2023-11-30': -5.63, '2023-12-31': -6.66, '2024-01-31': -3.65, '2024-02-29': -8.69, '2024-03-31': -6.72, '2024-04-30': -12.37, '2024-05-31': -8.21, '2024-06-30': -10.67, '2024-07-31': -13.68, '2024-08-31': 1.02, '2024-09-30': -6.25, '2024-10-31': -2.01, '2024-11-30': -8.47, '2024-12-31': 2.96, '2025-01-31': -4.43, '2025-02-28': 0.7, '2025-03-31': 2.19, '2025-04-30': -8.37, '2025-05-31': -9.32, '2025-06-30': 3.83, '2025-07-31': -6.89, '2025-08-31': -4.14, '2025-09-30': -5.21, '2025-10-31': -14.37, '2025-11-30': -9.4, '2025-12-31': -12.31}",64.258
S30b_MidWeek_MeanReversion,DOT_USDT_USDT,15m,-97.29,-59.46,-3.1037,-5.7004,-0.6105,-97.39,3010,0.7451,58.03,-3.2302,3012,-0.152,16.2717,30.1995,0.5388,19,8,7.16,-17.49,12.77,"{'2022-02-28': 0.7, '2022-03-31': 7.16, '2022-04-30': -16.05, '2022-05-31': 0.72, '2022-06-30': -4.3, '2022-07-31': -7.78, '2022-08-31': -3.89, '2022-09-30': -6.11, '2022-10-31': -6.22, '2022-11-30': -17.49, '2022-12-31': -8.91, '2023-01-31': -7.84, '2023-02-28': -11.05, '2023-03-31': -10.25, '2023-04-30': -14.01, '2023-05-31': -10.81, '2023-06-30': -13.63, '2023-07-31': -2.67, '2023-08-31': -11.64, '2023-09-30': 0.12, '2023-10-31': -7.68, '2023-11-30': -17.12, '2023-12-31': -13.68, '2024-01-31': -8.65, '2024-02-29': -9.42, '2024-03-31': -9.01, '2024-04-30': -10.11, '2024-05-31': -3.1, '2024-06-30': -0.57, '2024-07-31': -15.62, '2024-08-31': -5.17, '2024-09-30': -12.29, '2024-10-31': -1.19, '2024-11-30': -5.41, '2024-12-31': -3.13, '2025-01-31': -2.3, '2025-02-28': -9.8, '2025-03-31': 5.35, '2025-04-30': -8.51, '2025-05-31': -2.84, '2025-06-30': -5.12, '2025-07-31': -6.12, '2025-08-31': 4.83, '2025-09-30': -5.92, '2025-10-31': -14.65, '2025-11-30': -6.33, '2025-12-31': -12.18}",62.798
S30b_MidWeek_MeanReversion,BCH_USDT_USDT,15m,-97.88,-61.87,-3.0332,-5.8428,-0.6316,-97.96,3127,0.688,58.23,-3.1282,3129,-0.1371,11.8439,23.9997,0.4935,15,10,8.85,-20.47,8.51,"{'2022-02-28': -9.5, '2022-03-31': -8.3, '2022-04-30': -13.07, '2022-05-31': -2.43, '2022-06-30': -6.59, '2022-07-31': 0.27, '2022-08-31': -15.78, '2022-09-30': -11.34, '2022-10-31': -7.95, '2022-11-30': -3.16, '2022-12-31': -4.06, '2023-01-31': -3.45, '2023-02-28': -11.7, '2023-03-31': -9.11, '2023-04-30': -8.03, '2023-05-31': -15.18, '2023-06-30': -16.56, '2023-07-31': -7.49, '2023-08-31': -17.28, '2023-09-30': -2.36, '2023-10-31': -6.22, '2023-11-30': -6.68, '2023-12-31': -17.36, '2024-01-31': -8.5, '2024-02-29': -5.43, '2024-03-31': -7.52, '2024-04-30': -14.61, '2024-05-31': -1.78, '2024-06-30': -8.73, '2024-07-31': 2.17, '2024-08-31': -2.1, '2024-09-30': -6.65, '2024-10-31': -8.03, '2024-11-30': -1.22, '2024-12-31': -2.87, '2025-01-31': -13.64, '2025-02-28': 4.99, '2025-03-31': -10.21, '2025-04-30': -1.1, '2025-05-31': -12.99, '2025-06-30': -0.92, '2025-07-31': 8.85, '2025-08-31': -4.74, '2025-09-30': -7.91, '2025-10-31': -20.47, '2025-11-30': -12.12, '2025-12-31': -6.77}",65.238
S30b_MidWeek_MeanReversion,ATOM_USDT_USDT,15m,-97.79,-61.48,-2.9549,-5.5972,-0.6281,-97.89,3077,0.749,57.66,-3.1679,3087,-0.1513,16.3928,29.8076,0.55,10,7,6.47,-18.41,12.77,"{'2022-02-28': -8.75, '2022-03-31': 1.39, '2022-04-30': -4.05, '2022-05-31': -7.41, '2022-06-30': -0.67, '2022-07-31': -10.07, '2022-08-31': -13.68, '2022-09-30': -5.84, '2022-10-31': -7.53, '2022-11-30': -9.31, '2022-12-31': -12.38, '2023-01-31': -5.5, '2023-02-28': -12.42, '2023-03-31': -10.67, '2023-04-30': -15.31, '2023-05-31': -8.2, '2023-06-30': -16.56, '2023-07-31': 0.2, '2023-08-31': -10.69, '2023-09-30': -2.85, '2023-10-31': -4.74, '2023-11-30': -8.39, '2023-12-31': -5.69, '2024-01-31': -8.46, '2024-02-29': -7.32, '2024-03-31': -4.57, '2024-04-30': -9.2, '2024-05-31': 5.18, '2024-06-30': -7.27, '2024-07-31': -13.98, '2024-08-31': -11.97, '2024-09-30': -18.41, '2024-10-31': -2.89, '2024-11-30': -8.1, '2024-12-31': -15.72, '2025-01-31': -12.09, '2025-02-28': -4.87, '2025-03-31': 2.1, '2025-04-30': -8.93, '2025-05-31': -7.54, '2025-06-30': 3.05, '2025-07-31': -12.84, '2025-08-31': 6.47, '2025-09-30': -3.9, '2025-10-31': -12.57, '2025-11-30': -9.66, '2025-12-31': -13.51}",64.362
S30b_MidWeek_MeanReversion,NEAR_USDT_USDT,15m,-94.69,-52.01,-1.8422,-3.7452,-0.5479,-94.93,3036,0.7943,57.98,-3.1106,3044,-0.119,20.71,35.9826,0.5756,11,8,8.14,-20.06,21.28,"{'2022-02-28': -11.44, '2022-03-31': 4.6, '2022-04-30': -5.49, '2022-05-31': 1.78, '2022-06-30': -6.21, '2022-07-31': 3.05, '2022-08-31': -8.67, '2022-09-30': -13.31, '2022-10-31': -6.67, '2022-11-30': -6.82, '2022-12-31': -9.94, '2023-01-31': -16.6, '2023-02-28': -14.01, '2023-03-31': -6.98, '2023-04-30': -20.06, '2023-05-31': 0.22, '2023-06-30': -10.56, '2023-07-31': 2.45, '2023-08-31': -10.47, '2023-09-30': -2.5, '2023-10-31': -5.56, '2023-11-30': -9.29, '2023-12-31': -6.34, '2024-01-31': -11.86, '2024-02-29': -9.91, '2024-03-31': 8.14, '2024-04-30': 0.77, '2024-05-31': -2.34, '2024-06-30': -8.39, '2024-07-31': -0.51, '2024-08-31': -5.73, '2024-09-30': -0.67, '2024-10-31': -9.93, '2024-11-30': -6.26, '2024-12-31': 1.84, '2025-01-31': -4.63, '2025-02-28': -1.17, '2025-03-31': -5.91, '2025-04-30': -8.43, '2025-05-31': -3.71, '2025-06-30': 6.52, '2025-07-31': -13.73, '2025-08-31': 2.85, '2025-09-30': -13.49, '2025-10-31': -14.24, '2025-11-30': -2.71, '2025-12-31': -12.13}",63.465
S30b_MidWeek_MeanReversion,UNI_USDT_USDT,15m,-99.04,-68.72,-3.3137,-6.49,-0.6938,-99.05,3282,0.7022,55.88,-3.0177,3282,-0.182,12.731,22.9645,0.5544,11,8,3.99,-22.28,12.77,"{'2022-02-28': -8.17, '2022-03-31': -9.87, '2022-04-30': -11.85, '2022-05-31': -10.88, '2022-06-30': -4.0, '2022-07-31': -10.07, '2022-08-31': -5.48, '2022-09-30': 2.2, '2022-10-31': -10.96, '2022-11-30': -19.71, '2022-12-31': -6.26, '2023-01-31': -9.6, '2023-02-28': -13.98, '2023-03-31': -16.88, '2023-04-30': -22.28, '2023-05-31': -16.65, '2023-06-30': -19.03, '2023-07-31': -1.39, '2023-08-31': -21.6, '2023-09-30': -8.69, '2023-10-31': -9.93, '2023-11-30': -15.27, '2023-12-31': -8.5, '2024-01-31': -12.63, '2024-02-29': -13.59, '2024-03-31': -5.86, '2024-04-30': -6.12, '2024-05-31': 3.99, '2024-06-30': -16.39, '2024-07-31': -0.1, '2024-08-31': -13.82, '2024-09-30': -11.26, '2024-10-31': 0.66, '2024-11-30': -10.9, '2024-12-31': 0.62, '2025-01-31': -4.01, '2025-02-28': -2.25, '2025-03-31': -11.61, '2025-04-30': -5.14, '2025-05-31': -16.5, '2025-06-30': 0.53, '2025-07-31': -3.54, '2025-08-31': 3.71, '2025-09-30': -2.86, '2025-10-31': -14.92, '2025-11-30': -7.07, '2025-12-31': -17.61}",68.427
S30b_MidWeek_MeanReversion,OP_USDT_USDT,15m,-94.93,-56.48,-2.694,-4.9219,-0.5931,-95.23,2707,0.7412,57.01,-3.5029,2710,-0.1874,17.5942,31.4815,0.5589,12,8,9.15,-17.3,14.29,"{'2022-07-31': -7.63, '2022-08-31': -11.81, '2022-09-30': -5.3, '2022-10-31': -4.01, '2022-11-30': -7.96, '2022-12-31': -7.34, '2023-01-31': -3.81, '2023-02-28': -10.19, '2023-03-31': -8.55, '2023-04-30': -17.3, '2023-05-31': -13.77, '2023-06-30': -10.59, '2023-07-31': -6.72, '2023-08-31': -10.11, '2023-09-30': -2.86, '2023-10-31': -12.23, '2023-11-30': -3.17, '2023-12-31': -14.78, '2024-01-31': -10.51, '2024-02-29': -9.42, '2024-03-31': -3.53, '2024-04-30': -7.91, '2024-05-31': 0.43, '2024-06-30': 0.62, '2024-07-31': -11.25, '2024-08-31': -4.7, '2024-09-30': -5.83, '2024-10-31': 3.13, '2024-11-30': -6.01, '2024-12-31': 0.36, '2025-01-31': -7.01, '2025-02-28': -6.2, '2025-03-31': -8.46, '2025-04-30': -4.31, '2025-05-31': -9.67, '2025-06-30': 1.33, '2025-07-31': -5.29, '2025-08-31': 9.15, '2025-09-30': -0.55, '2025-10-31': -14.02, '2025-11-30': -14.08, '2025-12-31': -5.77}",63.019
S30b_MidWeek_MeanReversion,APT_USDT_USDT,15m,-92.67,-55.81,-2.7973,-4.9834,-0.6001,-93.0,2365,0.7567,57.56,-3.9021,2375,-0.172,21.0879,37.7923,0.558,14,7,7.38,-16.21,15.79,"{'2022-11-30': -15.03, '2022-12-31': -8.4, '2023-01-31': -13.62, '2023-02-28': -2.4, '2023-03-31': 0.3, '2023-04-30': -16.21, '2023-05-31': -7.82, '2023-06-30': -5.26, '2023-07-31': -4.66, '2023-08-31': -12.04, '2023-09-30': 5.12, '2023-10-31': 3.01, '2023-11-30': -4.65, '2023-12-31': -1.19, '2024-01-31': -2.23, '2024-02-29': -3.54, '2024-03-31': 5.39, '2024-04-30': -15.29, '2024-05-31': 7.38, '2024-06-30': -5.49, '2024-07-31': -4.57, '2024-08-31': -15.97, '2024-09-30': -7.75, '2024-10-31': -8.6, '2024-11-30': -8.93, '2024-12-31': -6.65, '2025-01-31': -12.11, '2025-02-28': -10.98, '2025-03-31': -6.63, '2025-04-30': -7.61, '2025-05-31': -16.11, '2025-06-30': -7.53, '2025-07-31': -8.9, '2025-08-31': 4.6, '2025-09-30': -4.67, '2025-10-31': -9.61, '2025-11-30': -9.65, '2025-12-31': -6.3}",61.843
S30b_MidWeek_MeanReversion,FIL_USDT_USDT,15m,-93.13,-48.83,-1.8314,-3.4451,-0.5239,-93.21,3005,0.8205,59.38,-3.0982,3006,-0.0989,23.8531,42.4988,0.5613,12,7,16.8,-20.56,17.02,"{'2022-02-28': -8.56, '2022-03-31': 16.8, '2022-04-30': -8.62, '2022-05-31': 1.46, '2022-06-30': -4.91, '2022-07-31': -0.16, '2022-08-31': -2.78, '2022-09-30': -6.37, '2022-10-31': 0.32, '2022-11-30': -0.14, '2022-12-31': -4.55, '2023-01-31': -12.99, '2023-02-28': -10.99, '2023-03-31': -9.66, '2023-04-30': -11.67, '2023-05-31': -2.87, '2023-06-30': -8.92, '2023-07-31': -0.5, '2023-08-31': -5.39, '2023-09-30': 0.6, '2023-10-31': 1.89, '2023-11-30': -14.58, '2023-12-31': -3.07, '2024-01-31': -8.16, '2024-02-29': 0.53, '2024-03-31': -0.01, '2024-04-30': -4.64, '2024-05-31': -4.7, '2024-06-30': 0.99, '2024-07-31': -11.72, '2024-08-31': -9.06, '2024-09-30': -5.43, '2024-10-31': -5.59, '2024-11-30': -5.23, '2024-12-31': -5.71, '2025-01-31': -8.26, '2025-02-28': -7.11, '2025-03-31': 0.38, '2025-04-30': -10.29, '2025-05-31': -11.89, '2025-06-30': -1.49, '2025-07-31': -8.32, '2025-08-31': -2.8, '2025-09-30': -5.75, '2025-10-31': -20.56, '2025-11-30': -3.9, '2025-12-31': -6.27}",62.673
S30b_MidWeek_MeanReversion,INJ_USDT_USDT,15m,-80.59,-38.5,-1.3372,-2.6581,-0.4621,-83.32,2450,0.8662,59.47,-3.1141,2588,-0.0907,33.9022,57.4211,0.5904,14,7,9.13,-16.64,30.0,"{'2022-09-30': 9.13, '2022-10-31': -2.19, '2022-11-30': -14.32, '2022-12-31': -0.1, '2023-01-31': -4.49, '2023-02-28': -7.02, '2023-03-31': 3.68, '2023-04-30': -12.85, '2023-05-31': -11.22, '2023-06-30': 1.51, '2023-07-31': 0.26, '2023-08-31': -9.11, '2023-09-30': 3.31, '2023-10-31': -3.25, '2023-11-30': -10.53, '2023-12-31': -10.35, '2024-01-31': -0.1, '2024-02-29': 1.5, '2024-03-31': 5.55, '2024-04-30': -12.72, '2024-05-31': 1.39, '2024-06-30': 4.76, '2024-07-31': -3.33, '2024-08-31': 0.12, '2024-09-30': -12.83, '2024-10-31': -6.61, '2024-11-30': -5.38, '2024-12-31': 0.15, '2025-01-31': -16.64, '2025-02-28': -1.72, '2025-03-31': -6.55, '2025-04-30': -3.57, '2025-05-31': 3.46, '2025-06-30': -5.34, '2025-07-31': -0.73, '2025-08-31': -0.31, '2025-09-30': -8.51, '2025-10-31': -4.49, '2025-11-30': -1.21, '2025-12-31': -13.87}",63.944
S30b_MidWeek_MeanReversion,TRX_USDT_USDT,15m,-99.79,-78.55,-5.6433,-6.7648,-0.7872,-99.79,3473,0.5439,54.43,-2.8764,3474,-0.1911,6.2936,13.8305,0.4551,18,15,-0.77,-18.87,0.0,"{'2022-02-28': -15.08, '2022-03-31': -2.11, '2022-04-30': -17.73, '2022-05-31': -7.46, '2022-06-30': -18.68, '2022-07-31': -0.77, '2022-08-31': -15.35, '2022-09-30': -14.85, '2022-10-31': -6.25, '2022-11-30': -11.58, '2022-12-31': -15.29, '2023-01-31': -9.04, '2023-02-28': -10.8, '2023-03-31': -10.25, '2023-04-30': -13.04, '2023-05-31': -6.54, '2023-06-30': -10.18, '2023-07-31': -5.95, '2023-08-31': -13.89, '2023-09-30': -7.13, '2023-10-31': -6.58, '2023-11-30': -16.7, '2023-12-31': -11.98, '2024-01-31': -17.47, '2024-02-29': -8.39, '2024-03-31': -11.42, '2024-04-30': -18.87, '2024-05-31': -9.3, '2024-06-30': -11.82, '2024-07-31': -16.29, '2024-08-31': -16.33, '2024-09-30': -11.23, '2024-10-31': -13.25, '2024-11-30': -13.07, '2024-12-31': -11.27, '2025-01-31': -12.69, '2025-02-28': -11.14, '2025-03-31': -11.14, '2025-04-30': -17.32, '2025-05-31': -13.34, '2025-06-30': -12.83, '2025-07-31': -18.51, '2025-08-31': -10.57, '2025-09-30': -7.73, '2025-10-31': -18.1, '2025-11-30': -7.72, '2025-12-31': -10.95}",72.431
S30b_MidWeek_MeanReversion,ETC_USDT_USDT,15m,-97.53,-60.4,-2.7194,-4.8286,-0.6187,-97.63,3133,0.7465,58.26,-3.1101,3136,-0.1313,15.7172,29.3878,0.5348,18,12,8.69,-20.34,14.89,"{'2022-02-28': -13.23, '2022-03-31': 2.88, '2022-04-30': -11.36, '2022-05-31': -6.95, '2022-06-30': -3.07, '2022-07-31': -0.26, '2022-08-31': -3.08, '2022-09-30': -4.64, '2022-10-31': -3.74, '2022-11-30': -13.6, '2022-12-31': -12.2, '2023-01-31': -10.2, '2023-02-28': -8.32, '2023-03-31': -3.47, '2023-04-30': -6.66, '2023-05-31': -11.43, '2023-06-30': -13.28, '2023-07-31': 0.35, '2023-08-31': -19.84, '2023-09-30': -4.28, '2023-10-31': -5.61, '2023-11-30': -5.18, '2023-12-31': -13.25, '2024-01-31': -11.82, '2024-02-29': -11.54, '2024-03-31': -3.4, '2024-04-30': -7.57, '2024-05-31': 6.21, '2024-06-30': -3.8, '2024-07-31': -1.57, '2024-08-31': -1.36, '2024-09-30': -16.87, '2024-10-31': -7.61, '2024-11-30': -7.57, '2024-12-31': -10.01, '2025-01-31': -12.01, '2025-02-28': -8.9, '2025-03-31': -14.78, '2025-04-30': 2.88, '2025-05-31': -20.34, '2025-06-30': 1.36, '2025-07-31': -18.41, '2025-08-31': 8.69, '2025-09-30': -5.11, '2025-10-31': -16.13, '2025-11-30': 2.47, '2025-12-31': -11.66}",65.383
S30b_MidWeek_MeanReversion,XLM_USDT_USDT,15m,-98.85,-67.27,-3.3311,-5.6104,-0.6803,-98.88,3190,0.6818,57.56,-3.0359,3256,-0.1469,11.3024,22.4787,0.5028,15,9,1.77,-20.32,2.13,"{'2022-02-28': -10.47, '2022-03-31': 1.77, '2022-04-30': -7.96, '2022-05-31': -8.98, '2022-06-30': -13.68, '2022-07-31': -6.89, '2022-08-31': -16.97, '2022-09-30': -12.31, '2022-10-31': -7.79, '2022-11-30': -20.32, '2022-12-31': -14.96, '2023-01-31': -9.42, '2023-02-28': -17.56, '2023-03-31': -17.73, '2023-04-30': -12.57, '2023-05-31': -8.3, '2023-06-30': -18.83, '2023-07-31': -8.61, '2023-08-31': -11.72, '2023-09-30': -10.23, '2023-10-31': -4.77, '2023-11-30': -6.75, '2023-12-31': -7.7, '2024-01-31': -14.28, '2024-02-29': -6.02, '2024-03-31': -7.17, '2024-04-30': -5.82, '2024-05-31': -1.85, '2024-06-30': -9.44, '2024-07-31': -10.06, '2024-08-31': -6.62, '2024-09-30': -9.07, '2024-10-31': -3.99, '2024-11-30': -3.75, '2024-12-31': -4.77, '2025-01-31': -3.84, '2025-02-28': -2.81, '2025-03-31': -0.99, '2025-04-30': -14.12, '2025-05-31': -0.85, '2025-06-30': -5.62, '2025-07-31': -11.31, '2025-08-31': -3.62, '2025-09-30': -7.87, '2025-10-31': -14.95, '2025-11-30': -6.28, '2025-12-31': -12.28}",67.885
S30b_MidWeek_MeanReversion,RUNE_USDT_USDT,15m,-99.54,-73.94,-3.7237,-7.3015,-0.7427,-99.55,3291,0.6796,54.45,-3.0245,3291,-0.2222,11.7804,20.7233,0.5685,10,9,4.35,-26.2,8.51,"{'2022-02-28': -8.81, '2022-03-31': -8.01, '2022-04-30': -5.67, '2022-05-31': -2.93, '2022-06-30': -2.22, '2022-07-31': -9.56, '2022-08-31': -4.95, '2022-09-30': -9.49, '2022-10-31': -10.67, '2022-11-30': -26.2, '2022-12-31': -11.78, '2023-01-31': -6.39, '2023-02-28': -13.18, '2023-03-31': -14.97, '2023-04-30': -22.66, '2023-05-31': -20.33, '2023-06-30': -16.82, '2023-07-31': -5.27, '2023-08-31': -19.07, '2023-09-30': -14.63, '2023-10-31': 1.05, '2023-11-30': -13.36, '2023-12-31': -20.23, '2024-01-31': -16.67, '2024-02-29': -10.04, '2024-03-31': -9.41, '2024-04-30': -15.7, '2024-05-31': -6.37, '2024-06-30': -2.99, '2024-07-31': 1.79, '2024-08-31': -6.77, '2024-09-30': -16.34, '2024-10-31': -7.35, '2024-11-30': -9.99, '2024-12-31': 4.35, '2025-01-31': -21.13, '2025-02-28': -10.44, '2025-03-31': -14.29, '2025-04-30': -13.64, '2025-05-31': -5.41, '2025-06-30': 3.31, '2025-07-31': -2.12, '2025-08-31': -1.93, '2025-09-30': -6.58, '2025-10-31': -16.54, '2025-11-30': -13.68, '2025-12-31': -16.22}",68.615
S30b_MidWeek_MeanReversion,AAVE_USDT_USDT,15m,-97.72,-61.15,-2.7303,-5.2525,-0.6251,-97.82,3128,0.743,57.09,-3.12,3132,-0.1583,15.7974,28.2868,0.5585,11,10,9.3,-22.65,10.64,"{'2022-02-28': -8.43, '2022-03-31': -5.75, '2022-04-30': -17.5, '2022-05-31': 0.83, '2022-06-30': -1.91, '2022-07-31': -0.58, '2022-08-31': -8.18, '2022-09-30': -4.97, '2022-10-31': -6.11, '2022-11-30': -10.43, '2022-12-31': -8.94, '2023-01-31': -14.24, '2023-02-28': -7.61, '2023-03-31': -7.72, '2023-04-30': -22.65, '2023-05-31': -11.55, '2023-06-30': -11.77, '2023-07-31': -2.66, '2023-08-31': -19.2, '2023-09-30': -10.06, '2023-10-31': -9.67, '2023-11-30': -7.07, '2023-12-31': -16.71, '2024-01-31': -12.66, '2024-02-29': 2.47, '2024-03-31': -16.61, '2024-04-30': -2.69, '2024-05-31': 9.3, '2024-06-30': -5.88, '2024-07-31': -2.62, '2024-08-31': -8.05, '2024-09-30': -10.35, '2024-10-31': -2.54, '2024-11-30': -15.73, '2024-12-31': 6.21, '2025-01-31': -9.11, '2025-02-28': -4.92, '2025-03-31': -4.65, '2025-04-30': -11.32, '2025-05-31': -10.84, '2025-06-30': -0.5, '2025-07-31': 4.37, '2025-08-31': -5.8, '2025-09-30': -8.46, '2025-10-31': -12.4, '2025-11-30': -4.0, '2025-12-31': -7.97}",65.3
S30b_MidWeek_MeanReversion,LDO_USDT_USDT,15m,-93.14,-54.04,-2.2904,-4.7853,-0.5778,-93.52,2638,0.7687,57.23,-3.5255,2642,-0.1558,20.4682,35.6303,0.5745,10,8,6.06,-18.19,17.07,"{'2022-08-31': -1.22, '2022-09-30': -8.36, '2022-10-31': -5.57, '2022-11-30': -16.36, '2022-12-31': -11.91, '2023-01-31': -0.68, '2023-02-28': -3.66, '2023-03-31': -4.03, '2023-04-30': -18.19, '2023-05-31': -9.01, '2023-06-30': -4.17, '2023-07-31': 0.6, '2023-08-31': -13.4, '2023-09-30': -3.16, '2023-10-31': -5.93, '2023-11-30': -0.5, '2023-12-31': -14.39, '2024-01-31': -10.14, '2024-02-29': -6.06, '2024-03-31': 0.45, '2024-04-30': -5.97, '2024-05-31': 6.06, '2024-06-30': 1.62, '2024-07-31': -5.13, '2024-08-31': -11.6, '2024-09-30': -13.1, '2024-10-31': -3.64, '2024-11-30': -11.65, '2024-12-31': -1.88, '2025-01-31': -5.98, '2025-02-28': 0.78, '2025-03-31': -8.06, '2025-04-30': -4.62, '2025-05-31': -12.94, '2025-06-30': 4.07, '2025-07-31': -6.71, '2025-08-31': 3.78, '2025-09-30': -10.54, '2025-10-31': -15.18, '2025-11-30': -0.51, '2025-12-31': -10.56}",63.878
S30b_MidWeek_MeanReversion,SAND_USDT_USDT,15m,-96.81,-57.76,-2.291,-4.2391,-0.5964,-96.84,3122,0.7847,58.12,-3.095,3128,-0.1297,19.4128,34.3309,0.5655,16,8,12.2,-20.75,8.51,"{'2022-02-28': -8.75, '2022-03-31': 12.2, '2022-04-30': -4.64, '2022-05-31': -3.5, '2022-06-30': 2.48, '2022-07-31': -8.08, '2022-08-31': -6.56, '2022-09-30': -8.84, '2022-10-31': -11.1, '2022-11-30': -5.96, '2022-12-31': -6.2, '2023-01-31': -1.9, '2023-02-28': -20.75, '2023-03-31': -9.27, '2023-04-30': -13.28, '2023-05-31': -12.66, '2023-06-30': -13.12, '2023-07-31': 5.18, '2023-08-31': -12.12, '2023-09-30': -3.62, '2023-10-31': -5.47, '2023-11-30': -9.09, '2023-12-31': -5.88, '2024-01-31': -13.59, '2024-02-29': -10.49, '2024-03-31': -2.65, '2024-04-30': -3.19, '2024-05-31': 7.88, '2024-06-30': -4.61, '2024-07-31': -4.48, '2024-08-31': -5.73, '2024-09-30': -10.42, '2024-10-31': -6.82, '2024-11-30': -3.96, '2024-12-31': -10.85, '2025-01-31': -5.72, '2025-02-28': -7.17, '2025-03-31': -1.49, '2025-04-30': -9.26, '2025-05-31': -13.78, '2025-06-30': -1.86, '2025-07-31': -12.78, '2025-08-31': -4.37, '2025-09-30': -4.1, '2025-10-31': -15.42, '2025-11-30': -8.78, '2025-12-31': -11.03}",65.217
S30b_MidWeek_MeanReversion,MANA_USDT_USDT,15m,-98.09,-62.84,-2.8273,-5.2858,-0.6406,-98.09,3205,0.7298,57.39,-3.0577,3208,-0.1471,14.3893,26.5543,0.5419,14,8,8.14,-22.16,10.64,"{'2022-02-28': -4.2, '2022-03-31': 5.95, '2022-04-30': -9.36, '2022-05-31': -6.25, '2022-06-30': -7.98, '2022-07-31': -2.97, '2022-08-31': -12.93, '2022-09-30': -10.26, '2022-10-31': -11.45, '2022-11-30': -20.39, '2022-12-31': -7.77, '2023-01-31': -3.27, '2023-02-28': -12.84, '2023-03-31': -8.79, '2023-04-30': -9.24, '2023-05-31': -16.26, '2023-06-30': -22.16, '2023-07-31': 0.04, '2023-08-31': -18.27, '2023-09-30': -8.4, '2023-10-31': -5.39, '2023-11-30': -3.14, '2023-12-31': -3.79, '2024-01-31': -3.32, '2024-02-29': -12.39, '2024-03-31': -6.44, '2024-04-30': -4.08, '2024-05-31': 8.14, '2024-06-30': -2.19, '2024-07-31': -9.49, '2024-08-31': -11.54, '2024-09-30': -15.36, '2024-10-31': -9.0, '2024-11-30': -4.12, '2024-12-31': -3.46, '2025-01-31': -15.31, '2025-02-28': -5.37, '2025-03-31': 5.94, '2025-04-30': 4.8, '2025-05-31': -8.37, '2025-06-30': -6.07, '2025-07-31': -9.2, '2025-08-31': -0.47, '2025-09-30': -5.96, '2025-10-31': -20.64, '2025-11-30': -6.21, '2025-12-31': -17.75}",66.885
S30b_MidWeek_MeanReversion,CRV_USDT_USDT,15m,-96.85,-57.9,-2.8264,-5.1391,-0.5968,-97.02,3072,0.777,57.0,-3.1456,3079,-0.1898,19.2282,32.8026,0.5862,10,8,6.67,-16.96,12.77,"{'2022-02-28': -0.15, '2022-03-31': 4.5, '2022-04-30': -10.48, '2022-05-31': -13.59, '2022-06-30': -1.74, '2022-07-31': -1.78, '2022-08-31': -13.96, '2022-09-30': -6.09, '2022-10-31': -5.62, '2022-11-30': -16.83, '2022-12-31': -6.85, '2023-01-31': 5.62, '2023-02-28': -8.94, '2023-03-31': -16.44, '2023-04-30': -16.96, '2023-05-31': -6.15, '2023-06-30': -2.56, '2023-07-31': 6.67, '2023-08-31': -2.32, '2023-09-30': -3.84, '2023-10-31': 3.32, '2023-11-30': -10.84, '2023-12-31': -3.41, '2024-01-31': -12.25, '2024-02-29': -0.51, '2024-03-31': -8.56, '2024-04-30': -14.22, '2024-05-31': 1.68, '2024-06-30': -5.93, '2024-07-31': -11.88, '2024-08-31': -7.24, '2024-09-30': -15.66, '2024-10-31': -11.04, '2024-11-30': -12.42, '2024-12-31': -2.19, '2025-01-31': -3.23, '2025-02-28': -0.66, '2025-03-31': -9.91, '2025-04-30': -3.98, '2025-05-31': -14.78, '2025-06-30': -8.48, '2025-07-31': -8.67, '2025-08-31': 2.12, '2025-09-30': -4.33, '2025-10-31': -15.41, '2025-11-30': -8.63, '2025-12-31': -9.02}",64.195
S30b_MidWeek_MeanReversion,GALA_USDT_USDT,15m,-93.16,-48.87,-1.7367,-3.3836,-0.5237,-93.31,2922,0.8231,57.95,-3.187,2923,-0.1164,25.5824,42.8414,0.5971,12,8,6.29,-17.99,19.15,"{'2022-02-28': 1.28, '2022-03-31': 5.37, '2022-04-30': -0.94, '2022-05-31': -4.73, '2022-06-30': 3.98, '2022-07-31': 4.9, '2022-08-31': -8.18, '2022-09-30': -3.38, '2022-10-31': -8.79, '2022-11-30': -8.12, '2022-12-31': -12.56, '2023-01-31': -6.94, '2023-02-28': -7.56, '2023-03-31': -3.58, '2023-04-30': -14.2, '2023-05-31': -8.64, '2023-06-30': -10.65, '2023-07-31': 1.35, '2023-08-31': -7.06, '2023-09-30': -6.92, '2023-10-31': -14.76, '2023-11-30': -8.42, '2023-12-31': -3.19, '2024-01-31': -6.15, '2024-02-29': -3.85, '2024-03-31': 2.62, '2024-04-30': -11.14, '2024-05-31': 4.78, '2024-06-30': -8.19, '2024-07-31': -0.51, '2024-08-31': -5.94, '2024-09-30': -9.77, '2024-10-31': -3.69, '2024-11-30': -13.18, '2024-12-31': -10.17, '2025-01-31': -7.12, '2025-02-28': -0.48, '2025-03-31': 6.29, '2025-04-30': -0.44, '2025-05-31': -3.94, '2025-06-30': -6.38, '2025-07-31': -10.07, '2025-08-31': -1.17, '2025-09-30': 0.4, '2025-10-31': -17.99, '2025-11-30': -4.07, '2025-12-31': -9.21}",60.943
S30b_MidWeek_MeanReversion,APE_USDT_USDT,15m,-96.48,-58.66,-2.3346,-4.3588,-0.6071,-96.63,2765,0.769,56.77,-3.4556,2792,-0.1536,20.2658,34.6059,0.5856,11,8,3.95,-20.29,8.89,"{'2022-04-30': -6.57, '2022-05-31': 3.95, '2022-06-30': -2.66, '2022-07-31': -3.86, '2022-08-31': -5.92, '2022-09-30': -1.73, '2022-10-31': -13.47, '2022-11-30': -6.84, '2022-12-31': -7.57, '2023-01-31': -2.86, '2023-02-28': -20.29, '2023-03-31': -11.78, '2023-04-30': -13.07, '2023-05-31': -8.15, '2023-06-30': -14.5, '2023-07-31': 2.41, '2023-08-31': -10.2, '2023-09-30': -0.1, '2023-10-31': -4.85, '2023-11-30': -4.62, '2023-12-31': -8.87, '2024-01-31': -9.55, '2024-02-29': -5.47, '2024-03-31': -9.78, '2024-04-30': -10.5, '2024-05-31': 3.51, '2024-06-30': 1.78, '2024-07-31': -3.62, '2024-08-31': -6.11, '2024-09-30': -0.31, '2024-10-31': -11.42, '2024-11-30': -6.72, '2024-12-31': -9.68, '2025-01-31': -10.24, '2025-02-28': -7.05, '2025-03-31': -0.2, '2025-04-30': -5.4, '2025-05-31': -10.5, '2025-06-30': -10.63, '2025-07-31': -13.57, '2025-08-31': -8.73, '2025-09-30': -9.51, '2025-10-31': -14.22, '2025-11-30': -7.37, '2025-12-31': -9.13}",61.408
S30b_MidWeek_MeanReversion,AXS_USDT_USDT,15m,-97.08,-58.7,-2.3846,-4.4713,-0.6042,-97.16,3170,0.7604,57.84,-3.0617,3171,-0.1318,16.7983,30.3041,0.5543,14,7,13.47,-20.87,10.64,"{'2022-02-28': -8.54, '2022-03-31': -1.46, '2022-04-30': -3.46, '2022-05-31': -4.92, '2022-06-30': 1.92, '2022-07-31': 0.03, '2022-08-31': -11.08, '2022-09-30': -9.68, '2022-10-31': -11.96, '2022-11-30': -14.91, '2022-12-31': -5.53, '2023-01-31': -2.41, '2023-02-28': -11.56, '2023-03-31': -10.34, '2023-04-30': -17.51, '2023-05-31': -7.99, '2023-06-30': -13.37, '2023-07-31': 0.47, '2023-08-31': -13.88, '2023-09-30': -2.25, '2023-10-31': -5.53, '2023-11-30': -11.08, '2023-12-31': -3.09, '2024-01-31': -7.78, '2024-02-29': -5.47, '2024-03-31': -1.98, '2024-04-30': -8.06, '2024-05-31': 13.47, '2024-06-30': -4.59, '2024-07-31': -4.22, '2024-08-31': -7.11, '2024-09-30': -4.75, '2024-10-31': 1.31, '2024-11-30': -6.8, '2024-12-31': -5.01, '2025-01-31': -10.05, '2025-02-28': -4.0, '2025-03-31': -9.15, '2025-04-30': -10.04, '2025-05-31': -9.74, '2025-06-30': -3.56, '2025-07-31': -13.35, '2025-08-31': -2.29, '2025-09-30': -8.04, '2025-10-31': -20.87, '2025-11-30': -5.49, '2025-12-31': -15.41}",66.113
S30b_MidWeek_MeanReversion,GRT_USDT_USDT,15m,-95.7,-54.48,-2.3394,-4.1595,-0.5687,-95.8,3101,0.8035,58.01,-3.084,3103,-0.1447,21.7342,37.3685,0.5816,13,11,6.58,-17.91,19.15,"{'2022-02-28': -16.56, '2022-03-31': 1.07, '2022-04-30': -9.56, '2022-05-31': 3.38, '2022-06-30': 4.23, '2022-07-31': 4.17, '2022-08-31': 6.58, '2022-09-30': -4.38, '2022-10-31': -1.17, '2022-11-30': -13.91, '2022-12-31': -5.71, '2023-01-31': -3.47, '2023-02-28': -13.81, '2023-03-31': -10.71, '2023-04-30': -13.37, '2023-05-31': -10.06, '2023-06-30': -4.33, '2023-07-31': 1.89, '2023-08-31': -8.25, '2023-09-30': -8.53, '2023-10-31': -10.5, '2023-11-30': -8.93, '2023-12-31': -4.44, '2024-01-31': -2.16, '2024-02-29': -12.94, '2024-03-31': -7.53, '2024-04-30': -7.99, '2024-05-31': 2.63, '2024-06-30': -4.72, '2024-07-31': -2.96, '2024-08-31': -2.47, '2024-09-30': -6.92, '2024-10-31': 1.08, '2024-11-30': -10.49, '2024-12-31': -8.24, '2025-01-31': -7.01, '2025-02-28': -8.57, '2025-03-31': -2.83, '2025-04-30': -11.93, '2025-05-31': -12.55, '2025-06-30': -5.96, '2025-07-31': -11.8, '2025-08-31': -3.72, '2025-09-30': -0.8, '2025-10-31': -17.91, '2025-11-30': 0.53, '2025-12-31': -17.76}",64.695
S30b_MidWeek_MeanReversion,CHZ_USDT_USDT,15m,-97.82,-61.6,-2.5931,-4.3314,-0.6297,-97.83,3270,0.8066,57.57,-2.9905,3271,-0.1444,21.6599,36.432,0.5945,12,8,5.81,-22.06,21.28,"{'2022-02-28': -14.48, '2022-03-31': 4.9, '2022-04-30': -5.56, '2022-05-31': 1.88, '2022-06-30': 5.3, '2022-07-31': 1.68, '2022-08-31': -5.8, '2022-09-30': 4.55, '2022-10-31': 5.53, '2022-11-30': 1.47, '2022-12-31': -8.03, '2023-01-31': -8.79, '2023-02-28': -19.07, '2023-03-31': -4.17, '2023-04-30': -11.74, '2023-05-31': -15.43, '2023-06-30': -14.29, '2023-07-31': -5.73, '2023-08-31': -15.94, '2023-09-30': -6.01, '2023-10-31': -13.19, '2023-11-30': -9.22, '2023-12-31': -14.89, '2024-01-31': -10.09, '2024-02-29': -7.91, '2024-03-31': -7.12, '2024-04-30': -7.34, '2024-05-31': 5.81, '2024-06-30': 0.56, '2024-07-31': -3.66, '2024-08-31': -6.16, '2024-09-30': -4.42, '2024-10-31': -10.62, '2024-11-30': -11.89, '2024-12-31': -16.3, '2025-01-31': -7.9, '2025-02-28': -10.65, '2025-03-31': 3.81, '2025-04-30': -13.82, '2025-05-31': -12.58, '2025-06-30': -5.29, '2025-07-31': -17.6, '2025-08-31': -7.19, '2025-09-30': -11.38, '2025-10-31': -22.06, '2025-11-30': -3.56, '2025-12-31': -12.88}",68.198
S30b_MidWeek_MeanReversion,1000LUNC_USDT_USDT,15m,-89.43,-49.29,-1.0081,-1.7516,-0.5451,-90.43,2359,0.8002,59.35,-3.5816,2497,-0.0618,24.1715,44.1039,0.5481,11,9,2.49,-18.22,7.69,"{'2022-10-31': -0.29, '2022-11-30': -0.97, '2022-12-31': -13.67, '2023-01-31': -0.21, '2023-02-28': -2.41, '2023-03-31': -13.54, '2023-04-30': -7.99, '2023-05-31': -10.39, '2023-06-30': -11.22, '2023-07-31': 1.78, '2023-08-31': -6.23, '2023-09-30': -1.67, '2023-10-31': -6.61, '2023-11-30': -9.53, '2023-12-31': -3.61, '2024-01-31': -3.28, '2024-02-29': 0.2, '2024-03-31': -7.99, '2024-04-30': -6.36, '2024-05-31': -2.83, '2024-06-30': -0.87, '2024-07-31': -9.44, '2024-08-31': -3.35, '2024-09-30': -1.31, '2024-10-31': -6.15, '2024-11-30': -2.65, '2024-12-31': -3.14, '2025-01-31': -11.12, '2025-02-28': 2.49, '2025-03-31': -2.52, '2025-04-30': -3.15, '2025-05-31': -11.91, '2025-06-30': -3.92, '2025-07-31': -9.61, '2025-08-31': -10.18, '2025-09-30': -3.95, '2025-10-31': -18.22, '2025-11-30': -3.5, '2025-12-31': -7.12}",62.869
S30b_MidWeek_MeanReversion,TWT_USDT_USDT,15m,-86.86,-47.84,-1.3234,-2.5216,-0.5425,-88.18,2403,0.8125,60.56,-3.5208,2467,-0.0621,25.1868,47.6001,0.5291,15,7,5.41,-18.92,18.92,"{'2022-12-31': 1.68, '2023-01-31': -3.95, '2023-02-28': -5.1, '2023-03-31': -1.45, '2023-04-30': -14.07, '2023-05-31': -6.35, '2023-06-30': -14.62, '2023-07-31': 0.39, '2023-08-31': -18.92, '2023-09-30': 3.33, '2023-10-31': -4.73, '2023-11-30': -6.82, '2023-12-31': -3.33, '2024-01-31': -11.72, '2024-02-29': -7.8, '2024-03-31': 5.41, '2024-04-30': -9.3, '2024-05-31': 5.09, '2024-06-30': -4.39, '2024-07-31': -0.94, '2024-08-31': -6.42, '2024-09-30': -5.31, '2024-10-31': 0.71, '2024-11-30': -9.13, '2024-12-31': -7.22, '2025-01-31': -5.86, '2025-02-28': -0.12, '2025-03-31': 5.21, '2025-04-30': -3.07, '2025-05-31': -4.98, '2025-06-30': -4.56, '2025-07-31': -10.94, '2025-08-31': -10.52, '2025-09-30': -9.63, '2025-10-31': -6.43, '2025-11-30': -1.76, '2025-12-31': -18.54}",65.931
S30b_MidWeek_MeanReversion,ZRX_USDT_USDT,15m,-97.73,-63.45,-2.6855,-4.4089,-0.6488,-97.79,3298,0.7397,58.01,-2.95,3313,-0.1494,14.4524,26.9955,0.5354,14,8,7.77,-25.08,15.56,"{'2022-04-30': -17.22, '2022-05-31': 0.59, '2022-06-30': -0.73, '2022-07-31': 4.81, '2022-08-31': -12.49, '2022-09-30': -9.46, '2022-10-31': -2.42, '2022-11-30': -25.08, '2022-12-31': -14.45, '2023-01-31': -10.46, '2023-02-28': -7.64, '2023-03-31': -16.01, '2023-04-30': -9.75, '2023-05-31': -9.88, '2023-06-30': -18.32, '2023-07-31': -0.97, '2023-08-31': -18.21, '2023-09-30': -11.59, '2023-10-31': -10.82, '2023-11-30': 6.17, '2023-12-31': 4.86, '2024-01-31': -1.36, '2024-02-29': -9.4, '2024-03-31': -9.02, '2024-04-30': -8.25, '2024-05-31': 7.77, '2024-06-30': -6.3, '2024-07-31': -4.4, '2024-08-31': -15.54, '2024-09-30': -10.14, '2024-10-31': 3.67, '2024-11-30': -5.23, '2024-12-31': -10.94, '2025-01-31': -10.26, '2025-02-28': -3.96, '2025-03-31': -2.63, '2025-04-30': -10.66, '2025-05-31': -11.22, '2025-06-30': -9.05, '2025-07-31': -12.69, '2025-08-31': -3.82, '2025-09-30': -3.44, '2025-10-31': -16.29, '2025-11-30': 3.45, '2025-12-31': -19.61}",73.397
S30b_MidWeek_MeanReversion,ANKR_USDT_USDT,15m,-97.11,-58.81,-1.9034,-3.2997,-0.6047,-97.25,3508,0.8019,58.81,-2.7566,3523,-0.1027,18.971,33.7831,0.5616,12,7,6.94,-22.7,12.77,"{'2022-02-28': -9.24, '2022-03-31': 0.64, '2022-04-30': -7.3, '2022-05-31': 2.22, '2022-06-30': -4.63, '2022-07-31': 3.92, '2022-08-31': -1.98, '2022-09-30': -7.89, '2022-10-31': -6.91, '2022-11-30': -18.05, '2022-12-31': -15.18, '2023-01-31': 6.94, '2023-02-28': -6.88, '2023-03-31': -1.9, '2023-04-30': -20.39, '2023-05-31': -9.99, '2023-06-30': -14.45, '2023-07-31': -2.34, '2023-08-31': -14.33, '2023-09-30': 0.94, '2023-10-31': -9.68, '2023-11-30': -1.83, '2023-12-31': -12.73, '2024-01-31': -9.93, '2024-02-29': -0.12, '2024-03-31': -4.28, '2024-04-30': -1.5, '2024-05-31': -0.92, '2024-06-30': -5.8, '2024-07-31': -3.49, '2024-08-31': -6.67, '2024-09-30': -9.77, '2024-10-31': -10.26, '2024-11-30': -2.91, '2024-12-31': -11.22, '2025-01-31': -5.85, '2025-02-28': 0.52, '2025-03-31': -1.15, '2025-04-30': -11.11, '2025-05-31': -10.6, '2025-06-30': -8.45, '2025-07-31': -8.67, '2025-08-31': -7.12, '2025-09-30': -14.93, '2025-10-31': -22.7, '2025-11-30': -2.12, '2025-12-31': -16.18}",73.452
S30b_MidWeek_MeanReversion,STX_USDT_USDT,15m,-97.11,-58.8,-2.2083,-4.1793,-0.6043,-97.31,3272,0.789,57.69,-2.958,3283,-0.1408,19.1769,33.1406,0.5787,12,8,6.02,-18.23,14.89,"{'2022-02-28': -18.23, '2022-03-31': 2.81, '2022-04-30': -13.66, '2022-05-31': 1.68, '2022-06-30': 1.34, '2022-07-31': -1.04, '2022-08-31': -6.52, '2022-09-30': 4.32, '2022-10-31': -0.02, '2022-11-30': -11.77, '2022-12-31': -12.77, '2023-01-31': -7.42, '2023-02-28': -9.02, '2023-03-31': 0.66, '2023-04-30': -14.33, '2023-05-31': -16.32, '2023-06-30': -17.57, '2023-07-31': -7.55, '2023-08-31': -9.62, '2023-09-30': -2.97, '2023-10-31': -0.43, '2023-11-30': -16.47, '2023-12-31': -6.33, '2024-01-31': -8.01, '2024-02-29': -13.68, '2024-03-31': -5.64, '2024-04-30': -4.0, '2024-05-31': -9.01, '2024-06-30': -9.23, '2024-07-31': -4.61, '2024-08-31': -11.8, '2024-09-30': -4.85, '2024-10-31': -10.44, '2024-11-30': -4.28, '2024-12-31': -4.99, '2025-01-31': -6.71, '2025-02-28': -4.19, '2025-03-31': -5.2, '2025-04-30': -10.37, '2025-05-31': -14.81, '2025-06-30': -8.98, '2025-07-31': -6.14, '2025-08-31': 1.3, '2025-09-30': -3.82, '2025-10-31': -11.03, '2025-11-30': 6.02, '2025-12-31': -15.22}",68.448
S30b_MidWeek_MeanReversion,EGLD_USDT_USDT,15m,-98.49,-64.97,-3.5814,-6.8839,-0.6591,-98.58,3177,0.7359,57.25,-3.0962,3181,-0.1807,15.069,27.4189,0.5496,11,10,6.05,-20.57,2.13,"{'2022-02-28': -4.24, '2022-03-31': -1.74, '2022-04-30': -11.19, '2022-05-31': -9.48, '2022-06-30': -7.15, '2022-07-31': -2.75, '2022-08-31': -14.86, '2022-09-30': -11.72, '2022-10-31': -3.53, '2022-11-30': -15.26, '2022-12-31': -0.83, '2023-01-31': -7.96, '2023-02-28': -15.03, '2023-03-31': -5.97, '2023-04-30': -12.65, '2023-05-31': -1.57, '2023-06-30': -10.17, '2023-07-31': 6.05, '2023-08-31': -8.18, '2023-09-30': -2.66, '2023-10-31': -2.41, '2023-11-30': -11.13, '2023-12-31': -8.46, '2024-01-31': -6.4, '2024-02-29': -13.13, '2024-03-31': -8.04, '2024-04-30': -5.89, '2024-05-31': -3.99, '2024-06-30': -8.79, '2024-07-31': -11.99, '2024-08-31': -7.2, '2024-09-30': -6.49, '2024-10-31': -18.5, '2024-11-30': -15.48, '2024-12-31': -0.43, '2025-01-31': -10.95, '2025-02-28': -6.53, '2025-03-31': -4.96, '2025-04-30': -8.45, '2025-05-31': -8.06, '2025-06-30': -7.19, '2025-07-31': -13.91, '2025-08-31': -5.91, '2025-09-30': -8.85, '2025-10-31': -20.57, '2025-11-30': -9.19, '2025-12-31': -14.98}",66.322
S30b_MidWeek_MeanReversion,MINA_USDT_USDT,15m,-97.15,-61.43,-2.2373,-3.6663,-0.6319,-97.21,3176,0.7791,57.87,-3.0321,3204,-0.1387,18.476,32.57,0.5673,14,9,2.63,-20.84,6.82,"{'2022-05-31': -1.72, '2022-06-30': -3.61, '2022-07-31': -5.42, '2022-08-31': -5.35, '2022-09-30': -6.85, '2022-10-31': -4.99, '2022-11-30': -11.04, '2022-12-31': -6.8, '2023-01-31': -10.97, '2023-02-28': -2.13, '2023-03-31': -10.91, '2023-04-30': -9.94, '2023-05-31': -13.68, '2023-06-30': -18.82, '2023-07-31': -7.77, '2023-08-31': -14.31, '2023-09-30': -5.1, '2023-10-31': -13.68, '2023-11-30': 0.79, '2023-12-31': -4.0, '2024-01-31': -4.92, '2024-02-29': -10.04, '2024-03-31': -8.3, '2024-04-30': -12.83, '2024-05-31': 2.63, '2024-06-30': -8.35, '2024-07-31': -6.43, '2024-08-31': -5.29, '2024-09-30': -11.02, '2024-10-31': -0.93, '2024-11-30': -6.22, '2024-12-31': -6.69, '2025-01-31': -9.19, '2025-02-28': -5.03, '2025-03-31': -2.18, '2025-04-30': -12.37, '2025-05-31': -9.11, '2025-06-30': -7.98, '2025-07-31': -7.27, '2025-08-31': -3.46, '2025-09-30': -11.71, '2025-10-31': -20.84, '2025-11-30': 0.09, '2025-12-31': -10.82}",71.503
S30b_MidWeek_MeanReversion,ZEN_USDT_USDT,15m,-96.29,-56.14,-2.4813,-4.397,-0.5827,-96.34,3295,0.8112,58.17,-2.9206,3297,-0.1534,21.5637,36.9748,0.5832,16,11,6.4,-19.39,19.15,"{'2022-02-28': -8.18, '2022-03-31': 4.18, '2022-04-30': -6.57, '2022-05-31': -2.47, '2022-06-30': 2.59, '2022-07-31': 2.22, '2022-08-31': 3.49, '2022-09-30': -0.1, '2022-10-31': 0.1, '2022-11-30': -18.25, '2022-12-31': -0.99, '2023-01-31': -7.78, '2023-02-28': -12.22, '2023-03-31': -11.27, '2023-04-30': -18.86, '2023-05-31': -14.26, '2023-06-30': -11.35, '2023-07-31': -7.85, '2023-08-31': -9.04, '2023-09-30': -4.76, '2023-10-31': -19.39, '2023-11-30': -6.5, '2023-12-31': 1.47, '2024-01-31': 3.56, '2024-02-29': -8.19, '2024-03-31': -2.58, '2024-04-30': -3.87, '2024-05-31': 6.4, '2024-06-30': -4.87, '2024-07-31': -7.86, '2024-08-31': -5.75, '2024-09-30': -15.27, '2024-10-31': -6.94, '2024-11-30': -16.42, '2024-12-31': -0.25, '2025-01-31': -17.29, '2025-02-28': -7.56, '2025-03-31': -4.16, '2025-04-30': -6.21, '2025-05-31': -11.22, '2025-06-30': -5.71, '2025-07-31': -0.58, '2025-08-31': 3.95, '2025-09-30': -2.87, '2025-10-31': -16.44, '2025-11-30': -4.49, '2025-12-31': -16.49}",68.74
S30b_MidWeek_MeanReversion,ALICE_USDT_USDT,15m,-91.61,-46.21,-1.7021,-3.2324,-0.5039,-91.71,2917,0.8321,59.07,-2.941,3115,-0.1075,24.6676,42.7839,0.5766,18,7,18.73,-19.92,25.53,"{'2022-02-28': -10.14, '2022-03-31': 18.73, '2022-04-30': -9.28, '2022-05-31': 3.87, '2022-06-30': -5.85, '2022-07-31': 0.84, '2022-08-31': -7.65, '2022-09-30': -9.43, '2022-10-31': -1.51, '2022-11-30': -15.79, '2022-12-31': -5.09, '2023-01-31': -1.7, '2023-02-28': -19.92, '2023-03-31': -10.19, '2023-04-30': -11.19, '2023-05-31': 2.96, '2023-06-30': -9.51, '2023-07-31': 13.76, '2023-08-31': 0.59, '2023-09-30': 4.13, '2023-10-31': 1.7, '2023-11-30': -7.57, '2023-12-31': -1.98, '2024-01-31': -19.76, '2024-02-29': -14.02, '2024-03-31': -8.19, '2024-04-30': -2.54, '2024-05-31': 8.96, '2024-06-30': 7.16, '2024-07-31': -3.77, '2024-08-31': -7.22, '2024-09-30': -11.06, '2024-10-31': -8.07, '2024-11-30': -5.64, '2024-12-31': -6.93, '2025-01-31': -13.2, '2025-02-28': -9.88, '2025-03-31': -3.77, '2025-04-30': -13.69, '2025-05-31': -1.52, '2025-06-30': -1.27, '2025-07-31': -14.8, '2025-08-31': 6.94, '2025-09-30': 3.09, '2025-10-31': -6.54, '2025-11-30': -1.5, '2025-12-31': -11.12}",64.946
S30b_MidWeek_MeanReversion,JST_USDT_USDT,15m,-99.85,-81.4,-5.0733,-6.7449,-0.8152,-99.85,3752,0.6073,54.0,-2.6597,3754,-0.1932,7.6161,14.7205,0.5174,14,11,-4.14,-23.63,0.0,"{'2022-03-31': -21.22, '2022-04-30': -4.14, '2022-05-31': -17.61, '2022-06-30': -12.08, '2022-07-31': -4.5, '2022-08-31': -11.64, '2022-09-30': -12.94, '2022-10-31': -8.47, '2022-11-30': -18.25, '2022-12-31': -18.3, '2023-01-31': -12.76, '2023-02-28': -11.79, '2023-03-31': -4.21, '2023-04-30': -11.6, '2023-05-31': -9.67, '2023-06-30': -14.54, '2023-07-31': -5.39, '2023-08-31': -19.6, '2023-09-30': -14.15, '2023-10-31': -20.32, '2023-11-30': -12.93, '2023-12-31': -7.82, '2024-01-31': -12.18, '2024-02-29': -7.56, '2024-03-31': -19.25, '2024-04-30': -10.5, '2024-05-31': -4.26, '2024-06-30': -18.23, '2024-07-31': -13.13, '2024-08-31': -10.03, '2024-09-30': -15.41, '2024-10-31': -7.76, '2024-11-30': -15.17, '2024-12-31': -17.44, '2025-01-31': -7.82, '2025-02-28': -13.45, '2025-03-31': -7.77, '2025-04-30': -18.5, '2025-05-31': -11.02, '2025-06-30': -20.1, '2025-07-31': -23.63, '2025-08-31': -13.19, '2025-09-30': -9.27, '2025-10-31': -13.64, '2025-11-30': -10.52, '2025-12-31': -22.86}",81.332
S30b_MidWeek_MeanReversion,SUN_USDT_USDT,15m,-99.32,-72.68,-3.8608,-4.9598,-0.7313,-99.39,3353,0.6871,56.42,-2.9032,3421,-0.1698,11.3001,21.2885,0.5308,11,16,3.88,-22.91,2.17,"{'2022-03-31': 3.88, '2022-04-30': -6.4, '2022-05-31': -7.74, '2022-06-30': -11.62, '2022-07-31': -6.12, '2022-08-31': -15.71, '2022-09-30': -22.91, '2022-10-31': -11.98, '2022-11-30': -15.13, '2022-12-31': -14.17, '2023-01-31': -9.56, '2023-02-28': -14.33, '2023-03-31': -5.77, '2023-04-30': -7.69, '2023-05-31': -1.08, '2023-06-30': -12.69, '2023-07-31': -6.32, '2023-08-31': -21.44, '2023-09-30': -11.9, '2023-10-31': -6.37, '2023-11-30': -12.75, '2023-12-31': -8.93, '2024-01-31': -9.92, '2024-02-29': -12.9, '2024-03-31': -9.58, '2024-04-30': -20.25, '2024-05-31': -2.51, '2024-06-30': -12.6, '2024-07-31': -12.36, '2024-08-31': -15.82, '2024-09-30': -13.43, '2024-10-31': -19.4, '2024-11-30': -9.19, '2024-12-31': -9.11, '2025-01-31': -5.89, '2025-02-28': -5.05, '2025-03-31': -0.94, '2025-04-30': -8.15, '2025-05-31': -4.39, '2025-06-30': -5.14, '2025-07-31': -11.01, '2025-08-31': -10.42, '2025-09-30': -1.86, '2025-10-31': -17.03, '2025-11-30': -6.47, '2025-12-31': -14.87}",74.118
S30b_MidWeek_MeanReversion,ONT_USDT_USDT,15m,-98.19,-67.47,-3.0685,-5.6607,-0.687,-98.21,3169,0.7142,57.9,-3.0896,3178,-0.1405,13.3376,25.68,0.5194,13,8,7.0,-25.31,7.14,"{'2022-07-31': -2.13, '2022-08-31': -15.18, '2022-09-30': -6.13, '2022-10-31': -7.03, '2022-11-30': -8.42, '2022-12-31': -8.34, '2023-01-31': -11.63, '2023-02-28': -8.87, '2023-03-31': -10.98, '2023-04-30': -15.88, '2023-05-31': -20.07, '2023-06-30': -21.69, '2023-07-31': -1.07, '2023-08-31': -12.62, '2023-09-30': -12.81, '2023-10-31': -5.33, '2023-11-30': -2.27, '2023-12-31': -4.23, '2024-01-31': -19.58, '2024-02-29': -4.28, '2024-03-31': -6.37, '2024-04-30': -1.95, '2024-05-31': 5.07, '2024-06-30': -10.16, '2024-07-31': -2.16, '2024-08-31': -6.36, '2024-09-30': -9.12, '2024-10-31': -7.55, '2024-11-30': -7.77, '2024-12-31': -6.35, '2025-01-31': -8.45, '2025-02-28': 0.97, '2025-03-31': -4.34, '2025-04-30': -13.9, '2025-05-31': -17.01, '2025-06-30': -5.9, '2025-07-31': -14.84, '2025-08-31': -8.79, '2025-09-30': -9.36, '2025-10-31': -25.31, '2025-11-30': 7.0, '2025-12-31': -16.71}",74.186
S30b_MidWeek_MeanReversion,AGLD_USDT_USDT,15m,-97.25,-62.2,-2.2704,-3.5363,-0.6382,-97.46,2982,0.7927,57.25,-3.0437,3195,-0.1584,20.3364,34.3485,0.5921,12,9,10.81,-28.16,13.64,"{'2022-05-31': 6.72, '2022-06-30': -2.63, '2022-07-31': -6.04, '2022-08-31': -6.79, '2022-09-30': -4.43, '2022-10-31': 4.84, '2022-11-30': -28.16, '2022-12-31': -4.34, '2023-01-31': -11.29, '2023-02-28': -13.85, '2023-03-31': -6.8, '2023-04-30': -19.38, '2023-05-31': -4.02, '2023-06-30': -14.62, '2023-07-31': -1.36, '2023-08-31': -16.68, '2023-09-30': -4.41, '2023-10-31': -14.53, '2023-11-30': 10.81, '2023-12-31': -1.63, '2024-01-31': -5.51, '2024-02-29': -5.98, '2024-03-31': -3.19, '2024-04-30': -11.08, '2024-05-31': 2.89, '2024-06-30': 0.72, '2024-07-31': -3.99, '2024-08-31': -13.92, '2024-09-30': -15.68, '2024-10-31': -8.41, '2024-11-30': -8.82, '2024-12-31': -13.13, '2025-01-31': -9.85, '2025-02-28': -5.88, '2025-03-31': 5.67, '2025-04-30': -4.81, '2025-05-31': -8.43, '2025-06-30': -3.48, '2025-07-31': -13.31, '2025-08-31': -3.7, '2025-09-30': -4.68, '2025-10-31': -20.51, '2025-11-30': -8.35, '2025-12-31': -27.87}",72.095
S30b_MidWeek_MeanReversion,BTC_USDT_USDT,30m,-92.09,-47.0,-2.8271,-5.782,-0.5092,-92.3,1471,0.6498,55.06,-6.2606,1471,-0.173,21.0919,39.7787,0.5302,11,8,3.18,-13.4,4.26,"{'2022-02-28': -2.04, '2022-03-31': -1.79, '2022-04-30': -5.98, '2022-05-31': 3.18, '2022-06-30': -5.02, '2022-07-31': -2.83, '2022-08-31': -0.82, '2022-09-30': -12.35, '2022-10-31': -7.48, '2022-11-30': -7.83, '2022-12-31': -4.35, '2023-01-31': -2.44, '2023-02-28': -11.0, '2023-03-31': -0.96, '2023-04-30': -8.62, '2023-05-31': -5.27, '2023-06-30': -8.09, '2023-07-31': -0.82, '2023-08-31': -13.1, '2023-09-30': -1.96, '2023-10-31': -0.53, '2023-11-30': -11.11, '2023-12-31': -10.11, '2024-01-31': -1.7, '2024-02-29': -13.38, '2024-03-31': 2.02, '2024-04-30': -13.4, '2024-05-31': -7.55, '2024-06-30': -6.98, '2024-07-31': -5.23, '2024-08-31': -6.09, '2024-09-30': -4.48, '2024-10-31': -3.31, '2024-11-30': -4.67, '2024-12-31': -5.26, '2025-01-31': -4.08, '2025-02-28': -1.21, '2025-03-31': -2.16, '2025-04-30': -7.23, '2025-05-31': -1.73, '2025-06-30': -0.78, '2025-07-31': -5.79, '2025-08-31': -2.91, '2025-09-30': -0.24, '2025-10-31': -11.0, '2025-11-30': -8.01, '2025-12-31': -3.89}",30.669
S30b_MidWeek_MeanReversion,ETH_USDT_USDT,30m,-91.9,-46.67,-2.7773,-5.6255,-0.507,-92.06,1477,0.6528,54.11,-6.1925,1484,-0.227,21.5141,38.8627,0.5536,15,7,7.82,-14.23,12.77,"{'2022-02-28': -4.51, '2022-03-31': -2.56, '2022-04-30': -2.41, '2022-05-31': -1.01, '2022-06-30': -5.67, '2022-07-31': -6.11, '2022-08-31': -4.26, '2022-09-30': -3.54, '2022-10-31': -12.61, '2022-11-30': -10.19, '2022-12-31': -3.09, '2023-01-31': -5.23, '2023-02-28': -10.04, '2023-03-31': -1.14, '2023-04-30': -10.41, '2023-05-31': -7.18, '2023-06-30': -10.76, '2023-07-31': -0.23, '2023-08-31': -9.19, '2023-09-30': 3.17, '2023-10-31': 3.55, '2023-11-30': -5.57, '2023-12-31': -11.15, '2024-01-31': -7.91, '2024-02-29': -11.49, '2024-03-31': -0.41, '2024-04-30': -7.29, '2024-05-31': 0.45, '2024-06-30': -7.14, '2024-07-31': -4.27, '2024-08-31': -8.46, '2024-09-30': -1.48, '2024-10-31': -5.94, '2024-11-30': -6.95, '2024-12-31': -8.25, '2025-01-31': -1.9, '2025-02-28': 4.08, '2025-03-31': -5.07, '2025-04-30': -9.65, '2025-05-31': -6.16, '2025-06-30': 7.82, '2025-07-31': -14.23, '2025-08-31': -0.92, '2025-09-30': 4.0, '2025-10-31': -7.03, '2025-11-30': -2.34, '2025-12-31': -9.72}",30.94
S30b_MidWeek_MeanReversion,SOL_USDT_USDT,30m,-80.27,-33.37,-1.0375,-1.6425,-0.412,-80.99,1499,0.7775,55.98,-5.3372,1504,-0.1442,33.3042,54.4854,0.6112,9,9,6.83,-13.25,21.28,"{'2022-02-28': -2.23, '2022-03-31': -1.03, '2022-04-30': -4.5, '2022-05-31': -2.56, '2022-06-30': 0.07, '2022-07-31': -0.5, '2022-08-31': 1.65, '2022-09-30': -2.6, '2022-10-31': -5.26, '2022-11-30': -6.36, '2022-12-31': -5.86, '2023-01-31': 1.1, '2023-02-28': -9.13, '2023-03-31': 3.08, '2023-04-30': -5.89, '2023-05-31': -7.38, '2023-06-30': -1.57, '2023-07-31': -3.45, '2023-08-31': -13.25, '2023-09-30': -1.7, '2023-10-31': 6.83, '2023-11-30': -6.73, '2023-12-31': -4.44, '2024-01-31': -3.1, '2024-02-29': -3.61, '2024-03-31': -5.44, '2024-04-30': -7.01, '2024-05-31': -3.0, '2024-06-30': -5.09, '2024-07-31': 2.4, '2024-08-31': -4.95, '2024-09-30': 1.24, '2024-10-31': -1.88, '2024-11-30': -1.85, '2024-12-31': -5.43, '2025-01-31': -4.17, '2025-02-28': 3.68, '2025-03-31': 4.08, '2025-04-30': -8.81, '2025-05-31': -5.07, '2025-06-30': -3.89, '2025-07-31': -10.88, '2025-08-31': -4.94, '2025-09-30': 2.38, '2025-10-31': -2.62, '2025-11-30': -4.75, '2025-12-31': -4.29}",31.357
S30b_MidWeek_MeanReversion,XRP_USDT_USDT,30m,-74.5,-28.95,-1.1872,-2.0728,-0.3829,-75.6,1392,0.809,57.91,-5.3327,1397,-0.1185,38.9995,66.3272,0.588,10,9,4.77,-14.24,21.28,"{'2022-02-28': -3.37, '2022-03-31': 0.14, '2022-04-30': -2.38, '2022-05-31': 4.66, '2022-06-30': -2.94, '2022-07-31': -2.71, '2022-08-31': -1.5, '2022-09-30': -3.17, '2022-10-31': -1.53, '2022-11-30': -1.32, '2022-12-31': -0.62, '2023-01-31': 3.16, '2023-02-28': -0.5, '2023-03-31': -14.24, '2023-04-30': -3.99, '2023-05-31': -2.67, '2023-06-30': -5.78, '2023-07-31': -0.36, '2023-08-31': -6.39, '2023-09-30': 2.69, '2023-10-31': 2.84, '2023-11-30': -0.26, '2023-12-31': -3.14, '2024-01-31': -7.07, '2024-02-29': -3.39, '2024-03-31': -1.99, '2024-04-30': -1.02, '2024-05-31': -6.94, '2024-06-30': 1.65, '2024-07-31': -7.85, '2024-08-31': 1.09, '2024-09-30': -3.98, '2024-10-31': -12.03, '2024-11-30': -2.2, '2024-12-31': -2.57, '2025-01-31': -4.83, '2025-02-28': 4.77, '2025-03-31': -7.32, '2025-04-30': -8.35, '2025-05-31': -1.65, '2025-06-30': -2.02, '2025-07-31': -6.99, '2025-08-31': -3.77, '2025-09-30': 0.17, '2025-10-31': -8.53, '2025-11-30': 0.13, '2025-12-31': -2.32}",29.126
S30b_MidWeek_MeanReversion,DOGE_USDT_USDT,30m,-76.25,-30.21,-1.2121,-1.9618,-0.3908,-77.31,1408,0.7889,56.86,-5.3138,1435,-0.1462,34.9267,58.3611,0.5985,8,7,4.35,-10.99,23.4,"{'2022-02-28': -4.32, '2022-03-31': -4.85, '2022-04-30': 0.38, '2022-05-31': -3.05, '2022-06-30': -3.25, '2022-07-31': 4.0, '2022-08-31': 0.68, '2022-09-30': -0.18, '2022-10-31': -8.23, '2022-11-30': -4.18, '2022-12-31': -0.18, '2023-01-31': -4.88, '2023-02-28': -0.22, '2023-03-31': -2.39, '2023-04-30': -5.86, '2023-05-31': -0.24, '2023-06-30': -8.66, '2023-07-31': -2.14, '2023-08-31': -9.01, '2023-09-30': -0.47, '2023-10-31': -1.07, '2023-11-30': -4.39, '2023-12-31': -5.24, '2024-01-31': -9.95, '2024-02-29': -6.96, '2024-03-31': -3.3, '2024-04-30': -5.3, '2024-05-31': -2.05, '2024-06-30': -7.11, '2024-07-31': -5.96, '2024-08-31': 0.49, '2024-09-30': 0.59, '2024-10-31': -7.08, '2024-11-30': -1.18, '2024-12-31': 1.53, '2025-01-31': -2.74, '2025-02-28': 2.65, '2025-03-31': -2.39, '2025-04-30': -6.09, '2025-05-31': 2.44, '2025-06-30': 0.18, '2025-07-31': -10.99, '2025-08-31': -0.22, '2025-09-30': 1.8, '2025-10-31': -9.49, '2025-11-30': 4.35, '2025-12-31': -4.43}",29.919
S30b_MidWeek_MeanReversion,ADA_USDT_USDT,30m,-80.5,-33.57,-1.5369,-2.9219,-0.4105,-81.78,1475,0.7598,56.52,-5.4354,1481,-0.1587,30.4233,52.0406,0.5846,11,7,7.09,-14.17,31.91,"{'2022-02-28': -1.4, '2022-03-31': -2.99, '2022-04-30': -6.75, '2022-05-31': -6.23, '2022-06-30': -0.53, '2022-07-31': -5.01, '2022-08-31': 3.64, '2022-09-30': 1.28, '2022-10-31': -7.84, '2022-11-30': 2.16, '2022-12-31': -2.53, '2023-01-31': -4.14, '2023-02-28': -10.44, '2023-03-31': -10.52, '2023-04-30': -6.89, '2023-05-31': 1.59, '2023-06-30': -14.17, '2023-07-31': -2.75, '2023-08-31': -10.09, '2023-09-30': 3.95, '2023-10-31': 1.61, '2023-11-30': -7.71, '2023-12-31': -8.84, '2024-01-31': 0.22, '2024-02-29': -5.51, '2024-03-31': 2.0, '2024-04-30': -7.5, '2024-05-31': -6.71, '2024-06-30': -2.38, '2024-07-31': 2.6, '2024-08-31': 6.25, '2024-09-30': -5.9, '2024-10-31': 2.54, '2024-11-30': -3.23, '2024-12-31': 5.43, '2025-01-31': -3.95, '2025-02-28': 7.09, '2025-03-31': -1.85, '2025-04-30': -10.95, '2025-05-31': 2.03, '2025-06-30': -1.22, '2025-07-31': -8.13, '2025-08-31': -8.82, '2025-09-30': 0.52, '2025-10-31': -10.57, '2025-11-30': -2.88, '2025-12-31': -4.27}",30.878
S30b_MidWeek_MeanReversion,AVAX_USDT_USDT,30m,-88.33,-41.58,-1.9933,-3.6315,-0.467,-89.04,1527,0.7268,54.22,-5.777,1529,-0.2282,28.3478,46.1906,0.6137,10,9,6.41,-12.91,23.4,"{'2022-02-28': -10.2, '2022-03-31': 6.41, '2022-04-30': 0.15, '2022-05-31': -5.62, '2022-06-30': 2.23, '2022-07-31': -8.42, '2022-08-31': 1.04, '2022-09-30': 0.79, '2022-10-31': -9.71, '2022-11-30': -11.37, '2022-12-31': -6.27, '2023-01-31': -6.62, '2023-02-28': -5.77, '2023-03-31': -2.27, '2023-04-30': -11.88, '2023-05-31': -6.92, '2023-06-30': -11.67, '2023-07-31': 1.44, '2023-08-31': -12.91, '2023-09-30': 2.66, '2023-10-31': -2.42, '2023-11-30': -2.96, '2023-12-31': -7.21, '2024-01-31': 1.22, '2024-02-29': -4.67, '2024-03-31': 1.7, '2024-04-30': -6.98, '2024-05-31': -6.04, '2024-06-30': -0.97, '2024-07-31': -11.31, '2024-08-31': -5.92, '2024-09-30': -3.17, '2024-10-31': -3.4, '2024-11-30': -3.21, '2024-12-31': -4.1, '2025-01-31': -8.67, '2025-02-28': 4.15, '2025-03-31': -4.68, '2025-04-30': -5.55, '2025-05-31': -0.53, '2025-06-30': 1.03, '2025-07-31': -8.93, '2025-08-31': -1.41, '2025-09-30': -10.1, '2025-10-31': -6.55, '2025-11-30': -2.3, '2025-12-31': -5.26}",31.879
S30b_MidWeek_MeanReversion,LINK_USDT_USDT,30m,-77.56,-31.19,-0.9776,-2.1113,-0.3968,-78.6,1424,0.7905,56.66,-5.3269,1456,-0.1052,35.4799,58.6796,0.6046,11,11,6.41,-14.79,25.53,"{'2022-02-28': -4.78, '2022-03-31': 2.94, '2022-04-30': -5.14, '2022-05-31': -0.09, '2022-06-30': -2.11, '2022-07-31': -3.83, '2022-08-31': 0.36, '2022-09-30': -3.41, '2022-10-31': -10.79, '2022-11-30': 2.57, '2022-12-31': -2.6, '2023-01-31': -3.97, '2023-02-28': -6.39, '2023-03-31': -3.84, '2023-04-30': -12.34, '2023-05-31': 2.67, '2023-06-30': -14.79, '2023-07-31': -0.9, '2023-08-31': -13.25, '2023-09-30': -6.69, '2023-10-31': 5.55, '2023-11-30': -1.03, '2023-12-31': -2.55, '2024-01-31': -0.89, '2024-02-29': -0.14, '2024-03-31': 0.59, '2024-04-30': -2.41, '2024-05-31': 6.4, '2024-06-30': -5.56, '2024-07-31': 4.06, '2024-08-31': -5.58, '2024-09-30': -4.25, '2024-10-31': -8.46, '2024-11-30': -5.5, '2024-12-31': 6.0, '2025-01-31': -10.27, '2025-02-28': -1.95, '2025-03-31': -3.76, '2025-04-30': -9.33, '2025-05-31': 2.96, '2025-06-30': -4.59, '2025-07-31': -5.7, '2025-08-31': -3.32, '2025-09-30': 6.41, '2025-10-31': -4.61, '2025-11-30': 4.88, '2025-12-31': -13.73}",30.357
S30b_MidWeek_MeanReversion,BNB_USDT_USDT,30m,-87.44,-40.49,-2.2917,-4.2856,-0.4603,-87.96,1544,0.6919,57.06,-5.6376,1551,-0.1583,22.1892,42.6147,0.5207,10,9,7.05,-11.27,12.77,"{'2022-02-28': -8.18, '2022-03-31': -0.81, '2022-04-30': -6.5, '2022-05-31': 6.24, '2022-06-30': -6.38, '2022-07-31': -8.27, '2022-08-31': -3.48, '2022-09-30': -8.19, '2022-10-31': -3.95, '2022-11-30': -3.07, '2022-12-31': -2.17, '2023-01-31': -7.1, '2023-02-28': -4.37, '2023-03-31': 7.05, '2023-04-30': -8.03, '2023-05-31': -2.95, '2023-06-30': -10.07, '2023-07-31': 1.18, '2023-08-31': -4.87, '2023-09-30': -1.56, '2023-10-31': -2.42, '2023-11-30': -3.86, '2023-12-31': -5.19, '2024-01-31': -0.54, '2024-02-29': -8.62, '2024-03-31': -5.35, '2024-04-30': 1.02, '2024-05-31': -5.87, '2024-06-30': -8.88, '2024-07-31': -5.95, '2024-08-31': -2.07, '2024-09-30': -5.63, '2024-10-31': -4.95, '2024-11-30': -7.35, '2024-12-31': -4.34, '2025-01-31': -1.32, '2025-02-28': -5.85, '2025-03-31': -5.3, '2025-04-30': 0.5, '2025-05-31': -5.3, '2025-06-30': -1.52, '2025-07-31': -11.27, '2025-08-31': -1.04, '2025-09-30': -2.95, '2025-10-31': 1.08, '2025-11-30': -4.04, '2025-12-31': -4.97}",32.337
S30b_MidWeek_MeanReversion,LTC_USDT_USDT,30m,-79.14,-32.43,-1.5498,-2.9721,-0.4085,-79.39,1437,0.75,57.27,-5.4803,1444,-0.1395,28.7031,51.2983,0.5595,10,6,4.95,-10.47,21.28,"{'2022-02-28': -6.03, '2022-03-31': 3.87, '2022-04-30': -6.7, '2022-05-31': -0.21, '2022-06-30': -1.37, '2022-07-31': -2.56, '2022-08-31': -5.28, '2022-09-30': -5.21, '2022-10-31': -2.65, '2022-11-30': -5.44, '2022-12-31': -1.71, '2023-01-31': -1.01, '2023-02-28': -10.2, '2023-03-31': -8.81, '2023-04-30': -5.33, '2023-05-31': -4.12, '2023-06-30': -5.99, '2023-07-31': 3.64, '2023-08-31': -8.71, '2023-09-30': -2.47, '2023-10-31': -6.07, '2023-11-30': 3.34, '2023-12-31': 4.95, '2024-01-31': -4.49, '2024-02-29': -1.96, '2024-03-31': -3.67, '2024-04-30': -5.69, '2024-05-31': -10.47, '2024-06-30': -7.86, '2024-07-31': -0.97, '2024-08-31': -1.73, '2024-09-30': 3.4, '2024-10-31': -5.69, '2024-11-30': 0.25, '2024-12-31': 0.22, '2025-01-31': -4.37, '2025-02-28': 0.14, '2025-03-31': 3.12, '2025-04-30': -4.49, '2025-05-31': -2.84, '2025-06-30': -2.11, '2025-07-31': -8.18, '2025-08-31': -2.75, '2025-09-30': -1.17, '2025-10-31': -0.24, '2025-11-30': 2.18, '2025-12-31': -8.47}",30.106
S30b_MidWeek_MeanReversion,DOT_USDT_USDT,30m,-81.05,-34.04,-1.6937,-3.1808,-0.4151,-82.01,1471,0.766,56.51,-5.4989,1474,-0.1701,31.846,54.0297,0.5894,12,8,4.83,-13.34,19.15,"{'2022-02-28': -1.76, '2022-03-31': 2.93, '2022-04-30': -6.15, '2022-05-31': -0.68, '2022-06-30': -2.81, '2022-07-31': 0.98, '2022-08-31': 0.34, '2022-09-30': -5.2, '2022-10-31': -7.78, '2022-11-30': -8.7, '2022-12-31': -3.88, '2023-01-31': 0.22, '2023-02-28': -10.08, '2023-03-31': 4.05, '2023-04-30': -9.78, '2023-05-31': -4.71, '2023-06-30': -9.45, '2023-07-31': 3.15, '2023-08-31': -5.7, '2023-09-30': 2.73, '2023-10-31': -1.64, '2023-11-30': -6.62, '2023-12-31': -2.7, '2024-01-31': -6.64, '2024-02-29': 2.08, '2024-03-31': -1.86, '2024-04-30': -3.89, '2024-05-31': -0.26, '2024-06-30': -1.96, '2024-07-31': -4.12, '2024-08-31': -0.15, '2024-09-30': -13.27, '2024-10-31': -3.13, '2024-11-30': -4.09, '2024-12-31': -4.32, '2025-01-31': -6.2, '2025-02-28': -1.77, '2025-03-31': -1.12, '2025-04-30': -2.36, '2025-05-31': 4.83, '2025-06-30': -2.68, '2025-07-31': -13.34, '2025-08-31': -0.66, '2025-09-30': -1.66, '2025-10-31': -7.96, '2025-11-30': -0.79, '2025-12-31': -5.64}",30.732
S30b_MidWeek_MeanReversion,BCH_USDT_USDT,30m,-83.36,-36.15,-1.5625,-3.2819,-0.4273,-84.6,1522,0.7229,56.59,-5.4662,1525,-0.1401,25.2049,45.4498,0.5546,14,9,6.91,-15.6,29.79,"{'2022-02-28': -5.72, '2022-03-31': -6.3, '2022-04-30': -12.76, '2022-05-31': 0.02, '2022-06-30': 5.41, '2022-07-31': -1.55, '2022-08-31': -11.16, '2022-09-30': -1.98, '2022-10-31': -5.76, '2022-11-30': -2.17, '2022-12-31': 2.66, '2023-01-31': -2.28, '2023-02-28': -7.96, '2023-03-31': -1.17, '2023-04-30': -3.53, '2023-05-31': -1.87, '2023-06-30': -15.6, '2023-07-31': -5.69, '2023-08-31': -14.57, '2023-09-30': 0.71, '2023-10-31': 4.31, '2023-11-30': 0.27, '2023-12-31': -0.35, '2024-01-31': -8.21, '2024-02-29': -4.14, '2024-03-31': 0.02, '2024-04-30': -8.67, '2024-05-31': -5.59, '2024-06-30': -8.6, '2024-07-31': 0.39, '2024-08-31': -2.51, '2024-09-30': -5.65, '2024-10-31': -2.94, '2024-11-30': 3.08, '2024-12-31': -1.64, '2025-01-31': -12.73, '2025-02-28': 5.0, '2025-03-31': 0.49, '2025-04-30': -3.58, '2025-05-31': -1.89, '2025-06-30': 6.91, '2025-07-31': 3.48, '2025-08-31': -5.59, '2025-09-30': -7.42, '2025-10-31': -12.33, '2025-11-30': -1.11, '2025-12-31': 0.59}",31.795
S30b_MidWeek_MeanReversion,ATOM_USDT_USDT,30m,-68.04,-24.82,-0.6504,-1.3071,-0.3561,-69.69,1490,0.8164,58.59,-4.4789,1519,-0.0659,34.0013,58.9263,0.577,15,6,9.67,-12.03,34.04,"{'2022-02-28': -5.21, '2022-03-31': 6.18, '2022-04-30': -8.94, '2022-05-31': -1.25, '2022-06-30': 1.07, '2022-07-31': -3.76, '2022-08-31': -3.3, '2022-09-30': -4.44, '2022-10-31': -6.43, '2022-11-30': -4.7, '2022-12-31': -9.43, '2023-01-31': 2.65, '2023-02-28': -8.94, '2023-03-31': -6.24, '2023-04-30': 4.2, '2023-05-31': -1.08, '2023-06-30': -9.96, '2023-07-31': -3.85, '2023-08-31': -4.42, '2023-09-30': -0.98, '2023-10-31': 0.24, '2023-11-30': 1.05, '2023-12-31': -3.44, '2024-01-31': -1.67, '2024-02-29': 1.85, '2024-03-31': 3.53, '2024-04-30': -7.76, '2024-05-31': 2.13, '2024-06-30': -6.65, '2024-07-31': -12.03, '2024-08-31': -1.43, '2024-09-30': -2.97, '2024-10-31': -0.89, '2024-11-30': -5.83, '2024-12-31': 0.63, '2025-01-31': -5.36, '2025-02-28': 0.83, '2025-03-31': 9.67, '2025-04-30': 5.15, '2025-05-31': -3.46, '2025-06-30': -1.96, '2025-07-31': -9.19, '2025-08-31': 0.48, '2025-09-30': 6.45, '2025-10-31': -3.24, '2025-11-30': 0.94, '2025-12-31': -4.57}",31.67
S30b_MidWeek_MeanReversion,NEAR_USDT_USDT,30m,-76.48,-30.38,-1.0171,-2.3138,-0.3913,-77.64,1458,0.795,56.13,-5.1782,1477,-0.1314,35.77,57.5641,0.6214,10,7,6.33,-12.48,29.79,"{'2022-02-28': -4.23, '2022-03-31': -6.48, '2022-04-30': 0.19, '2022-05-31': 0.63, '2022-06-30': 1.74, '2022-07-31': 1.53, '2022-08-31': -1.36, '2022-09-30': -9.24, '2022-10-31': -1.68, '2022-11-30': -6.31, '2022-12-31': -2.33, '2023-01-31': -7.03, '2023-02-28': -10.67, '2023-03-31': -4.84, '2023-04-30': -7.82, '2023-05-31': 1.15, '2023-06-30': -11.59, '2023-07-31': 4.13, '2023-08-31': -3.87, '2023-09-30': -0.62, '2023-10-31': -0.3, '2023-11-30': -8.98, '2023-12-31': -0.16, '2024-01-31': -6.67, '2024-02-29': 0.57, '2024-03-31': 3.81, '2024-04-30': 4.27, '2024-05-31': -1.3, '2024-06-30': -11.17, '2024-07-31': -4.43, '2024-08-31': 4.93, '2024-09-30': -1.74, '2024-10-31': -6.2, '2024-11-30': -2.04, '2024-12-31': -4.66, '2025-01-31': -9.24, '2025-02-28': 2.62, '2025-03-31': -3.85, '2025-04-30': -5.21, '2025-05-31': -0.02, '2025-06-30': 3.46, '2025-07-31': -12.48, '2025-08-31': 0.68, '2025-09-30': -2.93, '2025-10-31': -4.45, '2025-11-30': 6.33, '2025-12-31': -10.18}",30.794
S30b_MidWeek_MeanReversion,UNI_USDT_USDT,30m,-85.25,-38.05,-1.7937,-3.8567,-0.4437,-85.76,1600,0.7352,55.6,-5.3081,1606,-0.1896,26.5068,45.1549,0.587,12,7,9.1,-17.61,21.28,"{'2022-02-28': -6.61, '2022-03-31': -2.23, '2022-04-30': -10.01, '2022-05-31': -2.93, '2022-06-30': -2.11, '2022-07-31': -7.68, '2022-08-31': -1.83, '2022-09-30': -0.83, '2022-10-31': -3.24, '2022-11-30': -3.57, '2022-12-31': -0.55, '2023-01-31': -4.17, '2023-02-28': -0.66, '2023-03-31': -9.08, '2023-04-30': -9.59, '2023-05-31': -6.86, '2023-06-30': -11.17, '2023-07-31': 2.32, '2023-08-31': -17.61, '2023-09-30': -1.81, '2023-10-31': 3.44, '2023-11-30': -8.89, '2023-12-31': -0.62, '2024-01-31': -10.62, '2024-02-29': 0.15, '2024-03-31': 2.41, '2024-04-30': -8.14, '2024-05-31': -0.52, '2024-06-30': -9.36, '2024-07-31': -5.18, '2024-08-31': -10.28, '2024-09-30': -0.3, '2024-10-31': -2.05, '2024-11-30': -10.33, '2024-12-31': -4.63, '2025-01-31': -3.29, '2025-02-28': 5.34, '2025-03-31': 1.6, '2025-04-30': -6.74, '2025-05-31': -5.0, '2025-06-30': 3.32, '2025-07-31': -6.49, '2025-08-31': 1.87, '2025-09-30': 9.1, '2025-10-31': -11.82, '2025-11-30': 4.42, '2025-12-31': -5.73}",33.484
S30b_MidWeek_MeanReversion,OP_USDT_USDT,30m,-71.66,-29.66,-1.6033,-3.2227,-0.4105,-72.25,1326,0.7953,56.03,-5.4044,1326,-0.218,37.474,60.0505,0.624,10,8,4.65,-8.81,23.81,"{'2022-07-31': -5.47, '2022-08-31': -4.96, '2022-09-30': 2.38, '2022-10-31': -3.1, '2022-11-30': -3.22, '2022-12-31': -2.63, '2023-01-31': -3.89, '2023-02-28': -8.56, '2023-03-31': 4.65, '2023-04-30': -5.02, '2023-05-31': -6.08, '2023-06-30': -6.7, '2023-07-31': -2.48, '2023-08-31': -0.67, '2023-09-30': 1.32, '2023-10-31': -3.91, '2023-11-30': -2.26, '2023-12-31': -3.07, '2024-01-31': -5.63, '2024-02-29': 3.53, '2024-03-31': 1.88, '2024-04-30': -4.48, '2024-05-31': -2.04, '2024-06-30': 1.15, '2024-07-31': -4.81, '2024-08-31': -2.49, '2024-09-30': -6.03, '2024-10-31': -4.2, '2024-11-30': -8.81, '2024-12-31': 1.48, '2025-01-31': -3.51, '2025-02-28': -2.35, '2025-03-31': 0.52, '2025-04-30': -3.13, '2025-05-31': -1.66, '2025-06-30': 0.07, '2025-07-31': -8.0, '2025-08-31': 0.56, '2025-09-30': -1.6, '2025-10-31': -5.12, '2025-11-30': -2.96, '2025-12-31': -7.15}",30.835
S30b_MidWeek_MeanReversion,APT_USDT_USDT,30m,-43.37,-16.28,-0.6088,-1.2266,-0.3394,-47.96,1178,0.8836,59.17,-3.6663,1183,-0.0737,47.014,77.1159,0.6097,13,7,6.33,-12.91,36.84,"{'2022-11-30': -4.09, '2022-12-31': -0.99, '2023-01-31': -3.84, '2023-02-28': -2.7, '2023-03-31': -2.04, '2023-04-30': -12.91, '2023-05-31': -2.37, '2023-06-30': 2.04, '2023-07-31': 2.14, '2023-08-31': -8.52, '2023-09-30': 6.33, '2023-10-31': 2.92, '2023-11-30': -3.67, '2023-12-31': -1.18, '2024-01-31': -1.33, '2024-02-29': 3.62, '2024-03-31': 2.66, '2024-04-30': -4.14, '2024-05-31': 4.65, '2024-06-30': -2.21, '2024-07-31': -2.07, '2024-08-31': 1.78, '2024-09-30': -2.22, '2024-10-31': -4.92, '2024-11-30': -5.08, '2024-12-31': -3.97, '2025-01-31': 0.09, '2025-02-28': -4.45, '2025-03-31': -2.91, '2025-04-30': -0.42, '2025-05-31': -5.67, '2025-06-30': 6.15, '2025-07-31': -9.97, '2025-08-31': 3.77, '2025-09-30': 0.52, '2025-10-31': 1.96, '2025-11-30': -2.44, '2025-12-31': 1.69}",30.805
S30b_MidWeek_MeanReversion,FIL_USDT_USDT,30m,-68.58,-25.15,-1.0331,-1.997,-0.3624,-69.39,1407,0.8303,57.71,-4.8743,1407,-0.1165,41.3186,67.914,0.6084,15,9,5.98,-10.9,29.79,"{'2022-02-28': -4.0, '2022-03-31': 2.46, '2022-04-30': -1.29, '2022-05-31': 1.76, '2022-06-30': 5.3, '2022-07-31': -0.22, '2022-08-31': -1.72, '2022-09-30': -1.99, '2022-10-31': -4.4, '2022-11-30': -2.51, '2022-12-31': 1.7, '2023-01-31': -6.41, '2023-02-28': -6.42, '2023-03-31': -4.88, '2023-04-30': -3.85, '2023-05-31': 1.54, '2023-06-30': -4.11, '2023-07-31': 3.45, '2023-08-31': -6.32, '2023-09-30': -3.64, '2023-10-31': 4.65, '2023-11-30': -10.9, '2023-12-31': 1.8, '2024-01-31': -3.22, '2024-02-29': 5.98, '2024-03-31': 4.42, '2024-04-30': -10.61, '2024-05-31': -5.19, '2024-06-30': -7.35, '2024-07-31': -3.29, '2024-08-31': 0.52, '2024-09-30': -2.08, '2024-10-31': -0.98, '2024-11-30': -1.68, '2024-12-31': -3.48, '2025-01-31': -8.17, '2025-02-28': 1.26, '2025-03-31': -1.42, '2025-04-30': -3.21, '2025-05-31': -3.52, '2025-06-30': 0.76, '2025-07-31': -7.63, '2025-08-31': -3.43, '2025-09-30': -2.34, '2025-10-31': -8.43, '2025-11-30': 1.99, '2025-12-31': -3.19}",29.335
S30b_MidWeek_MeanReversion,INJ_USDT_USDT,30m,-64.86,-26.66,-1.2639,-2.7261,-0.4004,-66.58,1195,0.8245,56.53,-5.2603,1233,-0.1725,43.7168,68.9489,0.634,11,6,8.8,-14.66,32.5,"{'2022-09-30': 2.97, '2022-10-31': -2.38, '2022-11-30': -11.69, '2022-12-31': -2.0, '2023-01-31': -1.54, '2023-02-28': -6.82, '2023-03-31': -1.04, '2023-04-30': -0.8, '2023-05-31': -3.79, '2023-06-30': -2.39, '2023-07-31': 6.39, '2023-08-31': -10.9, '2023-09-30': 3.71, '2023-10-31': 3.61, '2023-11-30': 0.61, '2023-12-31': -6.04, '2024-01-31': 1.65, '2024-02-29': -0.18, '2024-03-31': 2.44, '2024-04-30': -6.35, '2024-05-31': 0.04, '2024-06-30': -2.55, '2024-07-31': -8.76, '2024-08-31': -2.08, '2024-09-30': -10.31, '2024-10-31': -3.91, '2024-11-30': -10.81, '2024-12-31': 1.86, '2025-01-31': -9.26, '2025-02-28': -4.55, '2025-03-31': -1.8, '2025-04-30': -1.4, '2025-05-31': 8.8, '2025-06-30': 5.38, '2025-07-31': -8.86, '2025-08-31': -3.12, '2025-09-30': 3.51, '2025-10-31': -6.54, '2025-11-30': 5.08, '2025-12-31': -14.66}",30.465
S30b_MidWeek_MeanReversion,TRX_USDT_USDT,30m,-93.65,-49.82,-3.0174,-3.5577,-0.5313,-93.77,1683,0.6452,55.86,-5.5411,1690,-0.1965,18.0401,35.3812,0.5099,12,8,2.01,-13.65,10.64,"{'2022-02-28': -6.62, '2022-03-31': -2.75, '2022-04-30': -11.67, '2022-05-31': -2.75, '2022-06-30': -3.5, '2022-07-31': 0.94, '2022-08-31': 0.11, '2022-09-30': -10.25, '2022-10-31': -3.18, '2022-11-30': -2.16, '2022-12-31': -3.39, '2023-01-31': -3.96, '2023-02-28': -7.63, '2023-03-31': -0.25, '2023-04-30': -0.56, '2023-05-31': 2.01, '2023-06-30': -6.69, '2023-07-31': 1.34, '2023-08-31': -8.56, '2023-09-30': -2.81, '2023-10-31': 1.0, '2023-11-30': -9.6, '2023-12-31': -7.68, '2024-01-31': -8.93, '2024-02-29': -6.36, '2024-03-31': -2.47, '2024-04-30': -6.28, '2024-05-31': -6.1, '2024-06-30': -4.53, '2024-07-31': -13.65, '2024-08-31': -6.69, '2024-09-30': -6.75, '2024-10-31': -11.46, '2024-11-30': -6.78, '2024-12-31': -9.79, '2025-01-31': -6.43, '2025-02-28': -3.37, '2025-03-31': -8.33, '2025-04-30': -7.06, '2025-05-31': -6.75, '2025-06-30': -7.7, '2025-07-31': -13.06, '2025-08-31': -2.82, '2025-09-30': -3.01, '2025-10-31': -10.51, '2025-11-30': -0.53, '2025-12-31': -8.33}",35.235
S30b_MidWeek_MeanReversion,ETC_USDT_USDT,30m,-81.91,-34.81,-1.5341,-2.8145,-0.4212,-82.65,1516,0.7576,56.61,-5.3855,1521,-0.1489,29.7412,51.2099,0.5808,13,10,5.38,-18.46,31.91,"{'2022-02-28': -10.26, '2022-03-31': 0.38, '2022-04-30': -2.99, '2022-05-31': -1.48, '2022-06-30': 0.19, '2022-07-31': -7.15, '2022-08-31': 3.23, '2022-09-30': 3.56, '2022-10-31': -4.78, '2022-11-30': -5.0, '2022-12-31': -5.19, '2023-01-31': -12.55, '2023-02-28': -2.51, '2023-03-31': -3.24, '2023-04-30': 2.19, '2023-05-31': -6.94, '2023-06-30': -4.86, '2023-07-31': -0.68, '2023-08-31': -18.46, '2023-09-30': 3.59, '2023-10-31': 2.52, '2023-11-30': -4.78, '2023-12-31': -3.31, '2024-01-31': -10.23, '2024-02-29': 1.07, '2024-03-31': -0.76, '2024-04-30': -8.53, '2024-05-31': 5.38, '2024-06-30': -3.91, '2024-07-31': -2.0, '2024-08-31': 1.01, '2024-09-30': -5.85, '2024-10-31': -5.35, '2024-11-30': -3.91, '2024-12-31': -7.31, '2025-01-31': -4.94, '2025-02-28': 2.06, '2025-03-31': -4.26, '2025-04-30': -0.16, '2025-05-31': -6.39, '2025-06-30': 0.99, '2025-07-31': -16.31, '2025-08-31': 1.95, '2025-09-30': 1.59, '2025-10-31': -8.26, '2025-11-30': 4.86, '2025-12-31': -7.79}",31.712
S30b_MidWeek_MeanReversion,XLM_USDT_USDT,30m,-81.94,-34.83,-1.4334,-2.5627,-0.4197,-82.98,1521,0.763,57.64,-5.2594,1558,-0.1246,29.3831,52.3943,0.5608,12,9,7.03,-18.23,25.53,"{'2022-02-28': -7.83, '2022-03-31': -0.13, '2022-04-30': -4.53, '2022-05-31': 0.22, '2022-06-30': 2.01, '2022-07-31': -2.19, '2022-08-31': -3.88, '2022-09-30': -9.74, '2022-10-31': -3.25, '2022-11-30': -4.3, '2022-12-31': 0.35, '2023-01-31': 7.03, '2023-02-28': -9.29, '2023-03-31': -10.84, '2023-04-30': -5.38, '2023-05-31': 0.54, '2023-06-30': -18.23, '2023-07-31': -6.45, '2023-08-31': -8.91, '2023-09-30': -1.48, '2023-10-31': 1.49, '2023-11-30': -1.11, '2023-12-31': -1.61, '2024-01-31': -9.51, '2024-02-29': -0.65, '2024-03-31': 1.74, '2024-04-30': -5.24, '2024-05-31': -4.72, '2024-06-30': -6.69, '2024-07-31': -9.7, '2024-08-31': -5.35, '2024-09-30': -4.22, '2024-10-31': -4.5, '2024-11-30': -0.76, '2024-12-31': -4.2, '2025-01-31': -1.86, '2025-02-28': -0.28, '2025-03-31': 3.95, '2025-04-30': 4.19, '2025-05-31': 3.94, '2025-06-30': -2.06, '2025-07-31': -12.76, '2025-08-31': 0.63, '2025-09-30': 1.47, '2025-10-31': -8.75, '2025-11-30': -3.94, '2025-12-31': -8.57}",32.483
S30b_MidWeek_MeanReversion,RUNE_USDT_USDT,30m,-93.3,-49.16,-2.8821,-5.8121,-0.5264,-93.39,1581,0.6608,52.37,-5.9016,1581,-0.3382,21.956,36.5339,0.601,11,9,4.07,-15.44,17.02,"{'2022-02-28': -3.71, '2022-03-31': -10.84, '2022-04-30': -8.84, '2022-05-31': -1.53, '2022-06-30': 0.01, '2022-07-31': -2.18, '2022-08-31': -2.96, '2022-09-30': -4.41, '2022-10-31': -3.95, '2022-11-30': -13.21, '2022-12-31': -7.66, '2023-01-31': 1.44, '2023-02-28': -11.17, '2023-03-31': -8.39, '2023-04-30': -13.94, '2023-05-31': -8.61, '2023-06-30': -9.4, '2023-07-31': -1.91, '2023-08-31': -3.74, '2023-09-30': -4.1, '2023-10-31': 1.64, '2023-11-30': -5.21, '2023-12-31': -9.85, '2024-01-31': -10.76, '2024-02-29': -7.5, '2024-03-31': 2.76, '2024-04-30': -12.57, '2024-05-31': -5.19, '2024-06-30': -5.59, '2024-07-31': -5.0, '2024-08-31': -6.85, '2024-09-30': -11.83, '2024-10-31': 1.31, '2024-11-30': -4.96, '2024-12-31': -2.38, '2025-01-31': -15.44, '2025-02-28': -0.53, '2025-03-31': -2.37, '2025-04-30': -6.61, '2025-05-31': -3.61, '2025-06-30': 3.1, '2025-07-31': -11.87, '2025-08-31': 0.66, '2025-09-30': 4.07, '2025-10-31': -6.44, '2025-11-30': -0.5, '2025-12-31': -10.35}",32.963
S30b_MidWeek_MeanReversion,AAVE_USDT_USDT,30m,-85.29,-38.09,-1.7296,-3.6959,-0.4406,-86.46,1544,0.7515,55.07,-5.5064,1549,-0.1965,30.2462,49.3239,0.6132,13,15,9.24,-15.68,25.53,"{'2022-02-28': -4.14, '2022-03-31': 0.97, '2022-04-30': -7.5, '2022-05-31': 9.24, '2022-06-30': -0.23, '2022-07-31': -3.7, '2022-08-31': -8.75, '2022-09-30': -2.55, '2022-10-31': 0.61, '2022-11-30': -6.37, '2022-12-31': -0.35, '2023-01-31': -6.34, '2023-02-28': -9.18, '2023-03-31': -2.13, '2023-04-30': -12.11, '2023-05-31': -7.53, '2023-06-30': -10.81, '2023-07-31': -6.1, '2023-08-31': -15.68, '2023-09-30': -6.35, '2023-10-31': 0.38, '2023-11-30': -0.08, '2023-12-31': -3.2, '2024-01-31': -9.66, '2024-02-29': 6.07, '2024-03-31': -3.78, '2024-04-30': 0.04, '2024-05-31': 2.67, '2024-06-30': -8.07, '2024-07-31': -0.92, '2024-08-31': -8.31, '2024-09-30': -6.22, '2024-10-31': -4.11, '2024-11-30': -15.68, '2024-12-31': 2.72, '2025-01-31': -3.42, '2025-02-28': 3.3, '2025-03-31': 2.22, '2025-04-30': -6.16, '2025-05-31': -8.49, '2025-06-30': -3.92, '2025-07-31': -3.47, '2025-08-31': -6.6, '2025-09-30': -1.93, '2025-10-31': -5.86, '2025-11-30': 2.95, '2025-12-31': 0.57}",32.296
S30b_MidWeek_MeanReversion,LDO_USDT_USDT,30m,-68.99,-28.8,-1.3587,-3.0428,-0.4061,-70.92,1320,0.7942,56.29,-5.2266,1320,-0.1814,35.8328,58.0986,0.6168,12,7,8.87,-11.66,31.71,"{'2022-08-31': -2.53, '2022-09-30': -0.19, '2022-10-31': -2.73, '2022-11-30': -10.25, '2022-12-31': -9.53, '2023-01-31': 8.43, '2023-02-28': -5.12, '2023-03-31': -2.29, '2023-04-30': -11.66, '2023-05-31': -2.6, '2023-06-30': -1.52, '2023-07-31': 0.16, '2023-08-31': -7.47, '2023-09-30': 1.3, '2023-10-31': 1.2, '2023-11-30': 3.76, '2023-12-31': -8.11, '2024-01-31': -8.83, '2024-02-29': 1.11, '2024-03-31': -2.61, '2024-04-30': -6.91, '2024-05-31': 0.95, '2024-06-30': 3.84, '2024-07-31': -4.67, '2024-08-31': -4.13, '2024-09-30': -4.83, '2024-10-31': -4.07, '2024-11-30': -8.7, '2024-12-31': 4.88, '2025-01-31': -11.22, '2025-02-28': 3.26, '2025-03-31': -2.69, '2025-04-30': -4.96, '2025-05-31': -1.97, '2025-06-30': 8.2, '2025-07-31': -8.11, '2025-08-31': 1.32, '2025-09-30': -3.24, '2025-10-31': -6.86, '2025-11-30': 8.87, '2025-12-31': -3.97}",31.915
S30b_MidWeek_MeanReversion,SAND_USDT_USDT,30m,-72.1,-27.33,-0.9872,-1.8116,-0.3723,-73.4,1439,0.8189,57.49,-4.8878,1475,-0.1131,38.4539,63.5063,0.6055,10,7,7.23,-12.69,27.66,"{'2022-02-28': -2.49, '2022-03-31': 2.04, '2022-04-30': -3.82, '2022-05-31': 3.25, '2022-06-30': -2.54, '2022-07-31': 0.57, '2022-08-31': 2.16, '2022-09-30': -8.19, '2022-10-31': -7.31, '2022-11-30': -5.83, '2022-12-31': 3.02, '2023-01-31': -4.43, '2023-02-28': -12.69, '2023-03-31': -6.93, '2023-04-30': -2.43, '2023-05-31': -1.65, '2023-06-30': -4.99, '2023-07-31': 2.62, '2023-08-31': -4.96, '2023-09-30': -1.71, '2023-10-31': 0.54, '2023-11-30': -6.71, '2023-12-31': -1.36, '2024-01-31': -4.56, '2024-02-29': -1.98, '2024-03-31': 1.87, '2024-04-30': -11.38, '2024-05-31': 0.96, '2024-06-30': -5.18, '2024-07-31': -0.09, '2024-08-31': 1.4, '2024-09-30': -5.53, '2024-10-31': -5.1, '2024-11-30': -0.59, '2024-12-31': -2.4, '2025-01-31': -0.0, '2025-02-28': -3.11, '2025-03-31': 7.23, '2025-04-30': -4.31, '2025-05-31': -2.74, '2025-06-30': 3.69, '2025-07-31': -10.44, '2025-08-31': -4.73, '2025-09-30': 3.08, '2025-10-31': -9.37, '2025-11-30': -1.19, '2025-12-31': -5.01}",30.753
S30b_MidWeek_MeanReversion,MANA_USDT_USDT,30m,-77.08,-30.82,-1.0444,-2.1395,-0.3984,-77.35,1523,0.7926,57.19,-5.0376,1530,-0.108,33.6613,56.7346,0.5933,13,7,5.44,-13.45,27.66,"{'2022-02-28': -8.15, '2022-03-31': 5.44, '2022-04-30': -2.27, '2022-05-31': 2.75, '2022-06-30': -0.38, '2022-07-31': 1.54, '2022-08-31': -2.54, '2022-09-30': -8.14, '2022-10-31': -3.8, '2022-11-30': -8.43, '2022-12-31': -2.4, '2023-01-31': -3.89, '2023-02-28': -9.24, '2023-03-31': -2.02, '2023-04-30': -2.82, '2023-05-31': -2.51, '2023-06-30': -12.66, '2023-07-31': 0.26, '2023-08-31': -10.5, '2023-09-30': -0.83, '2023-10-31': -0.99, '2023-11-30': -7.83, '2023-12-31': -3.35, '2024-01-31': -11.43, '2024-02-29': -9.32, '2024-03-31': 4.2, '2024-04-30': 3.47, '2024-05-31': 2.57, '2024-06-30': -4.99, '2024-07-31': -6.18, '2024-08-31': -0.6, '2024-09-30': -5.35, '2024-10-31': -5.52, '2024-11-30': -0.18, '2024-12-31': -1.81, '2025-01-31': -8.89, '2025-02-28': 4.5, '2025-03-31': 0.5, '2025-04-30': 4.54, '2025-05-31': -1.17, '2025-06-30': 5.14, '2025-07-31': -13.45, '2025-08-31': -3.65, '2025-09-30': 2.86, '2025-10-31': -7.51, '2025-11-30': 3.12, '2025-12-31': -6.8}",31.899
S30b_MidWeek_MeanReversion,CRV_USDT_USDT,30m,-79.02,-32.34,-1.8941,-3.4748,-0.4043,-80.0,1513,0.7771,55.7,-5.2089,1517,-0.2559,32.603,52.7551,0.618,12,8,2.79,-14.32,27.66,"{'2022-02-28': -7.1, '2022-03-31': 1.69, '2022-04-30': -6.91, '2022-05-31': -7.75, '2022-06-30': 1.78, '2022-07-31': -4.24, '2022-08-31': -7.01, '2022-09-30': -2.57, '2022-10-31': -1.8, '2022-11-30': -8.8, '2022-12-31': -0.54, '2023-01-31': 1.39, '2023-02-28': -5.98, '2023-03-31': -1.8, '2023-04-30': -14.32, '2023-05-31': -3.42, '2023-06-30': -6.6, '2023-07-31': 1.75, '2023-08-31': 0.66, '2023-09-30': 1.85, '2023-10-31': 1.89, '2023-11-30': 0.05, '2023-12-31': 2.06, '2024-01-31': -9.25, '2024-02-29': -2.06, '2024-03-31': 0.01, '2024-04-30': -7.9, '2024-05-31': -0.08, '2024-06-30': -7.2, '2024-07-31': 2.46, '2024-08-31': -2.45, '2024-09-30': -5.51, '2024-10-31': -6.21, '2024-11-30': -10.79, '2024-12-31': -9.97, '2025-01-31': -4.67, '2025-02-28': -0.7, '2025-03-31': -0.17, '2025-04-30': -1.71, '2025-05-31': -3.33, '2025-06-30': -3.49, '2025-07-31': -2.41, '2025-08-31': 1.65, '2025-09-30': -1.71, '2025-10-31': -8.53, '2025-11-30': 2.79, '2025-12-31': -3.36}",31.628
S30b_MidWeek_MeanReversion,GALA_USDT_USDT,30m,-68.04,-24.82,-0.8433,-1.5742,-0.3542,-70.08,1205,0.8333,56.89,-4.7845,1422,-0.1179,42.0463,66.5889,0.6314,14,6,8.59,-10.14,34.04,"{'2022-02-28': -4.12, '2022-03-31': 1.63, '2022-04-30': -2.49, '2022-05-31': -0.85, '2022-06-30': 1.85, '2022-07-31': 6.35, '2022-08-31': -1.91, '2022-09-30': -0.13, '2022-10-31': -2.83, '2022-11-30': -1.88, '2022-12-31': -5.47, '2023-01-31': -5.11, '2023-02-28': -5.16, '2023-03-31': -2.59, '2023-04-30': -3.34, '2023-05-31': -4.27, '2023-06-30': -6.62, '2023-07-31': 3.83, '2023-08-31': -9.29, '2023-09-30': 2.56, '2023-10-31': -8.38, '2023-11-30': -1.99, '2023-12-31': 0.12, '2024-01-31': -3.2, '2024-02-29': 0.2, '2024-03-31': 6.32, '2024-04-30': -7.81, '2024-05-31': -3.57, '2024-06-30': -9.12, '2024-07-31': -5.03, '2024-08-31': -3.46, '2024-09-30': -1.93, '2024-10-31': -5.7, '2024-11-30': -10.14, '2024-12-31': -4.91, '2025-01-31': -6.16, '2025-02-28': 8.59, '2025-03-31': 1.54, '2025-04-30': 1.59, '2025-05-31': 4.88, '2025-06-30': 1.35, '2025-07-31': -9.91, '2025-08-31': 0.11, '2025-09-30': 4.99, '2025-10-31': -9.57, '2025-11-30': 2.91, '2025-12-31': -7.12}",29.648
S30b_MidWeek_MeanReversion,APE_USDT_USDT,30m,-51.75,-17.5,-0.2504,-0.4993,-0.309,-56.63,1235,0.8829,58.78,-3.7885,1366,-0.0343,48.5742,78.4728,0.619,11,9,5.06,-10.04,28.89,"{'2022-04-30': -2.47, '2022-05-31': 4.06, '2022-06-30': 3.7, '2022-07-31': -3.01, '2022-08-31': 3.29, '2022-09-30': -3.47, '2022-10-31': -5.55, '2022-11-30': -0.9, '2022-12-31': -1.13, '2023-01-31': 3.01, '2023-02-28': -7.84, '2023-03-31': 4.7, '2023-04-30': -3.59, '2023-05-31': -1.75, '2023-06-30': -4.01, '2023-07-31': 2.82, '2023-08-31': -2.54, '2023-09-30': 1.38, '2023-10-31': -1.67, '2023-11-30': -0.86, '2023-12-31': -3.9, '2024-01-31': -7.26, '2024-02-29': -0.26, '2024-03-31': -1.7, '2024-04-30': -6.42, '2024-05-31': -0.92, '2024-06-30': -4.22, '2024-07-31': -1.44, '2024-08-31': -1.9, '2024-09-30': -2.89, '2024-10-31': -2.38, '2024-11-30': 2.42, '2024-12-31': -3.72, '2025-01-31': -7.03, '2025-02-28': 1.85, '2025-03-31': 5.06, '2025-04-30': 2.74, '2025-05-31': -2.68, '2025-06-30': 1.0, '2025-07-31': -10.04, '2025-08-31': 2.23, '2025-09-30': -0.69, '2025-10-31': -6.94, '2025-11-30': -0.78, '2025-12-31': -0.73}",30.044
S30b_MidWeek_MeanReversion,AXS_USDT_USDT,30m,-69.48,-25.69,-0.6054,-1.2336,-0.3466,-74.12,1307,0.85,57.94,-4.5799,1517,-0.0657,44.7869,72.5946,0.6169,12,8,7.02,-13.29,31.91,"{'2022-02-28': 1.16, '2022-03-31': 7.02, '2022-04-30': -0.95, '2022-05-31': 0.06, '2022-06-30': 5.8, '2022-07-31': 4.95, '2022-08-31': 0.6, '2022-09-30': 0.82, '2022-10-31': -9.72, '2022-11-30': -2.79, '2022-12-31': -2.58, '2023-01-31': 0.47, '2023-02-28': -6.75, '2023-03-31': -7.21, '2023-04-30': -8.62, '2023-05-31': -3.3, '2023-06-30': -6.22, '2023-07-31': 3.26, '2023-08-31': -6.74, '2023-09-30': -0.61, '2023-10-31': -0.38, '2023-11-30': -6.18, '2023-12-31': -0.47, '2024-01-31': -8.27, '2024-02-29': -3.65, '2024-03-31': 3.5, '2024-04-30': -2.55, '2024-05-31': 3.72, '2024-06-30': -7.71, '2024-07-31': -0.81, '2024-08-31': 3.0, '2024-09-30': -5.73, '2024-10-31': -2.08, '2024-11-30': -1.37, '2024-12-31': -1.86, '2025-01-31': -3.52, '2025-02-28': 4.01, '2025-03-31': -2.71, '2025-04-30': -8.3, '2025-05-31': -1.21, '2025-06-30': 0.37, '2025-07-31': -9.82, '2025-08-31': -0.28, '2025-09-30': 1.85, '2025-10-31': -13.29, '2025-11-30': -3.56, '2025-12-31': -7.37}",31.628
S30b_MidWeek_MeanReversion,GRT_USDT_USDT,30m,-73.74,-28.43,-0.9763,-1.8933,-0.3703,-76.78,1211,0.8404,56.76,-5.013,1471,-0.1214,46.5161,72.6653,0.6401,12,9,7.71,-13.38,34.04,"{'2022-02-28': -6.99, '2022-03-31': 7.44, '2022-04-30': -1.22, '2022-05-31': 2.92, '2022-06-30': 7.71, '2022-07-31': -0.47, '2022-08-31': 7.51, '2022-09-30': 0.27, '2022-10-31': -8.02, '2022-11-30': -4.29, '2022-12-31': 5.18, '2023-01-31': 4.02, '2023-02-28': -8.67, '2023-03-31': 0.04, '2023-04-30': -12.15, '2023-05-31': -0.93, '2023-06-30': -1.34, '2023-07-31': -7.18, '2023-08-31': -2.24, '2023-09-30': 1.93, '2023-10-31': -5.25, '2023-11-30': -6.74, '2023-12-31': 5.29, '2024-01-31': -2.73, '2024-02-29': -5.11, '2024-03-31': 7.49, '2024-04-30': -4.91, '2024-05-31': -7.42, '2024-06-30': -7.08, '2024-07-31': -6.4, '2024-08-31': 0.86, '2024-09-30': -4.06, '2024-10-31': -7.66, '2024-11-30': -9.72, '2024-12-31': -6.55, '2025-01-31': -10.3, '2025-02-28': 5.72, '2025-03-31': 1.18, '2025-04-30': -4.43, '2025-05-31': 3.66, '2025-06-30': 2.48, '2025-07-31': -10.79, '2025-08-31': -5.38, '2025-09-30': -1.94, '2025-10-31': -7.14, '2025-11-30': -2.21, '2025-12-31': -13.38}",30.669
S30b_MidWeek_MeanReversion,CHZ_USDT_USDT,30m,-75.94,-29.98,-1.3314,-2.2849,-0.393,-76.28,1568,0.8078,57.46,-4.8431,1568,-0.1455,35.4319,59.2476,0.598,13,8,5.96,-15.9,29.79,"{'2022-02-28': -10.03, '2022-03-31': 4.99, '2022-04-30': -6.54, '2022-05-31': -2.94, '2022-06-30': -1.91, '2022-07-31': -1.1, '2022-08-31': -6.02, '2022-09-30': 2.18, '2022-10-31': 5.01, '2022-11-30': 5.96, '2022-12-31': -6.59, '2023-01-31': 3.13, '2023-02-28': -13.91, '2023-03-31': -7.22, '2023-04-30': 0.21, '2023-05-31': -3.28, '2023-06-30': -7.16, '2023-07-31': 1.89, '2023-08-31': -4.07, '2023-09-30': 1.68, '2023-10-31': -3.75, '2023-11-30': -4.2, '2023-12-31': -3.26, '2024-01-31': -0.51, '2024-02-29': 0.08, '2024-03-31': -4.12, '2024-04-30': -1.63, '2024-05-31': 4.37, '2024-06-30': -3.28, '2024-07-31': -1.9, '2024-08-31': -0.35, '2024-09-30': -1.43, '2024-10-31': -6.94, '2024-11-30': -1.78, '2024-12-31': -2.86, '2025-01-31': -7.23, '2025-02-28': -2.71, '2025-03-31': 3.22, '2025-04-30': -7.17, '2025-05-31': -1.33, '2025-06-30': 0.58, '2025-07-31': -15.9, '2025-08-31': 0.07, '2025-09-30': -0.41, '2025-10-31': -12.81, '2025-11-30': 0.48, '2025-12-31': -7.38}",32.692
S30b_MidWeek_MeanReversion,1000LUNC_USDT_USDT,30m,-49.89,-18.84,0.2566,0.4933,-0.3535,-53.3,1164,0.8706,59.26,-4.1995,1188,0.0316,47.6676,79.6425,0.5985,16,10,9.37,-12.67,41.03,"{'2022-10-31': 2.78, '2022-11-30': -3.46, '2022-12-31': -5.58, '2023-01-31': 2.88, '2023-02-28': -5.7, '2023-03-31': -8.63, '2023-04-30': -3.49, '2023-05-31': 0.51, '2023-06-30': -0.61, '2023-07-31': -1.36, '2023-08-31': 0.16, '2023-09-30': 4.85, '2023-10-31': -12.36, '2023-11-30': -3.21, '2023-12-31': 2.86, '2024-01-31': -4.45, '2024-02-29': 4.47, '2024-03-31': 1.77, '2024-04-30': -1.99, '2024-05-31': -4.61, '2024-06-30': 0.8, '2024-07-31': -5.24, '2024-08-31': 3.99, '2024-09-30': -3.89, '2024-10-31': -3.6, '2024-11-30': 2.16, '2024-12-31': -1.72, '2025-01-31': -7.44, '2025-02-28': 9.37, '2025-03-31': 5.01, '2025-04-30': 2.28, '2025-05-31': -2.94, '2025-06-30': -1.47, '2025-07-31': -12.67, '2025-08-31': 0.46, '2025-09-30': 1.78, '2025-10-31': -5.24, '2025-11-30': -6.19, '2025-12-31': -6.58}",29.911
S30b_MidWeek_MeanReversion,TWT_USDT_USDT,30m,-21.91,-7.62,0.4345,0.8717,-0.2369,-32.17,769,0.9511,62.15,-1.855,1181,0.0398,58.0353,100.1983,0.5792,16,8,9.63,-11.17,48.65,"{'2022-12-31': 1.35, '2023-01-31': 4.78, '2023-02-28': 1.28, '2023-03-31': -2.51, '2023-04-30': -8.13, '2023-05-31': 2.42, '2023-06-30': -3.46, '2023-07-31': 0.76, '2023-08-31': -8.87, '2023-09-30': 4.81, '2023-10-31': -0.84, '2023-11-30': -3.23, '2023-12-31': 0.43, '2024-01-31': -0.66, '2024-02-29': -1.89, '2024-03-31': 1.28, '2024-04-30': -10.52, '2024-05-31': 6.54, '2024-06-30': -4.21, '2024-07-31': 4.62, '2024-08-31': 1.92, '2024-09-30': -1.18, '2024-10-31': 4.03, '2024-11-30': -0.07, '2024-12-31': 2.28, '2025-01-31': 3.17, '2025-02-28': 6.24, '2025-03-31': 9.63, '2025-04-30': -3.37, '2025-05-31': 6.03, '2025-06-30': -3.16, '2025-07-31': -8.59, '2025-08-31': -7.27, '2025-09-30': -5.98, '2025-10-31': 3.36, '2025-11-30': -0.49, '2025-12-31': -11.17}",31.562
S30b_MidWeek_MeanReversion,ZRX_USDT_USDT,30m,-70.05,-27.42,-0.8364,-1.4648,-0.3693,-74.24,1412,0.8374,58.22,-4.4962,1558,-0.0911,39.7727,66.1735,0.601,10,7,8.28,-13.24,35.56,"{'2022-04-30': -2.02, '2022-05-31': 8.28, '2022-06-30': 0.32, '2022-07-31': 3.14, '2022-08-31': 0.18, '2022-09-30': -4.72, '2022-10-31': 0.78, '2022-11-30': -8.7, '2022-12-31': -4.51, '2023-01-31': -0.96, '2023-02-28': -3.12, '2023-03-31': -10.81, '2023-04-30': -4.73, '2023-05-31': -2.42, '2023-06-30': -6.13, '2023-07-31': 0.54, '2023-08-31': -13.24, '2023-09-30': -8.07, '2023-10-31': -2.35, '2023-11-30': 2.62, '2023-12-31': 2.07, '2024-01-31': 1.57, '2024-02-29': -1.01, '2024-03-31': -3.03, '2024-04-30': -5.46, '2024-05-31': 2.14, '2024-06-30': -8.27, '2024-07-31': 0.57, '2024-08-31': -2.98, '2024-09-30': -10.15, '2024-10-31': -5.11, '2024-11-30': -4.84, '2024-12-31': -8.99, '2025-01-31': 0.82, '2025-02-28': -1.76, '2025-03-31': 4.64, '2025-04-30': -0.66, '2025-05-31': -1.61, '2025-06-30': 0.1, '2025-07-31': -13.08, '2025-08-31': -1.72, '2025-09-30': 4.06, '2025-10-31': -3.27, '2025-11-30': 7.31, '2025-12-31': -7.34}",34.516
S30b_MidWeek_MeanReversion,ANKR_USDT_USDT,30m,-81.51,-34.45,-1.1483,-2.254,-0.4202,-81.98,1645,0.794,56.81,-4.9371,1651,-0.1196,33.4958,55.4982,0.6035,9,10,9.36,-13.17,21.28,"{'2022-02-28': -6.27, '2022-03-31': 9.36, '2022-04-30': -4.4, '2022-05-31': 5.98, '2022-06-30': -1.53, '2022-07-31': -1.64, '2022-08-31': 0.06, '2022-09-30': -1.03, '2022-10-31': -6.81, '2022-11-30': -6.66, '2022-12-31': -9.25, '2023-01-31': 1.58, '2023-02-28': -9.05, '2023-03-31': -6.91, '2023-04-30': -7.2, '2023-05-31': -2.79, '2023-06-30': -9.51, '2023-07-31': -1.08, '2023-08-31': -5.73, '2023-09-30': -3.97, '2023-10-31': -2.81, '2023-11-30': -2.24, '2023-12-31': -5.87, '2024-01-31': -3.13, '2024-02-29': -1.67, '2024-03-31': -3.94, '2024-04-30': 2.35, '2024-05-31': -1.34, '2024-06-30': -7.67, '2024-07-31': -0.19, '2024-08-31': -3.62, '2024-09-30': -3.36, '2024-10-31': -5.99, '2024-11-30': -2.73, '2024-12-31': -7.38, '2025-01-31': -7.97, '2025-02-28': 2.11, '2025-03-31': 2.84, '2025-04-30': 0.1, '2025-05-31': 4.16, '2025-06-30': -1.94, '2025-07-31': -13.17, '2025-08-31': 1.87, '2025-09-30': -3.99, '2025-10-31': -11.93, '2025-11-30': -0.76, '2025-12-31': -9.73}",34.422
S30b_MidWeek_MeanReversion,STX_USDT_USDT,30m,-83.93,-36.71,-1.6668,-3.5777,-0.4313,-85.11,1579,0.776,55.24,-5.2986,1584,-0.2049,33.2286,52.8463,0.6288,11,9,6.88,-17.85,27.66,"{'2022-02-28': -10.59, '2022-03-31': 6.88, '2022-04-30': -6.32, '2022-05-31': 2.11, '2022-06-30': 3.43, '2022-07-31': -4.72, '2022-08-31': -3.4, '2022-09-30': 0.57, '2022-10-31': -1.19, '2022-11-30': -11.73, '2022-12-31': -1.21, '2023-01-31': 4.05, '2023-02-28': -1.43, '2023-03-31': -6.29, '2023-04-30': -4.67, '2023-05-31': -17.85, '2023-06-30': -8.39, '2023-07-31': 0.46, '2023-08-31': -5.02, '2023-09-30': 3.66, '2023-10-31': 5.06, '2023-11-30': -11.24, '2023-12-31': -6.3, '2024-01-31': -7.03, '2024-02-29': -13.13, '2024-03-31': 2.65, '2024-04-30': -7.48, '2024-05-31': -4.42, '2024-06-30': -13.31, '2024-07-31': -6.22, '2024-08-31': 0.04, '2024-09-30': -4.33, '2024-10-31': -3.08, '2024-11-30': -0.95, '2024-12-31': -8.13, '2025-01-31': -9.14, '2025-02-28': 0.31, '2025-03-31': -5.62, '2025-04-30': -4.92, '2025-05-31': -4.5, '2025-06-30': -1.04, '2025-07-31': -2.74, '2025-08-31': 1.93, '2025-09-30': -2.86, '2025-10-31': -3.76, '2025-11-30': 5.27, '2025-12-31': -4.39}",33.025
S30b_MidWeek_MeanReversion,EGLD_USDT_USDT,30m,-68.25,-24.95,-1.0189,-2.0932,-0.3608,-69.15,1502,0.8427,58.3,-4.5318,1506,-0.1039,41.6478,69.0949,0.6028,15,10,5.95,-12.85,31.91,"{'2022-02-28': -1.45, '2022-03-31': -0.03, '2022-04-30': -0.41, '2022-05-31': -5.47, '2022-06-30': 1.06, '2022-07-31': -3.01, '2022-08-31': 3.11, '2022-09-30': -4.41, '2022-10-31': 5.24, '2022-11-30': -7.0, '2022-12-31': 3.44, '2023-01-31': -0.28, '2023-02-28': -6.75, '2023-03-31': 2.76, '2023-04-30': -6.97, '2023-05-31': 1.9, '2023-06-30': -7.81, '2023-07-31': 3.72, '2023-08-31': -11.13, '2023-09-30': -4.18, '2023-10-31': -2.12, '2023-11-30': -1.7, '2023-12-31': -1.58, '2024-01-31': -3.37, '2024-02-29': 5.95, '2024-03-31': 0.37, '2024-04-30': -2.54, '2024-05-31': -6.64, '2024-06-30': -1.91, '2024-07-31': -1.87, '2024-08-31': -0.79, '2024-09-30': -4.91, '2024-10-31': -11.55, '2024-11-30': -7.95, '2024-12-31': -3.01, '2025-01-31': -6.78, '2025-02-28': 0.23, '2025-03-31': 4.56, '2025-04-30': -1.82, '2025-05-31': 3.98, '2025-06-30': 2.1, '2025-07-31': -12.85, '2025-08-31': -3.14, '2025-09-30': 0.63, '2025-10-31': -5.58, '2025-11-30': 1.85, '2025-12-31': -7.5}",31.399
S30b_MidWeek_MeanReversion,MINA_USDT_USDT,30m,-74.57,-30.69,-1.1217,-1.9686,-0.4083,-75.17,1406,0.8051,57.0,-4.9481,1507,-0.1363,35.8537,59.0357,0.6073,12,7,4.66,-11.26,22.73,"{'2022-05-31': -0.22, '2022-06-30': -0.97, '2022-07-31': 0.04, '2022-08-31': 4.12, '2022-09-30': -4.63, '2022-10-31': -6.87, '2022-11-30': -3.42, '2022-12-31': -5.22, '2023-01-31': -2.37, '2023-02-28': -2.1, '2023-03-31': -1.05, '2023-04-30': -10.44, '2023-05-31': -4.99, '2023-06-30': -11.26, '2023-07-31': 0.01, '2023-08-31': -3.19, '2023-09-30': -1.95, '2023-10-31': -2.84, '2023-11-30': -2.83, '2023-12-31': -10.9, '2024-01-31': -0.31, '2024-02-29': -1.91, '2024-03-31': 1.48, '2024-04-30': -7.23, '2024-05-31': 0.88, '2024-06-30': -3.82, '2024-07-31': -4.83, '2024-08-31': -0.79, '2024-09-30': -8.11, '2024-10-31': -0.45, '2024-11-30': 4.66, '2024-12-31': -6.33, '2025-01-31': -4.98, '2025-02-28': 0.8, '2025-03-31': -0.83, '2025-04-30': -4.15, '2025-05-31': 2.94, '2025-06-30': -1.45, '2025-07-31': -9.87, '2025-08-31': -0.35, '2025-09-30': 2.94, '2025-10-31': -8.75, '2025-11-30': 0.49, '2025-12-31': -6.87}",33.631
S30b_MidWeek_MeanReversion,ZEN_USDT_USDT,30m,-70.78,-26.5,-1.0515,-2.018,-0.3636,-72.88,1590,0.8194,57.55,-4.4518,1590,-0.1304,35.0995,58.0657,0.6045,11,8,10.57,-15.78,38.3,"{'2022-02-28': -7.29, '2022-03-31': -2.97, '2022-04-30': -3.28, '2022-05-31': 5.0, '2022-06-30': 3.54, '2022-07-31': -0.37, '2022-08-31': 5.51, '2022-09-30': -1.2, '2022-10-31': -3.9, '2022-11-30': -15.78, '2022-12-31': -0.05, '2023-01-31': 3.09, '2023-02-28': -13.12, '2023-03-31': -4.38, '2023-04-30': -6.33, '2023-05-31': -7.61, '2023-06-30': -4.0, '2023-07-31': -0.54, '2023-08-31': 0.04, '2023-09-30': 0.41, '2023-10-31': -9.07, '2023-11-30': -1.82, '2023-12-31': 1.26, '2024-01-31': 0.3, '2024-02-29': 0.36, '2024-03-31': 4.52, '2024-04-30': -5.21, '2024-05-31': 3.03, '2024-06-30': -4.78, '2024-07-31': -6.87, '2024-08-31': 0.62, '2024-09-30': -11.75, '2024-10-31': -1.6, '2024-11-30': -10.66, '2024-12-31': 2.0, '2025-01-31': -8.22, '2025-02-28': 1.02, '2025-03-31': 1.85, '2025-04-30': 1.12, '2025-05-31': -2.94, '2025-06-30': 3.57, '2025-07-31': -6.92, '2025-08-31': -0.63, '2025-09-30': -1.89, '2025-10-31': -5.59, '2025-11-30': 10.57, '2025-12-31': -5.83}",33.15
S30b_MidWeek_MeanReversion,ALICE_USDT_USDT,30m,-64.82,-23.0,-0.9285,-1.8676,-0.3523,-65.28,1453,0.8403,57.54,-4.4609,1453,-0.1207,40.8054,65.7941,0.6202,13,8,7.74,-15.33,38.3,"{'2022-02-28': -9.99, '2022-03-31': 3.39, '2022-04-30': -2.18, '2022-05-31': 0.45, '2022-06-30': 3.97, '2022-07-31': 0.07, '2022-08-31': 3.91, '2022-09-30': -5.57, '2022-10-31': -3.72, '2022-11-30': -8.78, '2022-12-31': 1.42, '2023-01-31': -0.14, '2023-02-28': -15.33, '2023-03-31': -0.85, '2023-04-30': -8.45, '2023-05-31': 4.81, '2023-06-30': -6.78, '2023-07-31': 7.12, '2023-08-31': -0.11, '2023-09-30': 0.54, '2023-10-31': -2.44, '2023-11-30': -4.12, '2023-12-31': 3.08, '2024-01-31': -8.08, '2024-02-29': -2.1, '2024-03-31': 0.39, '2024-04-30': -1.89, '2024-05-31': 2.65, '2024-06-30': -0.41, '2024-07-31': -1.67, '2024-08-31': 1.69, '2024-09-30': -3.41, '2024-10-31': -6.62, '2024-11-30': -2.72, '2024-12-31': -4.02, '2025-01-31': -8.39, '2025-02-28': 5.58, '2025-03-31': 2.92, '2025-04-30': -5.43, '2025-05-31': 1.83, '2025-06-30': -1.95, '2025-07-31': -13.07, '2025-08-31': -1.04, '2025-09-30': 7.74, '2025-10-31': -8.67, '2025-11-30': 3.06, '2025-12-31': -8.14}",30.294
S30b_MidWeek_MeanReversion,JST_USDT_USDT,30m,-93.88,-51.62,-2.673,-3.7327,-0.549,-94.03,1760,0.6806,55.22,-5.3278,1762,-0.19,20.5617,37.255,0.5519,13,8,3.88,-17.09,13.04,"{'2022-03-31': -12.13, '2022-04-30': -3.55, '2022-05-31': -2.77, '2022-06-30': -6.25, '2022-07-31': 3.88, '2022-08-31': -2.93, '2022-09-30': -7.88, '2022-10-31': 1.99, '2022-11-30': -10.76, '2022-12-31': -9.92, '2023-01-31': 1.75, '2023-02-28': -8.23, '2023-03-31': 0.85, '2023-04-30': -6.13, '2023-05-31': -4.87, '2023-06-30': -11.11, '2023-07-31': -8.34, '2023-08-31': -12.31, '2023-09-30': -3.84, '2023-10-31': -6.32, '2023-11-30': -13.75, '2023-12-31': -2.4, '2024-01-31': -9.65, '2024-02-29': -1.82, '2024-03-31': -3.74, '2024-04-30': -5.95, '2024-05-31': 1.1, '2024-06-30': -11.22, '2024-07-31': -5.69, '2024-08-31': -5.93, '2024-09-30': -8.31, '2024-10-31': -1.09, '2024-11-30': -0.22, '2024-12-31': -3.53, '2025-01-31': -3.61, '2025-02-28': -0.6, '2025-03-31': -3.61, '2025-04-30': -11.4, '2025-05-31': -8.22, '2025-06-30': -8.0, '2025-07-31': -15.06, '2025-08-31': -6.54, '2025-09-30': 0.73, '2025-10-31': -4.91, '2025-11-30': -6.03, '2025-12-31': -17.09}",38.175
S30b_MidWeek_MeanReversion,SUN_USDT_USDT,30m,-87.04,-41.2,-1.9972,-2.7189,-0.4672,-88.19,1556,0.7477,56.81,-5.4878,1586,-0.1748,28.6258,50.3583,0.5684,14,7,5.38,-16.94,23.91,"{'2022-03-31': 3.76, '2022-04-30': -1.98, '2022-05-31': -0.45, '2022-06-30': -5.59, '2022-07-31': -2.97, '2022-08-31': 4.53, '2022-09-30': -16.8, '2022-10-31': 0.67, '2022-11-30': -4.69, '2022-12-31': -8.5, '2023-01-31': -3.32, '2023-02-28': -7.99, '2023-03-31': 5.38, '2023-04-30': -1.69, '2023-05-31': 1.0, '2023-06-30': -8.17, '2023-07-31': -3.53, '2023-08-31': -11.56, '2023-09-30': -1.74, '2023-10-31': -1.46, '2023-11-30': -6.77, '2023-12-31': -6.02, '2024-01-31': 0.47, '2024-02-29': -7.74, '2024-03-31': -10.7, '2024-04-30': -9.63, '2024-05-31': 3.55, '2024-06-30': -5.26, '2024-07-31': -8.1, '2024-08-31': -9.52, '2024-09-30': -5.37, '2024-10-31': -16.94, '2024-11-30': -3.55, '2024-12-31': -5.78, '2025-01-31': 0.54, '2025-02-28': 4.18, '2025-03-31': 3.38, '2025-04-30': -3.57, '2025-05-31': -1.93, '2025-06-30': -6.42, '2025-07-31': -7.85, '2025-08-31': -5.92, '2025-09-30': 3.99, '2025-10-31': -6.69, '2025-11-30': -4.42, '2025-12-31': -11.85}",34.361
S30b_MidWeek_MeanReversion,ONT_USDT_USDT,30m,-77.04,-33.78,-1.5447,-2.9391,-0.4328,-78.05,1442,0.7851,57.59,-5.2446,1469,-0.139,33.2709,57.5466,0.5782,14,7,6.02,-15.49,30.95,"{'2022-07-31': -1.79, '2022-08-31': -9.49, '2022-09-30': -6.75, '2022-10-31': 0.81, '2022-11-30': -7.59, '2022-12-31': -3.92, '2023-01-31': 0.23, '2023-02-28': -8.15, '2023-03-31': -7.32, '2023-04-30': -6.81, '2023-05-31': -1.88, '2023-06-30': -14.3, '2023-07-31': 6.02, '2023-08-31': -1.0, '2023-09-30': -3.51, '2023-10-31': 0.69, '2023-11-30': 3.53, '2023-12-31': -0.09, '2024-01-31': -8.98, '2024-02-29': 2.88, '2024-03-31': 0.87, '2024-04-30': -1.92, '2024-05-31': -6.6, '2024-06-30': -11.5, '2024-07-31': 2.64, '2024-08-31': 0.55, '2024-09-30': -5.84, '2024-10-31': -4.11, '2024-11-30': -4.81, '2024-12-31': -2.81, '2025-01-31': 1.56, '2025-02-28': 0.19, '2025-03-31': 5.19, '2025-04-30': -5.26, '2025-05-31': -3.2, '2025-06-30': -1.25, '2025-07-31': -15.49, '2025-08-31': -1.47, '2025-09-30': 3.85, '2025-10-31': -14.45, '2025-11-30': -1.16, '2025-12-31': -9.14}",34.292
S30b_MidWeek_MeanReversion,AGLD_USDT_USDT,30m,-83.63,-38.74,-1.727,-3.1339,-0.4631,-83.65,1536,0.752,54.95,-5.4446,1536,-0.2322,30.0392,48.7226,0.6165,14,7,6.38,-18.6,29.55,"{'2022-05-31': 0.44, '2022-06-30': -1.11, '2022-07-31': -6.61, '2022-08-31': -1.86, '2022-09-30': 1.57, '2022-10-31': -0.37, '2022-11-30': -15.47, '2022-12-31': 0.24, '2023-01-31': -3.04, '2023-02-28': -13.65, '2023-03-31': -5.74, '2023-04-30': -12.1, '2023-05-31': 2.35, '2023-06-30': -8.49, '2023-07-31': -4.02, '2023-08-31': -6.0, '2023-09-30': -8.77, '2023-10-31': -10.32, '2023-11-30': 5.05, '2023-12-31': -0.91, '2024-01-31': -11.47, '2024-02-29': -2.21, '2024-03-31': 6.38, '2024-04-30': -9.84, '2024-05-31': 5.45, '2024-06-30': 2.0, '2024-07-31': -2.4, '2024-08-31': -8.22, '2024-09-30': -5.31, '2024-10-31': -4.88, '2024-11-30': -7.03, '2024-12-31': -9.82, '2025-01-31': -9.26, '2025-02-28': 4.11, '2025-03-31': 5.0, '2025-04-30': 4.35, '2025-05-31': -0.18, '2025-06-30': -0.54, '2025-07-31': -12.42, '2025-08-31': -0.17, '2025-09-30': 1.85, '2025-10-31': -6.87, '2025-11-30': 3.35, '2025-12-31': -18.6}",34.66
S30b_MidWeek_MeanReversion,BTC_USDT_USDT,1H,-67.57,-24.55,-1.5958,-3.3771,-0.354,-69.35,805,0.7115,55.64,-8.3726,807,-0.1849,37.1074,65.4132,0.5673,13,7,6.81,-9.27,21.28,"{'2022-02-28': -3.4, '2022-03-31': 0.14, '2022-04-30': -2.14, '2022-05-31': 0.84, '2022-06-30': 1.04, '2022-07-31': -2.75, '2022-08-31': 3.29, '2022-09-30': -1.0, '2022-10-31': -4.26, '2022-11-30': -9.12, '2022-12-31': -2.29, '2023-01-31': -0.06, '2023-02-28': -7.14, '2023-03-31': -0.8, '2023-04-30': -2.56, '2023-05-31': -2.51, '2023-06-30': -5.73, '2023-07-31': 2.14, '2023-08-31': -8.54, '2023-09-30': 1.53, '2023-10-31': 0.27, '2023-11-30': -3.7, '2023-12-31': -3.61, '2024-01-31': 0.99, '2024-02-29': -9.27, '2024-03-31': -0.15, '2024-04-30': -8.03, '2024-05-31': -1.92, '2024-06-30': -4.11, '2024-07-31': -0.93, '2024-08-31': -6.77, '2024-09-30': -0.75, '2024-10-31': -5.43, '2024-11-30': -2.62, '2024-12-31': -1.28, '2025-01-31': -8.24, '2025-02-28': -3.15, '2025-03-31': 1.89, '2025-04-30': -1.78, '2025-05-31': -1.35, '2025-06-30': -1.7, '2025-07-31': -2.32, '2025-08-31': -0.49, '2025-09-30': 6.81, '2025-10-31': -6.5, '2025-11-30': -0.08, '2025-12-31': -0.41}",16.825
S30b_MidWeek_MeanReversion,ETH_USDT_USDT,1H,-64.38,-22.76,-1.2959,-2.6899,-0.3459,-65.8,792,0.7242,54.67,-8.1282,792,-0.2031,39.0337,65.0114,0.6004,9,7,4.64,-9.21,34.04,"{'2022-02-28': -0.34, '2022-03-31': 0.98, '2022-04-30': -0.9, '2022-05-31': 1.76, '2022-06-30': 0.37, '2022-07-31': -5.19, '2022-08-31': 1.85, '2022-09-30': 0.11, '2022-10-31': -3.51, '2022-11-30': -6.56, '2022-12-31': 0.02, '2023-01-31': -3.25, '2023-02-28': -5.74, '2023-03-31': -0.61, '2023-04-30': -4.6, '2023-05-31': -1.93, '2023-06-30': -6.51, '2023-07-31': 2.82, '2023-08-31': -5.41, '2023-09-30': 1.58, '2023-10-31': -3.49, '2023-11-30': -6.37, '2023-12-31': -6.45, '2024-01-31': -4.62, '2024-02-29': -2.71, '2024-03-31': 0.8, '2024-04-30': -2.56, '2024-05-31': 0.82, '2024-06-30': -4.14, '2024-07-31': -2.09, '2024-08-31': -2.75, '2024-09-30': -0.26, '2024-10-31': -6.34, '2024-11-30': -2.81, '2024-12-31': -5.75, '2025-01-31': -4.44, '2025-02-28': 4.07, '2025-03-31': -1.13, '2025-04-30': -0.8, '2025-05-31': 2.02, '2025-06-30': 0.35, '2025-07-31': -9.21, '2025-08-31': 1.38, '2025-09-30': 4.64, '2025-10-31': -4.69, '2025-11-30': 2.3, '2025-12-31': -2.06}",16.513
S30b_MidWeek_MeanReversion,SOL_USDT_USDT,1H,-56.18,-18.65,-0.8983,-1.32,-0.3062,-60.9,654,0.7887,54.87,-6.9272,811,-0.2481,47.1297,72.6522,0.6487,8,7,4.3,-8.4,29.79,"{'2022-02-28': -3.04, '2022-03-31': -2.2, '2022-04-30': -1.16, '2022-05-31': 1.6, '2022-06-30': -1.49, '2022-07-31': 4.3, '2022-08-31': 3.02, '2022-09-30': 0.22, '2022-10-31': -4.32, '2022-11-30': -3.12, '2022-12-31': -3.1, '2023-01-31': -2.64, '2023-02-28': -5.58, '2023-03-31': -1.92, '2023-04-30': -5.55, '2023-05-31': 4.04, '2023-06-30': -4.02, '2023-07-31': -5.0, '2023-08-31': -8.4, '2023-09-30': -0.81, '2023-10-31': 2.65, '2023-11-30': -4.6, '2023-12-31': -2.66, '2024-01-31': -2.79, '2024-02-29': -2.66, '2024-03-31': -0.96, '2024-04-30': -1.48, '2024-05-31': -1.13, '2024-06-30': -5.34, '2024-07-31': 0.37, '2024-08-31': -1.51, '2024-09-30': 0.03, '2024-10-31': -5.03, '2024-11-30': -4.19, '2024-12-31': 2.31, '2025-01-31': -6.38, '2025-02-28': -0.67, '2025-03-31': 0.54, '2025-04-30': -3.3, '2025-05-31': 2.8, '2025-06-30': -2.73, '2025-07-31': -5.84, '2025-08-31': -3.43, '2025-09-30': 0.39, '2025-10-31': -1.34, '2025-11-30': 2.64, '2025-12-31': 3.3}",16.909
S30b_MidWeek_MeanReversion,XRP_USDT_USDT,1H,-18.82,-5.08,-0.1305,-0.2211,-0.1759,-28.88,511,0.9302,59.97,-2.6437,712,-0.026,58.7293,94.5956,0.6208,13,6,7.4,-8.71,42.55,"{'2022-02-28': -3.28, '2022-03-31': -1.06, '2022-04-30': -0.64, '2022-05-31': 2.72, '2022-06-30': 2.26, '2022-07-31': -0.77, '2022-08-31': 4.57, '2022-09-30': -2.4, '2022-10-31': -1.04, '2022-11-30': -2.86, '2022-12-31': 3.22, '2023-01-31': 1.7, '2023-02-28': -0.85, '2023-03-31': -8.28, '2023-04-30': -3.23, '2023-05-31': 1.04, '2023-06-30': -1.44, '2023-07-31': 4.31, '2023-08-31': -2.79, '2023-09-30': -0.78, '2023-10-31': 0.71, '2023-11-30': 0.49, '2023-12-31': 3.97, '2024-01-31': -2.24, '2024-02-29': -3.32, '2024-03-31': 1.72, '2024-04-30': 0.67, '2024-05-31': -1.92, '2024-06-30': 1.71, '2024-07-31': -1.24, '2024-08-31': -0.76, '2024-09-30': 1.12, '2024-10-31': -2.33, '2024-11-30': -1.83, '2024-12-31': -3.95, '2025-01-31': -2.45, '2025-02-28': 0.71, '2025-03-31': -0.2, '2025-04-30': -0.68, '2025-05-31': 6.86, '2025-06-30': -4.29, '2025-07-31': -8.71, '2025-08-31': 1.3, '2025-09-30': 7.4, '2025-10-31': -2.84, '2025-11-30': 2.63, '2025-12-31': 1.01}",14.845
S30b_MidWeek_MeanReversion,DOGE_USDT_USDT,1H,-36.76,-10.83,-0.2544,-0.4558,-0.2249,-48.15,599,0.8639,57.55,-4.9546,742,-0.0609,54.6679,85.7761,0.6373,9,8,6.26,-7.34,38.3,"{'2022-02-28': -0.4, '2022-03-31': -0.33, '2022-04-30': -0.35, '2022-05-31': -0.77, '2022-06-30': 2.21, '2022-07-31': 2.95, '2022-08-31': 1.52, '2022-09-30': 4.32, '2022-10-31': -4.97, '2022-11-30': -0.45, '2022-12-31': -2.34, '2023-01-31': 1.56, '2023-02-28': -3.89, '2023-03-31': -5.21, '2023-04-30': 0.02, '2023-05-31': 0.68, '2023-06-30': -3.67, '2023-07-31': 1.71, '2023-08-31': -2.85, '2023-09-30': -0.3, '2023-10-31': -1.69, '2023-11-30': -2.56, '2023-12-31': 0.17, '2024-01-31': -3.82, '2024-02-29': -4.06, '2024-03-31': -3.84, '2024-04-30': -5.05, '2024-05-31': 0.24, '2024-06-30': -7.34, '2024-07-31': -4.46, '2024-08-31': -1.23, '2024-09-30': 2.72, '2024-10-31': -1.18, '2024-11-30': -2.06, '2024-12-31': 0.74, '2025-01-31': -0.08, '2025-02-28': 3.15, '2025-03-31': -1.41, '2025-04-30': -1.88, '2025-05-31': 0.56, '2025-06-30': 0.08, '2025-07-31': -6.78, '2025-08-31': 0.45, '2025-09-30': 4.39, '2025-10-31': -3.02, '2025-11-30': 6.26, '2025-12-31': -0.19}",15.47
S30b_MidWeek_MeanReversion,ADA_USDT_USDT,1H,-57.85,-19.44,-1.0491,-2.04,-0.3131,-62.08,752,0.7495,54.64,-7.6725,754,-0.2113,42.0197,67.5356,0.6222,11,8,4.84,-11.84,36.17,"{'2022-02-28': -1.21, '2022-03-31': 0.44, '2022-04-30': -3.68, '2022-05-31': -4.0, '2022-06-30': 3.31, '2022-07-31': -1.51, '2022-08-31': 0.02, '2022-09-30': 4.59, '2022-10-31': -6.74, '2022-11-30': 2.92, '2022-12-31': -4.07, '2023-01-31': -2.87, '2023-02-28': -5.66, '2023-03-31': -7.79, '2023-04-30': -3.8, '2023-05-31': 3.58, '2023-06-30': -7.2, '2023-07-31': 2.45, '2023-08-31': -11.84, '2023-09-30': 1.85, '2023-10-31': -4.7, '2023-11-30': -1.26, '2023-12-31': -1.45, '2024-01-31': -5.41, '2024-02-29': 1.34, '2024-03-31': 3.19, '2024-04-30': -5.02, '2024-05-31': -1.51, '2024-06-30': 0.79, '2024-07-31': -2.6, '2024-08-31': -3.01, '2024-09-30': -3.29, '2024-10-31': -2.77, '2024-11-30': -1.35, '2024-12-31': -3.97, '2025-01-31': -5.77, '2025-02-28': 1.15, '2025-03-31': 2.79, '2025-04-30': -2.67, '2025-05-31': 4.69, '2025-06-30': 2.41, '2025-07-31': -9.46, '2025-08-31': -2.61, '2025-09-30': 4.44, '2025-10-31': -0.09, '2025-11-30': 4.84, '2025-12-31': -2.46}",15.72
S30b_MidWeek_MeanReversion,AVAX_USDT_USDT,1H,-68.5,-25.1,-1.3885,-2.5305,-0.3605,-69.63,669,0.7193,52.41,-8.6709,790,-0.3206,42.4078,64.9119,0.6533,8,10,3.79,-10.72,29.79,"{'2022-02-28': -3.73, '2022-03-31': 1.08, '2022-04-30': -0.63, '2022-05-31': 1.06, '2022-06-30': 3.07, '2022-07-31': -0.99, '2022-08-31': 3.79, '2022-09-30': -1.28, '2022-10-31': -6.3, '2022-11-30': -5.53, '2022-12-31': 0.78, '2023-01-31': -3.73, '2023-02-28': -5.05, '2023-03-31': -4.21, '2023-04-30': -5.71, '2023-05-31': -1.58, '2023-06-30': -6.39, '2023-07-31': 1.13, '2023-08-31': -8.65, '2023-09-30': 2.87, '2023-10-31': -4.04, '2023-11-30': -3.06, '2023-12-31': -2.9, '2024-01-31': -3.05, '2024-02-29': -3.01, '2024-03-31': -1.23, '2024-04-30': -6.2, '2024-05-31': -1.27, '2024-06-30': -2.29, '2024-07-31': -7.0, '2024-08-31': -3.55, '2024-09-30': -0.42, '2024-10-31': -3.77, '2024-11-30': -2.43, '2024-12-31': -2.32, '2025-01-31': -8.45, '2025-02-28': 0.01, '2025-03-31': 0.73, '2025-04-30': 0.21, '2025-05-31': 3.72, '2025-06-30': 0.79, '2025-07-31': -10.72, '2025-08-31': -0.96, '2025-09-30': -5.02, '2025-10-31': 0.26, '2025-11-30': 1.82, '2025-12-31': -3.2}",16.471
S30b_MidWeek_MeanReversion,LINK_USDT_USDT,1H,-49.5,-15.71,-0.7191,-1.4272,-0.2915,-53.9,632,0.8177,55.87,-6.4621,766,-0.1496,51.8628,80.3174,0.6457,12,7,6.19,-8.98,36.17,"{'2022-02-28': -1.79, '2022-03-31': -0.34, '2022-04-30': -1.01, '2022-05-31': 3.31, '2022-06-30': 1.93, '2022-07-31': -0.06, '2022-08-31': 2.96, '2022-09-30': 1.29, '2022-10-31': -3.94, '2022-11-30': -1.6, '2022-12-31': -3.78, '2023-01-31': 0.59, '2023-02-28': -3.64, '2023-03-31': -1.27, '2023-04-30': -2.43, '2023-05-31': 4.02, '2023-06-30': -6.2, '2023-07-31': 0.33, '2023-08-31': -7.08, '2023-09-30': -2.31, '2023-10-31': 1.55, '2023-11-30': 1.38, '2023-12-31': -1.63, '2024-01-31': -3.95, '2024-02-29': 0.74, '2024-03-31': -0.82, '2024-04-30': -5.63, '2024-05-31': 5.48, '2024-06-30': -1.29, '2024-07-31': -1.11, '2024-08-31': -1.74, '2024-09-30': 0.84, '2024-10-31': -8.91, '2024-11-30': -5.17, '2024-12-31': -3.26, '2025-01-31': -8.98, '2025-02-28': 0.43, '2025-03-31': -0.7, '2025-04-30': -5.35, '2025-05-31': 6.19, '2025-06-30': -5.69, '2025-07-31': -6.55, '2025-08-31': -2.11, '2025-09-30': 3.21, '2025-10-31': 1.86, '2025-11-30': 4.93, '2025-12-31': -3.4}",15.971
S30b_MidWeek_MeanReversion,BNB_USDT_USDT,1H,-60.65,-20.81,-1.2433,-2.3043,-0.3366,-61.82,778,0.7414,56.03,-7.7755,780,-0.1714,39.793,68.3802,0.5819,10,7,4.81,-6.34,29.79,"{'2022-02-28': -5.3, '2022-03-31': -0.5, '2022-04-30': -2.71, '2022-05-31': 0.44, '2022-06-30': -0.08, '2022-07-31': -2.63, '2022-08-31': 1.23, '2022-09-30': -4.25, '2022-10-31': -4.54, '2022-11-30': 0.16, '2022-12-31': 0.15, '2023-01-31': -1.16, '2023-02-28': -4.48, '2023-03-31': 4.81, '2023-04-30': -6.34, '2023-05-31': -2.06, '2023-06-30': -2.87, '2023-07-31': 1.47, '2023-08-31': -4.37, '2023-09-30': -1.67, '2023-10-31': 0.63, '2023-11-30': 0.37, '2023-12-31': -5.96, '2024-01-31': -2.37, '2024-02-29': -4.92, '2024-03-31': -5.23, '2024-04-30': 1.42, '2024-05-31': -3.71, '2024-06-30': -4.61, '2024-07-31': -3.94, '2024-08-31': -1.45, '2024-09-30': -4.22, '2024-10-31': 0.88, '2024-11-30': -5.25, '2024-12-31': -2.32, '2025-01-31': 0.15, '2025-02-28': -0.03, '2025-03-31': -0.2, '2025-04-30': -0.56, '2025-05-31': 0.12, '2025-06-30': 2.98, '2025-07-31': -5.29, '2025-08-31': -3.31, '2025-09-30': -0.1, '2025-10-31': 0.42, '2025-11-30': -2.24, '2025-12-31': -3.42}",16.262
S30b_MidWeek_MeanReversion,LTC_USDT_USDT,1H,-39.17,-11.69,-0.6649,-1.2884,-0.2439,-47.93,744,0.8435,57.89,-5.2363,748,-0.1198,48.7659,79.468,0.6137,12,10,5.25,-9.68,40.43,"{'2022-02-28': -0.24, '2022-03-31': 4.2, '2022-04-30': -4.9, '2022-05-31': -0.79, '2022-06-30': 3.52, '2022-07-31': 0.51, '2022-08-31': 1.4, '2022-09-30': -1.63, '2022-10-31': -2.78, '2022-11-30': -2.38, '2022-12-31': -6.39, '2023-01-31': -0.04, '2023-02-28': -5.39, '2023-03-31': -3.42, '2023-04-30': -4.88, '2023-05-31': 1.83, '2023-06-30': -3.75, '2023-07-31': 2.31, '2023-08-31': -6.75, '2023-09-30': -2.61, '2023-10-31': -2.8, '2023-11-30': 2.81, '2023-12-31': 5.25, '2024-01-31': -1.25, '2024-02-29': -2.27, '2024-03-31': -0.32, '2024-04-30': -2.33, '2024-05-31': 1.23, '2024-06-30': -3.81, '2024-07-31': -1.51, '2024-08-31': -1.17, '2024-09-30': 3.05, '2024-10-31': -3.2, '2024-11-30': -0.44, '2024-12-31': -0.22, '2025-01-31': -9.46, '2025-02-28': 0.12, '2025-03-31': 3.33, '2025-04-30': 0.53, '2025-05-31': 2.45, '2025-06-30': 1.27, '2025-07-31': -9.68, '2025-08-31': -1.98, '2025-09-30': 1.88, '2025-10-31': 0.43, '2025-11-30': 5.17, '2025-12-31': 2.67}",15.595
S30b_MidWeek_MeanReversion,DOT_USDT_USDT,1H,-49.57,-15.74,-0.5599,-1.0742,-0.2792,-56.37,631,0.8059,56.28,-6.4884,764,-0.1093,47.8558,76.4525,0.626,8,6,7.99,-8.65,44.68,"{'2022-02-28': -0.15, '2022-03-31': 0.77, '2022-04-30': -4.36, '2022-05-31': 1.58, '2022-06-30': 3.65, '2022-07-31': 0.96, '2022-08-31': 3.68, '2022-09-30': 0.21, '2022-10-31': -4.44, '2022-11-30': -5.5, '2022-12-31': -5.79, '2023-01-31': 0.63, '2023-02-28': -5.29, '2023-03-31': 1.8, '2023-04-30': -5.13, '2023-05-31': -0.56, '2023-06-30': -7.0, '2023-07-31': -1.24, '2023-08-31': -8.65, '2023-09-30': 0.2, '2023-10-31': -0.71, '2023-11-30': -1.67, '2023-12-31': 1.64, '2024-01-31': -5.83, '2024-02-29': 1.37, '2024-03-31': 3.23, '2024-04-30': -7.89, '2024-05-31': -0.97, '2024-06-30': 1.3, '2024-07-31': -5.71, '2024-08-31': -1.73, '2024-09-30': -1.43, '2024-10-31': -4.73, '2024-11-30': 0.28, '2024-12-31': -3.92, '2025-01-31': -4.52, '2025-02-28': 0.72, '2025-03-31': -1.17, '2025-04-30': -1.81, '2025-05-31': 7.99, '2025-06-30': -3.09, '2025-07-31': -6.84, '2025-08-31': 1.13, '2025-09-30': 0.27, '2025-10-31': 0.36, '2025-11-30': 3.84, '2025-12-31': 1.23}",15.929
S30b_MidWeek_MeanReversion,BCH_USDT_USDT,1H,-52.09,-16.88,-1.0102,-2.0967,-0.2795,-60.4,759,0.7681,56.04,-6.8357,762,-0.1861,40.4028,67.0472,0.6026,9,7,5.55,-8.22,36.17,"{'2022-02-28': -1.65, '2022-03-31': -0.36, '2022-04-30': -5.79, '2022-05-31': 0.03, '2022-06-30': 1.08, '2022-07-31': -1.53, '2022-08-31': -6.1, '2022-09-30': -2.35, '2022-10-31': -3.74, '2022-11-30': -5.61, '2022-12-31': 4.7, '2023-01-31': -1.32, '2023-02-28': 2.9, '2023-03-31': -3.54, '2023-04-30': -3.59, '2023-05-31': -5.31, '2023-06-30': -6.86, '2023-07-31': -2.93, '2023-08-31': -8.22, '2023-09-30': -3.86, '2023-10-31': -1.51, '2023-11-30': 2.03, '2023-12-31': 1.68, '2024-01-31': -3.62, '2024-02-29': -2.09, '2024-03-31': -4.63, '2024-04-30': -2.43, '2024-05-31': -2.42, '2024-06-30': 0.79, '2024-07-31': -2.33, '2024-08-31': 0.01, '2024-09-30': -0.53, '2024-10-31': -2.49, '2024-11-30': -2.1, '2024-12-31': -0.61, '2025-01-31': -6.42, '2025-02-28': 2.34, '2025-03-31': 1.66, '2025-04-30': 2.07, '2025-05-31': 5.55, '2025-06-30': 2.77, '2025-07-31': -1.23, '2025-08-31': 0.37, '2025-09-30': 2.4, '2025-10-31': -4.27, '2025-11-30': 2.93, '2025-12-31': 0.89}",15.887
S30b_MidWeek_MeanReversion,ATOM_USDT_USDT,1H,-42.05,-12.76,-0.5571,-0.9735,-0.236,-54.06,634,0.8396,57.03,-5.682,740,-0.1176,52.1525,82.431,0.6327,15,8,8.56,-13.12,42.55,"{'2022-02-28': 0.68, '2022-03-31': 3.39, '2022-04-30': -0.63, '2022-05-31': 0.57, '2022-06-30': 2.93, '2022-07-31': 1.49, '2022-08-31': 0.34, '2022-09-30': -2.32, '2022-10-31': -5.48, '2022-11-30': -4.48, '2022-12-31': -2.84, '2023-01-31': 2.82, '2023-02-28': -8.04, '2023-03-31': -4.0, '2023-04-30': -0.58, '2023-05-31': 0.26, '2023-06-30': -2.92, '2023-07-31': 2.24, '2023-08-31': -2.93, '2023-09-30': 0.0, '2023-10-31': 0.22, '2023-11-30': 0.96, '2023-12-31': -1.41, '2024-01-31': -1.63, '2024-02-29': 1.14, '2024-03-31': 3.13, '2024-04-30': -4.43, '2024-05-31': 1.35, '2024-06-30': -2.16, '2024-07-31': -13.12, '2024-08-31': -5.11, '2024-09-30': -4.3, '2024-10-31': -4.04, '2024-11-30': -4.83, '2024-12-31': -4.97, '2025-01-31': -0.09, '2025-02-28': -2.05, '2025-03-31': 1.02, '2025-04-30': -1.43, '2025-05-31': 4.28, '2025-06-30': -0.64, '2025-07-31': -5.53, '2025-08-31': 1.45, '2025-09-30': -0.09, '2025-10-31': -0.2, '2025-11-30': 8.56, '2025-12-31': 4.27}",15.428
S30b_MidWeek_MeanReversion,NEAR_USDT_USDT,1H,-39.07,-11.66,-0.5611,-1.0871,-0.2297,-50.76,743,0.842,56.77,-5.0867,768,-0.1418,47.7435,74.4662,0.6411,13,6,7.5,-9.31,40.43,"{'2022-02-28': 0.7, '2022-03-31': -5.38, '2022-04-30': -0.55, '2022-05-31': -0.04, '2022-06-30': 0.51, '2022-07-31': 3.91, '2022-08-31': -0.78, '2022-09-30': -2.58, '2022-10-31': 0.93, '2022-11-30': -8.98, '2022-12-31': 2.61, '2023-01-31': -5.18, '2023-02-28': -8.48, '2023-03-31': -0.95, '2023-04-30': -9.31, '2023-05-31': 1.17, '2023-06-30': -2.02, '2023-07-31': -1.0, '2023-08-31': -0.18, '2023-09-30': 2.09, '2023-10-31': -2.5, '2023-11-30': -7.08, '2023-12-31': -2.27, '2024-01-31': -1.28, '2024-02-29': 1.35, '2024-03-31': 1.34, '2024-04-30': 0.43, '2024-05-31': -2.07, '2024-06-30': -3.62, '2024-07-31': -3.63, '2024-08-31': -0.84, '2024-09-30': -1.95, '2024-10-31': -6.16, '2024-11-30': 1.81, '2024-12-31': 1.87, '2025-01-31': -6.14, '2025-02-28': 4.01, '2025-03-31': 2.09, '2025-04-30': 2.41, '2025-05-31': 7.5, '2025-06-30': 2.24, '2025-07-31': -5.3, '2025-08-31': -1.27, '2025-09-30': -0.12, '2025-10-31': -0.9, '2025-11-30': 3.6, '2025-12-31': 5.84}",16.012
S30b_MidWeek_MeanReversion,UNI_USDT_USDT,1H,-52.28,-16.9,-1.0737,-2.3042,-0.2735,-61.8,653,0.813,55.69,-6.3995,817,-0.2276,49.9676,77.2476,0.6468,15,11,5.22,-12.32,42.55,"{'2022-02-28': -1.1, '2022-03-31': 0.21, '2022-04-30': 1.43, '2022-05-31': 1.21, '2022-06-30': -1.86, '2022-07-31': -0.56, '2022-08-31': 1.6, '2022-09-30': 2.38, '2022-10-31': -3.15, '2022-11-30': -4.47, '2022-12-31': 3.02, '2023-01-31': 2.92, '2023-02-28': -3.01, '2023-03-31': -0.9, '2023-04-30': -4.98, '2023-05-31': 0.47, '2023-06-30': -7.92, '2023-07-31': 3.89, '2023-08-31': -12.32, '2023-09-30': 0.03, '2023-10-31': -3.53, '2023-11-30': -10.6, '2023-12-31': 5.15, '2024-01-31': -6.01, '2024-02-29': -0.52, '2024-03-31': -1.6, '2024-04-30': -7.16, '2024-05-31': 0.15, '2024-06-30': -5.43, '2024-07-31': -8.31, '2024-08-31': -7.72, '2024-09-30': 0.72, '2024-10-31': -1.56, '2024-11-30': -6.95, '2024-12-31': -1.27, '2025-01-31': -6.12, '2025-02-28': 1.47, '2025-03-31': -0.04, '2025-04-30': -0.89, '2025-05-31': 1.69, '2025-06-30': 0.34, '2025-07-31': -1.88, '2025-08-31': 5.22, '2025-09-30': 4.51, '2025-10-31': -2.65, '2025-11-30': 2.18, '2025-12-31': 3.92}",17.034
S30b_MidWeek_MeanReversion,OP_USDT_USDT,1H,-24.5,-7.54,-0.2057,-0.4452,-0.2061,-36.58,668,0.9016,57.93,-3.5305,694,-0.0534,55.8324,85.2562,0.6549,12,7,6.17,-9.8,42.86,"{'2022-07-31': -1.17, '2022-08-31': -4.43, '2022-09-30': 1.09, '2022-10-31': -4.09, '2022-11-30': -3.02, '2022-12-31': 1.8, '2023-01-31': -0.59, '2023-02-28': -9.8, '2023-03-31': 2.2, '2023-04-30': -4.68, '2023-05-31': -1.43, '2023-06-30': -3.73, '2023-07-31': 0.76, '2023-08-31': -0.18, '2023-09-30': 0.2, '2023-10-31': -4.04, '2023-11-30': 0.57, '2023-12-31': 6.17, '2024-01-31': 3.31, '2024-02-29': 3.82, '2024-03-31': 2.91, '2024-04-30': -0.34, '2024-05-31': -1.08, '2024-06-30': -2.22, '2024-07-31': -4.31, '2024-08-31': -4.15, '2024-09-30': 1.28, '2024-10-31': -4.57, '2024-11-30': -2.65, '2024-12-31': 1.51, '2025-01-31': -1.11, '2025-02-28': -2.99, '2025-03-31': 2.09, '2025-04-30': -0.49, '2025-05-31': 2.44, '2025-06-30': 1.28, '2025-07-31': -5.56, '2025-08-31': -1.48, '2025-09-30': 3.22, '2025-10-31': -0.24, '2025-11-30': 3.54, '2025-12-31': 1.84}",16.139
S30b_MidWeek_MeanReversion,APT_USDT_USDT,1H,-15.93,-5.28,0.0942,0.205,-0.1693,-31.18,333,0.933,58.78,-2.6913,592,0.0228,63.7412,97.4394,0.6542,14,5,6.15,-8.94,44.74,"{'2022-11-30': -0.76, '2022-12-31': -2.64, '2023-01-31': 0.87, '2023-02-28': -0.67, '2023-03-31': -1.73, '2023-04-30': -2.1, '2023-05-31': 3.74, '2023-06-30': -0.12, '2023-07-31': 2.23, '2023-08-31': -2.94, '2023-09-30': 1.19, '2023-10-31': 5.93, '2023-11-30': 2.05, '2023-12-31': 6.15, '2024-01-31': -2.08, '2024-02-29': -1.79, '2024-03-31': 1.93, '2024-04-30': -8.94, '2024-05-31': -4.25, '2024-06-30': -1.24, '2024-07-31': -5.82, '2024-08-31': 1.35, '2024-09-30': 0.46, '2024-10-31': 0.32, '2024-11-30': -2.34, '2024-12-31': -1.96, '2025-01-31': -3.84, '2025-02-28': -3.32, '2025-03-31': 0.27, '2025-04-30': 3.26, '2025-05-31': 1.51, '2025-06-30': -3.11, '2025-07-31': -1.38, '2025-08-31': -0.65, '2025-09-30': 2.54, '2025-10-31': -0.59, '2025-11-30': 0.68, '2025-12-31': 1.47}",15.415
S30b_MidWeek_MeanReversion,FIL_USDT_USDT,1H,-23.81,-6.58,-0.2323,-0.4409,-0.1589,-41.41,573,0.9213,58.8,-3.2482,733,-0.0527,64.6771,100.1879,0.6456,8,8,6.26,-6.24,46.81,"{'2022-02-28': -0.13, '2022-03-31': 6.26, '2022-04-30': -0.73, '2022-05-31': 0.51, '2022-06-30': 2.54, '2022-07-31': 4.39, '2022-08-31': 1.07, '2022-09-30': 3.04, '2022-10-31': -0.6, '2022-11-30': 1.55, '2022-12-31': -1.11, '2023-01-31': -2.48, '2023-02-28': -5.56, '2023-03-31': -5.36, '2023-04-30': 1.01, '2023-05-31': 2.13, '2023-06-30': -0.45, '2023-07-31': 2.14, '2023-08-31': -0.85, '2023-09-30': -4.58, '2023-10-31': 3.06, '2023-11-30': -6.24, '2023-12-31': 4.19, '2024-01-31': -0.7, '2024-02-29': 1.95, '2024-03-31': 3.68, '2024-04-30': -4.86, '2024-05-31': -4.65, '2024-06-30': -2.32, '2024-07-31': -4.57, '2024-08-31': 0.89, '2024-09-30': -1.11, '2024-10-31': -3.81, '2024-11-30': -1.07, '2024-12-31': -5.32, '2025-01-31': -4.84, '2025-02-28': -1.75, '2025-03-31': 2.31, '2025-04-30': 0.7, '2025-05-31': 0.12, '2025-06-30': 0.85, '2025-07-31': -6.24, '2025-08-31': -2.06, '2025-09-30': 1.66, '2025-10-31': -2.05, '2025-11-30': 0.51, '2025-12-31': 5.35}",15.283
S30b_MidWeek_MeanReversion,INJ_USDT_USDT,1H,-17.11,-5.41,-0.3218,-0.7314,-0.174,-31.1,612,0.9358,58.53,-2.6276,651,-0.0852,65.4278,98.6613,0.6632,12,7,8.79,-6.12,45.0,"{'2022-09-30': 3.99, '2022-10-31': 2.03, '2022-11-30': -2.13, '2022-12-31': -2.28, '2023-01-31': 1.2, '2023-02-28': -6.12, '2023-03-31': -3.62, '2023-04-30': -5.33, '2023-05-31': 3.85, '2023-06-30': -2.7, '2023-07-31': 8.79, '2023-08-31': -2.91, '2023-09-30': 3.07, '2023-10-31': 3.89, '2023-11-30': -2.61, '2023-12-31': 1.28, '2024-01-31': 1.94, '2024-02-29': 2.48, '2024-03-31': -0.56, '2024-04-30': -1.39, '2024-05-31': 2.37, '2024-06-30': -0.65, '2024-07-31': -5.85, '2024-08-31': -5.72, '2024-09-30': -0.8, '2024-10-31': -4.87, '2024-11-30': -5.99, '2024-12-31': 2.25, '2025-01-31': -2.37, '2025-02-28': -1.55, '2025-03-31': -1.66, '2025-04-30': 2.78, '2025-05-31': 0.71, '2025-06-30': 1.03, '2025-07-31': -4.21, '2025-08-31': -1.43, '2025-09-30': 1.1, '2025-10-31': 0.47, '2025-11-30': 3.65, '2025-12-31': -0.67}",16.085
S30b_MidWeek_MeanReversion,TRX_USDT_USDT,1H,-67.54,-24.54,-1.4443,-1.7556,-0.3521,-69.69,879,0.7404,56.92,-7.658,882,-0.1798,38.38,68.4767,0.5605,10,8,5.23,-12.5,29.79,"{'2022-02-28': -4.38, '2022-03-31': -0.31, '2022-04-30': -3.75, '2022-05-31': -1.3, '2022-06-30': 0.61, '2022-07-31': 2.08, '2022-08-31': 0.8, '2022-09-30': -3.49, '2022-10-31': -4.14, '2022-11-30': 3.5, '2022-12-31': 0.97, '2023-01-31': 0.87, '2023-02-28': -6.55, '2023-03-31': 3.18, '2023-04-30': 5.23, '2023-05-31': 3.31, '2023-06-30': -1.63, '2023-07-31': 2.45, '2023-08-31': -5.77, '2023-09-30': -1.36, '2023-10-31': 0.8, '2023-11-30': -8.97, '2023-12-31': -6.54, '2024-01-31': -0.84, '2024-02-29': -6.35, '2024-03-31': -4.95, '2024-04-30': -1.93, '2024-05-31': -2.68, '2024-06-30': -1.18, '2024-07-31': -12.5, '2024-08-31': -9.52, '2024-09-30': -6.14, '2024-10-31': -8.21, '2024-11-30': -0.41, '2024-12-31': -10.18, '2025-01-31': -1.84, '2025-02-28': 2.04, '2025-03-31': -0.84, '2025-04-30': -1.97, '2025-05-31': -1.67, '2025-06-30': -1.32, '2025-07-31': -6.75, '2025-08-31': -2.85, '2025-09-30': 0.02, '2025-10-31': -0.78, '2025-11-30': 2.28, '2025-12-31': -1.9}",18.389
S30b_MidWeek_MeanReversion,ETC_USDT_USDT,1H,-45.68,-14.16,-0.6176,-1.2743,-0.289,-48.99,782,0.8249,57.02,-5.8261,784,-0.1172,48.1291,77.3927,0.6219,8,6,5.55,-9.09,38.3,"{'2022-02-28': -1.87, '2022-03-31': -1.83, '2022-04-30': -3.54, '2022-05-31': -0.94, '2022-06-30': 1.46, '2022-07-31': -1.12, '2022-08-31': 4.65, '2022-09-30': 4.7, '2022-10-31': -1.77, '2022-11-30': -4.48, '2022-12-31': 1.5, '2023-01-31': -3.55, '2023-02-28': -2.25, '2023-03-31': -2.63, '2023-04-30': -2.09, '2023-05-31': 1.01, '2023-06-30': -6.36, '2023-07-31': 1.76, '2023-08-31': -8.89, '2023-09-30': 1.02, '2023-10-31': -2.83, '2023-11-30': -3.93, '2023-12-31': 1.94, '2024-01-31': -4.57, '2024-02-29': 1.77, '2024-03-31': 0.74, '2024-04-30': -4.25, '2024-05-31': 1.84, '2024-06-30': -0.53, '2024-07-31': -2.4, '2024-08-31': -0.93, '2024-09-30': -0.33, '2024-10-31': -3.83, '2024-11-30': -2.53, '2024-12-31': -5.66, '2025-01-31': -3.99, '2025-02-28': 0.56, '2025-03-31': -3.57, '2025-04-30': 2.95, '2025-05-31': 5.55, '2025-06-30': 1.15, '2025-07-31': -9.09, '2025-08-31': 3.53, '2025-09-30': 4.22, '2025-10-31': -3.36, '2025-11-30': 3.23, '2025-12-31': -4.31}",16.346
S30b_MidWeek_MeanReversion,XLM_USDT_USDT,1H,-51.48,-16.55,-0.6956,-1.3239,-0.2998,-55.2,656,0.8064,56.85,-6.5334,788,-0.1202,47.8685,78.2158,0.612,8,6,6.6,-9.44,36.17,"{'2022-02-28': -0.26, '2022-03-31': -1.03, '2022-04-30': -2.87, '2022-05-31': 3.69, '2022-06-30': 3.5, '2022-07-31': -0.08, '2022-08-31': 2.43, '2022-09-30': -0.81, '2022-10-31': -4.71, '2022-11-30': -3.34, '2022-12-31': 1.05, '2023-01-31': 5.02, '2023-02-28': -4.67, '2023-03-31': -5.76, '2023-04-30': -5.53, '2023-05-31': 0.69, '2023-06-30': -9.41, '2023-07-31': -7.46, '2023-08-31': -1.49, '2023-09-30': -1.03, '2023-10-31': 3.19, '2023-11-30': -3.56, '2023-12-31': 2.83, '2024-01-31': -5.29, '2024-02-29': -2.91, '2024-03-31': 2.38, '2024-04-30': -1.16, '2024-05-31': 3.57, '2024-06-30': -2.1, '2024-07-31': -5.35, '2024-08-31': -2.96, '2024-09-30': -3.03, '2024-10-31': -7.17, '2024-11-30': -5.0, '2024-12-31': 0.13, '2025-01-31': -6.02, '2025-02-28': 2.09, '2025-03-31': 4.56, '2025-04-30': 2.4, '2025-05-31': 4.98, '2025-06-30': -4.23, '2025-07-31': -9.44, '2025-08-31': -2.58, '2025-09-30': 3.33, '2025-10-31': -2.9, '2025-11-30': 6.6, '2025-12-31': -5.67}",16.429
S30b_MidWeek_MeanReversion,RUNE_USDT_USDT,1H,-66.05,-23.68,-1.5731,-3.1379,-0.3448,-68.68,868,0.7146,53.57,-7.6097,868,-0.3563,35.5585,57.4191,0.6193,14,8,4.39,-12.25,27.66,"{'2022-02-28': -1.4, '2022-03-31': -6.39, '2022-04-30': -4.24, '2022-05-31': -2.46, '2022-06-30': -2.21, '2022-07-31': -1.63, '2022-08-31': 1.56, '2022-09-30': -0.31, '2022-10-31': 0.81, '2022-11-30': -12.25, '2022-12-31': -5.18, '2023-01-31': 0.94, '2023-02-28': -5.77, '2023-03-31': -7.34, '2023-04-30': -5.77, '2023-05-31': -3.61, '2023-06-30': -6.06, '2023-07-31': -0.31, '2023-08-31': -2.75, '2023-09-30': -8.15, '2023-10-31': -0.9, '2023-11-30': -3.27, '2023-12-31': 1.71, '2024-01-31': -3.28, '2024-02-29': -2.09, '2024-03-31': 0.56, '2024-04-30': -1.76, '2024-05-31': -2.17, '2024-06-30': -2.2, '2024-07-31': -0.56, '2024-08-31': -2.07, '2024-09-30': -5.27, '2024-10-31': 0.67, '2024-11-30': -0.18, '2024-12-31': -2.0, '2025-01-31': -6.37, '2025-02-28': -3.94, '2025-03-31': 3.94, '2025-04-30': 2.56, '2025-05-31': 0.58, '2025-06-30': 4.39, '2025-07-31': -7.37, '2025-08-31': 2.42, '2025-09-30': 4.07, '2025-10-31': -2.48, '2025-11-30': 2.21, '2025-12-31': -3.59}",18.097
S30b_MidWeek_MeanReversion,AAVE_USDT_USDT,1H,-52.74,-17.1,-0.759,-1.735,-0.2917,-58.63,804,0.8002,55.33,-6.5436,806,-0.1671,47.3651,73.3306,0.6459,9,8,5.31,-6.64,31.91,"{'2022-02-28': -1.21, '2022-03-31': -5.41, '2022-04-30': -2.76, '2022-05-31': 2.42, '2022-06-30': 3.83, '2022-07-31': -0.25, '2022-08-31': 0.26, '2022-09-30': 2.62, '2022-10-31': -2.87, '2022-11-30': -1.05, '2022-12-31': 0.22, '2023-01-31': -2.69, '2023-02-28': -3.72, '2023-03-31': 0.11, '2023-04-30': -5.78, '2023-05-31': -2.11, '2023-06-30': -3.77, '2023-07-31': -4.31, '2023-08-31': -6.64, '2023-09-30': -4.97, '2023-10-31': -1.28, '2023-11-30': -3.85, '2023-12-31': 2.74, '2024-01-31': -4.31, '2024-02-29': 0.79, '2024-03-31': -5.59, '2024-04-30': -0.04, '2024-05-31': 3.27, '2024-06-30': -0.64, '2024-07-31': -4.98, '2024-08-31': -6.46, '2024-09-30': -1.43, '2024-10-31': 0.25, '2024-11-30': -5.34, '2024-12-31': 0.13, '2025-01-31': -4.78, '2025-02-28': -1.98, '2025-03-31': -0.33, '2025-04-30': -0.78, '2025-05-31': 1.64, '2025-06-30': -1.88, '2025-07-31': -4.76, '2025-08-31': -3.33, '2025-09-30': 4.68, '2025-10-31': 1.8, '2025-11-30': 5.31, '2025-12-31': -0.99}",16.805
S30b_MidWeek_MeanReversion,LDO_USDT_USDT,1H,-33.15,-11.03,-0.6199,-1.4532,-0.2563,-43.03,680,0.8529,56.76,-4.8757,680,-0.1627,49.7904,76.6483,0.6496,14,8,9.86,-7.92,43.9,"{'2022-08-31': -3.38, '2022-09-30': 1.91, '2022-10-31': -1.56, '2022-11-30': -2.31, '2022-12-31': -6.51, '2023-01-31': 3.73, '2023-02-28': -2.88, '2023-03-31': -5.92, '2023-04-30': -2.31, '2023-05-31': 1.51, '2023-06-30': -6.24, '2023-07-31': -0.93, '2023-08-31': -7.92, '2023-09-30': 0.55, '2023-10-31': -0.98, '2023-11-30': 0.74, '2023-12-31': 2.34, '2024-01-31': -1.89, '2024-02-29': 3.83, '2024-03-31': -0.9, '2024-04-30': 0.02, '2024-05-31': 1.44, '2024-06-30': 2.91, '2024-07-31': -4.41, '2024-08-31': 0.69, '2024-09-30': 2.18, '2024-10-31': -5.84, '2024-11-30': -5.27, '2024-12-31': -3.59, '2025-01-31': -7.27, '2025-02-28': 3.39, '2025-03-31': -0.6, '2025-04-30': 1.4, '2025-05-31': -0.7, '2025-06-30': 0.69, '2025-07-31': -2.52, '2025-08-31': 3.43, '2025-09-30': -0.51, '2025-10-31': -0.71, '2025-11-30': 9.86, '2025-12-31': 1.48}",16.441
S30b_MidWeek_MeanReversion,SAND_USDT_USDT,1H,-30.77,-8.79,-0.3891,-0.7055,-0.2191,-40.12,779,0.8806,58.15,-3.9495,779,-0.0869,50.109,79.0675,0.6337,14,7,9.68,-9.92,40.43,"{'2022-02-28': 0.76, '2022-03-31': -0.49, '2022-04-30': -1.13, '2022-05-31': -4.22, '2022-06-30': 4.49, '2022-07-31': -0.63, '2022-08-31': 2.2, '2022-09-30': -0.61, '2022-10-31': -3.54, '2022-11-30': -4.09, '2022-12-31': -0.45, '2023-01-31': 0.94, '2023-02-28': -9.92, '2023-03-31': 0.07, '2023-04-30': -3.67, '2023-05-31': -0.47, '2023-06-30': -3.67, '2023-07-31': 1.85, '2023-08-31': -1.5, '2023-09-30': 0.41, '2023-10-31': -3.59, '2023-11-30': -0.83, '2023-12-31': 2.78, '2024-01-31': -3.29, '2024-02-29': -3.42, '2024-03-31': 0.43, '2024-04-30': -3.56, '2024-05-31': 0.71, '2024-06-30': -1.65, '2024-07-31': 6.3, '2024-08-31': 0.76, '2024-09-30': -1.29, '2024-10-31': -2.18, '2024-11-30': -1.13, '2024-12-31': -3.41, '2025-01-31': -3.43, '2025-02-28': 2.89, '2025-03-31': -0.4, '2025-04-30': 5.09, '2025-05-31': 4.41, '2025-06-30': -0.43, '2025-07-31': -9.84, '2025-08-31': 1.41, '2025-09-30': 3.78, '2025-10-31': -2.79, '2025-11-30': 9.68, '2025-12-31': 0.32}",16.242
S30b_MidWeek_MeanReversion,MANA_USDT_USDT,1H,-27.4,-7.7,-0.2033,-0.4144,-0.1877,-41.03,665,0.8991,58.76,-3.4548,793,-0.0423,52.4069,83.0621,0.6309,10,8,5.58,-7.15,44.68,"{'2022-02-28': -0.29, '2022-03-31': 1.89, '2022-04-30': -2.25, '2022-05-31': 3.09, '2022-06-30': -0.94, '2022-07-31': 1.3, '2022-08-31': 3.62, '2022-09-30': -0.13, '2022-10-31': -5.3, '2022-11-30': -4.66, '2022-12-31': 0.08, '2023-01-31': -1.86, '2023-02-28': -7.15, '2023-03-31': 2.44, '2023-04-30': -4.73, '2023-05-31': -4.24, '2023-06-30': -6.49, '2023-07-31': 2.46, '2023-08-31': -3.23, '2023-09-30': 2.9, '2023-10-31': -1.68, '2023-11-30': -3.5, '2023-12-31': -3.13, '2024-01-31': -1.66, '2024-02-29': -1.81, '2024-03-31': 1.08, '2024-04-30': -1.09, '2024-05-31': 0.35, '2024-06-30': -2.98, '2024-07-31': 1.39, '2024-08-31': 3.17, '2024-09-30': -1.65, '2024-10-31': 0.5, '2024-11-30': -1.68, '2024-12-31': -1.47, '2025-01-31': -3.49, '2025-02-28': 1.76, '2025-03-31': 2.79, '2025-04-30': 5.19, '2025-05-31': 3.66, '2025-06-30': -0.46, '2025-07-31': -5.54, '2025-08-31': -1.67, '2025-09-30': 2.16, '2025-10-31': 0.09, '2025-11-30': 5.58, '2025-12-31': 1.42}",16.534
S30b_MidWeek_MeanReversion,CRV_USDT_USDT,1H,-39.09,-11.66,-0.9074,-1.6664,-0.2422,-48.14,778,0.8506,56.61,-5.0179,779,-0.2448,50.4777,77.4249,0.652,8,6,5.83,-7.9,44.68,"{'2022-02-28': -2.37, '2022-03-31': 1.0, '2022-04-30': -4.56, '2022-05-31': -3.8, '2022-06-30': 0.57, '2022-07-31': -0.9, '2022-08-31': -4.12, '2022-09-30': 0.68, '2022-10-31': -2.74, '2022-11-30': -5.11, '2022-12-31': 4.0, '2023-01-31': 5.6, '2023-02-28': -1.42, '2023-03-31': 0.18, '2023-04-30': -5.15, '2023-05-31': -0.62, '2023-06-30': -2.48, '2023-07-31': 2.45, '2023-08-31': -1.93, '2023-09-30': 1.52, '2023-10-31': -2.36, '2023-11-30': -0.44, '2023-12-31': 5.24, '2024-01-31': -0.26, '2024-02-29': 1.08, '2024-03-31': -0.23, '2024-04-30': -6.98, '2024-05-31': 5.83, '2024-06-30': -0.03, '2024-07-31': 1.16, '2024-08-31': -2.37, '2024-09-30': -0.56, '2024-10-31': -7.83, '2024-11-30': -5.59, '2024-12-31': -6.03, '2025-01-31': -7.9, '2025-02-28': 0.2, '2025-03-31': -5.39, '2025-04-30': 0.53, '2025-05-31': 3.92, '2025-06-30': 0.28, '2025-07-31': -5.07, '2025-08-31': 1.06, '2025-09-30': 2.57, '2025-10-31': 2.75, '2025-11-30': 3.19, '2025-12-31': 2.4}",16.242
S30b_MidWeek_MeanReversion,GALA_USDT_USDT,1H,-28.5,-8.05,0.0916,0.1886,-0.1962,-41.03,610,0.8944,57.65,-3.8564,739,0.0253,56.6786,86.246,0.6572,13,6,6.15,-7.58,42.55,"{'2022-02-28': -0.51, '2022-03-31': 5.0, '2022-04-30': -0.42, '2022-05-31': -0.31, '2022-06-30': 2.68, '2022-07-31': -1.32, '2022-08-31': 2.69, '2022-09-30': 0.4, '2022-10-31': -2.54, '2022-11-30': -4.46, '2022-12-31': -3.7, '2023-01-31': 2.15, '2023-02-28': -3.8, '2023-03-31': -3.69, '2023-04-30': -1.27, '2023-05-31': -3.09, '2023-06-30': -2.96, '2023-07-31': 0.14, '2023-08-31': -5.55, '2023-09-30': 1.38, '2023-10-31': -2.85, '2023-11-30': 0.85, '2023-12-31': 6.15, '2024-01-31': -1.8, '2024-02-29': 0.59, '2024-03-31': 2.37, '2024-04-30': -0.27, '2024-05-31': -0.63, '2024-06-30': -1.75, '2024-07-31': -4.92, '2024-08-31': 0.02, '2024-09-30': -2.97, '2024-10-31': -1.08, '2024-11-30': -3.32, '2024-12-31': -3.77, '2025-01-31': -7.58, '2025-02-28': 3.68, '2025-03-31': 1.47, '2025-04-30': -0.4, '2025-05-31': 0.73, '2025-06-30': -0.53, '2025-07-31': -4.64, '2025-08-31': 1.93, '2025-09-30': 1.91, '2025-10-31': 0.57, '2025-11-30': 5.74, '2025-12-31': 2.07}",15.408
S30b_MidWeek_MeanReversion,APE_USDT_USDT,1H,2.17,0.57,0.3257,0.6175,0.039,-14.61,600,1.0081,60.69,0.3117,697,0.0886,64.0392,98.0705,0.653,12,6,7.88,-9.29,55.56,"{'2022-04-30': -7.76, '2022-05-31': 2.89, '2022-06-30': 1.28, '2022-07-31': 3.6, '2022-08-31': 1.71, '2022-09-30': 0.34, '2022-10-31': -6.08, '2022-11-30': -2.24, '2022-12-31': 1.72, '2023-01-31': 2.42, '2023-02-28': -6.64, '2023-03-31': -0.01, '2023-04-30': -1.91, '2023-05-31': 4.24, '2023-06-30': -2.57, '2023-07-31': 2.35, '2023-08-31': 0.38, '2023-09-30': -0.03, '2023-10-31': -1.61, '2023-11-30': -1.01, '2023-12-31': 2.0, '2024-01-31': 1.26, '2024-02-29': 2.6, '2024-03-31': 1.17, '2024-04-30': 0.59, '2024-05-31': 1.24, '2024-06-30': -0.77, '2024-07-31': -2.61, '2024-08-31': -1.84, '2024-09-30': -0.18, '2024-10-31': 0.4, '2024-11-30': 3.38, '2024-12-31': -3.51, '2025-01-31': -1.4, '2025-02-28': -2.63, '2025-03-31': 5.07, '2025-04-30': 4.09, '2025-05-31': -1.47, '2025-06-30': 1.39, '2025-07-31': -9.29, '2025-08-31': 2.0, '2025-09-30': 3.32, '2025-10-31': -2.76, '2025-11-30': 7.88, '2025-12-31': 4.73}",15.33
S30b_MidWeek_MeanReversion,AXS_USDT_USDT,1H,-27.73,-7.8,0.0333,0.0707,-0.2206,-35.36,628,0.9026,58.5,-3.6537,759,0.0074,57.8655,90.3665,0.6403,8,7,4.74,-9.1,48.94,"{'2022-02-28': -1.04, '2022-03-31': 1.64, '2022-04-30': 0.27, '2022-05-31': 2.07, '2022-06-30': 2.67, '2022-07-31': 1.42, '2022-08-31': -0.2, '2022-09-30': 4.04, '2022-10-31': -3.56, '2022-11-30': -0.74, '2022-12-31': -2.01, '2023-01-31': 1.99, '2023-02-28': -6.58, '2023-03-31': -4.75, '2023-04-30': -5.78, '2023-05-31': 3.98, '2023-06-30': -1.51, '2023-07-31': -2.74, '2023-08-31': -2.71, '2023-09-30': 4.23, '2023-10-31': 0.23, '2023-11-30': -2.79, '2023-12-31': 2.01, '2024-01-31': -1.2, '2024-02-29': -0.4, '2024-03-31': 1.83, '2024-04-30': -7.49, '2024-05-31': 4.74, '2024-06-30': -4.61, '2024-07-31': 3.09, '2024-08-31': 1.84, '2024-09-30': 0.53, '2024-10-31': -2.35, '2024-11-30': -0.37, '2024-12-31': -3.25, '2025-01-31': -2.2, '2025-02-28': 2.11, '2025-03-31': -2.26, '2025-04-30': 1.43, '2025-05-31': 0.6, '2025-06-30': 0.18, '2025-07-31': -9.1, '2025-08-31': -0.73, '2025-09-30': 2.79, '2025-10-31': -0.99, '2025-11-30': 0.62, '2025-12-31': 0.25}",15.825
S30b_MidWeek_MeanReversion,GRT_USDT_USDT,1H,-29.49,-8.37,-0.5323,-0.9442,-0.2435,-34.37,648,0.902,58.05,-3.7373,789,-0.13,59.2754,90.927,0.6519,14,7,7.92,-7.45,44.68,"{'2022-02-28': -3.17, '2022-03-31': 4.01, '2022-04-30': -1.76, '2022-05-31': 0.34, '2022-06-30': 1.61, '2022-07-31': 1.48, '2022-08-31': 2.85, '2022-09-30': 1.01, '2022-10-31': -0.94, '2022-11-30': -6.0, '2022-12-31': 2.35, '2023-01-31': 4.47, '2023-02-28': -7.45, '2023-03-31': -1.35, '2023-04-30': -3.38, '2023-05-31': 6.26, '2023-06-30': -1.37, '2023-07-31': 0.14, '2023-08-31': -3.32, '2023-09-30': 2.06, '2023-10-31': -1.42, '2023-11-30': -4.05, '2023-12-31': 7.92, '2024-01-31': -0.7, '2024-02-29': 0.29, '2024-03-31': 1.92, '2024-04-30': -6.11, '2024-05-31': -0.43, '2024-06-30': -1.5, '2024-07-31': -1.73, '2024-08-31': 1.57, '2024-09-30': -1.06, '2024-10-31': -5.6, '2024-11-30': -3.04, '2024-12-31': -3.99, '2025-01-31': -6.07, '2025-02-28': -0.64, '2025-03-31': 2.09, '2025-04-30': 0.43, '2025-05-31': 4.87, '2025-06-30': 0.03, '2025-07-31': -7.45, '2025-08-31': -2.96, '2025-09-30': -1.13, '2025-10-31': 1.09, '2025-11-30': 4.18, '2025-12-31': -0.79}",16.45
S30b_MidWeek_MeanReversion,CHZ_USDT_USDT,1H,-32.11,-9.23,-0.6008,-0.9892,-0.258,-35.78,636,0.8909,58.22,-4.0903,785,-0.1363,57.3683,89.7201,0.6394,14,7,5.73,-8.88,38.3,"{'2022-02-28': -0.49, '2022-03-31': -0.47, '2022-04-30': -3.75, '2022-05-31': 1.29, '2022-06-30': 5.13, '2022-07-31': -1.17, '2022-08-31': -1.59, '2022-09-30': 3.66, '2022-10-31': 0.53, '2022-11-30': -1.42, '2022-12-31': -4.07, '2023-01-31': 0.5, '2023-02-28': -8.88, '2023-03-31': -4.17, '2023-04-30': 1.28, '2023-05-31': 3.96, '2023-06-30': -5.26, '2023-07-31': 5.48, '2023-08-31': -0.56, '2023-09-30': 5.35, '2023-10-31': -1.17, '2023-11-30': -1.25, '2023-12-31': 2.13, '2024-01-31': -5.63, '2024-02-29': 0.63, '2024-03-31': -1.65, '2024-04-30': -4.84, '2024-05-31': 2.03, '2024-06-30': -2.44, '2024-07-31': 1.36, '2024-08-31': 1.82, '2024-09-30': -1.33, '2024-10-31': -2.98, '2024-11-30': -2.03, '2024-12-31': -3.59, '2025-01-31': -4.57, '2025-02-28': -0.01, '2025-03-31': 0.83, '2025-04-30': -0.84, '2025-05-31': 5.73, '2025-06-30': -1.68, '2025-07-31': -7.42, '2025-08-31': -0.79, '2025-09-30': 1.88, '2025-10-31': -3.84, '2025-11-30': 3.99, '2025-12-31': -3.43}",16.367
S30b_MidWeek_MeanReversion,1000LUNC_USDT_USDT,1H,-20.86,-6.82,0.2064,0.4027,-0.2388,-28.56,584,0.9061,58.66,-3.5058,595,0.0498,57.6985,90.3363,0.6387,14,6,5.06,-7.53,43.59,"{'2022-10-31': -1.89, '2022-11-30': 0.02, '2022-12-31': -3.15, '2023-01-31': 2.36, '2023-02-28': -3.74, '2023-03-31': -5.47, '2023-04-30': -1.86, '2023-05-31': 1.9, '2023-06-30': -2.8, '2023-07-31': -0.12, '2023-08-31': 0.15, '2023-09-30': 5.06, '2023-10-31': -6.38, '2023-11-30': -3.88, '2023-12-31': -0.88, '2024-01-31': 0.34, '2024-02-29': -0.07, '2024-03-31': 0.53, '2024-04-30': -0.1, '2024-05-31': -1.89, '2024-06-30': 0.6, '2024-07-31': -3.31, '2024-08-31': -0.52, '2024-09-30': 4.51, '2024-10-31': -0.53, '2024-11-30': 3.84, '2024-12-31': -5.61, '2025-01-31': -4.95, '2025-02-28': 3.61, '2025-03-31': 2.98, '2025-04-30': 1.05, '2025-05-31': 2.38, '2025-06-30': -3.0, '2025-07-31': -7.53, '2025-08-31': 2.68, '2025-09-30': 3.45, '2025-10-31': -0.44, '2025-11-30': 0.18, '2025-12-31': -1.31}",14.981
S30b_MidWeek_MeanReversion,TWT_USDT_USDT,1H,5.25,1.66,0.7323,1.6548,0.1037,-16.01,207,1.0223,62.12,0.9431,557,0.1368,69.7258,111.8475,0.6234,11,5,6.96,-7.59,67.57,"{'2022-12-31': 2.78, '2023-01-31': 2.5, '2023-02-28': -4.65, '2023-03-31': 3.35, '2023-04-30': -1.88, '2023-05-31': 1.86, '2023-06-30': 1.04, '2023-07-31': 1.3, '2023-08-31': -7.59, '2023-09-30': 3.04, '2023-10-31': -3.99, '2023-11-30': 1.13, '2023-12-31': 3.67, '2024-01-31': 2.89, '2024-02-29': 0.16, '2024-03-31': -1.07, '2024-04-30': -5.92, '2024-05-31': 6.96, '2024-06-30': 1.83, '2024-07-31': 2.76, '2024-08-31': 1.08, '2024-09-30': 1.1, '2024-10-31': 1.03, '2024-11-30': 0.56, '2024-12-31': -5.0, '2025-01-31': -3.97, '2025-02-28': 3.16, '2025-03-31': 2.13, '2025-04-30': 0.61, '2025-05-31': 1.97, '2025-06-30': -3.47, '2025-07-31': -7.24, '2025-08-31': -1.45, '2025-09-30': 0.96, '2025-10-31': 4.08, '2025-11-30': 5.43, '2025-12-31': -4.08}",14.886
S30b_MidWeek_MeanReversion,ZRX_USDT_USDT,1H,-7.73,-2.12,0.1561,0.272,-0.0574,-36.95,678,0.9749,60.41,-0.9812,788,0.0345,63.2236,98.9348,0.639,16,5,7.77,-7.55,42.22,"{'2022-04-30': -1.71, '2022-05-31': -0.08, '2022-06-30': 3.0, '2022-07-31': 6.0, '2022-08-31': 5.32, '2022-09-30': 3.13, '2022-10-31': -1.46, '2022-11-30': -6.27, '2022-12-31': -4.14, '2023-01-31': 2.41, '2023-02-28': -1.99, '2023-03-31': -3.96, '2023-04-30': -1.69, '2023-05-31': 4.36, '2023-06-30': -1.86, '2023-07-31': -3.99, '2023-08-31': -6.35, '2023-09-30': -7.55, '2023-10-31': 1.36, '2023-11-30': -0.62, '2023-12-31': 7.1, '2024-01-31': 0.91, '2024-02-29': 4.2, '2024-03-31': 3.98, '2024-04-30': -3.41, '2024-05-31': 0.89, '2024-06-30': -4.69, '2024-07-31': -0.28, '2024-08-31': 1.96, '2024-09-30': -1.99, '2024-10-31': -4.07, '2024-11-30': -2.98, '2024-12-31': -6.2, '2025-01-31': -3.78, '2025-02-28': -2.4, '2025-03-31': 5.27, '2025-04-30': 6.85, '2025-05-31': 4.96, '2025-06-30': -1.58, '2025-07-31': -7.02, '2025-08-31': -1.08, '2025-09-30': 7.77, '2025-10-31': -0.73, '2025-11-30': 7.55, '2025-12-31': 0.74}",17.458
S30b_MidWeek_MeanReversion,ANKR_USDT_USDT,1H,-38.71,-11.53,-0.5357,-1.0301,-0.2802,-41.15,824,0.8628,57.63,-4.6864,826,-0.1146,51.1384,80.6081,0.6344,8,8,5.03,-8.59,40.43,"{'2022-02-28': 0.5, '2022-03-31': 2.74, '2022-04-30': -3.53, '2022-05-31': 1.65, '2022-06-30': -0.97, '2022-07-31': -0.8, '2022-08-31': -1.82, '2022-09-30': -1.88, '2022-10-31': -3.44, '2022-11-30': -4.25, '2022-12-31': -2.5, '2023-01-31': 2.65, '2023-02-28': -8.59, '2023-03-31': -0.49, '2023-04-30': -0.12, '2023-05-31': 0.71, '2023-06-30': -4.19, '2023-07-31': -0.92, '2023-08-31': -3.1, '2023-09-30': 1.69, '2023-10-31': 2.33, '2023-11-30': -0.64, '2023-12-31': 3.5, '2024-01-31': -0.22, '2024-02-29': -2.87, '2024-03-31': -5.46, '2024-04-30': -0.6, '2024-05-31': 1.33, '2024-06-30': -2.05, '2024-07-31': 4.11, '2024-08-31': 1.19, '2024-09-30': 0.46, '2024-10-31': -4.63, '2024-11-30': -0.39, '2024-12-31': -7.54, '2025-01-31': -6.53, '2025-02-28': 2.48, '2025-03-31': 2.43, '2025-04-30': 5.03, '2025-05-31': 1.58, '2025-06-30': -1.15, '2025-07-31': -7.13, '2025-08-31': -0.54, '2025-09-30': 2.53, '2025-10-31': 0.03, '2025-11-30': 4.17, '2025-12-31': -5.97}",17.222
S30b_MidWeek_MeanReversion,STX_USDT_USDT,1H,-62.83,-21.93,-1.2032,-2.765,-0.3375,-64.98,828,0.76,53.55,-7.5603,831,-0.2878,44.7058,67.8153,0.6592,12,9,8.23,-10.52,25.53,"{'2022-02-28': -5.62, '2022-03-31': -0.94, '2022-04-30': -3.79, '2022-05-31': -0.24, '2022-06-30': 5.56, '2022-07-31': -3.63, '2022-08-31': -1.41, '2022-09-30': -0.21, '2022-10-31': -1.49, '2022-11-30': -7.67, '2022-12-31': -1.93, '2023-01-31': 7.61, '2023-02-28': -0.96, '2023-03-31': -3.39, '2023-04-30': 0.61, '2023-05-31': -9.08, '2023-06-30': 2.11, '2023-07-31': -1.3, '2023-08-31': -2.24, '2023-09-30': 1.67, '2023-10-31': 4.11, '2023-11-30': -3.49, '2023-12-31': -2.84, '2024-01-31': -3.37, '2024-02-29': -10.52, '2024-03-31': 2.28, '2024-04-30': -8.59, '2024-05-31': -5.06, '2024-06-30': -5.36, '2024-07-31': -4.61, '2024-08-31': -0.0, '2024-09-30': -2.64, '2024-10-31': -2.19, '2024-11-30': -2.01, '2024-12-31': -3.26, '2025-01-31': -6.14, '2025-02-28': 3.61, '2025-03-31': -3.48, '2025-04-30': 1.74, '2025-05-31': 0.96, '2025-06-30': -8.85, '2025-07-31': -4.43, '2025-08-31': -2.99, '2025-09-30': 1.6, '2025-10-31': -4.31, '2025-11-30': 8.23, '2025-12-31': -2.53}",17.326
S30b_MidWeek_MeanReversion,EGLD_USDT_USDT,1H,-48.84,-15.44,-0.8116,-1.7568,-0.2868,-53.83,744,0.7928,55.94,-6.5212,749,-0.1687,44.6056,71.4367,0.6244,16,9,5.85,-8.75,44.68,"{'2022-02-28': 0.31, '2022-03-31': -3.09, '2022-04-30': -2.62, '2022-05-31': -7.28, '2022-06-30': 0.96, '2022-07-31': -0.76, '2022-08-31': -1.27, '2022-09-30': 0.65, '2022-10-31': 1.45, '2022-11-30': -5.13, '2022-12-31': -0.18, '2023-01-31': 3.63, '2023-02-28': -8.75, '2023-03-31': -3.41, '2023-04-30': -6.67, '2023-05-31': -0.46, '2023-06-30': -6.48, '2023-07-31': 0.46, '2023-08-31': -4.57, '2023-09-30': -2.12, '2023-10-31': -1.31, '2023-11-30': -3.17, '2023-12-31': 2.86, '2024-01-31': -3.21, '2024-02-29': 1.02, '2024-03-31': 0.8, '2024-04-30': 1.2, '2024-05-31': 0.64, '2024-06-30': 0.65, '2024-07-31': 1.03, '2024-08-31': -2.14, '2024-09-30': 0.02, '2024-10-31': -8.35, '2024-11-30': -2.81, '2024-12-31': -2.6, '2025-01-31': -8.43, '2025-02-28': 1.42, '2025-03-31': -0.47, '2025-04-30': 3.98, '2025-05-31': 5.85, '2025-06-30': 2.0, '2025-07-31': -8.51, '2025-08-31': -2.07, '2025-09-30': 2.71, '2025-10-31': 0.45, '2025-11-30': 3.37, '2025-12-31': -0.02}",15.616
S30b_MidWeek_MeanReversion,MINA_USDT_USDT,1H,-28.05,-8.44,-0.1209,-0.2337,-0.2381,-35.44,735,0.8988,58.09,-3.7202,754,-0.0295,56.8573,87.6853,0.6484,13,5,6.26,-8.03,45.45,"{'2022-05-31': -0.37, '2022-06-30': -1.27, '2022-07-31': -2.41, '2022-08-31': 0.61, '2022-09-30': 1.04, '2022-10-31': -3.52, '2022-11-30': 6.14, '2022-12-31': -3.56, '2023-01-31': -5.42, '2023-02-28': -0.14, '2023-03-31': 0.83, '2023-04-30': -4.17, '2023-05-31': 1.81, '2023-06-30': -3.36, '2023-07-31': 0.13, '2023-08-31': -3.37, '2023-09-30': -1.33, '2023-10-31': -1.12, '2023-11-30': 0.69, '2023-12-31': -5.32, '2024-01-31': 0.85, '2024-02-29': 1.23, '2024-03-31': 0.46, '2024-04-30': -5.63, '2024-05-31': 0.18, '2024-06-30': -3.25, '2024-07-31': -1.3, '2024-08-31': 1.9, '2024-09-30': -1.02, '2024-10-31': -2.46, '2024-11-30': 0.71, '2024-12-31': -1.3, '2025-01-31': -2.87, '2025-02-28': -3.06, '2025-03-31': 6.26, '2025-04-30': 3.87, '2025-05-31': 5.86, '2025-06-30': -0.52, '2025-07-31': -8.03, '2025-08-31': 1.41, '2025-09-30': 1.59, '2025-10-31': -4.65, '2025-11-30': 1.55, '2025-12-31': 0.13}",16.827
S30b_MidWeek_MeanReversion,ZEN_USDT_USDT,1H,-49.82,-15.84,-1.2358,-2.4734,-0.3019,-52.46,767,0.8058,55.34,-6.4865,768,-0.3233,48.6433,74.796,0.6503,11,6,5.51,-9.47,34.04,"{'2022-02-28': -3.8, '2022-03-31': -3.77, '2022-04-30': -2.6, '2022-05-31': 1.99, '2022-06-30': 0.12, '2022-07-31': 2.78, '2022-08-31': 1.64, '2022-09-30': 1.61, '2022-10-31': -0.82, '2022-11-30': -9.46, '2022-12-31': -1.79, '2023-01-31': 4.45, '2023-02-28': -7.1, '2023-03-31': 1.12, '2023-04-30': -2.59, '2023-05-31': -1.8, '2023-06-30': -0.5, '2023-07-31': -0.52, '2023-08-31': -3.26, '2023-09-30': 0.18, '2023-10-31': -2.57, '2023-11-30': -2.39, '2023-12-31': 2.04, '2024-01-31': -3.09, '2024-02-29': -0.52, '2024-03-31': -4.58, '2024-04-30': -1.43, '2024-05-31': 5.51, '2024-06-30': -1.64, '2024-07-31': -4.69, '2024-08-31': 1.43, '2024-09-30': -0.24, '2024-10-31': -4.0, '2024-11-30': -7.99, '2024-12-31': -0.7, '2025-01-31': -5.48, '2025-02-28': -0.85, '2025-03-31': -0.68, '2025-04-30': 2.78, '2025-05-31': 0.98, '2025-06-30': -0.36, '2025-07-31': -9.47, '2025-08-31': 1.12, '2025-09-30': 3.25, '2025-10-31': -5.65, '2025-11-30': 4.21, '2025-12-31': -1.76}",16.012
S30b_MidWeek_MeanReversion,ALICE_USDT_USDT,1H,-48.4,-15.26,-1.0336,-2.2085,-0.3038,-50.23,753,0.8148,55.31,-6.4195,754,-0.2645,51.0622,77.5466,0.6585,11,6,4.13,-10.93,36.17,"{'2022-02-28': -7.96, '2022-03-31': 2.8, '2022-04-30': 2.08, '2022-05-31': -1.41, '2022-06-30': 3.8, '2022-07-31': -1.77, '2022-08-31': -1.16, '2022-09-30': -1.63, '2022-10-31': -1.82, '2022-11-30': -3.86, '2022-12-31': 3.11, '2023-01-31': -0.46, '2023-02-28': -10.93, '2023-03-31': -2.12, '2023-04-30': -2.36, '2023-05-31': 3.25, '2023-06-30': -5.97, '2023-07-31': 4.13, '2023-08-31': 0.87, '2023-09-30': 2.68, '2023-10-31': 1.02, '2023-11-30': -3.74, '2023-12-31': 2.8, '2024-01-31': -1.95, '2024-02-29': -3.0, '2024-03-31': 0.17, '2024-04-30': -2.79, '2024-05-31': 1.27, '2024-06-30': -2.74, '2024-07-31': -1.93, '2024-08-31': -2.4, '2024-09-30': -2.37, '2024-10-31': -1.91, '2024-11-30': -3.71, '2024-12-31': -3.96, '2025-01-31': -7.11, '2025-02-28': 2.89, '2025-03-31': -0.79, '2025-04-30': -3.11, '2025-05-31': 3.9, '2025-06-30': -1.98, '2025-07-31': -7.91, '2025-08-31': 2.42, '2025-09-30': 0.48, '2025-10-31': -5.7, '2025-11-30': 3.96, '2025-12-31': -2.14}",15.72
S30b_MidWeek_MeanReversion,JST_USDT_USDT,1H,-73.5,-29.19,-1.4384,-2.1287,-0.3918,-74.51,777,0.7235,54.36,-8.4286,872,-0.2073,40.5653,66.7781,0.6075,12,10,4.64,-12.14,21.74,"{'2022-03-31': -7.34, '2022-04-30': -1.09, '2022-05-31': 4.64, '2022-06-30': 2.07, '2022-07-31': 0.95, '2022-08-31': -1.15, '2022-09-30': 0.21, '2022-10-31': 2.58, '2022-11-30': -3.46, '2022-12-31': -4.22, '2023-01-31': 1.9, '2023-02-28': -2.98, '2023-03-31': -2.62, '2023-04-30': -2.69, '2023-05-31': -1.99, '2023-06-30': -5.17, '2023-07-31': -5.75, '2023-08-31': -6.77, '2023-09-30': 1.72, '2023-10-31': -3.52, '2023-11-30': -7.78, '2023-12-31': -2.23, '2024-01-31': -7.05, '2024-02-29': -4.75, '2024-03-31': 2.55, '2024-04-30': -1.31, '2024-05-31': 0.62, '2024-06-30': -6.08, '2024-07-31': -4.24, '2024-08-31': -5.42, '2024-09-30': -1.44, '2024-10-31': -0.21, '2024-11-30': -1.74, '2024-12-31': -7.69, '2025-01-31': -4.49, '2025-02-28': -2.97, '2025-03-31': -3.92, '2025-04-30': -1.74, '2025-05-31': -7.39, '2025-06-30': -2.28, '2025-07-31': -7.51, '2025-08-31': -0.13, '2025-09-30': -0.59, '2025-10-31': 1.38, '2025-11-30': -4.87, '2025-12-31': -12.14}",18.892
S30b_MidWeek_MeanReversion,SUN_USDT_USDT,1H,-72.43,-28.46,-1.5989,-2.4607,-0.3744,-76.02,693,0.7379,53.52,-8.9534,809,-0.2655,47.1,73.5042,0.6408,8,9,4.33,-10.47,28.26,"{'2022-03-31': 0.79, '2022-04-30': -0.04, '2022-05-31': 1.69, '2022-06-30': 3.2, '2022-07-31': 2.96, '2022-08-31': 4.33, '2022-09-30': -10.41, '2022-10-31': 0.01, '2022-11-30': -0.13, '2022-12-31': -5.08, '2023-01-31': 2.62, '2023-02-28': -3.61, '2023-03-31': 3.36, '2023-04-30': -1.61, '2023-05-31': 0.43, '2023-06-30': -6.9, '2023-07-31': -0.31, '2023-08-31': -9.53, '2023-09-30': -1.34, '2023-10-31': 1.37, '2023-11-30': -1.26, '2023-12-31': -2.16, '2024-01-31': -2.13, '2024-02-29': -6.77, '2024-03-31': -8.18, '2024-04-30': -10.47, '2024-05-31': 2.6, '2024-06-30': -5.86, '2024-07-31': -3.8, '2024-08-31': -5.4, '2024-09-30': -5.84, '2024-10-31': -6.24, '2024-11-30': -4.08, '2024-12-31': -6.22, '2025-01-31': -3.17, '2025-02-28': -0.92, '2025-03-31': -4.92, '2025-04-30': 0.65, '2025-05-31': 1.64, '2025-06-30': -4.52, '2025-07-31': -4.76, '2025-08-31': -2.71, '2025-09-30': -1.54, '2025-10-31': -2.41, '2025-11-30': -7.74, '2025-12-31': -9.0}",17.527
S30b_MidWeek_MeanReversion,ONT_USDT_USDT,1H,-53.3,-19.2,-1.3554,-2.6408,-0.3433,-55.92,686,0.7785,55.3,-7.5383,707,-0.2554,47.8992,76.1335,0.6291,10,6,4.39,-8.72,23.81,"{'2022-07-31': 0.84, '2022-08-31': 0.03, '2022-09-30': -1.5, '2022-10-31': -1.59, '2022-11-30': -2.09, '2022-12-31': -1.36, '2023-01-31': -1.26, '2023-02-28': -6.65, '2023-03-31': -4.14, '2023-04-30': -5.79, '2023-05-31': 2.83, '2023-06-30': -6.33, '2023-07-31': 1.09, '2023-08-31': -1.02, '2023-09-30': -1.84, '2023-10-31': 1.59, '2023-11-30': -0.95, '2023-12-31': 3.64, '2024-01-31': -5.28, '2024-02-29': -0.79, '2024-03-31': -0.9, '2024-04-30': -4.02, '2024-05-31': -3.64, '2024-06-30': -7.07, '2024-07-31': -4.26, '2024-08-31': -0.82, '2024-09-30': -0.59, '2024-10-31': -4.41, '2024-11-30': -3.58, '2024-12-31': -3.89, '2025-01-31': -2.18, '2025-02-28': -0.76, '2025-03-31': 3.92, '2025-04-30': -0.92, '2025-05-31': 1.61, '2025-06-30': -1.11, '2025-07-31': -8.72, '2025-08-31': -0.51, '2025-09-30': 4.39, '2025-10-31': -6.55, '2025-11-30': 1.94, '2025-12-31': -3.52}",16.504
S30b_MidWeek_MeanReversion,AGLD_USDT_USDT,1H,-49.47,-16.87,-1.1345,-1.9754,-0.3001,-56.22,765,0.7979,55.23,-6.3833,775,-0.3062,45.6201,70.5258,0.6469,15,6,7.88,-9.49,36.36,"{'2022-05-31': -4.43, '2022-06-30': 0.93, '2022-07-31': 0.44, '2022-08-31': -1.2, '2022-09-30': -1.07, '2022-10-31': 3.06, '2022-11-30': -9.49, '2022-12-31': 0.97, '2023-01-31': -1.59, '2023-02-28': -8.05, '2023-03-31': -1.36, '2023-04-30': -8.43, '2023-05-31': 6.34, '2023-06-30': -4.31, '2023-07-31': -2.32, '2023-08-31': -1.02, '2023-09-30': -5.19, '2023-10-31': -6.04, '2023-11-30': 1.49, '2023-12-31': -0.07, '2024-01-31': -3.63, '2024-02-29': -2.28, '2024-03-31': -0.24, '2024-04-30': -6.06, '2024-05-31': 1.3, '2024-06-30': 1.44, '2024-07-31': -3.43, '2024-08-31': -3.9, '2024-09-30': -3.2, '2024-10-31': -0.49, '2024-11-30': -5.2, '2024-12-31': -3.78, '2025-01-31': -2.57, '2025-02-28': 4.39, '2025-03-31': 0.73, '2025-04-30': 2.45, '2025-05-31': 0.62, '2025-06-30': -4.78, '2025-07-31': -7.06, '2025-08-31': 3.16, '2025-09-30': 4.44, '2025-10-31': 2.18, '2025-11-30': 7.88, '2025-12-31': -5.0}",17.488
S30b_MidWeek_MeanReversion,BTC_USDT_USDT,4H,-13.78,-3.68,-0.2061,-0.4272,-0.169,-21.78,251,0.8711,57.58,-5.218,264,-0.0767,61.2544,95.4306,0.6419,8,6,3.52,-5.48,51.06,"{'2022-02-28': 2.12, '2022-03-31': 1.78, '2022-04-30': -1.73, '2022-05-31': -0.63, '2022-06-30': 0.07, '2022-07-31': -0.98, '2022-08-31': 0.33, '2022-09-30': 0.02, '2022-10-31': -1.2, '2022-11-30': -3.72, '2022-12-31': -2.37, '2023-01-31': -2.72, '2023-02-28': -2.46, '2023-03-31': -1.01, '2023-04-30': -2.84, '2023-05-31': 3.4, '2023-06-30': -4.23, '2023-07-31': 1.31, '2023-08-31': 0.58, '2023-09-30': 1.29, '2023-10-31': -0.41, '2023-11-30': 0.64, '2023-12-31': 2.4, '2024-01-31': 2.41, '2024-02-29': -5.48, '2024-03-31': 0.74, '2024-04-30': 2.13, '2024-05-31': 1.38, '2024-06-30': -0.14, '2024-07-31': 0.26, '2024-08-31': -0.04, '2024-09-30': -0.05, '2024-10-31': -4.59, '2024-11-30': -1.34, '2024-12-31': 0.67, '2025-01-31': -1.79, '2025-02-28': -1.1, '2025-03-31': 3.52, '2025-04-30': -1.75, '2025-05-31': -3.52, '2025-06-30': 0.92, '2025-07-31': 0.18, '2025-08-31': 0.91, '2025-09-30': 0.99, '2025-10-31': -1.88, '2025-11-30': 0.66, '2025-12-31': 3.49}",5.504
S30b_MidWeek_MeanReversion,ETH_USDT_USDT,4H,-27.03,-7.65,-0.7615,-1.6123,-0.2442,-31.33,228,0.7613,52.9,-10.4373,259,-0.4001,62.947,92.8442,0.678,9,6,3.62,-6.45,53.19,"{'2022-02-28': 3.62, '2022-03-31': -0.28, '2022-04-30': 0.73, '2022-05-31': 0.1, '2022-06-30': 0.11, '2022-07-31': -2.63, '2022-08-31': 0.08, '2022-09-30': 1.84, '2022-10-31': 0.32, '2022-11-30': -3.62, '2022-12-31': 2.8, '2023-01-31': -0.12, '2023-02-28': -5.09, '2023-03-31': 0.39, '2023-04-30': -1.07, '2023-05-31': 0.56, '2023-06-30': -1.13, '2023-07-31': 0.67, '2023-08-31': -1.39, '2023-09-30': 0.64, '2023-10-31': -3.46, '2023-11-30': 2.83, '2023-12-31': -2.77, '2024-01-31': 0.35, '2024-02-29': -6.45, '2024-03-31': -0.96, '2024-04-30': 2.5, '2024-05-31': -0.31, '2024-06-30': 0.62, '2024-07-31': -2.78, '2024-08-31': 0.38, '2024-09-30': 1.06, '2024-10-31': -6.11, '2024-11-30': -2.37, '2024-12-31': 0.38, '2025-01-31': -3.39, '2025-02-28': -2.32, '2025-03-31': 1.11, '2025-04-30': -0.24, '2025-05-31': 0.37, '2025-06-30': 0.01, '2025-07-31': -4.74, '2025-08-31': 1.8, '2025-09-30': 1.0, '2025-10-31': -1.73, '2025-11-30': 0.08, '2025-12-31': -0.63}",5.4
S30b_MidWeek_MeanReversion,SOL_USDT_USDT,4H,-14.9,-3.97,-0.3183,-0.5337,-0.1978,-20.07,236,0.8551,55.47,-5.8186,256,-0.2805,61.8908,90.1584,0.6865,6,6,4.0,-3.71,44.68,"{'2022-02-28': 2.2, '2022-03-31': 0.1, '2022-04-30': 0.84, '2022-05-31': -1.87, '2022-06-30': -3.29, '2022-07-31': -0.18, '2022-08-31': -0.61, '2022-09-30': 0.4, '2022-10-31': -2.05, '2022-11-30': 0.29, '2022-12-31': -1.33, '2023-01-31': -2.89, '2023-02-28': 0.1, '2023-03-31': -2.63, '2023-04-30': -3.71, '2023-05-31': 2.84, '2023-06-30': -3.37, '2023-07-31': 2.17, '2023-08-31': -2.04, '2023-09-30': 2.1, '2023-10-31': 0.81, '2023-11-30': -0.89, '2023-12-31': -1.62, '2024-01-31': 3.36, '2024-02-29': -0.25, '2024-03-31': 1.15, '2024-04-30': -1.32, '2024-05-31': 0.8, '2024-06-30': -1.68, '2024-07-31': -0.66, '2024-08-31': -1.32, '2024-09-30': 2.84, '2024-10-31': -0.3, '2024-11-30': 0.09, '2024-12-31': 0.41, '2025-01-31': -3.36, '2025-02-28': -1.33, '2025-03-31': 2.58, '2025-04-30': 2.57, '2025-05-31': 1.43, '2025-06-30': -1.68, '2025-07-31': -1.7, '2025-08-31': -0.26, '2025-09-30': -2.71, '2025-10-31': 1.11, '2025-11-30': -0.22, '2025-12-31': 4.0}",5.337
S30b_MidWeek_MeanReversion,XRP_USDT_USDT,4H,6.48,1.58,0.276,0.5752,0.1985,-7.96,81,1.0735,61.29,2.985,217,0.1832,71.1589,104.9569,0.678,9,5,5.27,-4.39,61.7,"{'2022-02-28': 1.15, '2022-03-31': 2.13, '2022-04-30': -2.37, '2022-05-31': -0.9, '2022-06-30': 0.07, '2022-07-31': 1.1, '2022-08-31': 0.69, '2022-09-30': 1.12, '2022-10-31': -3.05, '2022-11-30': -1.61, '2022-12-31': 2.8, '2023-01-31': 0.36, '2023-02-28': 1.02, '2023-03-31': 0.86, '2023-04-30': 1.04, '2023-05-31': -0.38, '2023-06-30': 0.05, '2023-07-31': 2.16, '2023-08-31': -0.69, '2023-09-30': 1.38, '2023-10-31': -1.38, '2023-11-30': 0.39, '2023-12-31': -1.02, '2024-01-31': 0.04, '2024-02-29': 0.0, '2024-03-31': 2.18, '2024-04-30': 1.08, '2024-05-31': -1.75, '2024-06-30': 1.36, '2024-07-31': 0.38, '2024-08-31': 0.39, '2024-09-30': -0.35, '2024-10-31': -1.37, '2024-11-30': -4.32, '2024-12-31': 3.39, '2025-01-31': -3.65, '2025-02-28': -0.61, '2025-03-31': 1.84, '2025-04-30': -0.27, '2025-05-31': 2.84, '2025-06-30': 2.11, '2025-07-31': -4.39, '2025-08-31': 0.38, '2025-09-30': 1.71, '2025-10-31': -1.38, '2025-11-30': -0.24, '2025-12-31': 5.27}",4.524
S30b_MidWeek_MeanReversion,DOGE_USDT_USDT,4H,-11.48,-3.01,0.0047,0.0096,-0.2204,-13.66,229,0.8817,56.33,-5.0139,229,0.0036,66.3692,97.0982,0.6835,8,6,2.53,-5.41,51.06,"{'2022-02-28': 1.44, '2022-03-31': -2.38, '2022-04-30': 1.56, '2022-05-31': -0.89, '2022-06-30': 1.9, '2022-07-31': -0.95, '2022-08-31': 1.13, '2022-09-30': -0.32, '2022-10-31': -3.73, '2022-11-30': 0.46, '2022-12-31': -0.96, '2023-01-31': -0.32, '2023-02-28': 1.1, '2023-03-31': 0.78, '2023-04-30': 1.44, '2023-05-31': -0.73, '2023-06-30': 1.37, '2023-07-31': 0.4, '2023-08-31': -1.05, '2023-09-30': 0.66, '2023-10-31': -1.78, '2023-11-30': 1.13, '2023-12-31': -0.62, '2024-01-31': 0.38, '2024-02-29': -5.41, '2024-03-31': 2.22, '2024-04-30': -0.3, '2024-05-31': 0.5, '2024-06-30': 2.53, '2024-07-31': -1.68, '2024-08-31': -1.69, '2024-09-30': 1.41, '2024-10-31': -1.25, '2024-11-30': -1.14, '2024-12-31': -2.02, '2025-01-31': -2.63, '2025-02-28': -2.02, '2025-03-31': 2.26, '2025-04-30': 0.8, '2025-05-31': 1.42, '2025-06-30': -1.35, '2025-07-31': -1.98, '2025-08-31': 1.85, '2025-09-30': -1.66, '2025-10-31': 0.05, '2025-11-30': 1.13, '2025-12-31': 0.06}",4.774
S30b_MidWeek_MeanReversion,ADA_USDT_USDT,4H,-20.36,-5.54,-0.54,-1.1417,-0.2183,-25.38,232,0.7961,54.13,-8.4138,242,-0.3603,60.6798,89.9566,0.6745,6,5,2.9,-4.7,55.32,"{'2022-02-28': 2.9, '2022-03-31': -2.67, '2022-04-30': -0.95, '2022-05-31': -3.88, '2022-06-30': 0.42, '2022-07-31': -1.25, '2022-08-31': 0.39, '2022-09-30': 2.16, '2022-10-31': -3.72, '2022-11-30': 0.1, '2022-12-31': 1.69, '2023-01-31': 0.05, '2023-02-28': -2.38, '2023-03-31': -1.62, '2023-04-30': -0.71, '2023-05-31': 1.01, '2023-06-30': -4.7, '2023-07-31': 1.43, '2023-08-31': -3.15, '2023-09-30': 0.68, '2023-10-31': -3.47, '2023-11-30': 1.82, '2023-12-31': 0.4, '2024-01-31': -0.25, '2024-02-29': 0.04, '2024-03-31': 1.15, '2024-04-30': 0.05, '2024-05-31': 1.07, '2024-06-30': 1.43, '2024-07-31': -1.71, '2024-08-31': -2.04, '2024-09-30': -1.02, '2024-10-31': -3.71, '2024-11-30': -2.32, '2024-12-31': 0.44, '2025-01-31': -2.63, '2025-02-28': 0.14, '2025-03-31': 2.15, '2025-04-30': 0.8, '2025-05-31': 2.14, '2025-06-30': 1.08, '2025-07-31': 0.06, '2025-08-31': -0.62, '2025-09-30': -1.04, '2025-10-31': 0.05, '2025-11-30': 0.1, '2025-12-31': -0.21}",5.046
S30b_MidWeek_MeanReversion,AVAX_USDT_USDT,4H,-17.76,-4.82,-0.464,-0.8469,-0.2358,-20.44,196,0.8402,54.72,-6.9921,254,-0.3568,67.1757,96.6383,0.6951,7,8,2.88,-6.02,48.94,"{'2022-02-28': -0.19, '2022-03-31': 0.11, '2022-04-30': 2.59, '2022-05-31': -1.13, '2022-06-30': 1.18, '2022-07-31': -1.2, '2022-08-31': -0.3, '2022-09-30': 1.84, '2022-10-31': -0.37, '2022-11-30': -0.19, '2022-12-31': -0.0, '2023-01-31': -1.33, '2023-02-28': 0.39, '2023-03-31': -0.94, '2023-04-30': 0.37, '2023-05-31': 1.02, '2023-06-30': -2.05, '2023-07-31': 0.38, '2023-08-31': -2.43, '2023-09-30': 0.0, '2023-10-31': -2.38, '2023-11-30': 0.11, '2023-12-31': -1.9, '2024-01-31': 1.57, '2024-02-29': 0.07, '2024-03-31': 0.14, '2024-04-30': -4.03, '2024-05-31': 0.07, '2024-06-30': 2.88, '2024-07-31': 0.79, '2024-08-31': -6.02, '2024-09-30': 0.04, '2024-10-31': -2.0, '2024-11-30': 0.4, '2024-12-31': 0.87, '2025-01-31': -2.64, '2025-02-28': -0.29, '2025-03-31': 0.81, '2025-04-30': 0.09, '2025-05-31': 0.71, '2025-06-30': -0.64, '2025-07-31': -0.97, '2025-08-31': 1.84, '2025-09-30': -2.69, '2025-10-31': 2.15, '2025-11-30': -2.66, '2025-12-31': -1.68}",5.296
S30b_MidWeek_MeanReversion,LINK_USDT_USDT,4H,2.09,0.52,0.435,0.9849,0.0437,-11.9,158,1.0207,59.75,0.8864,236,0.3029,72.9852,106.1235,0.6877,11,5,2.92,-4.32,57.45,"{'2022-02-28': 2.92, '2022-03-31': -0.95, '2022-04-30': -2.35, '2022-05-31': 0.87, '2022-06-30': 1.9, '2022-07-31': 2.92, '2022-08-31': 2.59, '2022-09-30': 1.87, '2022-10-31': -0.67, '2022-11-30': -0.59, '2022-12-31': -1.03, '2023-01-31': 1.79, '2023-02-28': 0.38, '2023-03-31': 0.43, '2023-04-30': 1.77, '2023-05-31': -0.77, '2023-06-30': -2.06, '2023-07-31': 1.42, '2023-08-31': -1.37, '2023-09-30': -2.4, '2023-10-31': 1.13, '2023-11-30': -0.91, '2023-12-31': -1.32, '2024-01-31': 0.48, '2024-02-29': 1.09, '2024-03-31': 1.87, '2024-04-30': 1.1, '2024-05-31': 0.76, '2024-06-30': 0.05, '2024-07-31': -1.01, '2024-08-31': -2.69, '2024-09-30': 0.01, '2024-10-31': -1.32, '2024-11-30': -0.63, '2024-12-31': 1.18, '2025-01-31': -4.32, '2025-02-28': -2.31, '2025-03-31': 1.85, '2025-04-30': 0.81, '2025-05-31': 1.42, '2025-06-30': -0.66, '2025-07-31': 0.04, '2025-08-31': 0.41, '2025-09-30': -1.37, '2025-10-31': 2.14, '2025-11-30': 2.6, '2025-12-31': -0.97}",4.92
S30b_MidWeek_MeanReversion,BNB_USDT_USDT,4H,-20.55,-5.59,-0.5832,-1.221,-0.2417,-23.13,247,0.7994,55.06,-8.3194,247,-0.2791,60.1942,92.264,0.6524,9,6,3.51,-4.48,40.43,"{'2022-02-28': 1.08, '2022-03-31': -1.38, '2022-04-30': 2.81, '2022-05-31': -2.34, '2022-06-30': -1.95, '2022-07-31': -1.0, '2022-08-31': -0.66, '2022-09-30': 0.35, '2022-10-31': -2.24, '2022-11-30': -1.96, '2022-12-31': -0.01, '2023-01-31': 1.73, '2023-02-28': 2.1, '2023-03-31': -1.37, '2023-04-30': 0.92, '2023-05-31': 1.45, '2023-06-30': -1.4, '2023-07-31': 0.97, '2023-08-31': -0.6, '2023-09-30': 0.63, '2023-10-31': 0.93, '2023-11-30': 2.85, '2023-12-31': -3.03, '2024-01-31': 1.41, '2024-02-29': -2.16, '2024-03-31': 0.49, '2024-04-30': 1.08, '2024-05-31': 0.68, '2024-06-30': -1.39, '2024-07-31': -4.48, '2024-08-31': -1.4, '2024-09-30': -3.78, '2024-10-31': -0.44, '2024-11-30': -0.34, '2024-12-31': -1.26, '2025-01-31': -2.46, '2025-02-28': -0.97, '2025-03-31': 3.51, '2025-04-30': -0.76, '2025-05-31': -1.48, '2025-06-30': 1.54, '2025-07-31': -0.18, '2025-08-31': 1.03, '2025-09-30': -1.8, '2025-10-31': -1.67, '2025-11-30': -0.99, '2025-12-31': 1.91}",5.15
S30b_MidWeek_MeanReversion,LTC_USDT_USDT,4H,1.81,0.45,0.3671,0.783,0.0357,-12.61,150,1.0204,60.19,0.8369,216,0.2388,69.4309,102.8517,0.6751,10,5,3.64,-4.48,55.32,"{'2022-02-28': 3.64, '2022-03-31': -1.69, '2022-04-30': -0.99, '2022-05-31': -0.9, '2022-06-30': 0.83, '2022-07-31': 1.84, '2022-08-31': 1.43, '2022-09-30': 2.17, '2022-10-31': 1.0, '2022-11-30': -2.91, '2022-12-31': 2.11, '2023-01-31': 0.38, '2023-02-28': 1.79, '2023-03-31': -1.59, '2023-04-30': -1.38, '2023-05-31': 0.7, '2023-06-30': -1.01, '2023-07-31': -0.33, '2023-08-31': -4.48, '2023-09-30': 0.7, '2023-10-31': 2.41, '2023-11-30': 2.13, '2023-12-31': -0.33, '2024-01-31': -2.35, '2024-02-29': -0.01, '2024-03-31': 0.11, '2024-04-30': -0.31, '2024-05-31': -0.0, '2024-06-30': 1.01, '2024-07-31': 0.32, '2024-08-31': -1.72, '2024-09-30': 0.68, '2024-10-31': -2.41, '2024-11-30': 0.4, '2024-12-31': 0.14, '2025-01-31': -4.35, '2025-02-28': 2.94, '2025-03-31': 2.17, '2025-04-30': 0.41, '2025-05-31': 2.14, '2025-06-30': -0.7, '2025-07-31': -1.42, '2025-08-31': 3.28, '2025-09-30': 0.33, '2025-10-31': -0.7, '2025-11-30': -0.61, '2025-12-31': 1.84}",4.503
S30b_MidWeek_MeanReversion,DOT_USDT_USDT,4H,-15.43,-4.1,-0.3399,-0.6761,-0.2637,-15.55,231,0.8454,55.41,-6.678,231,-0.2275,65.909,96.8832,0.6803,8,7,2.92,-6.04,48.94,"{'2022-02-28': 2.18, '2022-03-31': -1.67, '2022-04-30': -1.65, '2022-05-31': -1.87, '2022-06-30': 2.63, '2022-07-31': 0.1, '2022-08-31': 1.14, '2022-09-30': 0.07, '2022-10-31': -0.72, '2022-11-30': 0.09, '2022-12-31': 0.64, '2023-01-31': 0.65, '2023-02-28': -1.36, '2023-03-31': 2.21, '2023-04-30': -0.71, '2023-05-31': 0.31, '2023-06-30': -1.06, '2023-07-31': 0.35, '2023-08-31': -1.12, '2023-09-30': 0.69, '2023-10-31': -3.11, '2023-11-30': 2.17, '2023-12-31': -0.62, '2024-01-31': 0.1, '2024-02-29': -0.66, '2024-03-31': 2.92, '2024-04-30': -0.98, '2024-05-31': -0.98, '2024-06-30': 1.07, '2024-07-31': -1.71, '2024-08-31': -6.04, '2024-09-30': 0.71, '2024-10-31': -4.07, '2024-11-30': 0.41, '2024-12-31': 0.14, '2025-01-31': -1.62, '2025-02-28': -0.3, '2025-03-31': 2.9, '2025-04-30': 1.83, '2025-05-31': 0.7, '2025-06-30': -0.67, '2025-07-31': -2.71, '2025-08-31': 1.12, '2025-09-30': -2.05, '2025-10-31': -0.33, '2025-11-30': -0.6, '2025-12-31': -1.13}",4.816
S30b_MidWeek_MeanReversion,BCH_USDT_USDT,4H,-21.68,-5.99,-0.6656,-1.4306,-0.2361,-25.37,227,0.776,53.3,-9.5514,227,-0.4414,62.0601,91.2967,0.6798,8,5,3.62,-4.05,44.68,"{'2022-02-28': 1.44, '2022-03-31': -2.68, '2022-04-30': 0.06, '2022-05-31': -0.89, '2022-06-30': -0.9, '2022-07-31': -0.93, '2022-08-31': 1.13, '2022-09-30': 1.11, '2022-10-31': -1.77, '2022-11-30': -1.63, '2022-12-31': 1.0, '2023-01-31': -0.08, '2023-02-28': 1.42, '2023-03-31': -0.28, '2023-04-30': 1.72, '2023-05-31': 0.33, '2023-06-30': -1.39, '2023-07-31': 2.17, '2023-08-31': -2.67, '2023-09-30': -3.39, '2023-10-31': -1.68, '2023-11-30': 0.71, '2023-12-31': -4.05, '2024-01-31': 2.17, '2024-02-29': -3.1, '2024-03-31': 0.44, '2024-04-30': -0.6, '2024-05-31': -0.96, '2024-06-30': -3.41, '2024-07-31': -1.67, '2024-08-31': -1.36, '2024-09-30': -0.71, '2024-10-31': 2.52, '2024-11-30': -1.33, '2024-12-31': -2.6, '2025-01-31': -1.66, '2025-02-28': -2.33, '2025-03-31': 0.43, '2025-04-30': 3.62, '2025-05-31': 0.05, '2025-06-30': -0.67, '2025-07-31': 0.35, '2025-08-31': 0.03, '2025-09-30': -3.12, '2025-10-31': 1.04, '2025-11-30': 1.11, '2025-12-31': 1.09}",4.733
S30b_MidWeek_MeanReversion,ATOM_USDT_USDT,4H,-1.74,-0.44,0.1885,0.3472,-0.0406,-10.84,89,0.9832,59.09,-0.7192,242,0.1314,71.1941,104.594,0.6807,10,5,4.38,-4.04,51.06,"{'2022-02-28': -0.3, '2022-03-31': 0.42, '2022-04-30': -0.94, '2022-05-31': 0.89, '2022-06-30': -2.3, '2022-07-31': 2.32, '2022-08-31': 1.56, '2022-09-30': 0.13, '2022-10-31': -1.99, '2022-11-30': -0.9, '2022-12-31': 1.71, '2023-01-31': -2.02, '2023-02-28': 0.06, '2023-03-31': -3.01, '2023-04-30': 0.34, '2023-05-31': 2.07, '2023-06-30': -3.13, '2023-07-31': 2.82, '2023-08-31': -1.07, '2023-09-30': 1.41, '2023-10-31': -0.31, '2023-11-30': 1.14, '2023-12-31': 3.67, '2024-01-31': 0.08, '2024-02-29': -0.34, '2024-03-31': 4.38, '2024-04-30': -2.69, '2024-05-31': 1.07, '2024-06-30': 1.06, '2024-07-31': -2.09, '2024-08-31': -1.71, '2024-09-30': -4.04, '2024-10-31': -0.29, '2024-11-30': -2.35, '2024-12-31': 0.87, '2025-01-31': 0.83, '2025-02-28': -0.3, '2025-03-31': 1.46, '2025-04-30': 0.4, '2025-05-31': 1.41, '2025-06-30': -0.69, '2025-07-31': -2.05, '2025-08-31': 1.1, '2025-09-30': -0.71, '2025-10-31': 1.06, '2025-11-30': -0.3, '2025-12-31': -1.6}",5.046
S30b_MidWeek_MeanReversion,NEAR_USDT_USDT,4H,-16.25,-4.34,-0.4094,-0.7991,-0.2096,-20.71,254,0.8483,55.08,-6.3482,256,-0.3366,64.4532,93.1568,0.6919,7,6,4.0,-4.37,42.55,"{'2022-02-28': 1.16, '2022-03-31': -2.92, '2022-04-30': -0.59, '2022-05-31': -0.85, '2022-06-30': -0.57, '2022-07-31': 0.84, '2022-08-31': -0.2, '2022-09-30': 0.09, '2022-10-31': 0.03, '2022-11-30': -0.16, '2022-12-31': 1.08, '2023-01-31': -1.64, '2023-02-28': -0.21, '2023-03-31': -1.24, '2023-04-30': -0.98, '2023-05-31': 0.37, '2023-06-30': -4.37, '2023-07-31': -0.33, '2023-08-31': -0.34, '2023-09-30': 1.39, '2023-10-31': -2.39, '2023-11-30': -0.91, '2023-12-31': -1.6, '2024-01-31': 2.63, '2024-02-29': 1.13, '2024-03-31': -1.15, '2024-04-30': 2.18, '2024-05-31': 0.42, '2024-06-30': 1.11, '2024-07-31': -1.96, '2024-08-31': -0.91, '2024-09-30': -1.65, '2024-10-31': 0.1, '2024-11-30': 0.43, '2024-12-31': 0.14, '2025-01-31': -2.64, '2025-02-28': -0.29, '2025-03-31': 0.82, '2025-04-30': -1.62, '2025-05-31': 1.43, '2025-06-30': -0.95, '2025-07-31': -3.67, '2025-08-31': 0.8, '2025-09-30': -2.05, '2025-10-31': 1.11, '2025-11-30': -1.31, '2025-12-31': 4.0}",5.337
S30b_MidWeek_MeanReversion,UNI_USDT_USDT,4H,5.12,1.26,0.3081,0.7399,0.0786,-16.04,156,1.0504,60.24,2.0575,249,0.224,71.2021,102.707,0.6933,11,6,4.42,-4.74,55.32,"{'2022-02-28': 2.92, '2022-03-31': 0.1, '2022-04-30': -2.33, '2022-05-31': -0.58, '2022-06-30': -1.16, '2022-07-31': 0.13, '2022-08-31': 1.56, '2022-09-30': -0.93, '2022-10-31': -1.67, '2022-11-30': 0.14, '2022-12-31': 1.06, '2023-01-31': 3.56, '2023-02-28': 0.04, '2023-03-31': 1.5, '2023-04-30': 1.38, '2023-05-31': 2.36, '2023-06-30': -2.41, '2023-07-31': 1.43, '2023-08-31': -4.74, '2023-09-30': 0.67, '2023-10-31': -1.73, '2023-11-30': 1.55, '2023-12-31': -2.03, '2024-01-31': 0.79, '2024-02-29': -0.34, '2024-03-31': 1.16, '2024-04-30': -1.32, '2024-05-31': -0.95, '2024-06-30': -0.91, '2024-07-31': -2.36, '2024-08-31': -1.98, '2024-09-30': 1.83, '2024-10-31': -0.63, '2024-11-30': 0.1, '2024-12-31': -0.87, '2025-01-31': -1.63, '2025-02-28': 4.42, '2025-03-31': 0.84, '2025-04-30': 1.52, '2025-05-31': 1.85, '2025-06-30': -0.92, '2025-07-31': -0.96, '2025-08-31': 1.13, '2025-09-30': -0.66, '2025-10-31': 1.83, '2025-11-30': 0.14, '2025-12-31': 3.48}",5.191
S30b_MidWeek_MeanReversion,OP_USDT_USDT,4H,-11.51,-3.39,0.0451,0.0986,-0.2239,-15.14,184,0.8654,55.28,-5.7856,199,0.0444,67.2958,96.1109,0.7002,8,5,2.94,-3.61,50.0,"{'2022-07-31': -0.86, '2022-08-31': 1.64, '2022-09-30': -1.01, '2022-10-31': -3.61, '2022-11-30': -0.15, '2022-12-31': 0.39, '2023-01-31': 1.11, '2023-02-28': -0.88, '2023-03-31': 0.88, '2023-04-30': 2.15, '2023-05-31': -2.66, '2023-06-30': -0.92, '2023-07-31': 0.41, '2023-08-31': -2.66, '2023-09-30': -0.35, '2023-10-31': -3.05, '2023-11-30': 0.72, '2023-12-31': 2.19, '2024-01-31': 0.12, '2024-02-29': -1.97, '2024-03-31': 2.94, '2024-04-30': -1.63, '2024-05-31': 0.09, '2024-06-30': 2.16, '2024-07-31': -1.64, '2024-08-31': -0.95, '2024-09-30': 1.81, '2024-10-31': -1.63, '2024-11-30': 1.89, '2024-12-31': 0.14, '2025-01-31': -3.32, '2025-02-28': 1.9, '2025-03-31': 2.92, '2025-04-30': -0.92, '2025-05-31': -1.63, '2025-06-30': -3.34, '2025-07-31': -2.34, '2025-08-31': 0.83, '2025-09-30': -2.69, '2025-10-31': 0.39, '2025-11-30': 0.43, '2025-12-31': 1.85}",4.628
S30b_MidWeek_MeanReversion,APT_USDT_USDT,4H,-3.59,-1.15,0.1424,0.299,-0.0974,-11.81,60,0.9493,57.67,-2.2051,163,0.1292,71.6476,102.816,0.6969,12,6,2.93,-4.3,57.89,"{'2022-11-30': -0.84, '2022-12-31': -3.35, '2023-01-31': -0.89, '2023-02-28': 1.15, '2023-03-31': 2.62, '2023-04-30': 0.39, '2023-05-31': 0.38, '2023-06-30': -1.33, '2023-07-31': 0.72, '2023-08-31': -3.03, '2023-09-30': 1.42, '2023-10-31': -1.99, '2023-11-30': 2.17, '2023-12-31': 2.2, '2024-01-31': 2.93, '2024-02-29': -0.94, '2024-03-31': 1.91, '2024-04-30': -4.3, '2024-05-31': 2.57, '2024-06-30': 1.41, '2024-07-31': -3.36, '2024-08-31': 0.09, '2024-09-30': 0.37, '2024-10-31': 2.18, '2024-11-30': 0.43, '2024-12-31': 1.9, '2025-01-31': -0.92, '2025-02-28': 0.43, '2025-03-31': 1.87, '2025-04-30': 0.41, '2025-05-31': -0.33, '2025-06-30': -1.99, '2025-07-31': -3.36, '2025-08-31': 1.11, '2025-09-30': -2.41, '2025-10-31': -3.08, '2025-11-30': -0.6, '2025-12-31': 1.12}",4.244
S30b_MidWeek_MeanReversion,FIL_USDT_USDT,4H,-0.34,-0.09,0.0446,0.079,-0.006,-14.98,126,0.9961,59.02,-0.1677,205,0.038,73.229,105.8939,0.6915,8,6,4.14,-4.05,53.19,"{'2022-02-28': 3.34, '2022-03-31': 0.8, '2022-04-30': 1.14, '2022-05-31': 0.15, '2022-06-30': 0.13, '2022-07-31': 0.08, '2022-08-31': 0.73, '2022-09-30': 1.13, '2022-10-31': -0.69, '2022-11-30': -0.59, '2022-12-31': 0.35, '2023-01-31': -2.34, '2023-02-28': -1.64, '2023-03-31': 4.14, '2023-04-30': 0.38, '2023-05-31': 1.75, '2023-06-30': -0.95, '2023-07-31': -0.32, '2023-08-31': -2.77, '2023-09-30': 0.0, '2023-10-31': 1.04, '2023-11-30': 1.11, '2023-12-31': 1.45, '2024-01-31': -0.59, '2024-02-29': -2.67, '2024-03-31': 2.2, '2024-04-30': -1.65, '2024-05-31': 0.78, '2024-06-30': -0.63, '2024-07-31': -2.68, '2024-08-31': -4.05, '2024-09-30': -2.39, '2024-10-31': 0.75, '2024-11-30': -1.34, '2024-12-31': 0.87, '2025-01-31': -2.33, '2025-02-28': -0.29, '2025-03-31': 2.9, '2025-04-30': 1.11, '2025-05-31': 0.7, '2025-06-30': -0.66, '2025-07-31': -2.7, '2025-08-31': 1.83, '2025-09-30': -0.68, '2025-10-31': 1.09, '2025-11-30': -1.29, '2025-12-31': 3.62}",4.274
S30b_MidWeek_MeanReversion,INJ_USDT_USDT,4H,-1.73,-0.52,0.3096,0.6842,-0.0446,-11.66,87,0.9795,58.08,-0.8728,198,0.2844,71.8743,101.6669,0.707,6,8,3.71,-4.27,52.5,"{'2022-09-30': 2.18, '2022-10-31': -0.92, '2022-11-30': 1.62, '2022-12-31': 0.73, '2023-01-31': -1.67, '2023-02-28': -4.27, '2023-03-31': -0.15, '2023-04-30': -2.61, '2023-05-31': 2.92, '2023-06-30': -1.62, '2023-07-31': -0.31, '2023-08-31': 0.74, '2023-09-30': 0.35, '2023-10-31': -1.3, '2023-11-30': 2.95, '2023-12-31': 0.15, '2024-01-31': 3.71, '2024-02-29': 0.84, '2024-03-31': 1.17, '2024-04-30': -1.32, '2024-05-31': 3.64, '2024-06-30': 1.16, '2024-07-31': -3.64, '2024-08-31': -4.02, '2024-09-30': -0.93, '2024-10-31': 0.83, '2024-11-30': 0.12, '2024-12-31': 1.17, '2025-01-31': -0.9, '2025-02-28': 0.14, '2025-03-31': 1.16, '2025-04-30': -3.04, '2025-05-31': -0.31, '2025-06-30': 2.61, '2025-07-31': -1.64, '2025-08-31': -0.91, '2025-09-30': -0.99, '2025-10-31': 0.39, '2025-11-30': -0.29, '2025-12-31': 1.27}",4.892
S30b_MidWeek_MeanReversion,TRX_USDT_USDT,4H,-28.77,-8.17,-0.115,-0.1956,-0.2399,-34.05,177,0.7671,54.48,-10.3117,279,-0.0494,62.3361,97.2603,0.6409,8,6,3.53,-4.97,42.55,"{'2022-02-28': 3.53, '2022-03-31': -1.06, '2022-04-30': -0.32, '2022-05-31': -0.89, '2022-06-30': 0.89, '2022-07-31': 1.72, '2022-08-31': 1.37, '2022-09-30': 0.94, '2022-10-31': -2.54, '2022-11-30': 1.37, '2022-12-31': 0.95, '2023-01-31': 0.34, '2023-02-28': -4.46, '2023-03-31': 1.73, '2023-04-30': 1.99, '2023-05-31': -0.8, '2023-06-30': 1.28, '2023-07-31': 2.01, '2023-08-31': -0.04, '2023-09-30': 0.3, '2023-10-31': -2.4, '2023-11-30': -3.67, '2023-12-31': 1.62, '2024-01-31': 1.62, '2024-02-29': -4.97, '2024-03-31': -4.23, '2024-04-30': 1.66, '2024-05-31': -0.91, '2024-06-30': 0.8, '2024-07-31': -2.24, '2024-08-31': -4.95, '2024-09-30': -2.61, '2024-10-31': -4.71, '2024-11-30': -2.53, '2024-12-31': -1.8, '2025-01-31': -1.04, '2025-02-28': 1.06, '2025-03-31': -2.12, '2025-04-30': -1.44, '2025-05-31': 2.69, '2025-06-30': -1.47, '2025-07-31': -1.79, '2025-08-31': -4.62, '2025-09-30': -0.42, '2025-10-31': 2.79, '2025-11-30': -0.14, '2025-12-31': -2.67}",5.817
S30b_MidWeek_MeanReversion,ETC_USDT_USDT,4H,-4.95,-1.26,-0.0125,-0.0272,-0.0986,-12.78,213,0.9422,58.22,-2.3261,213,-0.0088,65.1831,96.3838,0.6763,11,6,3.61,-3.42,55.32,"{'2022-02-28': 0.8, '2022-03-31': -1.62, '2022-04-30': -2.32, '2022-05-31': -1.18, '2022-06-30': 0.12, '2022-07-31': -1.91, '2022-08-31': 1.47, '2022-09-30': 1.45, '2022-10-31': -1.66, '2022-11-30': 0.84, '2022-12-31': 1.4, '2023-01-31': 0.07, '2023-02-28': -2.05, '2023-03-31': -1.28, '2023-04-30': 0.0, '2023-05-31': 2.07, '2023-06-30': -1.8, '2023-07-31': 1.41, '2023-08-31': -2.14, '2023-09-30': 0.67, '2023-10-31': -1.05, '2023-11-30': 0.38, '2023-12-31': -0.31, '2024-01-31': -2.97, '2024-02-29': -0.34, '2024-03-31': 1.14, '2024-04-30': 2.16, '2024-05-31': 1.83, '2024-06-30': 1.78, '2024-07-31': -0.7, '2024-08-31': -3.42, '2024-09-30': 1.0, '2024-10-31': 1.38, '2024-11-30': -1.04, '2024-12-31': 0.85, '2025-01-31': -2.36, '2025-02-28': -0.3, '2025-03-31': 3.61, '2025-04-30': 2.16, '2025-05-31': 0.7, '2025-06-30': -0.68, '2025-07-31': -2.74, '2025-08-31': 1.1, '2025-09-30': 0.37, '2025-10-31': 0.04, '2025-11-30': -0.62, '2025-12-31': 1.6}",4.441
S30b_MidWeek_MeanReversion,XLM_USDT_USDT,4H,-19.97,-5.42,-0.4827,-0.98,-0.2422,-22.38,191,0.7987,54.31,-8.6085,232,-0.3037,62.8965,93.6051,0.6719,7,6,2.94,-6.41,40.43,"{'2022-02-28': 2.18, '2022-03-31': -1.36, '2022-04-30': -0.29, '2022-05-31': -0.91, '2022-06-30': 1.88, '2022-07-31': 1.82, '2022-08-31': -0.33, '2022-09-30': 1.8, '2022-10-31': -2.06, '2022-11-30': -1.99, '2022-12-31': -1.83, '2023-01-31': 1.02, '2023-02-28': 1.03, '2023-03-31': -2.69, '2023-04-30': -0.36, '2023-05-31': -0.2, '2023-06-30': -6.41, '2023-07-31': -2.66, '2023-08-31': -0.66, '2023-09-30': -0.32, '2023-10-31': 0.62, '2023-11-30': 2.85, '2023-12-31': 0.34, '2024-01-31': -1.39, '2024-02-29': -1.1, '2024-03-31': 2.92, '2024-04-30': 1.05, '2024-05-31': -0.04, '2024-06-30': 2.1, '2024-07-31': 1.75, '2024-08-31': -2.39, '2024-09-30': -0.77, '2024-10-31': -0.73, '2024-11-30': -5.62, '2024-12-31': 2.94, '2025-01-31': -3.32, '2025-02-28': -2.32, '2025-03-31': 2.91, '2025-04-30': 1.84, '2025-05-31': 2.12, '2025-06-30': -0.03, '2025-07-31': -5.06, '2025-08-31': -2.05, '2025-09-30': 0.35, '2025-10-31': -2.06, '2025-11-30': 1.53, '2025-12-31': -1.79}",4.837
S30b_MidWeek_MeanReversion,RUNE_USDT_USDT,4H,-6.86,-1.76,-0.0442,-0.0818,-0.1256,-14.01,260,0.9373,57.52,-2.5784,266,-0.0351,67.015,96.8066,0.6923,7,5,2.93,-3.68,46.81,"{'2022-02-28': 0.43, '2022-03-31': -1.16, '2022-04-30': -0.15, '2022-05-31': -1.57, '2022-06-30': -1.57, '2022-07-31': -1.18, '2022-08-31': 0.83, '2022-09-30': 1.85, '2022-10-31': -1.7, '2022-11-30': -0.52, '2022-12-31': 0.0, '2023-01-31': 1.03, '2023-02-28': 0.06, '2023-03-31': 1.88, '2023-04-30': -2.37, '2023-05-31': 1.03, '2023-06-30': -2.36, '2023-07-31': 1.04, '2023-08-31': -0.66, '2023-09-30': -2.71, '2023-10-31': -1.64, '2023-11-30': -0.16, '2023-12-31': 1.88, '2024-01-31': -1.25, '2024-02-29': -1.67, '2024-03-31': 1.61, '2024-04-30': 0.43, '2024-05-31': -0.62, '2024-06-30': 2.89, '2024-07-31': -1.67, '2024-08-31': -1.33, '2024-09-30': -0.23, '2024-10-31': 1.86, '2024-11-30': 1.9, '2024-12-31': -0.88, '2025-01-31': -2.6, '2025-02-28': 0.13, '2025-03-31': 2.93, '2025-04-30': -2.37, '2025-05-31': -0.61, '2025-06-30': 0.39, '2025-07-31': -3.68, '2025-08-31': 0.39, '2025-09-30': -0.68, '2025-10-31': 1.07, '2025-11-30': 2.57, '2025-12-31': 2.52}",5.546
S30b_MidWeek_MeanReversion,AAVE_USDT_USDT,4H,-18.23,-4.91,-0.483,-1.1005,-0.2206,-22.26,208,0.8345,54.47,-7.0953,257,-0.3697,65.6675,94.1618,0.6974,6,9,3.66,-6.96,48.94,"{'2022-02-28': 3.66, '2022-03-31': -2.92, '2022-04-30': 0.54, '2022-05-31': -0.85, '2022-06-30': 0.89, '2022-07-31': 0.14, '2022-08-31': 2.6, '2022-09-30': 1.12, '2022-10-31': -2.4, '2022-11-30': -3.31, '2022-12-31': 3.16, '2023-01-31': -0.98, '2023-02-28': -2.35, '2023-03-31': 2.23, '2023-04-30': 0.02, '2023-05-31': -1.08, '2023-06-30': -2.04, '2023-07-31': -1.33, '2023-08-31': -1.34, '2023-09-30': 1.05, '2023-10-31': 2.14, '2023-11-30': 0.11, '2023-12-31': 0.4, '2024-01-31': -2.64, '2024-02-29': -0.65, '2024-03-31': 1.89, '2024-04-30': -0.64, '2024-05-31': 1.82, '2024-06-30': -1.65, '2024-07-31': -6.96, '2024-08-31': -2.65, '2024-09-30': 1.13, '2024-10-31': 2.19, '2024-11-30': -3.61, '2024-12-31': -2.59, '2025-01-31': -1.91, '2025-02-28': 0.44, '2025-03-31': 2.95, '2025-04-30': -1.23, '2025-05-31': 2.92, '2025-06-30': -2.27, '2025-07-31': -2.66, '2025-08-31': -1.34, '2025-09-30': 2.13, '2025-10-31': -1.35, '2025-11-30': 0.83, '2025-12-31': 0.49}",5.358
S30b_MidWeek_MeanReversion,LDO_USDT_USDT,4H,12.51,3.52,0.8864,2.3875,0.2024,-17.39,95,1.1283,61.78,5.5612,225,0.7497,79.1915,113.4459,0.6981,14,5,3.71,-4.31,58.54,"{'2022-08-31': 1.93, '2022-09-30': 2.96, '2022-10-31': 0.09, '2022-11-30': -0.14, '2022-12-31': 0.1, '2023-01-31': 1.6, '2023-02-28': -1.59, '2023-03-31': 0.89, '2023-04-30': -0.21, '2023-05-31': 1.19, '2023-06-30': 1.85, '2023-07-31': 1.45, '2023-08-31': 1.09, '2023-09-30': -0.36, '2023-10-31': 0.78, '2023-11-30': 0.73, '2023-12-31': 2.92, '2024-01-31': 3.71, '2024-02-29': -1.95, '2024-03-31': 2.94, '2024-04-30': -2.62, '2024-05-31': 3.34, '2024-06-30': 3.69, '2024-07-31': -4.31, '2024-08-31': -0.29, '2024-09-30': -2.96, '2024-10-31': -2.95, '2024-11-30': -1.9, '2024-12-31': -0.86, '2025-01-31': -2.89, '2025-02-28': -1.3, '2025-03-31': 2.96, '2025-04-30': -1.9, '2025-05-31': -0.31, '2025-06-30': -0.92, '2025-07-31': 0.09, '2025-08-31': 0.43, '2025-09-30': 1.51, '2025-10-31': 1.14, '2025-11-30': 1.16, '2025-12-31': 1.85}",5.44
S30b_MidWeek_MeanReversion,SAND_USDT_USDT,4H,3.95,0.97,0.3522,0.6678,0.1083,-8.96,85,1.0399,60.26,1.6898,234,0.277,73.124,106.6136,0.6859,8,4,3.56,-3.38,53.19,"{'2022-02-28': 2.2, '2022-03-31': -0.62, '2022-04-30': -1.63, '2022-05-31': 2.37, '2022-06-30': -2.3, '2022-07-31': 1.58, '2022-08-31': 0.41, '2022-09-30': 0.4, '2022-10-31': -1.06, '2022-11-30': 0.14, '2022-12-31': -1.0, '2023-01-31': -0.64, '2023-02-28': 1.57, '2023-03-31': 1.54, '2023-04-30': 1.1, '2023-05-31': 3.56, '2023-06-30': -2.68, '2023-07-31': 0.37, '2023-08-31': -2.09, '2023-09-30': 0.67, '2023-10-31': -1.06, '2023-11-30': 2.17, '2023-12-31': 0.11, '2024-01-31': -1.62, '2024-02-29': -1.68, '2024-03-31': 2.2, '2024-04-30': 0.78, '2024-05-31': 2.87, '2024-06-30': 2.88, '2024-07-31': -0.66, '2024-08-31': -3.38, '2024-09-30': 0.36, '2024-10-31': -0.28, '2024-11-30': -0.31, '2024-12-31': -0.41, '2025-01-31': -1.61, '2025-02-28': -0.29, '2025-03-31': 1.5, '2025-04-30': 0.09, '2025-05-31': 0.71, '2025-06-30': 0.05, '2025-07-31': -3.01, '2025-08-31': 1.83, '2025-09-30': -1.37, '2025-10-31': -0.63, '2025-11-30': -0.61, '2025-12-31': 2.21}",4.879
S30b_MidWeek_MeanReversion,MANA_USDT_USDT,4H,-6.95,-1.79,-0.0687,-0.1349,-0.1247,-14.36,209,0.9236,57.27,-3.1577,220,-0.054,66.6897,96.7829,0.6891,7,6,2.92,-3.69,44.68,"{'2022-02-28': 1.9, '2022-03-31': -1.03, '2022-04-30': -0.93, '2022-05-31': -1.86, '2022-06-30': 1.9, '2022-07-31': -0.21, '2022-08-31': -0.31, '2022-09-30': 0.39, '2022-10-31': -2.43, '2022-11-30': -1.93, '2022-12-31': -0.32, '2023-01-31': 0.81, '2023-02-28': 0.09, '2023-03-31': -0.61, '2023-04-30': 2.53, '2023-05-31': -1.01, '2023-06-30': -3.69, '2023-07-31': 1.42, '2023-08-31': -1.75, '2023-09-30': 0.7, '2023-10-31': -3.06, '2023-11-30': 1.45, '2023-12-31': 1.86, '2024-01-31': 0.1, '2024-02-29': -2.72, '2024-03-31': 2.2, '2024-04-30': 0.38, '2024-05-31': -0.65, '2024-06-30': 2.87, '2024-07-31': -2.7, '2024-08-31': -3.06, '2024-09-30': -0.68, '2024-10-31': 0.07, '2024-11-30': 0.41, '2024-12-31': -0.14, '2025-01-31': -0.91, '2025-02-28': -0.29, '2025-03-31': 2.92, '2025-04-30': -0.61, '2025-05-31': 0.0, '2025-06-30': 0.05, '2025-07-31': -0.25, '2025-08-31': 2.89, '2025-09-30': 0.4, '2025-10-31': -0.64, '2025-11-30': -1.32, '2025-12-31': 2.18}",4.587
S30b_MidWeek_MeanReversion,CRV_USDT_USDT,4H,-19.63,-5.32,-0.8647,-1.8323,-0.2206,-24.12,248,0.8032,53.63,-7.917,248,-0.7785,60.2547,86.7591,0.6945,8,7,4.07,-5.0,46.81,"{'2022-02-28': 0.13, '2022-03-31': -2.63, '2022-04-30': -1.63, '2022-05-31': -4.55, '2022-06-30': -2.3, '2022-07-31': -1.89, '2022-08-31': -0.19, '2022-09-30': 0.53, '2022-10-31': 1.1, '2022-11-30': -2.56, '2022-12-31': 2.88, '2023-01-31': -0.62, '2023-02-28': -0.91, '2023-03-31': 4.07, '2023-04-30': -3.37, '2023-05-31': 1.07, '2023-06-30': -1.33, '2023-07-31': -1.37, '2023-08-31': 0.5, '2023-09-30': -0.32, '2023-10-31': -1.31, '2023-11-30': 0.42, '2023-12-31': 3.65, '2024-01-31': -0.92, '2024-02-29': 1.09, '2024-03-31': 3.7, '2024-04-30': -1.34, '2024-05-31': 2.53, '2024-06-30': -1.3, '2024-07-31': -0.63, '2024-08-31': -5.0, '2024-09-30': 1.85, '2024-10-31': -3.68, '2024-11-30': 1.15, '2024-12-31': -4.53, '2025-01-31': -3.31, '2025-02-28': 0.44, '2025-03-31': 0.84, '2025-04-30': 0.43, '2025-05-31': -0.6, '2025-06-30': 1.85, '2025-07-31': -4.31, '2025-08-31': 2.19, '2025-09-30': 0.06, '2025-10-31': 1.87, '2025-11-30': -0.61, '2025-12-31': 2.29}",5.171
S30b_MidWeek_MeanReversion,GALA_USDT_USDT,4H,-19.38,-5.25,-0.3616,-0.74,-0.2235,-23.49,191,0.807,53.28,-8.4622,229,-0.3426,66.4021,93.8215,0.7077,8,6,2.97,-3.66,36.17,"{'2022-02-28': 2.97, '2022-03-31': 2.19, '2022-04-30': -0.9, '2022-05-31': -0.11, '2022-06-30': 1.17, '2022-07-31': 1.15, '2022-08-31': -0.31, '2022-09-30': -0.63, '2022-10-31': -1.7, '2022-11-30': -1.91, '2022-12-31': -2.0, '2023-01-31': 1.14, '2023-02-28': -1.62, '2023-03-31': -0.9, '2023-04-30': 0.06, '2023-05-31': 1.53, '2023-06-30': -1.26, '2023-07-31': -0.32, '2023-08-31': -1.01, '2023-09-30': -1.34, '2023-10-31': -2.97, '2023-11-30': 1.17, '2023-12-31': 1.14, '2024-01-31': -0.6, '2024-02-29': -0.93, '2024-03-31': 2.97, '2024-04-30': -1.61, '2024-05-31': -0.18, '2024-06-30': 1.14, '2024-07-31': -2.65, '2024-08-31': -1.32, '2024-09-30': -0.64, '2024-10-31': 1.14, '2024-11-30': -2.03, '2024-12-31': -1.86, '2025-01-31': -1.89, '2025-02-28': -0.29, '2025-03-31': 1.13, '2025-04-30': -3.02, '2025-05-31': 0.71, '2025-06-30': 0.09, '2025-07-31': -3.66, '2025-08-31': 1.14, '2025-09-30': -0.65, '2025-10-31': -0.63, '2025-11-30': -0.59, '2025-12-31': 1.39}",4.774
S30b_MidWeek_MeanReversion,APE_USDT_USDT,4H,-6.98,-1.89,-0.1053,-0.1929,-0.1216,-15.54,186,0.9248,56.82,-3.1716,220,-0.1019,68.6029,97.6117,0.7028,9,4,3.66,-3.87,53.33,"{'2022-04-30': -1.89, '2022-05-31': -0.1, '2022-06-30': 1.94, '2022-07-31': 2.64, '2022-08-31': 1.89, '2022-09-30': 1.15, '2022-10-31': -2.37, '2022-11-30': -3.87, '2022-12-31': -1.02, '2023-01-31': -2.69, '2023-02-28': 0.39, '2023-03-31': 0.11, '2023-04-30': 1.79, '2023-05-31': -2.4, '2023-06-30': -1.96, '2023-07-31': -2.04, '2023-08-31': 0.79, '2023-09-30': -0.32, '2023-10-31': 0.12, '2023-11-30': 1.45, '2023-12-31': 3.66, '2024-01-31': 1.56, '2024-02-29': 0.78, '2024-03-31': 1.16, '2024-04-30': -2.34, '2024-05-31': 3.62, '2024-06-30': 1.11, '2024-07-31': -2.36, '2024-08-31': -3.35, '2024-09-30': -0.63, '2024-10-31': 1.16, '2024-11-30': -1.3, '2024-12-31': 0.59, '2025-01-31': -2.61, '2025-02-28': 0.44, '2025-03-31': 0.42, '2025-04-30': -3.03, '2025-05-31': 1.12, '2025-06-30': 0.09, '2025-07-31': -0.99, '2025-08-31': 1.83, '2025-09-30': -0.35, '2025-10-31': 1.08, '2025-11-30': -0.6, '2025-12-31': -0.15}",4.839
S30b_MidWeek_MeanReversion,AXS_USDT_USDT,4H,-11.59,-3.04,-0.0481,-0.1035,-0.1987,-15.3,139,0.8829,56.22,-4.9762,233,-0.039,66.712,97.0464,0.6874,10,7,2.9,-3.4,46.81,"{'2022-02-28': 2.2, '2022-03-31': -3.33, '2022-04-30': -1.6, '2022-05-31': 1.65, '2022-06-30': 1.93, '2022-07-31': -0.19, '2022-08-31': 0.41, '2022-09-30': 0.41, '2022-10-31': -2.4, '2022-11-30': 1.58, '2022-12-31': -1.97, '2023-01-31': 0.82, '2023-02-28': -1.63, '2023-03-31': 0.18, '2023-04-30': 2.5, '2023-05-31': 2.5, '2023-06-30': -2.7, '2023-07-31': -1.37, '2023-08-31': -1.42, '2023-09-30': 1.4, '2023-10-31': -0.33, '2023-11-30': 1.45, '2023-12-31': -0.91, '2024-01-31': -2.32, '2024-02-29': -1.67, '2024-03-31': 1.15, '2024-04-30': 1.11, '2024-05-31': 2.15, '2024-06-30': 1.11, '2024-07-31': -2.38, '2024-08-31': -3.06, '2024-09-30': -3.4, '2024-10-31': -1.66, '2024-11-30': 1.13, '2024-12-31': 0.87, '2025-01-31': -0.62, '2025-02-28': -2.02, '2025-03-31': 2.9, '2025-04-30': -1.62, '2025-05-31': 1.44, '2025-06-30': -0.97, '2025-07-31': -2.68, '2025-08-31': 2.56, '2025-09-30': -0.67, '2025-10-31': 1.82, '2025-11-30': -1.31, '2025-12-31': -0.22}",4.858
S30b_MidWeek_MeanReversion,GRT_USDT_USDT,4H,-8.0,-2.07,-0.0014,-0.0031,-0.1442,-14.36,231,0.9243,57.2,-3.1139,257,-0.0012,66.5015,96.1454,0.6917,7,7,4.43,-5.04,51.06,"{'2022-02-28': -0.19, '2022-03-31': -0.18, '2022-04-30': 0.84, '2022-05-31': -1.84, '2022-06-30': -0.86, '2022-07-31': -1.9, '2022-08-31': 0.13, '2022-09-30': 2.6, '2022-10-31': -1.68, '2022-11-30': -0.87, '2022-12-31': -1.36, '2023-01-31': 1.83, '2023-02-28': 0.3, '2023-03-31': 0.55, '2023-04-30': 1.11, '2023-05-31': -1.69, '2023-06-30': -5.04, '2023-07-31': 2.18, '2023-08-31': 0.71, '2023-09-30': -0.34, '2023-10-31': -3.73, '2023-11-30': 4.43, '2023-12-31': 0.1, '2024-01-31': 0.11, '2024-02-29': -1.67, '2024-03-31': 2.21, '2024-04-30': -3.33, '2024-05-31': -0.62, '2024-06-30': 2.17, '2024-07-31': -1.65, '2024-08-31': -3.36, '2024-09-30': 0.46, '2024-10-31': -0.23, '2024-11-30': 0.84, '2024-12-31': 0.14, '2025-01-31': -1.61, '2025-02-28': 0.85, '2025-03-31': 1.85, '2025-04-30': -2.35, '2025-05-31': 1.44, '2025-06-30': 0.06, '2025-07-31': -0.97, '2025-08-31': 2.57, '2025-09-30': -1.01, '2025-10-31': 1.82, '2025-11-30': -0.6, '2025-12-31': 0.87}",5.358
S30b_MidWeek_MeanReversion,CHZ_USDT_USDT,4H,-2.99,-0.76,0.1744,0.3304,-0.0655,-11.6,156,0.9713,58.4,-1.2561,238,0.1367,72.8407,105.291,0.6918,8,5,2.94,-3.72,53.19,"{'2022-02-28': 1.14, '2022-03-31': -2.91, '2022-04-30': 1.16, '2022-05-31': -0.15, '2022-06-30': 2.94, '2022-07-31': 1.13, '2022-08-31': 1.6, '2022-09-30': 1.46, '2022-10-31': -0.92, '2022-11-30': 0.46, '2022-12-31': -2.33, '2023-01-31': 0.06, '2023-02-28': 1.53, '2023-03-31': 1.48, '2023-04-30': 1.08, '2023-05-31': -2.4, '2023-06-30': -3.72, '2023-07-31': 0.0, '2023-08-31': 0.28, '2023-09-30': 0.0, '2023-10-31': -0.69, '2023-11-30': 0.41, '2023-12-31': 1.47, '2024-01-31': -2.65, '2024-02-29': 1.52, '2024-03-31': 2.2, '2024-04-30': 0.08, '2024-05-31': 1.53, '2024-06-30': -0.3, '2024-07-31': -0.66, '2024-08-31': -2.39, '2024-09-30': -1.34, '2024-10-31': -1.95, '2024-11-30': 0.41, '2024-12-31': -0.15, '2025-01-31': -0.92, '2025-02-28': 0.83, '2025-03-31': 1.1, '2025-04-30': -0.26, '2025-05-31': 0.7, '2025-06-30': -2.39, '2025-07-31': -1.72, '2025-08-31': 2.53, '2025-09-30': 1.05, '2025-10-31': -2.38, '2025-11-30': -1.65, '2025-12-31': 0.45}",4.962
S30b_MidWeek_MeanReversion,1000LUNC_USDT_USDT,4H,9.87,2.88,0.7495,1.2727,0.3107,-9.27,58,1.1391,61.99,5.7694,171,0.65,76.2208,109.1205,0.6985,9,5,4.37,-3.77,56.41,"{'2022-10-31': 0.41, '2022-11-30': 1.9, '2022-12-31': 2.57, '2023-01-31': 3.34, '2023-02-28': 1.42, '2023-03-31': -1.95, '2023-04-30': -1.36, '2023-05-31': 0.38, '2023-06-30': -0.64, '2023-07-31': -1.03, '2023-08-31': -1.99, '2023-09-30': 1.43, '2023-10-31': -3.74, '2023-11-30': 1.43, '2023-12-31': 0.45, '2024-01-31': 0.43, '2024-02-29': 2.17, '2024-03-31': 2.97, '2024-04-30': -1.63, '2024-05-31': 4.37, '2024-06-30': -0.3, '2024-07-31': -1.96, '2024-08-31': -2.35, '2024-09-30': 1.08, '2024-10-31': 2.17, '2024-11-30': -0.31, '2024-12-31': -1.16, '2025-01-31': -0.92, '2025-02-28': 1.88, '2025-03-31': 1.42, '2025-04-30': -1.67, '2025-05-31': 2.86, '2025-06-30': 1.06, '2025-07-31': -3.77, '2025-08-31': 2.86, '2025-09-30': 2.77, '2025-10-31': -0.98, '2025-11-30': -3.32, '2025-12-31': 0.18}",4.305
S30b_MidWeek_MeanReversion,TWT_USDT_USDT,4H,18.3,5.6,1.1757,2.911,0.8498,-6.59,69,1.2767,65.43,11.2978,162,0.7551,79.6615,118.1048,0.6745,17,5,4.31,-3.4,67.57,"{'2022-12-31': -1.31, '2023-01-31': 2.16, '2023-02-28': -0.31, '2023-03-31': 0.81, '2023-04-30': 0.38, '2023-05-31': 2.07, '2023-06-30': 0.41, '2023-07-31': 2.14, '2023-08-31': 1.04, '2023-09-30': 0.0, '2023-10-31': 0.05, '2023-11-30': 0.14, '2023-12-31': -0.31, '2024-01-31': 1.12, '2024-02-29': 4.31, '2024-03-31': 2.92, '2024-04-30': 2.58, '2024-05-31': -1.38, '2024-06-30': 1.52, '2024-07-31': 0.02, '2024-08-31': -1.71, '2024-09-30': 0.08, '2024-10-31': -1.72, '2024-11-30': 0.06, '2024-12-31': 0.85, '2025-01-31': -0.96, '2025-02-28': 2.19, '2025-03-31': 2.13, '2025-04-30': 0.72, '2025-05-31': 0.32, '2025-06-30': -1.76, '2025-07-31': -3.4, '2025-08-31': 3.52, '2025-09-30': 0.95, '2025-10-31': 1.45, '2025-11-30': -3.04, '2025-12-31': -0.66}",4.329
S30b_MidWeek_MeanReversion,ZRX_USDT_USDT,4H,27.24,6.62,1.0221,1.7181,0.9457,-7.0,49,1.3051,65.2,12.001,227,0.8055,78.7415,113.0317,0.6966,10,7,4.89,-5.7,64.44,"{'2022-04-30': 4.89, '2022-05-31': -0.12, '2022-06-30': 1.17, '2022-07-31': 0.11, '2022-08-31': -0.62, '2022-09-30': 1.11, '2022-10-31': -2.41, '2022-11-30': -1.21, '2022-12-31': -1.06, '2023-01-31': 0.7, '2023-02-28': 1.11, '2023-03-31': 2.25, '2023-04-30': 0.1, '2023-05-31': 4.26, '2023-06-30': -2.72, '2023-07-31': -0.64, '2023-08-31': -0.33, '2023-09-30': -0.7, '2023-10-31': 3.33, '2023-11-30': 1.44, '2023-12-31': -0.3, '2024-01-31': 0.41, '2024-02-29': 0.07, '2024-03-31': -1.86, '2024-04-30': -0.6, '2024-05-31': 0.08, '2024-06-30': 2.9, '2024-07-31': 0.06, '2024-08-31': -3.06, '2024-09-30': 2.52, '2024-10-31': 1.84, '2024-11-30': 1.88, '2024-12-31': -1.87, '2025-01-31': 1.14, '2025-02-28': 1.46, '2025-03-31': 3.66, '2025-04-30': -2.34, '2025-05-31': 1.42, '2025-06-30': 0.75, '2025-07-31': -5.7, '2025-08-31': 3.61, '2025-09-30': 2.86, '2025-10-31': 1.82, '2025-11-30': 2.18, '2025-12-31': 1.51}",5.029
S30b_MidWeek_MeanReversion,ANKR_USDT_USDT,4H,-3.99,-1.01,0.0871,0.1816,-0.0847,-11.93,141,0.9621,58.33,-1.583,252,0.0648,68.9091,100.272,0.6872,7,5,2.86,-4.41,55.32,"{'2022-02-28': 2.61, '2022-03-31': 1.15, '2022-04-30': -0.6, '2022-05-31': -0.14, '2022-06-30': 0.44, '2022-07-31': -1.24, '2022-08-31': -0.61, '2022-09-30': 1.13, '2022-10-31': -0.99, '2022-11-30': -2.31, '2022-12-31': -2.39, '2023-01-31': -0.62, '2023-02-28': 1.3, '2023-03-31': 0.24, '2023-04-30': 0.39, '2023-05-31': 2.12, '2023-06-30': -2.03, '2023-07-31': -0.25, '2023-08-31': -2.07, '2023-09-30': 1.4, '2023-10-31': 0.04, '2023-11-30': 1.83, '2023-12-31': 0.82, '2024-01-31': 0.09, '2024-02-29': -0.26, '2024-03-31': 1.62, '2024-04-30': 1.46, '2024-05-31': 0.83, '2024-06-30': 1.83, '2024-07-31': -3.7, '2024-08-31': -2.38, '2024-09-30': -2.38, '2024-10-31': -0.98, '2024-11-30': 0.41, '2024-12-31': -0.88, '2025-01-31': -0.2, '2025-02-28': 0.12, '2025-03-31': 1.14, '2025-04-30': -2.34, '2025-05-31': 1.42, '2025-06-30': 1.77, '2025-07-31': -4.41, '2025-08-31': 2.86, '2025-09-30': -1.1, '2025-10-31': 1.77, '2025-11-30': 0.41, '2025-12-31': 0.89}",5.254
S30b_MidWeek_MeanReversion,STX_USDT_USDT,4H,-4.54,-1.16,0.0075,0.0174,-0.0675,-17.18,235,0.9591,57.92,-1.7534,259,0.0062,71.0204,101.9008,0.697,9,6,2.92,-5.6,48.94,"{'2022-02-28': 2.92, '2022-03-31': 2.89, '2022-04-30': -0.63, '2022-05-31': 1.6, '2022-06-30': -0.28, '2022-07-31': -0.23, '2022-08-31': -2.36, '2022-09-30': -0.32, '2022-10-31': 0.37, '2022-11-30': -0.53, '2022-12-31': -1.66, '2023-01-31': 1.81, '2023-02-28': -0.87, '2023-03-31': -0.13, '2023-04-30': 0.41, '2023-05-31': -1.64, '2023-06-30': -0.54, '2023-07-31': -2.04, '2023-08-31': -4.02, '2023-09-30': 1.43, '2023-10-31': 1.13, '2023-11-30': 2.29, '2023-12-31': 1.62, '2024-01-31': 2.63, '2024-02-29': -5.6, '2024-03-31': 1.18, '2024-04-30': -2.6, '2024-05-31': 0.85, '2024-06-30': 0.52, '2024-07-31': -1.64, '2024-08-31': 0.09, '2024-09-30': -1.26, '2024-10-31': -0.2, '2024-11-30': -0.3, '2024-12-31': -1.59, '2025-01-31': -2.62, '2025-02-28': 0.85, '2025-03-31': 1.54, '2025-04-30': 0.84, '2025-05-31': -2.63, '2025-06-30': 1.86, '2025-07-31': -1.66, '2025-08-31': 0.8, '2025-09-30': 1.06, '2025-10-31': 0.05, '2025-11-30': -0.3, '2025-12-31': 1.92}",5.4
S30b_MidWeek_MeanReversion,EGLD_USDT_USDT,4H,-5.36,-1.37,0.0619,0.1538,-0.1057,-12.96,118,0.9458,57.76,-2.3095,232,0.0436,69.753,100.8439,0.6917,9,5,3.62,-4.76,48.94,"{'2022-02-28': 2.19, '2022-03-31': 0.52, '2022-04-30': -0.55, '2022-05-31': 0.13, '2022-06-30': -1.87, '2022-07-31': 1.86, '2022-08-31': -1.64, '2022-09-30': 2.54, '2022-10-31': -1.7, '2022-11-30': 0.09, '2022-12-31': -0.69, '2023-01-31': -0.34, '2023-02-28': 0.05, '2023-03-31': 0.46, '2023-04-30': -1.0, '2023-05-31': -1.36, '2023-06-30': -3.41, '2023-07-31': -0.35, '2023-08-31': -4.76, '2023-09-30': 2.08, '2023-10-31': 0.03, '2023-11-30': -0.31, '2023-12-31': 2.93, '2024-01-31': -0.63, '2024-02-29': 1.81, '2024-03-31': 2.93, '2024-04-30': -0.65, '2024-05-31': 1.48, '2024-06-30': 2.87, '2024-07-31': 1.11, '2024-08-31': -3.38, '2024-09-30': -0.65, '2024-10-31': 0.06, '2024-11-30': -1.65, '2024-12-31': -1.88, '2025-01-31': -2.63, '2025-02-28': 2.2, '2025-03-31': 1.11, '2025-04-30': -0.63, '2025-05-31': -1.03, '2025-06-30': 2.14, '2025-07-31': -3.01, '2025-08-31': 3.62, '2025-09-30': -0.69, '2025-10-31': 0.39, '2025-11-30': 0.11, '2025-12-31': -2.34}",4.837
S30b_MidWeek_MeanReversion,MINA_USDT_USDT,4H,2.35,0.62,0.3353,0.6542,0.0768,-8.07,100,1.026,59.53,1.0942,215,0.2861,72.458,103.9008,0.6974,9,5,2.94,-4.05,59.09,"{'2022-05-31': 0.16, '2022-06-30': 2.2, '2022-07-31': 0.84, '2022-08-31': 0.83, '2022-09-30': 0.4, '2022-10-31': -3.4, '2022-11-30': -0.58, '2022-12-31': 0.35, '2023-01-31': -2.56, '2023-02-28': 2.22, '2023-03-31': -1.18, '2023-04-30': 1.09, '2023-05-31': 2.86, '2023-06-30': -3.68, '2023-07-31': 1.1, '2023-08-31': -0.7, '2023-09-30': 0.68, '2023-10-31': -0.54, '2023-11-30': 1.9, '2023-12-31': -1.89, '2024-01-31': 1.88, '2024-02-29': 2.17, '2024-03-31': 2.94, '2024-04-30': -2.66, '2024-05-31': 2.89, '2024-06-30': 0.41, '2024-07-31': -0.97, '2024-08-31': -4.05, '2024-09-30': -0.65, '2024-10-31': 1.88, '2024-11-30': 1.13, '2024-12-31': 0.14, '2025-01-31': -1.63, '2025-02-28': -0.29, '2025-03-31': 2.9, '2025-04-30': 0.08, '2025-05-31': 0.71, '2025-06-30': -0.97, '2025-07-31': -1.66, '2025-08-31': 2.57, '2025-09-30': 0.01, '2025-10-31': 0.05, '2025-11-30': -0.57, '2025-12-31': -2.06}",4.798
S30b_MidWeek_MeanReversion,ZEN_USDT_USDT,4H,-1.07,-0.27,-0.162,-0.3295,-0.0177,-15.24,85,0.9899,58.65,-0.4501,237,-0.1473,75.2929,107.8816,0.6979,9,6,3.66,-4.28,55.32,"{'2022-02-28': 1.46, '2022-03-31': -1.32, '2022-04-30': -1.63, '2022-05-31': -0.13, '2022-06-30': 0.14, '2022-07-31': 0.83, '2022-08-31': 3.66, '2022-09-30': 0.4, '2022-10-31': -1.03, '2022-11-30': -0.55, '2022-12-31': -0.67, '2023-01-31': 2.88, '2023-02-28': 1.15, '2023-03-31': 0.51, '2023-04-30': 1.08, '2023-05-31': 2.46, '2023-06-30': 0.04, '2023-07-31': 2.19, '2023-08-31': -4.02, '2023-09-30': 1.4, '2023-10-31': 0.74, '2023-11-30': 0.86, '2023-12-31': 1.23, '2024-01-31': -1.6, '2024-02-29': 1.84, '2024-03-31': 0.87, '2024-04-30': -3.02, '2024-05-31': 1.82, '2024-06-30': 1.45, '2024-07-31': -1.6, '2024-08-31': -2.34, '2024-09-30': 1.42, '2024-10-31': -1.67, '2024-11-30': -2.94, '2024-12-31': 0.45, '2025-01-31': -1.15, '2025-02-28': -0.86, '2025-03-31': -1.63, '2025-04-30': -2.33, '2025-05-31': 1.14, '2025-06-30': -1.31, '2025-07-31': -0.63, '2025-08-31': 2.16, '2025-09-30': 0.06, '2025-10-31': -4.28, '2025-11-30': 2.23, '2025-12-31': -0.2}",4.941
S30b_MidWeek_MeanReversion,ALICE_USDT_USDT,4H,3.41,0.84,0.181,0.3812,0.0718,-11.7,119,1.0355,59.74,1.4765,231,0.164,72.006,103.1803,0.6979,10,8,2.94,-5.3,57.45,"{'2022-02-28': 2.64, '2022-03-31': -1.32, '2022-04-30': 0.42, '2022-05-31': -0.12, '2022-06-30': 1.19, '2022-07-31': -2.63, '2022-08-31': 0.4, '2022-09-30': 0.79, '2022-10-31': -1.7, '2022-11-30': -1.21, '2022-12-31': 0.04, '2023-01-31': -1.35, '2023-02-28': -0.93, '2023-03-31': -1.93, '2023-04-30': 1.1, '2023-05-31': 1.77, '2023-06-30': -1.98, '2023-07-31': 0.72, '2023-08-31': -0.97, '2023-09-30': 0.71, '2023-10-31': 1.49, '2023-11-30': 2.93, '2023-12-31': 1.15, '2024-01-31': 0.81, '2024-02-29': -0.25, '2024-03-31': 2.21, '2024-04-30': 1.12, '2024-05-31': 1.85, '2024-06-30': 0.45, '2024-07-31': -5.3, '2024-08-31': -3.32, '2024-09-30': -1.34, '2024-10-31': 0.11, '2024-11-30': 0.12, '2024-12-31': 0.87, '2025-01-31': -1.62, '2025-02-28': 2.94, '2025-03-31': 2.18, '2025-04-30': -0.9, '2025-05-31': 0.72, '2025-06-30': -1.65, '2025-07-31': -0.21, '2025-08-31': 2.59, '2025-09-30': 0.4, '2025-10-31': -0.87, '2025-11-30': 1.16, '2025-12-31': -0.1}",4.816
S30b_MidWeek_MeanReversion,JST_USDT_USDT,4H,-12.36,-3.37,0.2446,0.419,-0.1978,-17.04,203,0.8887,57.31,-4.7547,260,0.125,66.2387,100.0521,0.662,11,6,2.99,-4.95,41.3,"{'2022-03-31': -0.94, '2022-04-30': 0.73, '2022-05-31': 1.61, '2022-06-30': 0.11, '2022-07-31': 1.48, '2022-08-31': 1.09, '2022-09-30': -0.33, '2022-10-31': 0.42, '2022-11-30': -2.97, '2022-12-31': 1.23, '2023-01-31': 1.74, '2023-02-28': -0.65, '2023-03-31': -2.06, '2023-04-30': -0.03, '2023-05-31': -0.73, '2023-06-30': -1.78, '2023-07-31': -0.08, '2023-08-31': -2.06, '2023-09-30': -0.81, '2023-10-31': -2.04, '2023-11-30': -0.27, '2023-12-31': 2.82, '2024-01-31': -1.11, '2024-02-29': -4.95, '2024-03-31': 1.84, '2024-04-30': 0.36, '2024-05-31': 2.34, '2024-06-30': 2.99, '2024-07-31': -3.55, '2024-08-31': -0.72, '2024-09-30': -1.95, '2024-10-31': 0.92, '2024-11-30': 0.64, '2024-12-31': -3.18, '2025-01-31': 2.55, '2025-02-28': 1.05, '2025-03-31': -1.78, '2025-04-30': -0.19, '2025-05-31': -0.66, '2025-06-30': 0.98, '2025-07-31': -0.11, '2025-08-31': 1.01, '2025-09-30': -1.46, '2025-10-31': -0.64, '2025-11-30': -0.84, '2025-12-31': -2.51}",5.633
S30b_MidWeek_MeanReversion,SUN_USDT_USDT,4H,-28.1,-8.22,-0.5278,-0.9011,-0.2672,-30.76,241,0.7402,52.23,-11.3778,247,-0.3259,62.0596,91.6611,0.6771,8,6,3.62,-5.4,36.96,"{'2022-03-31': -0.31, '2022-04-30': 2.94, '2022-05-31': -2.31, '2022-06-30': -2.6, '2022-07-31': 3.58, '2022-08-31': -0.71, '2022-09-30': -1.4, '2022-10-31': 0.43, '2022-11-30': 0.78, '2022-12-31': -2.31, '2023-01-31': -1.1, '2023-02-28': 0.74, '2023-03-31': 3.62, '2023-04-30': 0.98, '2023-05-31': -0.35, '2023-06-30': -3.9, '2023-07-31': 3.08, '2023-08-31': -2.68, '2023-09-30': -2.14, '2023-10-31': -2.87, '2023-11-30': 0.97, '2023-12-31': -0.64, '2024-01-31': 0.37, '2024-02-29': -5.4, '2024-03-31': -4.95, '2024-04-30': 2.02, '2024-05-31': -0.77, '2024-06-30': -0.12, '2024-07-31': -2.91, '2024-08-31': -1.22, '2024-09-30': -1.31, '2024-10-31': -1.95, '2024-11-30': 2.62, '2024-12-31': -3.16, '2025-01-31': -3.37, '2025-02-28': 1.09, '2025-03-31': -2.7, '2025-04-30': -1.4, '2025-05-31': 0.67, '2025-06-30': 0.27, '2025-07-31': -1.1, '2025-08-31': -2.45, '2025-09-30': 0.97, '2025-10-31': -0.09, '2025-11-30': -0.92, '2025-12-31': 0.17}",5.351
S30b_MidWeek_MeanReversion,ONT_USDT_USDT,4H,2.64,0.73,0.5132,1.1945,0.0661,-11.04,92,1.0312,59.8,1.293,204,0.3367,71.5052,103.169,0.6931,11,5,3.66,-3.38,57.14,"{'2022-07-31': -0.94, '2022-08-31': 0.71, '2022-09-30': 0.38, '2022-10-31': 0.67, '2022-11-30': -1.34, '2022-12-31': -2.42, '2023-01-31': -0.67, '2023-02-28': 1.11, '2023-03-31': 0.1, '2023-04-30': 0.78, '2023-05-31': 0.05, '2023-06-30': -3.03, '2023-07-31': 2.88, '2023-08-31': 1.05, '2023-09-30': 2.48, '2023-10-31': 1.77, '2023-11-30': 1.12, '2023-12-31': 1.1, '2024-01-31': -1.61, '2024-02-29': -1.74, '2024-03-31': 2.94, '2024-04-30': 1.14, '2024-05-31': 1.85, '2024-06-30': -0.63, '2024-07-31': -3.38, '2024-08-31': -2.37, '2024-09-30': -2.4, '2024-10-31': -0.28, '2024-11-30': -0.32, '2024-12-31': -1.17, '2025-01-31': 1.87, '2025-02-28': 3.66, '2025-03-31': 1.11, '2025-04-30': -2.35, '2025-05-31': 2.14, '2025-06-30': 0.01, '2025-07-31': -3.05, '2025-08-31': 1.8, '2025-09-30': 2.86, '2025-10-31': -2.02, '2025-11-30': -0.3, '2025-12-31': 0.04}",4.762
S30b_MidWeek_MeanReversion,AGLD_USDT_USDT,4H,-10.5,-2.96,0.1175,0.3027,-0.1425,-20.77,193,0.901,56.3,-4.1337,254,0.1026,66.807,95.5258,0.6994,8,9,3.42,-5.32,54.55,"{'2022-05-31': -1.13, '2022-06-30': 0.87, '2022-07-31': 0.43, '2022-08-31': 0.42, '2022-09-30': -1.92, '2022-10-31': 0.36, '2022-11-30': -2.21, '2022-12-31': 3.25, '2023-01-31': 1.11, '2023-02-28': 2.08, '2023-03-31': -2.61, '2023-04-30': -4.23, '2023-05-31': 0.08, '2023-06-30': -3.65, '2023-07-31': -3.3, '2023-08-31': -0.25, '2023-09-30': -2.65, '2023-10-31': 0.51, '2023-11-30': 2.94, '2023-12-31': 0.28, '2024-01-31': -0.88, '2024-02-29': 1.5, '2024-03-31': -0.3, '2024-04-30': 2.6, '2024-05-31': 0.81, '2024-06-30': -1.6, '2024-07-31': -4.36, '2024-08-31': -5.32, '2024-09-30': 0.04, '2024-10-31': 0.81, '2024-11-30': -0.13, '2024-12-31': 3.42, '2025-01-31': 0.16, '2025-02-28': -0.29, '2025-03-31': 1.14, '2025-04-30': 1.88, '2025-05-31': 1.14, '2025-06-30': -1.65, '2025-07-31': -1.66, '2025-08-31': 2.89, '2025-09-30': 0.35, '2025-10-31': -0.96, '2025-11-30': 0.42, '2025-12-31': -1.28}",5.731
S30c_Asian_Session_Fade,BTC_USDT_USDT,15m,-87.36,-40.42,-5.9772,-13.1032,-0.4617,-87.55,1140,0.4941,37.88,-7.6433,1143,-0.1803,19.7038,24.3212,0.8101,6,14,0.93,-12.33,4.26,"{'2022-02-28': -0.7, '2022-03-31': 0.93, '2022-04-30': -0.52, '2022-05-31': -4.29, '2022-06-30': -4.98, '2022-07-31': -2.65, '2022-08-31': -5.2, '2022-09-30': -4.35, '2022-10-31': -1.08, '2022-11-30': -4.69, '2022-12-31': -1.73, '2023-01-31': -1.27, '2023-02-28': -3.58, '2023-03-31': -3.01, '2023-04-30': -3.54, '2023-05-31': -5.91, '2023-06-30': -4.61, '2023-07-31': -2.75, '2023-08-31': -5.61, '2023-09-30': -4.5, '2023-10-31': -5.38, '2023-11-30': -4.83, '2023-12-31': -4.38, '2024-01-31': -1.19, '2024-02-29': -1.48, '2024-03-31': -8.82, '2024-04-30': -5.84, '2024-05-31': -1.72, '2024-06-30': -3.13, '2024-07-31': -6.83, '2024-08-31': 0.54, '2024-09-30': -1.85, '2024-10-31': -0.29, '2024-11-30': -8.12, '2024-12-31': -1.76, '2025-01-31': -9.01, '2025-02-28': -5.45, '2025-03-31': -5.5, '2025-04-30': -5.82, '2025-05-31': -3.75, '2025-06-30': -5.35, '2025-07-31': -12.33, '2025-08-31': -6.76, '2025-09-30': -5.54, '2025-10-31': -5.57, '2025-11-30': -6.36, '2025-12-31': -7.53}",23.831
S30c_Asian_Session_Fade,ETH_USDT_USDT,15m,-89.95,-43.75,-4.9971,-11.2449,-0.4856,-90.09,1183,0.535,38.05,-7.5719,1188,-0.1987,22.8952,26.2827,0.8711,5,13,2.62,-14.43,2.13,"{'2022-02-28': -5.03, '2022-03-31': -3.42, '2022-04-30': -0.97, '2022-05-31': -9.1, '2022-06-30': -1.86, '2022-07-31': -6.03, '2022-08-31': 2.62, '2022-09-30': -0.77, '2022-10-31': -4.91, '2022-11-30': -6.87, '2022-12-31': -4.34, '2023-01-31': -1.55, '2023-02-28': -2.02, '2023-03-31': -2.85, '2023-04-30': -3.48, '2023-05-31': -5.43, '2023-06-30': -6.2, '2023-07-31': -4.96, '2023-08-31': -3.39, '2023-09-30': -2.12, '2023-10-31': -2.75, '2023-11-30': -4.64, '2023-12-31': -8.89, '2024-01-31': -1.29, '2024-02-29': -4.84, '2024-03-31': -5.2, '2024-04-30': -6.47, '2024-05-31': -0.0, '2024-06-30': -6.15, '2024-07-31': -9.04, '2024-08-31': -2.42, '2024-09-30': -8.34, '2024-10-31': -2.5, '2024-11-30': -4.09, '2024-12-31': -4.51, '2025-01-31': -14.43, '2025-02-28': -8.04, '2025-03-31': -6.88, '2025-04-30': -4.84, '2025-05-31': -0.03, '2025-06-30': -4.13, '2025-07-31': -6.22, '2025-08-31': -7.16, '2025-09-30': -5.72, '2025-10-31': -6.91, '2025-11-30': -4.51, '2025-12-31': -4.9}",24.769
S30c_Asian_Session_Fade,SOL_USDT_USDT,15m,-81.21,-34.2,-2.1218,-4.179,-0.4208,-81.27,1309,0.7706,41.86,-6.2042,1309,-0.1335,49.7791,46.518,1.0701,6,14,7.79,-18.28,19.15,"{'2022-02-28': -3.46, '2022-03-31': 4.85, '2022-04-30': 1.27, '2022-05-31': -0.66, '2022-06-30': -8.16, '2022-07-31': -0.92, '2022-08-31': -4.18, '2022-09-30': -0.05, '2022-10-31': -3.49, '2022-11-30': 1.88, '2022-12-31': -3.4, '2023-01-31': -2.1, '2023-02-28': -4.91, '2023-03-31': -4.09, '2023-04-30': 1.6, '2023-05-31': -5.73, '2023-06-30': -1.28, '2023-07-31': -4.9, '2023-08-31': -3.7, '2023-09-30': -2.28, '2023-10-31': -3.67, '2023-11-30': -1.89, '2023-12-31': -7.67, '2024-01-31': 7.79, '2024-02-29': 0.8, '2024-03-31': 4.88, '2024-04-30': -2.71, '2024-05-31': -5.59, '2024-06-30': -2.97, '2024-07-31': -4.87, '2024-08-31': 6.97, '2024-09-30': -7.08, '2024-10-31': -6.98, '2024-11-30': -2.04, '2024-12-31': -3.78, '2025-01-31': -18.28, '2025-02-28': -1.04, '2025-03-31': -4.18, '2025-04-30': -9.05, '2025-05-31': -1.98, '2025-06-30': -8.96, '2025-07-31': -11.24, '2025-08-31': 0.85, '2025-09-30': -3.57, '2025-10-31': -12.42, '2025-11-30': -5.29, '2025-12-31': -3.43}",27.292
S30c_Asian_Session_Fade,XRP_USDT_USDT,15m,-73.11,-28.0,-2.3304,-4.9285,-0.3824,-73.22,1243,0.7399,44.53,-5.8767,1244,-0.1122,37.5373,40.7338,0.9215,8,15,7.23,-9.18,23.4,"{'2022-02-28': -3.27, '2022-03-31': -3.38, '2022-04-30': -2.94, '2022-05-31': -6.33, '2022-06-30': -0.4, '2022-07-31': -1.93, '2022-08-31': 0.94, '2022-09-30': -4.85, '2022-10-31': 3.16, '2022-11-30': 6.12, '2022-12-31': -3.49, '2023-01-31': 0.83, '2023-02-28': 3.15, '2023-03-31': -6.25, '2023-04-30': -5.86, '2023-05-31': 0.78, '2023-06-30': -2.94, '2023-07-31': 7.23, '2023-08-31': -2.17, '2023-09-30': 0.35, '2023-10-31': -6.27, '2023-11-30': -5.34, '2023-12-31': -9.18, '2024-01-31': -2.37, '2024-02-29': -5.45, '2024-03-31': -3.54, '2024-04-30': -8.89, '2024-05-31': -1.16, '2024-06-30': -0.6, '2024-07-31': -3.17, '2024-08-31': 0.73, '2024-09-30': -0.57, '2024-10-31': -1.42, '2024-11-30': -0.84, '2024-12-31': 4.29, '2025-01-31': -5.1, '2025-02-28': -1.36, '2025-03-31': -4.29, '2025-04-30': -4.44, '2025-05-31': 0.22, '2025-06-30': -5.8, '2025-07-31': -8.08, '2025-08-31': -2.67, '2025-09-30': -4.28, '2025-10-31': -9.16, '2025-11-30': -2.89, '2025-12-31': -7.12}",25.937
S30c_Asian_Session_Fade,DOGE_USDT_USDT,15m,-86.25,-39.15,-2.9794,-6.1898,-0.4519,-86.63,1181,0.6628,40.43,-7.2059,1197,-0.185,35.0241,35.8726,0.9763,8,12,6.88,-13.54,10.64,"{'2022-02-28': -1.11, '2022-03-31': -3.19, '2022-04-30': -4.58, '2022-05-31': -9.89, '2022-06-30': -2.89, '2022-07-31': -6.13, '2022-08-31': -5.11, '2022-09-30': -5.81, '2022-10-31': -4.63, '2022-11-30': -5.21, '2022-12-31': -1.62, '2023-01-31': -0.29, '2023-02-28': -1.48, '2023-03-31': -2.22, '2023-04-30': 2.26, '2023-05-31': -1.69, '2023-06-30': -1.35, '2023-07-31': -1.98, '2023-08-31': -0.45, '2023-09-30': -0.38, '2023-10-31': -3.21, '2023-11-30': -7.64, '2023-12-31': -8.36, '2024-01-31': -3.55, '2024-02-29': -5.41, '2024-03-31': -9.16, '2024-04-30': -4.61, '2024-05-31': 6.88, '2024-06-30': -6.31, '2024-07-31': -5.95, '2024-08-31': -2.21, '2024-09-30': -4.37, '2024-10-31': 3.24, '2024-11-30': -1.33, '2024-12-31': 1.61, '2025-01-31': -8.47, '2025-02-28': -6.11, '2025-03-31': -2.32, '2025-04-30': -5.3, '2025-05-31': 1.89, '2025-06-30': -5.45, '2025-07-31': -6.84, '2025-08-31': -0.39, '2025-09-30': -7.46, '2025-10-31': -11.85, '2025-11-30': -13.54, '2025-12-31': -12.06}",24.957
S30c_Asian_Session_Fade,ADA_USDT_USDT,15m,-86.83,-39.8,-3.2765,-7.7455,-0.4569,-87.11,1303,0.7006,41.06,-6.6029,1315,-0.1647,37.6266,37.4209,1.0055,7,14,4.07,-15.94,12.77,"{'2022-02-28': -1.24, '2022-03-31': -7.96, '2022-04-30': -0.38, '2022-05-31': -3.84, '2022-06-30': -1.39, '2022-07-31': -2.09, '2022-08-31': -2.42, '2022-09-30': -0.68, '2022-10-31': 0.76, '2022-11-30': -6.91, '2022-12-31': -5.07, '2023-01-31': 4.07, '2023-02-28': 1.08, '2023-03-31': -4.65, '2023-04-30': -3.75, '2023-05-31': -0.57, '2023-06-30': 0.96, '2023-07-31': -3.43, '2023-08-31': -3.19, '2023-09-30': -0.23, '2023-10-31': -0.37, '2023-11-30': -8.27, '2023-12-31': -6.05, '2024-01-31': 0.64, '2024-02-29': -3.75, '2024-03-31': -3.34, '2024-04-30': -2.81, '2024-05-31': -1.68, '2024-06-30': -3.91, '2024-07-31': -8.96, '2024-08-31': -0.4, '2024-09-30': -5.32, '2024-10-31': -0.86, '2024-11-30': -13.19, '2024-12-31': 0.83, '2025-01-31': -15.94, '2025-02-28': -11.06, '2025-03-31': -4.69, '2025-04-30': -8.87, '2025-05-31': -0.56, '2025-06-30': -7.34, '2025-07-31': -6.63, '2025-08-31': -3.05, '2025-09-30': -7.89, '2025-10-31': -10.89, '2025-11-30': -3.71, '2025-12-31': -9.84}",27.417
S30c_Asian_Session_Fade,AVAX_USDT_USDT,15m,-93.01,-48.64,-4.082,-8.627,-0.521,-93.35,1353,0.6694,38.46,-6.8387,1360,-0.217,36.0132,33.6147,1.0714,8,13,4.03,-19.08,12.77,"{'2022-02-28': -11.13, '2022-03-31': -1.62, '2022-04-30': 3.34, '2022-05-31': -7.83, '2022-06-30': -3.62, '2022-07-31': -0.83, '2022-08-31': -0.29, '2022-09-30': -3.85, '2022-10-31': -6.75, '2022-11-30': -8.98, '2022-12-31': -3.08, '2023-01-31': -3.73, '2023-02-28': -0.37, '2023-03-31': -5.48, '2023-04-30': -3.12, '2023-05-31': -2.48, '2023-06-30': -5.16, '2023-07-31': -4.61, '2023-08-31': -7.34, '2023-09-30': 1.3, '2023-10-31': -11.99, '2023-11-30': -8.28, '2023-12-31': 4.03, '2024-01-31': 1.46, '2024-02-29': 1.71, '2024-03-31': -8.68, '2024-04-30': -10.28, '2024-05-31': -2.25, '2024-06-30': -4.67, '2024-07-31': -6.84, '2024-08-31': 1.16, '2024-09-30': -6.66, '2024-10-31': -4.71, '2024-11-30': -6.06, '2024-12-31': -3.14, '2025-01-31': -10.56, '2025-02-28': -16.33, '2025-03-31': -2.48, '2025-04-30': -7.36, '2025-05-31': -3.8, '2025-06-30': -11.16, '2025-07-31': -7.08, '2025-08-31': -4.14, '2025-09-30': -19.08, '2025-10-31': -4.93, '2025-11-30': -14.34, '2025-12-31': -9.25}",28.355
S30c_Asian_Session_Fade,LINK_USDT_USDT,15m,-91.33,-45.78,-3.736,-9.2334,-0.499,-91.75,1343,0.6414,39.56,-6.7399,1355,-0.1919,30.4732,31.0943,0.98,8,12,4.92,-17.21,10.64,"{'2022-02-28': -8.57, '2022-03-31': -8.18, '2022-04-30': -1.15, '2022-05-31': -4.82, '2022-06-30': -4.67, '2022-07-31': -2.85, '2022-08-31': -8.27, '2022-09-30': -5.91, '2022-10-31': -6.36, '2022-11-30': -5.64, '2022-12-31': -5.65, '2023-01-31': 0.16, '2023-02-28': -0.92, '2023-03-31': -3.96, '2023-04-30': 2.31, '2023-05-31': -6.3, '2023-06-30': -2.35, '2023-07-31': -0.96, '2023-08-31': -1.8, '2023-09-30': -2.44, '2023-10-31': -7.64, '2023-11-30': -17.21, '2023-12-31': -10.73, '2024-01-31': -2.44, '2024-02-29': -6.58, '2024-03-31': -7.27, '2024-04-30': 2.22, '2024-05-31': 2.07, '2024-06-30': -8.08, '2024-07-31': -4.83, '2024-08-31': -3.69, '2024-09-30': -4.38, '2024-10-31': -4.13, '2024-11-30': -6.92, '2024-12-31': 4.92, '2025-01-31': -16.32, '2025-02-28': -9.57, '2025-03-31': -6.47, '2025-04-30': -2.68, '2025-05-31': -4.74, '2025-06-30': -4.79, '2025-07-31': -7.33, '2025-08-31': -0.14, '2025-09-30': -5.03, '2025-10-31': -8.35, '2025-11-30': -9.04, '2025-12-31': -6.17}",28.251
S30c_Asian_Session_Fade,BNB_USDT_USDT,15m,-88.14,-41.36,-4.72,-11.0266,-0.469,-88.19,1453,0.5749,41.5,-6.0663,1453,-0.1472,19.7694,24.3945,0.8104,8,10,3.84,-10.32,6.38,"{'2022-02-28': -5.53, '2022-03-31': 3.84, '2022-04-30': -4.05, '2022-05-31': -8.62, '2022-06-30': -2.51, '2022-07-31': -4.92, '2022-08-31': 1.75, '2022-09-30': -6.55, '2022-10-31': -2.64, '2022-11-30': -1.21, '2022-12-31': -1.04, '2023-01-31': -3.07, '2023-02-28': -5.59, '2023-03-31': -0.05, '2023-04-30': -4.83, '2023-05-31': -5.56, '2023-06-30': -10.32, '2023-07-31': -1.88, '2023-08-31': -5.13, '2023-09-30': -2.4, '2023-10-31': -5.12, '2023-11-30': -4.29, '2023-12-31': -4.94, '2024-01-31': -3.54, '2024-02-29': -4.11, '2024-03-31': -1.35, '2024-04-30': -5.72, '2024-05-31': 0.11, '2024-06-30': -5.5, '2024-07-31': -6.61, '2024-08-31': -2.94, '2024-09-30': -3.42, '2024-10-31': -4.43, '2024-11-30': -4.67, '2024-12-31': -2.44, '2025-01-31': -8.48, '2025-02-28': -7.91, '2025-03-31': -7.79, '2025-04-30': -4.18, '2025-05-31': -7.72, '2025-06-30': -4.72, '2025-07-31': -6.15, '2025-08-31': -4.28, '2025-09-30': -3.94, '2025-10-31': -0.06, '2025-11-30': -3.7, '2025-12-31': -7.8}",30.294
S30c_Asian_Session_Fade,LTC_USDT_USDT,15m,-85.36,-38.21,-3.4306,-7.4578,-0.4465,-85.57,1262,0.6469,42.09,-6.7534,1264,-0.1614,29.3998,33.0287,0.8901,7,11,1.63,-15.79,12.77,"{'2022-02-28': -6.06, '2022-03-31': -0.12, '2022-04-30': -1.56, '2022-05-31': -7.39, '2022-06-30': 1.63, '2022-07-31': 0.87, '2022-08-31': -4.03, '2022-09-30': -1.66, '2022-10-31': -0.93, '2022-11-30': -1.16, '2022-12-31': -0.03, '2023-01-31': -1.82, '2023-02-28': -2.8, '2023-03-31': -4.24, '2023-04-30': -5.39, '2023-05-31': -8.35, '2023-06-30': -5.03, '2023-07-31': -0.57, '2023-08-31': -1.22, '2023-09-30': -4.29, '2023-10-31': -2.27, '2023-11-30': -9.44, '2023-12-31': -6.7, '2024-01-31': -2.09, '2024-02-29': -8.11, '2024-03-31': -4.29, '2024-04-30': 1.03, '2024-05-31': 0.55, '2024-06-30': -5.23, '2024-07-31': -7.59, '2024-08-31': -2.85, '2024-09-30': -2.83, '2024-10-31': -1.53, '2024-11-30': -11.32, '2024-12-31': -2.71, '2025-01-31': -15.79, '2025-02-28': 0.32, '2025-03-31': -4.3, '2025-04-30': -7.68, '2025-05-31': -2.23, '2025-06-30': -1.63, '2025-07-31': -8.77, '2025-08-31': -4.55, '2025-09-30': -3.11, '2025-10-31': 0.46, '2025-11-30': -3.17, '2025-12-31': -5.76}",26.354
S30c_Asian_Session_Fade,DOT_USDT_USDT,15m,-90.25,-44.19,-4.0432,-9.0319,-0.4884,-90.48,1293,0.6493,39.77,-6.9692,1295,-0.1921,32.4412,32.9901,0.9834,6,14,3.22,-16.51,14.89,"{'2022-02-28': 0.22, '2022-03-31': -2.49, '2022-04-30': 3.11, '2022-05-31': -6.68, '2022-06-30': -2.3, '2022-07-31': -0.32, '2022-08-31': 2.07, '2022-09-30': -1.99, '2022-10-31': -1.71, '2022-11-30': -9.74, '2022-12-31': -5.48, '2023-01-31': 1.43, '2023-02-28': -6.22, '2023-03-31': -4.53, '2023-04-30': -3.29, '2023-05-31': -2.0, '2023-06-30': -7.12, '2023-07-31': -0.67, '2023-08-31': -6.05, '2023-09-30': -3.36, '2023-10-31': -3.07, '2023-11-30': -4.82, '2023-12-31': -16.51, '2024-01-31': 3.22, '2024-02-29': -10.81, '2024-03-31': -6.66, '2024-04-30': -3.96, '2024-05-31': -1.17, '2024-06-30': -4.81, '2024-07-31': -3.32, '2024-08-31': -1.41, '2024-09-30': -5.28, '2024-10-31': 0.92, '2024-11-30': -6.7, '2024-12-31': -4.16, '2025-01-31': -13.11, '2025-02-28': -8.79, '2025-03-31': -7.65, '2025-04-30': -5.27, '2025-05-31': -2.16, '2025-06-30': -10.33, '2025-07-31': -9.76, '2025-08-31': 2.59, '2025-09-30': -4.66, '2025-10-31': -12.82, '2025-11-30': -9.73, '2025-12-31': -8.0}",27.0
S30c_Asian_Session_Fade,BCH_USDT_USDT,15m,-87.56,-40.63,-3.4539,-7.8719,-0.4634,-87.67,1262,0.6468,40.88,-6.9106,1267,-0.1691,30.955,33.0981,0.9353,6,11,5.12,-17.3,23.4,"{'2022-02-28': -2.98, '2022-03-31': -4.9, '2022-04-30': -2.95, '2022-05-31': -5.55, '2022-06-30': 5.12, '2022-07-31': 0.19, '2022-08-31': 0.64, '2022-09-30': -0.1, '2022-10-31': -3.52, '2022-11-30': -12.17, '2022-12-31': -7.57, '2023-01-31': -4.04, '2023-02-28': -2.11, '2023-03-31': 0.35, '2023-04-30': -1.22, '2023-05-31': -2.36, '2023-06-30': -5.05, '2023-07-31': 2.31, '2023-08-31': -7.01, '2023-09-30': 1.16, '2023-10-31': -2.88, '2023-11-30': -0.88, '2023-12-31': -7.85, '2024-01-31': 1.07, '2024-02-29': -4.46, '2024-03-31': -12.61, '2024-04-30': -6.03, '2024-05-31': 0.23, '2024-06-30': -5.14, '2024-07-31': -10.39, '2024-08-31': -4.0, '2024-09-30': -2.95, '2024-10-31': -5.27, '2024-11-30': 2.23, '2024-12-31': 0.15, '2025-01-31': -17.3, '2025-02-28': -9.99, '2025-03-31': -3.08, '2025-04-30': -8.79, '2025-05-31': -6.74, '2025-06-30': 0.57, '2025-07-31': -5.63, '2025-08-31': -6.84, '2025-09-30': -6.6, '2025-10-31': -8.27, '2025-11-30': -1.76, '2025-12-31': -5.18}",26.416
S30c_Asian_Session_Fade,ATOM_USDT_USDT,15m,-88.09,-41.29,-3.1846,-6.9479,-0.4665,-88.51,1422,0.6947,41.8,-6.1772,1426,-0.1545,33.6371,34.7668,0.9675,10,14,4.63,-14.6,10.64,"{'2022-02-28': -3.47, '2022-03-31': -6.37, '2022-04-30': 4.63, '2022-05-31': -6.64, '2022-06-30': 3.92, '2022-07-31': -0.24, '2022-08-31': -2.31, '2022-09-30': -10.94, '2022-10-31': -6.72, '2022-11-30': -8.96, '2022-12-31': -6.13, '2023-01-31': -1.78, '2023-02-28': -5.97, '2023-03-31': -3.92, '2023-04-30': -6.79, '2023-05-31': -5.13, '2023-06-30': -2.22, '2023-07-31': -3.24, '2023-08-31': -2.07, '2023-09-30': -0.96, '2023-10-31': -1.11, '2023-11-30': -3.2, '2023-12-31': -4.84, '2024-01-31': 1.91, '2024-02-29': -0.15, '2024-03-31': 0.62, '2024-04-30': 0.3, '2024-05-31': -1.31, '2024-06-30': -7.91, '2024-07-31': -5.62, '2024-08-31': -0.13, '2024-09-30': -0.48, '2024-10-31': -6.11, '2024-11-30': -1.62, '2024-12-31': -0.57, '2025-01-31': -14.6, '2025-02-28': -10.75, '2025-03-31': -9.17, '2025-04-30': -9.31, '2025-05-31': -2.63, '2025-06-30': -6.96, '2025-07-31': -8.26, '2025-08-31': -3.91, '2025-09-30': -5.77, '2025-10-31': -9.98, '2025-11-30': -7.98, '2025-12-31': -4.25}",29.731
S30c_Asian_Session_Fade,NEAR_USDT_USDT,15m,-89.46,-43.13,-3.2043,-7.346,-0.4804,-89.78,1241,0.6733,39.82,-7.1682,1248,-0.2021,37.0943,36.4605,1.0174,5,15,5.28,-18.73,23.4,"{'2022-02-28': -4.95, '2022-03-31': -5.01, '2022-04-30': -4.71, '2022-05-31': -11.97, '2022-06-30': -0.11, '2022-07-31': -0.67, '2022-08-31': 1.14, '2022-09-30': 1.78, '2022-10-31': -7.33, '2022-11-30': -9.54, '2022-12-31': -5.48, '2023-01-31': 1.91, '2023-02-28': -10.11, '2023-03-31': -1.11, '2023-04-30': 1.02, '2023-05-31': -5.08, '2023-06-30': -3.37, '2023-07-31': -1.54, '2023-08-31': -3.92, '2023-09-30': 0.86, '2023-10-31': 2.5, '2023-11-30': -16.69, '2023-12-31': 2.66, '2024-01-31': -4.33, '2024-02-29': -4.72, '2024-03-31': -8.32, '2024-04-30': -5.57, '2024-05-31': -3.1, '2024-06-30': -11.06, '2024-07-31': -7.53, '2024-08-31': -4.39, '2024-09-30': -3.62, '2024-10-31': -1.73, '2024-11-30': 4.79, '2024-12-31': -0.83, '2025-01-31': -18.73, '2025-02-28': -9.19, '2025-03-31': -9.25, '2025-04-30': 5.28, '2025-05-31': 3.58, '2025-06-30': -8.27, '2025-07-31': -8.03, '2025-08-31': 2.69, '2025-09-30': -9.96, '2025-10-31': -5.92, '2025-11-30': -12.87, '2025-12-31': -7.04}",26.02
S30c_Asian_Session_Fade,UNI_USDT_USDT,15m,-93.0,-48.62,-3.8747,-9.3108,-0.5222,-93.11,1461,0.6062,39.36,-6.3658,1461,-0.1972,24.9,26.6568,0.9341,7,12,3.86,-18.9,6.38,"{'2022-02-28': -9.28, '2022-03-31': -9.43, '2022-04-30': -2.86, '2022-05-31': -15.53, '2022-06-30': -3.37, '2022-07-31': -0.48, '2022-08-31': 3.66, '2022-09-30': -9.3, '2022-10-31': -3.3, '2022-11-30': -10.89, '2022-12-31': -3.04, '2023-01-31': -3.92, '2023-02-28': -3.65, '2023-03-31': -3.62, '2023-04-30': -0.8, '2023-05-31': -4.46, '2023-06-30': -3.38, '2023-07-31': -5.38, '2023-08-31': -6.91, '2023-09-30': 1.59, '2023-10-31': -2.19, '2023-11-30': -3.57, '2023-12-31': -9.98, '2024-01-31': -4.02, '2024-02-29': -6.3, '2024-03-31': -4.61, '2024-04-30': -7.76, '2024-05-31': -1.35, '2024-06-30': -11.81, '2024-07-31': -5.75, '2024-08-31': -6.69, '2024-09-30': -8.04, '2024-10-31': -0.88, '2024-11-30': -6.66, '2024-12-31': -8.91, '2025-01-31': -18.9, '2025-02-28': -3.11, '2025-03-31': -9.29, '2025-04-30': -6.06, '2025-05-31': -2.71, '2025-06-30': -4.22, '2025-07-31': -0.19, '2025-08-31': -3.39, '2025-09-30': -5.49, '2025-10-31': -7.21, '2025-11-30': 3.86, '2025-12-31': -3.83}",30.461
S30c_Asian_Session_Fade,OP_USDT_USDT,15m,-86.91,-43.38,-2.5171,-6.2656,-0.4981,-87.09,1217,0.6939,39.69,-7.1417,1217,-0.1624,40.7889,38.6819,1.0545,7,11,7.96,-13.24,14.29,"{'2022-07-31': -1.08, '2022-08-31': 0.04, '2022-09-30': -8.43, '2022-10-31': -2.61, '2022-11-30': -4.43, '2022-12-31': -3.24, '2023-01-31': -1.61, '2023-02-28': -1.99, '2023-03-31': -7.17, '2023-04-30': -3.11, '2023-05-31': -4.64, '2023-06-30': -4.57, '2023-07-31': -5.11, '2023-08-31': -6.55, '2023-09-30': -1.25, '2023-10-31': -6.99, '2023-11-30': -8.32, '2023-12-31': -2.7, '2024-01-31': -2.08, '2024-02-29': -12.1, '2024-03-31': -9.53, '2024-04-30': -7.57, '2024-05-31': 5.82, '2024-06-30': -3.73, '2024-07-31': -7.57, '2024-08-31': 3.33, '2024-09-30': -8.09, '2024-10-31': 2.08, '2024-11-30': -8.28, '2024-12-31': 7.29, '2025-01-31': -13.24, '2025-02-28': -1.27, '2025-03-31': -3.72, '2025-04-30': 7.96, '2025-05-31': -3.94, '2025-06-30': -10.44, '2025-07-31': -11.15, '2025-08-31': -2.91, '2025-09-30': -5.49, '2025-10-31': -8.3, '2025-11-30': -13.0, '2025-12-31': -7.82}",28.301
S30c_Asian_Session_Fade,APT_USDT_USDT,15m,-86.65,-46.75,-3.3177,-8.269,-0.5377,-86.95,1101,0.6362,39.21,-7.7922,1112,-0.1856,34.7558,35.2344,0.9864,6,12,7.32,-15.61,18.42,"{'2022-11-30': -11.6, '2022-12-31': -5.47, '2023-01-31': -6.5, '2023-02-28': -1.8, '2023-03-31': -5.25, '2023-04-30': -2.42, '2023-05-31': -5.7, '2023-06-30': -8.63, '2023-07-31': -0.49, '2023-08-31': -6.38, '2023-09-30': -2.68, '2023-10-31': 1.4, '2023-11-30': -3.67, '2023-12-31': -15.61, '2024-01-31': 0.75, '2024-02-29': 3.09, '2024-03-31': 0.38, '2024-04-30': -6.92, '2024-05-31': 2.86, '2024-06-30': -9.85, '2024-07-31': -9.44, '2024-08-31': -5.96, '2024-09-30': -4.92, '2024-10-31': -1.09, '2024-11-30': -9.49, '2024-12-31': 2.68, '2025-01-31': -13.38, '2025-02-28': -8.9, '2025-03-31': -12.98, '2025-04-30': -0.72, '2025-05-31': 7.32, '2025-06-30': -13.62, '2025-07-31': -4.98, '2025-08-31': -6.86, '2025-09-30': -7.13, '2025-10-31': -7.28, '2025-11-30': -8.88, '2025-12-31': -1.71}",28.956
S30c_Asian_Session_Fade,FIL_USDT_USDT,15m,-87.51,-40.61,-3.1343,-7.5512,-0.4618,-87.94,1235,0.6633,40.58,-7.0742,1237,-0.1755,34.3377,35.3583,0.9711,10,15,7.39,-15.42,19.15,"{'2022-02-28': -6.43, '2022-03-31': -1.32, '2022-04-30': 4.03, '2022-05-31': -10.91, '2022-06-30': -1.18, '2022-07-31': 0.65, '2022-08-31': -7.86, '2022-09-30': -13.38, '2022-10-31': -2.6, '2022-11-30': -9.85, '2022-12-31': -4.73, '2023-01-31': -1.81, '2023-02-28': -4.59, '2023-03-31': -6.77, '2023-04-30': 0.91, '2023-05-31': -1.4, '2023-06-30': 1.72, '2023-07-31': 7.39, '2023-08-31': -4.23, '2023-09-30': -1.36, '2023-10-31': -4.03, '2023-11-30': -7.74, '2023-12-31': -6.81, '2024-01-31': 6.74, '2024-02-29': 1.9, '2024-03-31': -2.15, '2024-04-30': -2.17, '2024-05-31': 0.87, '2024-06-30': -4.89, '2024-07-31': -6.36, '2024-08-31': -2.39, '2024-09-30': -6.96, '2024-10-31': -1.7, '2024-11-30': -5.59, '2024-12-31': -2.65, '2025-01-31': -15.42, '2025-02-28': -9.14, '2025-03-31': -4.46, '2025-04-30': -8.43, '2025-05-31': 1.27, '2025-06-30': -6.1, '2025-07-31': -6.48, '2025-08-31': -3.78, '2025-09-30': -5.54, '2025-10-31': -8.71, '2025-11-30': -12.66, '2025-12-31': -1.97}",25.791
S30c_Asian_Session_Fade,INJ_USDT_USDT,15m,-91.49,-51.92,-3.6867,-10.1304,-0.5661,-91.72,1214,0.6776,38.09,-7.4141,1234,-0.2118,40.9082,37.1411,1.1014,8,16,3.31,-19.16,7.5,"{'2022-09-30': 1.8, '2022-10-31': -9.16, '2022-11-30': -12.08, '2022-12-31': -3.73, '2023-01-31': 3.22, '2023-02-28': -0.25, '2023-03-31': -5.35, '2023-04-30': -5.1, '2023-05-31': -12.61, '2023-06-30': -4.88, '2023-07-31': -5.2, '2023-08-31': -5.24, '2023-09-30': -1.2, '2023-10-31': -1.53, '2023-11-30': -4.49, '2023-12-31': -2.18, '2024-01-31': -3.14, '2024-02-29': -5.7, '2024-03-31': -6.22, '2024-04-30': -9.05, '2024-05-31': -5.34, '2024-06-30': -5.51, '2024-07-31': -10.0, '2024-08-31': -4.01, '2024-09-30': -3.82, '2024-10-31': -4.25, '2024-11-30': 3.31, '2024-12-31': -2.17, '2025-01-31': -19.16, '2025-02-28': -15.9, '2025-03-31': -2.58, '2025-04-30': -5.38, '2025-05-31': -7.37, '2025-06-30': -10.29, '2025-07-31': -9.54, '2025-08-31': -4.08, '2025-09-30': -6.7, '2025-10-31': -12.72, '2025-11-30': -11.54, '2025-12-31': -3.01}",30.489
S30c_Asian_Session_Fade,TRX_USDT_USDT,15m,-93.73,-49.98,-6.9916,-12.6959,-0.5332,-93.73,1735,0.4789,38.79,-5.4022,1735,-0.1601,12.7996,16.9368,0.7557,7,12,-1.37,-13.28,0.0,"{'2022-02-28': -7.83, '2022-03-31': -4.26, '2022-04-30': -1.37, '2022-05-31': -3.43, '2022-06-30': -2.15, '2022-07-31': -8.29, '2022-08-31': -9.22, '2022-09-30': -3.31, '2022-10-31': -3.66, '2022-11-30': -1.67, '2022-12-31': -1.86, '2023-01-31': -3.12, '2023-02-28': -3.0, '2023-03-31': -4.44, '2023-04-30': -2.96, '2023-05-31': -2.09, '2023-06-30': -6.0, '2023-07-31': -5.42, '2023-08-31': -4.39, '2023-09-30': -6.8, '2023-10-31': -3.24, '2023-11-30': -4.27, '2023-12-31': -5.29, '2024-01-31': -9.78, '2024-02-29': -6.56, '2024-03-31': -3.8, '2024-04-30': -6.67, '2024-05-31': -8.02, '2024-06-30': -7.43, '2024-07-31': -10.06, '2024-08-31': -5.09, '2024-09-30': -4.95, '2024-10-31': -6.05, '2024-11-30': -6.12, '2024-12-31': -1.88, '2025-01-31': -13.28, '2025-02-28': -6.88, '2025-03-31': -3.09, '2025-04-30': -8.43, '2025-05-31': -5.3, '2025-06-30': -6.97, '2025-07-31': -8.85, '2025-08-31': -6.84, '2025-09-30': -8.21, '2025-10-31': -6.59, '2025-11-30': -5.25, '2025-12-31': -5.0}",36.174
S30c_Asian_Session_Fade,ETC_USDT_USDT,15m,-83.72,-36.52,-3.0976,-6.5226,-0.4342,-84.1,1229,0.6903,41.71,-6.8067,1230,-0.1559,36.3731,37.701,0.9648,11,11,6.34,-12.49,19.15,"{'2022-02-28': -2.52, '2022-03-31': -0.92, '2022-04-30': 1.12, '2022-05-31': -5.26, '2022-06-30': 0.23, '2022-07-31': -4.12, '2022-08-31': 6.34, '2022-09-30': 4.15, '2022-10-31': -6.9, '2022-11-30': -8.52, '2022-12-31': -7.24, '2023-01-31': -2.59, '2023-02-28': 3.69, '2023-03-31': -2.8, '2023-04-30': 0.13, '2023-05-31': -2.44, '2023-06-30': -5.64, '2023-07-31': -1.22, '2023-08-31': -6.45, '2023-09-30': -1.54, '2023-10-31': -2.45, '2023-11-30': -2.38, '2023-12-31': -6.06, '2024-01-31': -0.81, '2024-02-29': -2.72, '2024-03-31': 1.41, '2024-04-30': -7.32, '2024-05-31': -0.2, '2024-06-30': -0.84, '2024-07-31': -9.44, '2024-08-31': -1.87, '2024-09-30': -5.29, '2024-10-31': 0.84, '2024-11-30': -12.49, '2024-12-31': 4.33, '2025-01-31': -11.48, '2025-02-28': -7.53, '2025-03-31': -5.8, '2025-04-30': -2.87, '2025-05-31': -6.54, '2025-06-30': -4.65, '2025-07-31': -11.86, '2025-08-31': -1.95, '2025-09-30': -3.65, '2025-10-31': -10.08, '2025-11-30': -5.83, '2025-12-31': -6.4}",25.645
S30c_Asian_Session_Fade,XLM_USDT_USDT,15m,-90.68,-44.77,-4.1422,-8.3142,-0.4934,-90.73,1483,0.6275,41.17,-6.1106,1484,-0.168,24.9979,27.883,0.8965,7,12,9.14,-17.56,4.26,"{'2022-02-28': -2.5, '2022-03-31': -3.04, '2022-04-30': 3.8, '2022-05-31': -7.4, '2022-06-30': -4.76, '2022-07-31': 9.14, '2022-08-31': -2.33, '2022-09-30': -3.43, '2022-10-31': -0.77, '2022-11-30': -9.53, '2022-12-31': -11.26, '2023-01-31': -0.92, '2023-02-28': -1.83, '2023-03-31': -6.42, '2023-04-30': -3.66, '2023-05-31': -4.59, '2023-06-30': -8.28, '2023-07-31': -6.74, '2023-08-31': -1.28, '2023-09-30': -2.63, '2023-10-31': -1.15, '2023-11-30': -5.33, '2023-12-31': -5.89, '2024-01-31': -2.84, '2024-02-29': -6.99, '2024-03-31': -2.45, '2024-04-30': -5.44, '2024-05-31': -2.72, '2024-06-30': -4.83, '2024-07-31': -12.36, '2024-08-31': -0.91, '2024-09-30': -4.46, '2024-10-31': -1.01, '2024-11-30': -3.19, '2024-12-31': -8.26, '2025-01-31': -5.92, '2025-02-28': -7.05, '2025-03-31': -5.41, '2025-04-30': -6.16, '2025-05-31': -3.96, '2025-06-30': -4.35, '2025-07-31': -17.56, '2025-08-31': -3.94, '2025-09-30': -9.0, '2025-10-31': -6.25, '2025-11-30': -6.62, '2025-12-31': -7.52}",30.94
S30c_Asian_Session_Fade,RUNE_USDT_USDT,15m,-93.46,-49.5,-3.5745,-7.5605,-0.5285,-93.67,1482,0.681,38.37,-6.2808,1488,-0.1973,34.9443,31.9509,1.0937,7,15,2.99,-14.27,8.51,"{'2022-02-28': -4.51, '2022-03-31': -6.88, '2022-04-30': 1.16, '2022-05-31': -9.45, '2022-06-30': 2.98, '2022-07-31': -3.24, '2022-08-31': -8.49, '2022-09-30': -4.71, '2022-10-31': -7.97, '2022-11-30': -8.22, '2022-12-31': -9.54, '2023-01-31': -1.16, '2023-02-28': -3.8, '2023-03-31': -4.91, '2023-04-30': -4.16, '2023-05-31': -6.06, '2023-06-30': -10.51, '2023-07-31': -3.93, '2023-08-31': -5.45, '2023-09-30': -5.67, '2023-10-31': -2.7, '2023-11-30': -2.42, '2023-12-31': 0.73, '2024-01-31': -9.18, '2024-02-29': -5.23, '2024-03-31': -8.85, '2024-04-30': -10.15, '2024-05-31': -7.64, '2024-06-30': -1.61, '2024-07-31': -14.27, '2024-08-31': -5.97, '2024-09-30': -4.69, '2024-10-31': -0.11, '2024-11-30': -8.0, '2024-12-31': 2.99, '2025-01-31': -13.93, '2025-02-28': -5.02, '2025-03-31': -5.46, '2025-04-30': -6.09, '2025-05-31': -10.64, '2025-06-30': -12.51, '2025-07-31': -8.94, '2025-08-31': -3.43, '2025-09-30': -3.44, '2025-10-31': -4.16, '2025-11-30': -2.33, '2025-12-31': -4.33}",31.024
S30c_Asian_Session_Fade,AAVE_USDT_USDT,15m,-91.58,-46.15,-3.4673,-8.5257,-0.5034,-91.67,1435,0.6856,39.3,-6.3818,1435,-0.1831,35.4098,33.4431,1.0588,8,13,7.84,-24.1,12.77,"{'2022-02-28': -5.39, '2022-03-31': -1.46, '2022-04-30': -0.6, '2022-05-31': -6.22, '2022-06-30': 2.27, '2022-07-31': 7.84, '2022-08-31': -0.8, '2022-09-30': -3.07, '2022-10-31': -9.16, '2022-11-30': -10.53, '2022-12-31': -10.05, '2023-01-31': -2.58, '2023-02-28': -1.51, '2023-03-31': -4.14, '2023-04-30': -2.59, '2023-05-31': -8.01, '2023-06-30': -12.83, '2023-07-31': 0.68, '2023-08-31': -7.63, '2023-09-30': -5.22, '2023-10-31': -4.85, '2023-11-30': -8.31, '2023-12-31': -8.49, '2024-01-31': 0.26, '2024-02-29': -4.06, '2024-03-31': -3.96, '2024-04-30': -7.11, '2024-05-31': 5.79, '2024-06-30': -4.34, '2024-07-31': -2.31, '2024-08-31': -3.74, '2024-09-30': -5.43, '2024-10-31': -8.8, '2024-11-30': 0.3, '2024-12-31': -4.93, '2025-01-31': -24.1, '2025-02-28': -1.14, '2025-03-31': -6.38, '2025-04-30': -6.8, '2025-05-31': -2.03, '2025-06-30': -7.16, '2025-07-31': -6.83, '2025-08-31': -10.02, '2025-09-30': -6.62, '2025-10-31': -5.57, '2025-11-30': -5.3, '2025-12-31': -6.59}",29.919
S30c_Asian_Session_Fade,LDO_USDT_USDT,15m,-87.4,-45.2,-2.86,-8.0778,-0.5044,-89.62,1183,0.7249,39.59,-7.164,1220,-0.1723,47.6907,43.1136,1.1062,8,9,12.63,-17.66,7.32,"{'2022-08-31': 12.63, '2022-09-30': -4.5, '2022-10-31': -8.88, '2022-11-30': -0.13, '2022-12-31': -7.9, '2023-01-31': -5.74, '2023-02-28': -8.83, '2023-03-31': -10.52, '2023-04-30': -0.7, '2023-05-31': -1.62, '2023-06-30': -9.73, '2023-07-31': -5.09, '2023-08-31': -7.06, '2023-09-30': -1.61, '2023-10-31': -1.66, '2023-11-30': -7.25, '2023-12-31': -4.71, '2024-01-31': -5.24, '2024-02-29': -0.86, '2024-03-31': 3.68, '2024-04-30': -7.84, '2024-05-31': -1.01, '2024-06-30': 6.64, '2024-07-31': -6.8, '2024-08-31': -1.86, '2024-09-30': -5.46, '2024-10-31': -4.22, '2024-11-30': -4.78, '2024-12-31': -6.28, '2025-01-31': -17.66, '2025-02-28': -3.15, '2025-03-31': -11.46, '2025-04-30': -2.41, '2025-05-31': -1.1, '2025-06-30': -7.24, '2025-07-31': -2.79, '2025-08-31': -13.29, '2025-09-30': -5.17, '2025-10-31': -12.93, '2025-11-30': -1.22, '2025-12-31': -13.45}",29.497
S30c_Asian_Session_Fade,SAND_USDT_USDT,15m,-84.58,-37.37,-2.5303,-5.5042,-0.4361,-85.69,1077,0.7553,41.13,-6.5514,1291,-0.1467,49.1518,45.4704,1.081,6,14,6.77,-13.63,25.53,"{'2022-02-28': -9.79, '2022-03-31': 6.77, '2022-04-30': 3.4, '2022-05-31': -2.19, '2022-06-30': -1.93, '2022-07-31': 4.26, '2022-08-31': 3.21, '2022-09-30': 4.0, '2022-10-31': -1.81, '2022-11-30': -10.12, '2022-12-31': -7.14, '2023-01-31': 1.08, '2023-02-28': -2.14, '2023-03-31': 0.6, '2023-04-30': -0.37, '2023-05-31': -1.09, '2023-06-30': 2.36, '2023-07-31': -1.48, '2023-08-31': -7.18, '2023-09-30': 0.38, '2023-10-31': -7.05, '2023-11-30': -12.39, '2023-12-31': -6.8, '2024-01-31': -2.24, '2024-02-29': -6.15, '2024-03-31': -3.77, '2024-04-30': -1.01, '2024-05-31': 1.28, '2024-06-30': -6.03, '2024-07-31': -8.28, '2024-08-31': -1.33, '2024-09-30': -7.16, '2024-10-31': -6.39, '2024-11-30': -9.42, '2024-12-31': 3.11, '2025-01-31': -13.63, '2025-02-28': -8.11, '2025-03-31': -11.15, '2025-04-30': -11.34, '2025-05-31': -0.19, '2025-06-30': -10.07, '2025-07-31': -8.01, '2025-08-31': 2.91, '2025-09-30': -5.38, '2025-10-31': -9.4, '2025-11-30': -6.88, '2025-12-31': -2.35}",26.916
S30c_Asian_Session_Fade,MANA_USDT_USDT,15m,-86.11,-39.01,-3.0287,-6.2753,-0.4454,-87.59,1336,0.7206,41.73,-6.2488,1378,-0.159,38.6285,38.3839,1.0064,10,12,9.27,-18.63,12.77,"{'2022-02-28': -0.31, '2022-03-31': -2.96, '2022-04-30': 4.53, '2022-05-31': -9.82, '2022-06-30': -1.11, '2022-07-31': 2.82, '2022-08-31': -2.14, '2022-09-30': -4.94, '2022-10-31': -4.68, '2022-11-30': -5.23, '2022-12-31': -3.14, '2023-01-31': -9.19, '2023-02-28': -2.53, '2023-03-31': -0.59, '2023-04-30': -4.11, '2023-05-31': -6.77, '2023-06-30': -4.72, '2023-07-31': -3.61, '2023-08-31': -4.13, '2023-09-30': -0.18, '2023-10-31': -6.06, '2023-11-30': -12.22, '2023-12-31': -3.97, '2024-01-31': 9.27, '2024-02-29': -7.19, '2024-03-31': -5.36, '2024-04-30': -2.7, '2024-05-31': 2.29, '2024-06-30': -1.71, '2024-07-31': -8.04, '2024-08-31': 3.63, '2024-09-30': -6.34, '2024-10-31': -10.62, '2024-11-30': -5.68, '2024-12-31': -3.32, '2025-01-31': -18.63, '2025-02-28': -11.2, '2025-03-31': -4.26, '2025-04-30': -5.77, '2025-05-31': -2.74, '2025-06-30': -6.04, '2025-07-31': -8.95, '2025-08-31': 1.86, '2025-09-30': -4.53, '2025-10-31': -6.53, '2025-11-30': -0.36, '2025-12-31': -3.78}",28.73
S30c_Asian_Session_Fade,CRV_USDT_USDT,15m,-91.36,-45.81,-3.1631,-7.9397,-0.4999,-91.64,1402,0.6923,40.18,-6.4981,1406,-0.1873,36.3838,35.307,1.0305,7,12,1.84,-15.98,12.77,"{'2022-02-28': -10.31, '2022-03-31': -0.76, '2022-04-30': -0.71, '2022-05-31': -4.01, '2022-06-30': -1.32, '2022-07-31': 0.16, '2022-08-31': -4.16, '2022-09-30': -3.67, '2022-10-31': -11.64, '2022-11-30': -6.73, '2022-12-31': -1.55, '2023-01-31': -5.82, '2023-02-28': -0.1, '2023-03-31': -5.56, '2023-04-30': -3.31, '2023-05-31': -3.99, '2023-06-30': -6.86, '2023-07-31': -2.24, '2023-08-31': 0.66, '2023-09-30': -3.83, '2023-10-31': 1.84, '2023-11-30': -8.72, '2023-12-31': -4.05, '2024-01-31': -0.32, '2024-02-29': -11.84, '2024-03-31': -3.73, '2024-04-30': -8.09, '2024-05-31': 1.38, '2024-06-30': -8.42, '2024-07-31': -1.89, '2024-08-31': -2.67, '2024-09-30': -10.04, '2024-10-31': 0.32, '2024-11-30': -2.8, '2024-12-31': -5.76, '2025-01-31': -13.6, '2025-02-28': -1.54, '2025-03-31': -7.52, '2025-04-30': 0.01, '2025-05-31': -11.19, '2025-06-30': -11.58, '2025-07-31': -4.74, '2025-08-31': -3.67, '2025-09-30': -8.69, '2025-10-31': -5.78, '2025-11-30': -15.98, '2025-12-31': -1.52}",29.314
S30c_Asian_Session_Fade,GALA_USDT_USDT,15m,-88.86,-42.29,-3.1338,-6.6941,-0.4741,-89.2,1265,0.7237,39.87,-6.9474,1279,-0.2084,45.6289,41.8159,1.0912,6,12,6.82,-13.2,14.89,"{'2022-02-28': -0.91, '2022-03-31': -5.86, '2022-04-30': 6.82, '2022-05-31': -6.98, '2022-06-30': -2.8, '2022-07-31': 2.73, '2022-08-31': 2.91, '2022-09-30': -7.52, '2022-10-31': -3.88, '2022-11-30': -0.32, '2022-12-31': -2.36, '2023-01-31': 1.84, '2023-02-28': -0.48, '2023-03-31': -5.74, '2023-04-30': -2.41, '2023-05-31': -5.63, '2023-06-30': -2.48, '2023-07-31': -4.31, '2023-08-31': -1.61, '2023-09-30': -10.07, '2023-10-31': -5.07, '2023-11-30': -13.2, '2023-12-31': -6.79, '2024-01-31': 0.34, '2024-02-29': -5.43, '2024-03-31': -8.46, '2024-04-30': -7.32, '2024-05-31': 1.04, '2024-06-30': -8.01, '2024-07-31': -7.96, '2024-08-31': -3.97, '2024-09-30': -0.18, '2024-10-31': -1.92, '2024-11-30': -3.27, '2024-12-31': -4.71, '2025-01-31': -5.39, '2025-02-28': -12.36, '2025-03-31': -9.41, '2025-04-30': -4.79, '2025-05-31': -3.24, '2025-06-30': -9.09, '2025-07-31': -5.58, '2025-08-31': 4.72, '2025-09-30': -9.95, '2025-10-31': -9.08, '2025-11-30': -8.53, '2025-12-31': -6.59}",26.666
S30c_Asian_Session_Fade,APE_USDT_USDT,15m,-85.49,-39.92,-2.5704,-5.9813,-0.4626,-86.3,1328,0.7722,40.9,-6.4039,1335,-0.155,53.0857,47.5716,1.1159,10,14,7.23,-16.73,24.44,"{'2022-04-30': -11.21, '2022-05-31': 2.39, '2022-06-30': -4.21, '2022-07-31': 7.23, '2022-08-31': 6.08, '2022-09-30': 1.35, '2022-10-31': -0.38, '2022-11-30': -4.82, '2022-12-31': -6.65, '2023-01-31': -7.3, '2023-02-28': 0.72, '2023-03-31': -4.18, '2023-04-30': 0.21, '2023-05-31': -3.24, '2023-06-30': -3.37, '2023-07-31': -0.09, '2023-08-31': 3.05, '2023-09-30': -1.73, '2023-10-31': -9.06, '2023-11-30': -6.9, '2023-12-31': -6.51, '2024-01-31': 0.01, '2024-02-29': -1.32, '2024-03-31': -2.88, '2024-04-30': -6.81, '2024-05-31': 4.91, '2024-06-30': -7.54, '2024-07-31': -6.92, '2024-08-31': -6.09, '2024-09-30': 3.04, '2024-10-31': -8.17, '2024-11-30': -1.29, '2024-12-31': -4.12, '2025-01-31': -15.84, '2025-02-28': -3.62, '2025-03-31': -5.65, '2025-04-30': -11.41, '2025-05-31': -0.54, '2025-06-30': -16.73, '2025-07-31': -7.73, '2025-08-31': 2.12, '2025-09-30': -11.25, '2025-10-31': -12.32, '2025-11-30': -8.85, '2025-12-31': -6.35}",29.362
S30c_Asian_Session_Fade,AXS_USDT_USDT,15m,-88.32,-41.56,-3.2348,-7.596,-0.4677,-88.86,1195,0.6979,39.29,-7.1397,1237,-0.1827,41.9869,38.9313,1.0785,6,11,3.74,-14.12,14.89,"{'2022-02-28': 1.37, '2022-03-31': -4.76, '2022-04-30': -1.73, '2022-05-31': -3.79, '2022-06-30': -0.09, '2022-07-31': -0.54, '2022-08-31': 3.74, '2022-09-30': -3.08, '2022-10-31': -6.64, '2022-11-30': -6.98, '2022-12-31': -6.32, '2023-01-31': 3.14, '2023-02-28': -1.88, '2023-03-31': -0.71, '2023-04-30': -0.6, '2023-05-31': -8.81, '2023-06-30': -4.07, '2023-07-31': -0.24, '2023-08-31': -3.44, '2023-09-30': -0.17, '2023-10-31': -2.55, '2023-11-30': -4.29, '2023-12-31': -14.12, '2024-01-31': 3.52, '2024-02-29': -3.28, '2024-03-31': -0.43, '2024-04-30': -5.12, '2024-05-31': 1.14, '2024-06-30': -8.73, '2024-07-31': -4.98, '2024-08-31': -5.04, '2024-09-30': -8.87, '2024-10-31': -8.17, '2024-11-30': 1.6, '2024-12-31': 1.09, '2025-01-31': -10.71, '2025-02-28': -13.71, '2025-03-31': -10.44, '2025-04-30': -8.77, '2025-05-31': -4.64, '2025-06-30': -5.34, '2025-07-31': -10.03, '2025-08-31': -1.63, '2025-09-30': -6.82, '2025-10-31': -2.03, '2025-11-30': -13.24, '2025-12-31': -10.24}",25.791
S30c_Asian_Session_Fade,GRT_USDT_USDT,15m,-94.77,-52.21,-4.1246,-9.7119,-0.55,-94.93,1457,0.6529,38.65,-6.4824,1462,-0.2199,31.5479,30.4369,1.0365,8,14,4.5,-22.48,10.64,"{'2022-02-28': -9.61, '2022-03-31': -11.81, '2022-04-30': -9.83, '2022-05-31': -11.55, '2022-06-30': -0.79, '2022-07-31': 3.03, '2022-08-31': -5.14, '2022-09-30': -1.66, '2022-10-31': 2.28, '2022-11-30': -2.94, '2022-12-31': -6.35, '2023-01-31': -7.74, '2023-02-28': -7.22, '2023-03-31': -3.88, '2023-04-30': -4.06, '2023-05-31': -3.23, '2023-06-30': -2.39, '2023-07-31': 3.44, '2023-08-31': -4.64, '2023-09-30': -1.46, '2023-10-31': -7.81, '2023-11-30': -5.69, '2023-12-31': -2.69, '2024-01-31': -0.57, '2024-02-29': -8.26, '2024-03-31': -2.05, '2024-04-30': -12.0, '2024-05-31': -2.68, '2024-06-30': -12.12, '2024-07-31': -9.02, '2024-08-31': -4.51, '2024-09-30': -3.6, '2024-10-31': 2.86, '2024-11-30': 4.5, '2024-12-31': -3.73, '2025-01-31': -13.3, '2025-02-28': -10.28, '2025-03-31': -8.24, '2025-04-30': -10.48, '2025-05-31': -0.66, '2025-06-30': -9.37, '2025-07-31': -8.86, '2025-08-31': -5.44, '2025-09-30': -14.17, '2025-10-31': -9.16, '2025-11-30': -22.48, '2025-12-31': -9.29}",30.482
S30c_Asian_Session_Fade,CHZ_USDT_USDT,15m,-90.56,-44.59,-3.3453,-7.3549,-0.4913,-90.75,1398,0.6715,40.29,-6.4682,1400,-0.1771,32.8208,32.9742,0.9953,8,12,5.24,-16.63,17.02,"{'2022-02-28': -5.2, '2022-03-31': 0.6, '2022-04-30': 2.65, '2022-05-31': -12.48, '2022-06-30': 0.58, '2022-07-31': -1.04, '2022-08-31': -3.98, '2022-09-30': -5.38, '2022-10-31': -0.99, '2022-11-30': 0.32, '2022-12-31': -4.47, '2023-01-31': -0.52, '2023-02-28': 2.58, '2023-03-31': -4.92, '2023-04-30': -2.32, '2023-05-31': -5.56, '2023-06-30': -5.57, '2023-07-31': -5.38, '2023-08-31': -6.87, '2023-09-30': -1.81, '2023-10-31': -7.48, '2023-11-30': -4.62, '2023-12-31': -8.67, '2024-01-31': -8.94, '2024-02-29': -1.8, '2024-03-31': -4.87, '2024-04-30': -8.14, '2024-05-31': 1.84, '2024-06-30': -8.56, '2024-07-31': -5.58, '2024-08-31': -4.92, '2024-09-30': -2.26, '2024-10-31': -6.87, '2024-11-30': -1.47, '2024-12-31': 5.24, '2025-01-31': -16.63, '2025-02-28': -2.47, '2025-03-31': -11.87, '2025-04-30': -3.91, '2025-05-31': 2.11, '2025-06-30': -5.37, '2025-07-31': -11.62, '2025-08-31': -3.87, '2025-09-30': -5.75, '2025-10-31': -11.19, '2025-11-30': -4.05, '2025-12-31': -12.04}",29.189
S30c_Asian_Session_Fade,1000LUNC_USDT_USDT,15m,-75.9,-34.98,-2.5329,-5.0768,-0.4538,-77.08,1121,0.7536,43.55,-6.6112,1148,-0.1432,46.426,47.5349,0.9767,11,12,5.42,-14.48,17.95,"{'2022-10-31': -2.43, '2022-11-30': 3.21, '2022-12-31': -9.87, '2023-01-31': -4.62, '2023-02-28': 5.42, '2023-03-31': -3.18, '2023-04-30': 1.54, '2023-05-31': -0.29, '2023-06-30': 1.32, '2023-07-31': -0.43, '2023-08-31': -5.09, '2023-09-30': -1.16, '2023-10-31': -3.18, '2023-11-30': -3.92, '2023-12-31': -6.05, '2024-01-31': 4.47, '2024-02-29': -0.9, '2024-03-31': -6.47, '2024-04-30': -5.01, '2024-05-31': -2.03, '2024-06-30': -1.93, '2024-07-31': -2.84, '2024-08-31': 0.51, '2024-09-30': -3.71, '2024-10-31': -6.48, '2024-11-30': -11.02, '2024-12-31': -8.14, '2025-01-31': -14.48, '2025-02-28': -3.97, '2025-03-31': -2.56, '2025-04-30': 0.24, '2025-05-31': -2.27, '2025-06-30': -6.55, '2025-07-31': -3.25, '2025-08-31': -2.41, '2025-09-30': -8.73, '2025-10-31': -7.31, '2025-11-30': -2.54, '2025-12-31': -9.32}",28.904
S30c_Asian_Session_Fade,TWT_USDT_USDT,15m,-79.16,-39.53,-3.0092,-6.5603,-0.4984,-79.31,1237,0.672,43.25,-6.3998,1237,-0.1248,30.3157,34.3809,0.8818,10,10,5.61,-14.97,21.62,"{'2022-12-31': -5.89, '2023-01-31': 1.01, '2023-02-28': -0.86, '2023-03-31': 5.61, '2023-04-30': -7.15, '2023-05-31': -4.99, '2023-06-30': -7.44, '2023-07-31': -4.42, '2023-08-31': -4.52, '2023-09-30': -5.29, '2023-10-31': 1.05, '2023-11-30': -14.8, '2023-12-31': -5.08, '2024-01-31': -1.44, '2024-02-29': -5.19, '2024-03-31': -3.03, '2024-04-30': -3.33, '2024-05-31': 1.18, '2024-06-30': -8.27, '2024-07-31': -0.29, '2024-08-31': -0.49, '2024-09-30': 1.38, '2024-10-31': -11.27, '2024-11-30': -8.02, '2024-12-31': -3.73, '2025-01-31': -14.97, '2025-02-28': -2.18, '2025-03-31': -1.56, '2025-04-30': 1.8, '2025-05-31': -3.63, '2025-06-30': -3.98, '2025-07-31': -9.07, '2025-08-31': -6.81, '2025-09-30': -4.18, '2025-10-31': 1.26, '2025-11-30': 1.3, '2025-12-31': -11.11}",33.059
S30c_Asian_Session_Fade,ZRX_USDT_USDT,15m,-92.11,-49.19,-3.4728,-8.2861,-0.5306,-92.7,1353,0.6807,40.08,-6.2575,1472,-0.1742,33.2817,32.7067,1.0176,6,21,6.67,-19.7,11.11,"{'2022-04-30': 6.67, '2022-05-31': -7.18, '2022-06-30': 4.85, '2022-07-31': 2.27, '2022-08-31': -2.08, '2022-09-30': -4.33, '2022-10-31': -2.82, '2022-11-30': -10.38, '2022-12-31': -13.26, '2023-01-31': -2.6, '2023-02-28': -6.07, '2023-03-31': -9.5, '2023-04-30': -6.04, '2023-05-31': -4.72, '2023-06-30': -5.42, '2023-07-31': -6.93, '2023-08-31': -7.05, '2023-09-30': -0.29, '2023-10-31': -5.07, '2023-11-30': -6.13, '2023-12-31': 0.59, '2024-01-31': -3.21, '2024-02-29': -5.81, '2024-03-31': -12.32, '2024-04-30': -5.11, '2024-05-31': 6.52, '2024-06-30': -5.39, '2024-07-31': -11.64, '2024-08-31': -0.48, '2024-09-30': -4.43, '2024-10-31': -8.61, '2024-11-30': -6.27, '2024-12-31': -3.37, '2025-01-31': -19.7, '2025-02-28': -9.18, '2025-03-31': -10.77, '2025-04-30': -9.26, '2025-05-31': -4.29, '2025-06-30': -4.87, '2025-07-31': -6.85, '2025-08-31': -2.53, '2025-09-30': -9.24, '2025-10-31': -3.65, '2025-11-30': -6.93, '2025-12-31': -6.5}",32.611
S30c_Asian_Session_Fade,ANKR_USDT_USDT,15m,-87.53,-40.6,-3.0423,-7.0749,-0.4624,-87.8,1419,0.6915,41.85,-6.1467,1424,-0.1499,32.9114,34.261,0.9606,7,11,5.29,-11.99,17.02,"{'2022-02-28': -4.66, '2022-03-31': 0.19, '2022-04-30': -6.43, '2022-05-31': -4.89, '2022-06-30': -5.68, '2022-07-31': 3.83, '2022-08-31': 3.68, '2022-09-30': -7.43, '2022-10-31': -3.25, '2022-11-30': -4.71, '2022-12-31': -8.06, '2023-01-31': -4.5, '2023-02-28': -0.17, '2023-03-31': -3.55, '2023-04-30': -5.27, '2023-05-31': -5.37, '2023-06-30': -7.24, '2023-07-31': 0.14, '2023-08-31': -2.5, '2023-09-30': -2.63, '2023-10-31': -4.72, '2023-11-30': -2.04, '2023-12-31': -5.09, '2024-01-31': 1.2, '2024-02-29': -4.88, '2024-03-31': 2.62, '2024-04-30': -9.46, '2024-05-31': 0.65, '2024-06-30': -9.93, '2024-07-31': -1.46, '2024-08-31': 5.29, '2024-09-30': -3.49, '2024-10-31': -5.22, '2024-11-30': -0.42, '2024-12-31': -6.2, '2025-01-31': -11.99, '2025-02-28': -6.64, '2025-03-31': -9.82, '2025-04-30': -8.69, '2025-05-31': -4.04, '2025-06-30': -3.0, '2025-07-31': -7.5, '2025-08-31': -5.43, '2025-09-30': -7.57, '2025-10-31': -6.21, '2025-11-30': -3.28, '2025-12-31': -8.25}",29.689
S30c_Asian_Session_Fade,STX_USDT_USDT,15m,-81.28,-34.28,-2.2818,-5.3784,-0.4205,-81.52,1305,0.7654,42.04,-6.2234,1306,-0.1426,48.3114,45.7737,1.0554,10,14,8.37,-14.88,31.91,"{'2022-02-28': -2.03, '2022-03-31': 1.55, '2022-04-30': 0.35, '2022-05-31': -11.05, '2022-06-30': 2.96, '2022-07-31': -6.35, '2022-08-31': 2.88, '2022-09-30': 4.81, '2022-10-31': 1.19, '2022-11-30': -7.07, '2022-12-31': -6.65, '2023-01-31': 0.08, '2023-02-28': -3.23, '2023-03-31': -3.23, '2023-04-30': -4.71, '2023-05-31': -8.64, '2023-06-30': -9.36, '2023-07-31': 1.74, '2023-08-31': -4.67, '2023-09-30': -3.31, '2023-10-31': -8.03, '2023-11-30': 3.84, '2023-12-31': -14.56, '2024-01-31': -2.8, '2024-02-29': -0.93, '2024-03-31': 3.13, '2024-04-30': -0.12, '2024-05-31': 8.37, '2024-06-30': 2.22, '2024-07-31': -9.66, '2024-08-31': 0.07, '2024-09-30': -5.47, '2024-10-31': -5.04, '2024-11-30': -2.17, '2024-12-31': 2.55, '2025-01-31': -14.88, '2025-02-28': -6.36, '2025-03-31': -11.34, '2025-04-30': -5.75, '2025-05-31': -4.01, '2025-06-30': -6.4, '2025-07-31': -2.1, '2025-08-31': -3.97, '2025-09-30': -5.63, '2025-10-31': -3.6, '2025-11-30': 0.92, '2025-12-31': -8.14}",27.229
S30c_Asian_Session_Fade,EGLD_USDT_USDT,15m,-91.13,-45.48,-3.8093,-9.5502,-0.4981,-91.31,1472,0.6623,41.07,-6.187,1473,-0.1713,29.538,31.0875,0.9502,7,12,3.28,-13.63,8.51,"{'2022-02-28': -13.1, '2022-03-31': -3.73, '2022-04-30': -1.27, '2022-05-31': -4.89, '2022-06-30': 0.86, '2022-07-31': -0.52, '2022-08-31': -0.02, '2022-09-30': -0.62, '2022-10-31': -4.26, '2022-11-30': -5.58, '2022-12-31': -3.75, '2023-01-31': -8.98, '2023-02-28': -3.93, '2023-03-31': -0.88, '2023-04-30': -1.07, '2023-05-31': -6.17, '2023-06-30': -1.97, '2023-07-31': -6.94, '2023-08-31': -4.35, '2023-09-30': -1.4, '2023-10-31': -0.34, '2023-11-30': -10.65, '2023-12-31': 2.89, '2024-01-31': -0.89, '2024-02-29': -11.76, '2024-03-31': 3.28, '2024-04-30': -5.14, '2024-05-31': -0.22, '2024-06-30': -10.88, '2024-07-31': -10.26, '2024-08-31': -0.84, '2024-09-30': -8.04, '2024-10-31': -7.46, '2024-11-30': -4.65, '2024-12-31': -5.52, '2025-01-31': -13.63, '2025-02-28': -10.48, '2025-03-31': -3.32, '2025-04-30': -4.02, '2025-05-31': 0.09, '2025-06-30': -6.03, '2025-07-31': -6.81, '2025-08-31': -2.62, '2025-09-30': -10.17, '2025-10-31': -11.7, '2025-11-30': -8.79, '2025-12-31': -3.8}",30.711
S30c_Asian_Session_Fade,MINA_USDT_USDT,15m,-78.15,-33.5,-1.9808,-4.2511,-0.4176,-80.22,1406,0.8249,44.65,-5.2311,1494,-0.1072,55.2096,53.9784,1.0228,11,9,8.28,-15.26,22.73,"{'2022-05-31': 4.43, '2022-06-30': -6.41, '2022-07-31': -3.24, '2022-08-31': 5.51, '2022-09-30': 0.34, '2022-10-31': -3.84, '2022-11-30': -4.41, '2022-12-31': -3.13, '2023-01-31': 1.97, '2023-02-28': 6.35, '2023-03-31': -4.94, '2023-04-30': 0.88, '2023-05-31': -3.63, '2023-06-30': -1.69, '2023-07-31': -1.28, '2023-08-31': -3.1, '2023-09-30': 2.06, '2023-10-31': -2.94, '2023-11-30': -4.24, '2023-12-31': -9.18, '2024-01-31': -1.09, '2024-02-29': -2.72, '2024-03-31': 3.68, '2024-04-30': -9.18, '2024-05-31': 8.28, '2024-06-30': -1.5, '2024-07-31': -5.63, '2024-08-31': 2.19, '2024-09-30': -1.83, '2024-10-31': -3.14, '2024-11-30': -6.88, '2024-12-31': -9.27, '2025-01-31': -15.26, '2025-02-28': -13.43, '2025-03-31': -7.83, '2025-04-30': -4.76, '2025-05-31': -0.97, '2025-06-30': -0.5, '2025-07-31': -12.68, '2025-08-31': -3.04, '2025-09-30': -6.82, '2025-10-31': -4.67, '2025-11-30': -8.08, '2025-12-31': -7.93}",33.341
S30c_Asian_Session_Fade,ZEN_USDT_USDT,15m,-90.15,-44.0,-3.0978,-6.6519,-0.4866,-90.42,1490,0.6891,41.66,-6.0382,1493,-0.1868,32.1255,33.2918,0.965,10,23,8.26,-20.67,19.15,"{'2022-02-28': -7.76, '2022-03-31': -5.61, '2022-04-30': -0.84, '2022-05-31': -7.16, '2022-06-30': 4.79, '2022-07-31': -5.5, '2022-08-31': 8.26, '2022-09-30': -0.84, '2022-10-31': -3.0, '2022-11-30': -11.23, '2022-12-31': 3.11, '2023-01-31': -5.52, '2023-02-28': -3.5, '2023-03-31': -1.13, '2023-04-30': 0.46, '2023-05-31': -8.52, '2023-06-30': -12.91, '2023-07-31': -7.39, '2023-08-31': -4.07, '2023-09-30': -1.36, '2023-10-31': -6.39, '2023-11-30': -8.86, '2023-12-31': -4.47, '2024-01-31': -6.02, '2024-02-29': -1.14, '2024-03-31': -2.04, '2024-04-30': -10.66, '2024-05-31': 0.9, '2024-06-30': -3.8, '2024-07-31': -8.93, '2024-08-31': 2.58, '2024-09-30': -0.78, '2024-10-31': -2.12, '2024-11-30': -7.15, '2024-12-31': -2.26, '2025-01-31': -10.95, '2025-02-28': 2.63, '2025-03-31': -1.57, '2025-04-30': -5.7, '2025-05-31': -2.3, '2025-06-30': -11.33, '2025-07-31': -13.53, '2025-08-31': 2.82, '2025-09-30': -10.53, '2025-10-31': -20.67, '2025-11-30': 2.15, '2025-12-31': -2.8}",31.128
S30c_Asian_Session_Fade,ALICE_USDT_USDT,15m,-87.41,-40.46,-2.9149,-6.5693,-0.4613,-87.71,1389,0.7344,41.49,-6.2751,1393,-0.1725,41.8217,40.3855,1.0356,6,10,12.88,-18.82,14.89,"{'2022-02-28': -17.49, '2022-03-31': -1.03, '2022-04-30': -0.34, '2022-05-31': -5.26, '2022-06-30': -2.05, '2022-07-31': -2.26, '2022-08-31': 6.91, '2022-09-30': -2.95, '2022-10-31': -5.03, '2022-11-30': -5.78, '2022-12-31': -4.16, '2023-01-31': -0.44, '2023-02-28': -6.49, '2023-03-31': -7.05, '2023-04-30': -2.44, '2023-05-31': -4.34, '2023-06-30': -4.45, '2023-07-31': -3.16, '2023-08-31': -0.36, '2023-09-30': 12.88, '2023-10-31': 3.15, '2023-11-30': -7.94, '2023-12-31': -2.29, '2024-01-31': 0.86, '2024-02-29': -9.52, '2024-03-31': -1.24, '2024-04-30': -1.82, '2024-05-31': 0.38, '2024-06-30': 0.47, '2024-07-31': -1.5, '2024-08-31': 2.35, '2024-09-30': -4.02, '2024-10-31': -4.77, '2024-11-30': -9.55, '2024-12-31': -8.19, '2025-01-31': -18.82, '2025-02-28': -2.8, '2025-03-31': -8.69, '2025-04-30': -13.46, '2025-05-31': -3.89, '2025-06-30': -4.28, '2025-07-31': -6.63, '2025-08-31': -1.91, '2025-09-30': -6.73, '2025-10-31': -6.04, '2025-11-30': -13.58, '2025-12-31': -5.34}",29.043
S30c_Asian_Session_Fade,JST_USDT_USDT,15m,-91.35,-47.1,-5.3315,-10.1976,-0.5141,-91.62,1390,0.5555,38.55,-6.4152,1424,-0.1679,20.7984,23.4898,0.8854,6,18,2.27,-13.49,6.52,"{'2022-03-31': -2.25, '2022-04-30': 2.27, '2022-05-31': -4.43, '2022-06-30': -4.87, '2022-07-31': -7.74, '2022-08-31': 0.67, '2022-09-30': 0.12, '2022-10-31': -6.21, '2022-11-30': -6.25, '2022-12-31': -6.76, '2023-01-31': -3.15, '2023-02-28': -2.17, '2023-03-31': -1.8, '2023-04-30': -2.66, '2023-05-31': -3.51, '2023-06-30': -9.07, '2023-07-31': -0.46, '2023-08-31': -4.39, '2023-09-30': -1.01, '2023-10-31': -3.31, '2023-11-30': -3.72, '2023-12-31': -3.91, '2024-01-31': -0.09, '2024-02-29': -4.4, '2024-03-31': -9.27, '2024-04-30': -5.94, '2024-05-31': -0.44, '2024-06-30': -5.42, '2024-07-31': -9.27, '2024-08-31': -2.36, '2024-09-30': -6.13, '2024-10-31': -2.8, '2024-11-30': -7.07, '2024-12-31': -9.55, '2025-01-31': -13.49, '2025-02-28': -6.77, '2025-03-31': -6.95, '2025-04-30': -8.34, '2025-05-31': -3.21, '2025-06-30': -2.58, '2025-07-31': -8.95, '2025-08-31': -8.97, '2025-09-30': -8.44, '2025-10-31': -8.76, '2025-11-30': -10.69, '2025-12-31': -10.92}",30.852
S30c_Asian_Session_Fade,SUN_USDT_USDT,15m,-95.6,-55.62,-5.6155,-10.6751,-0.5812,-95.7,1653,0.5058,37.15,-5.7382,1666,-0.1865,15.8073,18.4761,0.8556,9,15,2.35,-18.95,6.52,"{'2022-03-31': -8.98, '2022-04-30': 2.35, '2022-05-31': -18.95, '2022-06-30': -7.2, '2022-07-31': 0.18, '2022-08-31': -6.47, '2022-09-30': -4.86, '2022-10-31': -9.04, '2022-11-30': -11.5, '2022-12-31': -6.32, '2023-01-31': -2.14, '2023-02-28': -10.47, '2023-03-31': -7.18, '2023-04-30': -0.47, '2023-05-31': -0.62, '2023-06-30': -4.73, '2023-07-31': -2.74, '2023-08-31': -6.42, '2023-09-30': -4.28, '2023-10-31': -3.03, '2023-11-30': -6.51, '2023-12-31': -10.72, '2024-01-31': -7.89, '2024-02-29': -6.65, '2024-03-31': -5.72, '2024-04-30': -7.08, '2024-05-31': -1.54, '2024-06-30': -4.64, '2024-07-31': -11.62, '2024-08-31': -8.59, '2024-09-30': -10.11, '2024-10-31': 0.52, '2024-11-30': -1.37, '2024-12-31': -6.35, '2025-01-31': -15.06, '2025-02-28': -6.04, '2025-03-31': -2.49, '2025-04-30': -5.92, '2025-05-31': -9.33, '2025-06-30': -2.55, '2025-07-31': -9.51, '2025-08-31': -7.32, '2025-09-30': -15.77, '2025-10-31': -4.46, '2025-11-30': -5.73, '2025-12-31': -11.86}",36.095
S30c_Asian_Session_Fade,ONT_USDT_USDT,15m,-90.82,-48.8,-4.2033,-9.8428,-0.5333,-91.5,1303,0.6475,39.88,-6.5623,1384,-0.1738,30.2268,30.9705,0.976,6,16,8.45,-16.28,11.9,"{'2022-07-31': -1.66, '2022-08-31': 8.45, '2022-09-30': -7.54, '2022-10-31': -5.12, '2022-11-30': -7.84, '2022-12-31': -8.42, '2023-01-31': -3.72, '2023-02-28': 4.25, '2023-03-31': -9.04, '2023-04-30': -6.21, '2023-05-31': -3.67, '2023-06-30': -6.47, '2023-07-31': -7.23, '2023-08-31': -6.87, '2023-09-30': -1.93, '2023-10-31': -4.21, '2023-11-30': -3.28, '2023-12-31': -10.19, '2024-01-31': 3.24, '2024-02-29': -1.93, '2024-03-31': 3.12, '2024-04-30': -0.71, '2024-05-31': 2.94, '2024-06-30': -16.28, '2024-07-31': -0.3, '2024-08-31': -3.11, '2024-09-30': -9.99, '2024-10-31': -0.58, '2024-11-30': -3.1, '2024-12-31': -5.13, '2025-01-31': -15.14, '2025-02-28': -12.28, '2025-03-31': -9.73, '2025-04-30': -3.75, '2025-05-31': -4.29, '2025-06-30': -9.05, '2025-07-31': -15.46, '2025-08-31': -4.49, '2025-09-30': -5.95, '2025-10-31': -13.26, '2025-11-30': -7.29, '2025-12-31': -13.25}",32.307
S30c_Asian_Session_Fade,AGLD_USDT_USDT,15m,-90.7,-47.49,-3.1552,-6.2307,-0.52,-91.32,1333,0.7073,39.86,-6.3428,1430,-0.1946,38.4494,36.0307,1.0671,8,14,7.73,-16.45,13.64,"{'2022-05-31': -1.39, '2022-06-30': 3.13, '2022-07-31': 2.76, '2022-08-31': -6.24, '2022-09-30': -2.4, '2022-10-31': -7.35, '2022-11-30': -12.25, '2022-12-31': -3.67, '2023-01-31': -1.96, '2023-02-28': -16.45, '2023-03-31': -0.01, '2023-04-30': -1.52, '2023-05-31': -5.5, '2023-06-30': -7.84, '2023-07-31': -8.72, '2023-08-31': -5.35, '2023-09-30': -1.92, '2023-10-31': -5.31, '2023-11-30': -3.23, '2023-12-31': -7.6, '2024-01-31': -1.49, '2024-02-29': -3.85, '2024-03-31': -14.95, '2024-04-30': -15.41, '2024-05-31': 7.73, '2024-06-30': -3.92, '2024-07-31': -12.71, '2024-08-31': -10.65, '2024-09-30': -3.84, '2024-10-31': -8.09, '2024-11-30': -4.76, '2024-12-31': -9.46, '2025-01-31': -12.01, '2025-02-28': 7.49, '2025-03-31': 1.61, '2025-04-30': -2.99, '2025-05-31': 2.12, '2025-06-30': -6.12, '2025-07-31': -3.45, '2025-08-31': -3.03, '2025-09-30': -11.1, '2025-10-31': -6.52, '2025-11-30': -5.68, '2025-12-31': -11.33}",32.268
S30c_Asian_Session_Fade,BTC_USDT_USDT,30m,-61.78,-21.41,-2.4086,-6.3849,-0.3436,-62.31,649,0.6544,41.47,-9.4896,651,-0.142,43.3261,46.918,0.9234,5,9,3.41,-8.12,19.15,"{'2022-02-28': 3.41, '2022-03-31': -1.54, '2022-04-30': -0.29, '2022-05-31': 1.71, '2022-06-30': -0.37, '2022-07-31': -2.39, '2022-08-31': -0.68, '2022-09-30': -4.1, '2022-10-31': -0.14, '2022-11-30': 1.69, '2022-12-31': -0.13, '2023-01-31': -2.03, '2023-02-28': -1.35, '2023-03-31': -0.32, '2023-04-30': -0.68, '2023-05-31': -3.78, '2023-06-30': -1.86, '2023-07-31': -0.76, '2023-08-31': -4.01, '2023-09-30': -0.69, '2023-10-31': -3.17, '2023-11-30': -3.95, '2023-12-31': -4.84, '2024-01-31': 0.41, '2024-02-29': 0.01, '2024-03-31': -1.95, '2024-04-30': 0.76, '2024-05-31': 0.65, '2024-06-30': -2.35, '2024-07-31': -2.05, '2024-08-31': 1.5, '2024-09-30': -2.02, '2024-10-31': -0.91, '2024-11-30': -3.93, '2024-12-31': 1.22, '2025-01-31': -6.33, '2025-02-28': -2.38, '2025-03-31': -2.3, '2025-04-30': -4.94, '2025-05-31': -1.08, '2025-06-30': -4.33, '2025-07-31': -8.12, '2025-08-31': -4.76, '2025-09-30': -1.25, '2025-10-31': -3.12, '2025-11-30': -4.9, '2025-12-31': -5.47}",13.573
S30c_Asian_Session_Fade,ETH_USDT_USDT,30m,-77.38,-31.07,-3.0037,-7.925,-0.401,-77.48,652,0.5999,35.68,-11.8498,653,-0.2354,49.7949,46.0479,1.0814,7,13,9.34,-11.72,19.15,"{'2022-02-28': 0.25, '2022-03-31': -3.06, '2022-04-30': 0.68, '2022-05-31': 0.63, '2022-06-30': -5.89, '2022-07-31': 9.34, '2022-08-31': -0.24, '2022-09-30': -2.46, '2022-10-31': -4.83, '2022-11-30': 0.59, '2022-12-31': -2.46, '2023-01-31': -3.19, '2023-02-28': -0.41, '2023-03-31': -1.3, '2023-04-30': -2.5, '2023-05-31': -3.45, '2023-06-30': -6.74, '2023-07-31': -3.72, '2023-08-31': -1.77, '2023-09-30': -0.79, '2023-10-31': -4.85, '2023-11-30': -4.88, '2023-12-31': -5.58, '2024-01-31': -1.55, '2024-02-29': -2.31, '2024-03-31': 1.1, '2024-04-30': -7.35, '2024-05-31': 0.66, '2024-06-30': -5.62, '2024-07-31': -4.75, '2024-08-31': -2.35, '2024-09-30': -7.07, '2024-10-31': -0.89, '2024-11-30': -7.79, '2024-12-31': -0.89, '2025-01-31': -11.72, '2025-02-28': -4.36, '2025-03-31': -6.45, '2025-04-30': -3.07, '2025-05-31': -0.43, '2025-06-30': -2.21, '2025-07-31': 1.06, '2025-08-31': 0.21, '2025-09-30': -5.16, '2025-10-31': -4.77, '2025-11-30': -6.26, '2025-12-31': -6.78}",13.615
S30c_Asian_Session_Fade,SOL_USDT_USDT,30m,-66.95,-24.2,-1.5044,-2.5774,-0.3615,-66.95,748,0.7529,39.97,-8.9499,748,-0.1818,68.2045,60.3289,1.1305,7,13,8.0,-16.4,27.66,"{'2022-02-28': -4.1, '2022-03-31': -2.52, '2022-04-30': -0.63, '2022-05-31': -1.34, '2022-06-30': -2.32, '2022-07-31': 1.14, '2022-08-31': -2.22, '2022-09-30': 0.13, '2022-10-31': -1.71, '2022-11-30': 2.11, '2022-12-31': -5.67, '2023-01-31': -3.15, '2023-02-28': -5.82, '2023-03-31': -4.02, '2023-04-30': -2.3, '2023-05-31': -5.74, '2023-06-30': -6.38, '2023-07-31': 2.71, '2023-08-31': -1.86, '2023-09-30': 0.24, '2023-10-31': 3.03, '2023-11-30': -3.15, '2023-12-31': -9.59, '2024-01-31': 6.46, '2024-02-29': -6.31, '2024-03-31': 8.0, '2024-04-30': -3.54, '2024-05-31': 1.68, '2024-06-30': -4.38, '2024-07-31': -1.94, '2024-08-31': 2.78, '2024-09-30': -6.34, '2024-10-31': -0.82, '2024-11-30': 0.83, '2024-12-31': -4.92, '2025-01-31': -16.4, '2025-02-28': -1.46, '2025-03-31': -1.24, '2025-04-30': -6.73, '2025-05-31': 2.24, '2025-06-30': -4.54, '2025-07-31': -2.87, '2025-08-31': 3.59, '2025-09-30': -0.52, '2025-10-31': -3.17, '2025-11-30': -0.2, '2025-12-31': -7.34}",15.595
S30c_Asian_Session_Fade,XRP_USDT_USDT,30m,-58.48,-19.74,-1.3041,-3.2346,-0.3368,-58.61,683,0.7537,41.87,-8.5627,683,-0.1205,62.5586,59.7987,1.0462,8,9,5.25,-7.44,27.66,"{'2022-02-28': -1.02, '2022-03-31': -5.38, '2022-04-30': -1.77, '2022-05-31': -3.04, '2022-06-30': -1.71, '2022-07-31': -2.11, '2022-08-31': -0.34, '2022-09-30': -1.92, '2022-10-31': 3.42, '2022-11-30': 4.67, '2022-12-31': -0.19, '2023-01-31': 5.25, '2023-02-28': 2.48, '2023-03-31': -6.29, '2023-04-30': -2.74, '2023-05-31': -0.42, '2023-06-30': -2.14, '2023-07-31': 3.0, '2023-08-31': -1.54, '2023-09-30': 4.47, '2023-10-31': -4.0, '2023-11-30': -3.42, '2023-12-31': -5.76, '2024-01-31': 0.7, '2024-02-29': -0.73, '2024-03-31': 1.14, '2024-04-30': -6.84, '2024-05-31': 4.04, '2024-06-30': -1.66, '2024-07-31': -7.17, '2024-08-31': -0.21, '2024-09-30': -1.86, '2024-10-31': -0.03, '2024-11-30': -2.52, '2024-12-31': 0.42, '2025-01-31': -6.25, '2025-02-28': -2.5, '2025-03-31': -1.78, '2025-04-30': -3.13, '2025-05-31': 1.67, '2025-06-30': -5.31, '2025-07-31': -6.55, '2025-08-31': 0.58, '2025-09-30': -5.47, '2025-10-31': -7.44, '2025-11-30': 1.35, '2025-12-31': -6.13}",14.24
S30c_Asian_Session_Fade,DOGE_USDT_USDT,30m,-70.65,-26.43,-2.0837,-4.4611,-0.3686,-71.7,659,0.6557,38.61,-10.656,663,-0.238,52.5591,50.4179,1.0425,6,11,6.86,-10.33,21.28,"{'2022-02-28': -2.97, '2022-03-31': -6.68, '2022-04-30': -2.38, '2022-05-31': -4.05, '2022-06-30': -4.4, '2022-07-31': -5.55, '2022-08-31': -2.11, '2022-09-30': -7.35, '2022-10-31': -6.06, '2022-11-30': -5.94, '2022-12-31': -2.3, '2023-01-31': 1.66, '2023-02-28': -3.41, '2023-03-31': -1.29, '2023-04-30': 2.47, '2023-05-31': -4.17, '2023-06-30': -4.57, '2023-07-31': -3.92, '2023-08-31': 0.94, '2023-09-30': -1.49, '2023-10-31': -5.95, '2023-11-30': -3.51, '2023-12-31': -5.62, '2024-01-31': 2.39, '2024-02-29': -2.51, '2024-03-31': -10.33, '2024-04-30': -6.31, '2024-05-31': 6.86, '2024-06-30': -1.84, '2024-07-31': -1.96, '2024-08-31': -2.76, '2024-09-30': -0.17, '2024-10-31': 3.86, '2024-11-30': 3.01, '2024-12-31': -1.56, '2025-01-31': -7.55, '2025-02-28': -6.73, '2025-03-31': -2.86, '2025-04-30': -1.18, '2025-05-31': 5.54, '2025-06-30': -2.53, '2025-07-31': 2.4, '2025-08-31': 0.37, '2025-09-30': -2.22, '2025-10-31': -3.48, '2025-11-30': -5.31, '2025-12-31': -6.57}",13.823
S30c_Asian_Session_Fade,ADA_USDT_USDT,30m,-74.44,-28.95,-2.3942,-5.9175,-0.3875,-74.71,753,0.6912,39.04,-9.8859,753,-0.2195,56.6635,52.5123,1.0791,6,13,5.25,-10.85,21.28,"{'2022-02-28': 3.2, '2022-03-31': -8.29, '2022-04-30': 0.77, '2022-05-31': -4.02, '2022-06-30': -6.62, '2022-07-31': 2.58, '2022-08-31': -3.78, '2022-09-30': -1.66, '2022-10-31': -0.96, '2022-11-30': -2.19, '2022-12-31': -1.81, '2023-01-31': 4.26, '2023-02-28': 0.18, '2023-03-31': -5.04, '2023-04-30': -0.16, '2023-05-31': -2.71, '2023-06-30': -1.87, '2023-07-31': -1.62, '2023-08-31': 0.05, '2023-09-30': -1.04, '2023-10-31': -5.59, '2023-11-30': -10.24, '2023-12-31': -9.33, '2024-01-31': 2.0, '2024-02-29': -4.27, '2024-03-31': -3.16, '2024-04-30': -1.96, '2024-05-31': 0.69, '2024-06-30': -5.84, '2024-07-31': -0.87, '2024-08-31': -0.91, '2024-09-30': -4.06, '2024-10-31': 2.28, '2024-11-30': -4.95, '2024-12-31': -0.0, '2025-01-31': -10.85, '2025-02-28': -4.95, '2025-03-31': -0.43, '2025-04-30': -5.56, '2025-05-31': 5.25, '2025-06-30': -3.48, '2025-07-31': -5.57, '2025-08-31': -0.17, '2025-09-30': -6.29, '2025-10-31': -4.8, '2025-11-30': -1.9, '2025-12-31': -9.01}",15.7
S30c_Asian_Session_Fade,AVAX_USDT_USDT,30m,-74.15,-28.75,-2.1092,-4.4391,-0.3701,-77.69,592,0.7612,38.75,-9.8741,751,-0.2225,81.2303,67.5076,1.2033,7,17,7.7,-11.36,25.53,"{'2022-02-28': -4.92, '2022-03-31': 1.75, '2022-04-30': 7.7, '2022-05-31': -1.72, '2022-06-30': 4.33, '2022-07-31': 6.86, '2022-08-31': -1.15, '2022-09-30': -0.49, '2022-10-31': 0.19, '2022-11-30': 2.14, '2022-12-31': -4.68, '2023-01-31': -2.9, '2023-02-28': 2.16, '2023-03-31': -3.69, '2023-04-30': -1.23, '2023-05-31': -6.21, '2023-06-30': -3.4, '2023-07-31': -1.56, '2023-08-31': -2.0, '2023-09-30': 2.05, '2023-10-31': -6.84, '2023-11-30': -7.91, '2023-12-31': 0.25, '2024-01-31': 2.51, '2024-02-29': -6.49, '2024-03-31': -3.58, '2024-04-30': -8.08, '2024-05-31': -2.7, '2024-06-30': -2.2, '2024-07-31': -4.59, '2024-08-31': -3.97, '2024-09-30': -4.47, '2024-10-31': -3.24, '2024-11-30': -1.76, '2024-12-31': -1.7, '2025-01-31': -11.36, '2025-02-28': -10.37, '2025-03-31': -0.96, '2025-04-30': -7.49, '2025-05-31': -1.18, '2025-06-30': -5.78, '2025-07-31': 2.45, '2025-08-31': -9.8, '2025-09-30': -8.61, '2025-10-31': 3.94, '2025-11-30': -5.45, '2025-12-31': -10.57}",15.658
S30c_Asian_Session_Fade,LINK_USDT_USDT,30m,-72.11,-27.36,-1.8364,-4.9844,-0.3738,-73.19,770,0.7468,39.38,-9.3403,772,-0.1821,69.9479,60.8437,1.1496,5,9,7.38,-9.03,25.53,"{'2022-02-28': -7.23, '2022-03-31': 1.25, '2022-04-30': -1.69, '2022-05-31': -8.6, '2022-06-30': 1.49, '2022-07-31': 2.06, '2022-08-31': -1.44, '2022-09-30': 0.96, '2022-10-31': -1.18, '2022-11-30': 7.38, '2022-12-31': -2.5, '2023-01-31': 1.46, '2023-02-28': -0.62, '2023-03-31': -1.42, '2023-04-30': -0.57, '2023-05-31': -5.39, '2023-06-30': -6.83, '2023-07-31': -2.01, '2023-08-31': -1.12, '2023-09-30': 1.52, '2023-10-31': -7.9, '2023-11-30': -9.03, '2023-12-31': -0.85, '2024-01-31': -4.09, '2024-02-29': -3.97, '2024-03-31': -8.93, '2024-04-30': 6.25, '2024-05-31': -1.17, '2024-06-30': -6.05, '2024-07-31': -4.87, '2024-08-31': -6.46, '2024-09-30': -5.41, '2024-10-31': 1.28, '2024-11-30': -3.97, '2024-12-31': 3.13, '2025-01-31': -5.8, '2025-02-28': -8.26, '2025-03-31': -2.05, '2025-04-30': -6.29, '2025-05-31': 1.71, '2025-06-30': -3.17, '2025-07-31': -5.51, '2025-08-31': -5.84, '2025-09-30': 4.28, '2025-10-31': -4.55, '2025-11-30': -5.85, '2025-12-31': -5.09}",16.096
S30c_Asian_Session_Fade,BNB_USDT_USDT,30m,-75.11,-29.41,-2.9754,-7.4044,-0.3878,-75.83,779,0.6513,39.45,-9.0598,829,-0.1705,42.8989,42.9054,0.9998,6,12,7.26,-10.1,17.02,"{'2022-02-28': -3.15, '2022-03-31': 7.26, '2022-04-30': -3.7, '2022-05-31': -2.77, '2022-06-30': -1.45, '2022-07-31': -2.99, '2022-08-31': 1.87, '2022-09-30': -5.52, '2022-10-31': -2.33, '2022-11-30': -2.4, '2022-12-31': -2.34, '2023-01-31': 2.8, '2023-02-28': -6.42, '2023-03-31': -3.11, '2023-04-30': -1.72, '2023-05-31': -3.89, '2023-06-30': -10.1, '2023-07-31': -0.93, '2023-08-31': -3.34, '2023-09-30': 0.45, '2023-10-31': -4.64, '2023-11-30': -2.5, '2023-12-31': 1.22, '2024-01-31': 1.47, '2024-02-29': -6.62, '2024-03-31': -1.75, '2024-04-30': -6.72, '2024-05-31': 2.3, '2024-06-30': -4.65, '2024-07-31': -6.56, '2024-08-31': -0.29, '2024-09-30': -1.34, '2024-10-31': -2.09, '2024-11-30': -0.32, '2024-12-31': -1.87, '2025-01-31': -8.52, '2025-02-28': -5.0, '2025-03-31': -7.8, '2025-04-30': -1.91, '2025-05-31': -3.02, '2025-06-30': -5.82, '2025-07-31': -2.53, '2025-08-31': -3.24, '2025-09-30': -5.86, '2025-10-31': 3.39, '2025-11-30': -5.14, '2025-12-31': -8.25}",17.284
S30c_Asian_Session_Fade,LTC_USDT_USDT,30m,-61.86,-21.46,-1.7366,-4.203,-0.3263,-65.76,679,0.7033,41.47,-9.0963,680,-0.1665,52.0023,52.3873,0.9927,8,13,7.24,-12.4,27.66,"{'2022-02-28': -3.02, '2022-03-31': -1.01, '2022-04-30': 1.27, '2022-05-31': -2.38, '2022-06-30': -7.15, '2022-07-31': 3.55, '2022-08-31': -2.12, '2022-09-30': -4.09, '2022-10-31': -1.18, '2022-11-30': -1.85, '2022-12-31': -2.47, '2023-01-31': 3.06, '2023-02-28': -0.13, '2023-03-31': -1.45, '2023-04-30': -3.14, '2023-05-31': -9.28, '2023-06-30': -2.05, '2023-07-31': -3.87, '2023-08-31': 0.66, '2023-09-30': -4.07, '2023-10-31': -1.02, '2023-11-30': -3.79, '2023-12-31': -2.65, '2024-01-31': 2.57, '2024-02-29': -6.3, '2024-03-31': -5.41, '2024-04-30': -3.38, '2024-05-31': 4.32, '2024-06-30': -2.14, '2024-07-31': -6.05, '2024-08-31': 5.88, '2024-09-30': -0.23, '2024-10-31': -2.58, '2024-11-30': -9.96, '2024-12-31': 1.12, '2025-01-31': -12.4, '2025-02-28': -3.35, '2025-03-31': -1.39, '2025-04-30': -1.39, '2025-05-31': 4.92, '2025-06-30': 1.97, '2025-07-31': 0.29, '2025-08-31': 7.24, '2025-09-30': -4.95, '2025-10-31': 3.03, '2025-11-30': -0.13, '2025-12-31': -3.71}",14.178
S30c_Asian_Session_Fade,DOT_USDT_USDT,30m,-69.68,-25.84,-2.1913,-5.0463,-0.3627,-71.24,727,0.7128,40.43,-9.4546,737,-0.1945,58.0309,55.2648,1.0501,6,18,5.6,-12.91,25.53,"{'2022-02-28': -2.52, '2022-03-31': -2.44, '2022-04-30': 2.3, '2022-05-31': -2.06, '2022-06-30': -4.64, '2022-07-31': 1.43, '2022-08-31': -2.03, '2022-09-30': -0.8, '2022-10-31': 1.11, '2022-11-30': -2.93, '2022-12-31': -5.43, '2023-01-31': 2.76, '2023-02-28': -2.26, '2023-03-31': -6.22, '2023-04-30': -2.13, '2023-05-31': -1.73, '2023-06-30': -6.62, '2023-07-31': 1.37, '2023-08-31': -0.7, '2023-09-30': -1.72, '2023-10-31': -2.41, '2023-11-30': -4.13, '2023-12-31': -9.29, '2024-01-31': 5.6, '2024-02-29': -12.91, '2024-03-31': -1.78, '2024-04-30': -2.7, '2024-05-31': 1.47, '2024-06-30': -3.94, '2024-07-31': -6.3, '2024-08-31': -0.37, '2024-09-30': -1.92, '2024-10-31': 3.75, '2024-11-30': 0.86, '2024-12-31': -8.07, '2025-01-31': -7.55, '2025-02-28': -4.38, '2025-03-31': -6.26, '2025-04-30': -1.86, '2025-05-31': -0.39, '2025-06-30': -2.26, '2025-07-31': 0.16, '2025-08-31': 2.77, '2025-09-30': 4.24, '2025-10-31': -11.05, '2025-11-30': -4.89, '2025-12-31': -3.81}",15.366
S30c_Asian_Session_Fade,BCH_USDT_USDT,30m,-74.72,-29.11,-2.3096,-5.6446,-0.3829,-76.03,721,0.6583,38.23,-10.3496,722,-0.2101,52.1626,49.0342,1.0638,6,13,6.55,-12.32,14.89,"{'2022-02-28': -0.76, '2022-03-31': -0.03, '2022-04-30': -3.1, '2022-05-31': -5.33, '2022-06-30': -4.85, '2022-07-31': 2.37, '2022-08-31': -1.19, '2022-09-30': 2.21, '2022-10-31': -3.19, '2022-11-30': -1.34, '2022-12-31': -2.73, '2023-01-31': -4.1, '2023-02-28': -5.45, '2023-03-31': -1.15, '2023-04-30': -2.88, '2023-05-31': -1.89, '2023-06-30': -3.46, '2023-07-31': -2.09, '2023-08-31': -1.42, '2023-09-30': -0.6, '2023-10-31': -5.21, '2023-11-30': -4.72, '2023-12-31': -3.76, '2024-01-31': 4.76, '2024-02-29': -2.66, '2024-03-31': -4.02, '2024-04-30': -2.85, '2024-05-31': 1.65, '2024-06-30': -4.98, '2024-07-31': -5.84, '2024-08-31': 0.46, '2024-09-30': -2.03, '2024-10-31': 2.69, '2024-11-30': -6.42, '2024-12-31': -1.87, '2025-01-31': -12.32, '2025-02-28': -6.57, '2025-03-31': -4.01, '2025-04-30': -7.96, '2025-05-31': -0.07, '2025-06-30': -3.65, '2025-07-31': -2.8, '2025-08-31': -2.81, '2025-09-30': -7.88, '2025-10-31': -3.43, '2025-11-30': 6.55, '2025-12-31': -2.62}",15.053
S30c_Asian_Session_Fade,ATOM_USDT_USDT,30m,-62.9,-21.98,-1.5514,-3.531,-0.3309,-66.42,710,0.7665,41.7,-8.2227,765,-0.1457,64.7248,60.3982,1.0716,7,11,5.29,-7.89,29.79,"{'2022-02-28': 4.31, '2022-03-31': 0.06, '2022-04-30': 3.89, '2022-05-31': -5.16, '2022-06-30': -0.56, '2022-07-31': -1.42, '2022-08-31': 5.29, '2022-09-30': -7.89, '2022-10-31': -7.8, '2022-11-30': 0.65, '2022-12-31': -5.94, '2023-01-31': -2.96, '2023-02-28': -6.01, '2023-03-31': -3.52, '2023-04-30': -6.57, '2023-05-31': -6.33, '2023-06-30': -1.24, '2023-07-31': -3.62, '2023-08-31': -2.94, '2023-09-30': 2.83, '2023-10-31': 2.39, '2023-11-30': -1.43, '2023-12-31': -2.33, '2024-01-31': 4.18, '2024-02-29': 1.36, '2024-03-31': 1.04, '2024-04-30': -2.64, '2024-05-31': 3.98, '2024-06-30': -5.9, '2024-07-31': -6.54, '2024-08-31': -3.0, '2024-09-30': -1.28, '2024-10-31': -2.43, '2024-11-30': -3.54, '2024-12-31': 1.65, '2025-01-31': -7.74, '2025-02-28': -3.11, '2025-03-31': -7.71, '2025-04-30': -1.05, '2025-05-31': 3.24, '2025-06-30': -4.72, '2025-07-31': -0.58, '2025-08-31': -3.48, '2025-09-30': 1.12, '2025-10-31': -4.05, '2025-11-30': -3.03, '2025-12-31': -0.87}",15.95
S30c_Asian_Session_Fade,NEAR_USDT_USDT,30m,-69.83,-25.96,-1.4777,-4.1325,-0.3609,-71.93,595,0.7769,39.19,-9.7394,717,-0.1818,86.5455,71.7946,1.2055,7,11,8.71,-13.05,31.91,"{'2022-02-28': -1.12, '2022-03-31': 1.43, '2022-04-30': -0.97, '2022-05-31': -2.51, '2022-06-30': -0.7, '2022-07-31': 5.66, '2022-08-31': -1.76, '2022-09-30': 1.96, '2022-10-31': -2.05, '2022-11-30': -4.08, '2022-12-31': -8.14, '2023-01-31': 3.97, '2023-02-28': -7.66, '2023-03-31': -0.62, '2023-04-30': 2.83, '2023-05-31': -7.68, '2023-06-30': -6.39, '2023-07-31': -0.12, '2023-08-31': 1.98, '2023-09-30': 0.1, '2023-10-31': 3.83, '2023-11-30': -7.44, '2023-12-31': 0.11, '2024-01-31': 7.52, '2024-02-29': -8.01, '2024-03-31': -7.48, '2024-04-30': 0.51, '2024-05-31': 8.71, '2024-06-30': -9.46, '2024-07-31': -7.18, '2024-08-31': -4.42, '2024-09-30': -2.04, '2024-10-31': 6.26, '2024-11-30': -2.43, '2024-12-31': -4.37, '2025-01-31': -13.05, '2025-02-28': -10.05, '2025-03-31': -5.73, '2025-04-30': 3.62, '2025-05-31': 0.85, '2025-06-30': -4.98, '2025-07-31': -3.53, '2025-08-31': -2.57, '2025-09-30': -5.66, '2025-10-31': -7.5, '2025-11-30': -6.41, '2025-12-31': -8.54}",14.949
S30c_Asian_Session_Fade,UNI_USDT_USDT,30m,-77.58,-31.24,-1.981,-5.5361,-0.4006,-77.99,809,0.7124,38.47,-9.5664,811,-0.196,61.5909,54.0576,1.1394,10,13,4.87,-10.59,21.28,"{'2022-02-28': -5.59, '2022-03-31': 0.13, '2022-04-30': 2.91, '2022-05-31': -3.09, '2022-06-30': -1.16, '2022-07-31': 3.89, '2022-08-31': -4.47, '2022-09-30': -1.78, '2022-10-31': -5.64, '2022-11-30': -4.35, '2022-12-31': -1.26, '2023-01-31': -1.29, '2023-02-28': -0.95, '2023-03-31': -1.2, '2023-04-30': 1.4, '2023-05-31': -2.05, '2023-06-30': -4.65, '2023-07-31': -3.07, '2023-08-31': -3.6, '2023-09-30': -0.6, '2023-10-31': 0.27, '2023-11-30': 1.0, '2023-12-31': 0.07, '2024-01-31': 2.12, '2024-02-29': -3.97, '2024-03-31': -1.25, '2024-04-30': -3.72, '2024-05-31': -1.12, '2024-06-30': -10.52, '2024-07-31': -0.2, '2024-08-31': -7.05, '2024-09-30': -8.62, '2024-10-31': -0.81, '2024-11-30': -5.82, '2024-12-31': -7.08, '2025-01-31': -10.59, '2025-02-28': -8.97, '2025-03-31': -3.31, '2025-04-30': -2.55, '2025-05-31': -5.49, '2025-06-30': 4.87, '2025-07-31': -2.74, '2025-08-31': 1.19, '2025-09-30': -3.93, '2025-10-31': -4.79, '2025-11-30': -5.66, '2025-12-31': -6.34}",16.909
S30c_Asian_Session_Fade,OP_USDT_USDT,30m,-69.04,-27.94,-1.4924,-3.8963,-0.3981,-70.18,640,0.7158,38.41,-10.7365,643,-0.1921,70.4019,61.3456,1.1476,8,9,8.85,-10.7,21.43,"{'2022-07-31': 1.99, '2022-08-31': 1.87, '2022-09-30': -10.7, '2022-10-31': 4.06, '2022-11-30': -1.12, '2022-12-31': -5.8, '2023-01-31': -0.57, '2023-02-28': 1.62, '2023-03-31': -7.03, '2023-04-30': -0.55, '2023-05-31': -1.65, '2023-06-30': -9.43, '2023-07-31': -2.82, '2023-08-31': -4.4, '2023-09-30': -3.44, '2023-10-31': -0.32, '2023-11-30': -2.17, '2023-12-31': -5.24, '2024-01-31': 8.85, '2024-02-29': -7.61, '2024-03-31': -4.23, '2024-04-30': -7.9, '2024-05-31': 7.96, '2024-06-30': -6.83, '2024-07-31': -3.2, '2024-08-31': 0.2, '2024-09-30': -7.27, '2024-10-31': -3.76, '2024-11-30': -2.36, '2024-12-31': 1.35, '2025-01-31': -6.88, '2025-02-28': -0.2, '2025-03-31': -2.42, '2025-04-30': 0.2, '2025-05-31': -4.61, '2025-06-30': -2.82, '2025-07-31': -2.82, '2025-08-31': -2.48, '2025-09-30': -6.19, '2025-10-31': -4.85, '2025-11-30': -3.2, '2025-12-31': -0.67}",14.953
S30c_Asian_Session_Fade,APT_USDT_USDT,30m,-59.29,-24.52,-1.2464,-3.578,-0.3984,-61.54,604,0.7677,40.26,-9.4706,626,-0.1382,77.7693,68.2525,1.1394,6,16,5.83,-12.44,21.05,"{'2022-11-30': -0.68, '2022-12-31': -2.06, '2023-01-31': -4.88, '2023-02-28': -2.3, '2023-03-31': -9.05, '2023-04-30': -1.08, '2023-05-31': -0.54, '2023-06-30': -5.12, '2023-07-31': -2.84, '2023-08-31': -1.85, '2023-09-30': -0.58, '2023-10-31': -0.18, '2023-11-30': -2.5, '2023-12-31': -5.24, '2024-01-31': 5.83, '2024-02-29': 0.42, '2024-03-31': 1.83, '2024-04-30': -1.6, '2024-05-31': 4.21, '2024-06-30': -9.83, '2024-07-31': -1.14, '2024-08-31': -4.12, '2024-09-30': 1.41, '2024-10-31': 2.55, '2024-11-30': 0.3, '2024-12-31': -2.08, '2025-01-31': -8.91, '2025-02-28': -5.69, '2025-03-31': -7.03, '2025-04-30': -1.27, '2025-05-31': 4.3, '2025-06-30': -4.66, '2025-07-31': -1.51, '2025-08-31': -2.56, '2025-09-30': -3.08, '2025-10-31': -2.1, '2025-11-30': -12.44, '2025-12-31': -3.07}",16.301
S30c_Asian_Session_Fade,FIL_USDT_USDT,30m,-57.52,-19.3,-1.2672,-3.304,-0.3326,-58.02,666,0.7827,41.74,-8.636,666,-0.1392,74.5375,68.2293,1.0925,11,9,10.86,-9.45,29.79,"{'2022-02-28': -3.25, '2022-03-31': 2.19, '2022-04-30': 3.01, '2022-05-31': -9.45, '2022-06-30': -0.64, '2022-07-31': 10.86, '2022-08-31': -4.61, '2022-09-30': -4.21, '2022-10-31': -3.39, '2022-11-30': -4.12, '2022-12-31': -3.73, '2023-01-31': 0.64, '2023-02-28': 5.8, '2023-03-31': -5.74, '2023-04-30': 1.79, '2023-05-31': -3.48, '2023-06-30': -1.81, '2023-07-31': 0.87, '2023-08-31': -2.22, '2023-09-30': -2.09, '2023-10-31': 1.74, '2023-11-30': -4.94, '2023-12-31': -4.91, '2024-01-31': 7.67, '2024-02-29': -1.61, '2024-03-31': 4.39, '2024-04-30': -1.4, '2024-05-31': 4.92, '2024-06-30': -4.56, '2024-07-31': -1.41, '2024-08-31': -1.03, '2024-09-30': -2.83, '2024-10-31': 0.54, '2024-11-30': -0.71, '2024-12-31': -3.31, '2025-01-31': -5.32, '2025-02-28': -3.02, '2025-03-31': -6.36, '2025-04-30': -7.91, '2025-05-31': 4.36, '2025-06-30': -4.64, '2025-07-31': 0.94, '2025-08-31': -1.4, '2025-09-30': -1.9, '2025-10-31': -6.08, '2025-11-30': -4.11, '2025-12-31': -6.47}",13.886
S30c_Asian_Session_Fade,INJ_USDT_USDT,30m,-68.26,-28.9,-1.5434,-5.0386,-0.4148,-69.67,669,0.756,39.35,-10.0979,676,-0.179,79.5326,68.2485,1.1653,5,12,6.56,-18.67,32.5,"{'2022-09-30': -0.77, '2022-10-31': -2.69, '2022-11-30': -8.47, '2022-12-31': -0.02, '2023-01-31': 0.61, '2023-02-28': 0.77, '2023-03-31': -3.72, '2023-04-30': 6.56, '2023-05-31': -5.77, '2023-06-30': -5.4, '2023-07-31': -5.69, '2023-08-31': 1.09, '2023-09-30': 6.22, '2023-10-31': -4.1, '2023-11-30': -6.61, '2023-12-31': 2.32, '2024-01-31': 1.11, '2024-02-29': 2.87, '2024-03-31': -6.19, '2024-04-30': -1.95, '2024-05-31': -1.16, '2024-06-30': 0.21, '2024-07-31': -9.95, '2024-08-31': -6.27, '2024-09-30': -3.52, '2024-10-31': 1.55, '2024-11-30': -3.09, '2024-12-31': -3.2, '2025-01-31': -18.67, '2025-02-28': -3.89, '2025-03-31': -6.35, '2025-04-30': -4.57, '2025-05-31': -1.09, '2025-06-30': -5.48, '2025-07-31': 0.81, '2025-08-31': 0.56, '2025-09-30': -4.91, '2025-10-31': -4.7, '2025-11-30': -5.98, '2025-12-31': 0.29}",16.702
S30c_Asian_Session_Fade,TRX_USDT_USDT,30m,-78.51,-31.93,-3.3804,-7.4856,-0.3992,-79.99,888,0.6239,39.51,-7.9953,982,-0.1505,33.5738,35.1482,0.9552,6,12,5.07,-10.7,14.89,"{'2022-02-28': -3.31, '2022-03-31': 5.07, '2022-04-30': 0.83, '2022-05-31': 4.97, '2022-06-30': -1.97, '2022-07-31': -7.94, '2022-08-31': -4.17, '2022-09-30': -2.13, '2022-10-31': -0.56, '2022-11-30': -2.64, '2022-12-31': -0.73, '2023-01-31': -3.16, '2023-02-28': 0.07, '2023-03-31': -0.98, '2023-04-30': -1.32, '2023-05-31': 1.86, '2023-06-30': -1.84, '2023-07-31': -3.33, '2023-08-31': 0.33, '2023-09-30': -2.55, '2023-10-31': -4.03, '2023-11-30': -3.03, '2023-12-31': -4.08, '2024-01-31': -3.91, '2024-02-29': -5.26, '2024-03-31': -4.55, '2024-04-30': -6.78, '2024-05-31': -4.36, '2024-06-30': -4.83, '2024-07-31': -6.45, '2024-08-31': -6.87, '2024-09-30': -1.59, '2024-10-31': -4.06, '2024-11-30': 0.77, '2024-12-31': -5.6, '2025-01-31': -10.7, '2025-02-28': -4.89, '2025-03-31': -0.7, '2025-04-30': -5.96, '2025-05-31': -4.44, '2025-06-30': -3.4, '2025-07-31': -2.07, '2025-08-31': -6.88, '2025-09-30': -8.97, '2025-10-31': -6.29, '2025-11-30': -3.61, '2025-12-31': -1.52}",20.474
S30c_Asian_Session_Fade,ETC_USDT_USDT,30m,-69.07,-25.45,-1.7605,-4.251,-0.3619,-70.33,681,0.7073,38.43,-10.0538,687,-0.1701,63.2273,55.7895,1.1333,6,10,7.99,-11.58,23.4,"{'2022-02-28': -6.98, '2022-03-31': 1.62, '2022-04-30': 2.8, '2022-05-31': -3.83, '2022-06-30': -0.16, '2022-07-31': -1.81, '2022-08-31': 0.7, '2022-09-30': 2.38, '2022-10-31': -4.0, '2022-11-30': -1.38, '2022-12-31': -6.06, '2023-01-31': 3.52, '2023-02-28': 0.73, '2023-03-31': -4.08, '2023-04-30': 2.35, '2023-05-31': -2.89, '2023-06-30': -1.93, '2023-07-31': -5.0, '2023-08-31': -6.04, '2023-09-30': -3.64, '2023-10-31': 1.54, '2023-11-30': -2.2, '2023-12-31': -2.59, '2024-01-31': 7.9, '2024-02-29': -3.79, '2024-03-31': -4.46, '2024-04-30': -2.28, '2024-05-31': 7.99, '2024-06-30': -1.13, '2024-07-31': -7.48, '2024-08-31': 2.33, '2024-09-30': -6.0, '2024-10-31': -2.95, '2024-11-30': -9.27, '2024-12-31': -0.09, '2025-01-31': -11.58, '2025-02-28': -0.52, '2025-03-31': -5.14, '2025-04-30': -4.41, '2025-05-31': -1.6, '2025-06-30': -5.07, '2025-07-31': -0.39, '2025-08-31': -0.63, '2025-09-30': -5.08, '2025-10-31': -7.17, '2025-11-30': -6.98, '2025-12-31': -3.54}",14.323
S30c_Asian_Session_Fade,XLM_USDT_USDT,30m,-66.45,-23.91,-1.507,-3.819,-0.3401,-70.3,705,0.7638,41.8,-8.1938,811,-0.1237,63.3815,59.6006,1.0634,7,10,4.87,-10.36,31.91,"{'2022-02-28': 2.38, '2022-03-31': 1.41, '2022-04-30': 3.49, '2022-05-31': -1.16, '2022-06-30': -3.52, '2022-07-31': 4.87, '2022-08-31': -0.17, '2022-09-30': -2.99, '2022-10-31': -1.51, '2022-11-30': -0.64, '2022-12-31': -6.07, '2023-01-31': 0.7, '2023-02-28': -1.38, '2023-03-31': -6.5, '2023-04-30': -2.82, '2023-05-31': 1.64, '2023-06-30': -9.82, '2023-07-31': -4.92, '2023-08-31': -0.6, '2023-09-30': 2.1, '2023-10-31': -1.71, '2023-11-30': -5.15, '2023-12-31': -4.97, '2024-01-31': 2.74, '2024-02-29': 0.24, '2024-03-31': -0.14, '2024-04-30': -6.48, '2024-05-31': 0.17, '2024-06-30': -4.5, '2024-07-31': -10.36, '2024-08-31': -2.48, '2024-09-30': -3.24, '2024-10-31': 0.62, '2024-11-30': 1.32, '2024-12-31': 3.23, '2025-01-31': -3.34, '2025-02-28': -1.92, '2025-03-31': 1.99, '2025-04-30': -6.66, '2025-05-31': -1.51, '2025-06-30': -4.2, '2025-07-31': -9.42, '2025-08-31': 0.21, '2025-09-30': -2.55, '2025-10-31': -5.32, '2025-11-30': -9.21, '2025-12-31': -8.65}",16.909
S30c_Asian_Session_Fade,RUNE_USDT_USDT,30m,-78.37,-31.85,-2.0235,-4.5122,-0.3871,-82.27,751,0.7496,37.87,-9.6037,816,-0.2139,75.9205,61.7279,1.2299,6,19,11.74,-14.41,17.02,"{'2022-02-28': 3.84, '2022-03-31': 2.71, '2022-04-30': 3.23, '2022-05-31': -7.22, '2022-06-30': 0.47, '2022-07-31': 3.13, '2022-08-31': -1.55, '2022-09-30': -1.85, '2022-10-31': -5.97, '2022-11-30': 0.66, '2022-12-31': -8.12, '2023-01-31': 1.13, '2023-02-28': -7.78, '2023-03-31': -3.1, '2023-04-30': -3.83, '2023-05-31': -4.22, '2023-06-30': -4.65, '2023-07-31': -0.76, '2023-08-31': -5.13, '2023-09-30': -6.48, '2023-10-31': -1.45, '2023-11-30': -1.44, '2023-12-31': 11.74, '2024-01-31': -2.34, '2024-02-29': -7.67, '2024-03-31': -2.36, '2024-04-30': -10.24, '2024-05-31': -14.41, '2024-06-30': -1.73, '2024-07-31': -2.26, '2024-08-31': -7.87, '2024-09-30': -3.84, '2024-10-31': -0.66, '2024-11-30': -6.23, '2024-12-31': -1.6, '2025-01-31': -7.14, '2025-02-28': -6.47, '2025-03-31': -0.78, '2025-04-30': -3.11, '2025-05-31': -6.4, '2025-06-30': -6.19, '2025-07-31': -2.39, '2025-08-31': -2.26, '2025-09-30': -6.36, '2025-10-31': -5.01, '2025-11-30': -4.01, '2025-12-31': -4.87}",17.013
S30c_Asian_Session_Fade,AAVE_USDT_USDT,30m,-82.6,-35.43,-2.5976,-6.7216,-0.4287,-82.65,808,0.6868,37.0,-10.2225,808,-0.2591,60.5886,51.8188,1.1692,6,14,5.61,-14.45,12.77,"{'2022-02-28': -2.78, '2022-03-31': -3.83, '2022-04-30': 2.05, '2022-05-31': -1.76, '2022-06-30': -3.39, '2022-07-31': 5.61, '2022-08-31': -1.46, '2022-09-30': -3.96, '2022-10-31': -2.52, '2022-11-30': 1.28, '2022-12-31': -4.51, '2023-01-31': -2.81, '2023-02-28': -1.96, '2023-03-31': -5.23, '2023-04-30': -0.22, '2023-05-31': -7.09, '2023-06-30': -8.61, '2023-07-31': -3.06, '2023-08-31': -4.66, '2023-09-30': -2.39, '2023-10-31': -3.43, '2023-11-30': -2.81, '2023-12-31': -3.0, '2024-01-31': -0.76, '2024-02-29': -4.34, '2024-03-31': -6.69, '2024-04-30': -11.09, '2024-05-31': 3.13, '2024-06-30': -2.21, '2024-07-31': -2.43, '2024-08-31': 1.97, '2024-09-30': -0.84, '2024-10-31': -5.59, '2024-11-30': 4.76, '2024-12-31': -5.3, '2025-01-31': -14.45, '2025-02-28': -5.06, '2025-03-31': -0.04, '2025-04-30': -8.94, '2025-05-31': -2.87, '2025-06-30': -1.45, '2025-07-31': -6.16, '2025-08-31': -8.19, '2025-09-30': -4.35, '2025-10-31': -5.65, '2025-11-30': -9.69, '2025-12-31': -6.68}",16.846
S30c_Asian_Session_Fade,LDO_USDT_USDT,30m,-62.52,-24.83,-1.2102,-3.7407,-0.3647,-68.08,583,0.7983,39.7,-9.401,665,-0.147,93.7256,77.2948,1.2126,6,13,8.09,-12.76,31.71,"{'2022-08-31': 1.49, '2022-09-30': -2.84, '2022-10-31': 2.28, '2022-11-30': 8.09, '2022-12-31': -0.77, '2023-01-31': -5.05, '2023-02-28': -7.52, '2023-03-31': -4.64, '2023-04-30': 1.13, '2023-05-31': 1.33, '2023-06-30': -7.33, '2023-07-31': 2.65, '2023-08-31': -3.74, '2023-09-30': -4.52, '2023-10-31': -0.6, '2023-11-30': -3.33, '2023-12-31': 3.84, '2024-01-31': -5.1, '2024-02-29': -1.29, '2024-03-31': 1.42, '2024-04-30': -4.1, '2024-05-31': 2.3, '2024-06-30': 2.58, '2024-07-31': 1.33, '2024-08-31': -9.49, '2024-09-30': -1.93, '2024-10-31': -3.85, '2024-11-30': 5.04, '2024-12-31': -0.15, '2025-01-31': -12.41, '2025-02-28': -7.9, '2025-03-31': -4.71, '2025-04-30': -4.28, '2025-05-31': 1.83, '2025-06-30': -3.48, '2025-07-31': -1.15, '2025-08-31': -12.76, '2025-09-30': -5.67, '2025-10-31': -0.6, '2025-11-30': -2.38, '2025-12-31': -9.78}",16.078
S30c_Asian_Session_Fade,SAND_USDT_USDT,30m,-65.09,-23.17,-1.5029,-3.3913,-0.3367,-68.81,582,0.7697,40.79,-8.8796,733,-0.1589,72.7401,65.1107,1.1172,6,13,9.05,-10.72,27.66,"{'2022-02-28': -4.92, '2022-03-31': 1.23, '2022-04-30': 3.6, '2022-05-31': -1.78, '2022-06-30': -0.99, '2022-07-31': 9.05, '2022-08-31': 0.99, '2022-09-30': 5.17, '2022-10-31': -0.69, '2022-11-30': -1.62, '2022-12-31': -7.05, '2023-01-31': -0.05, '2023-02-28': -5.7, '2023-03-31': -2.32, '2023-04-30': 0.67, '2023-05-31': -2.69, '2023-06-30': 0.43, '2023-07-31': -2.94, '2023-08-31': -2.21, '2023-09-30': -3.34, '2023-10-31': -4.59, '2023-11-30': -6.76, '2023-12-31': -8.21, '2024-01-31': 3.43, '2024-02-29': -7.07, '2024-03-31': -2.07, '2024-04-30': -10.72, '2024-05-31': 6.36, '2024-06-30': -7.18, '2024-07-31': -0.25, '2024-08-31': 0.26, '2024-09-30': -2.14, '2024-10-31': -2.03, '2024-11-30': -4.0, '2024-12-31': -1.65, '2025-01-31': -10.26, '2025-02-28': -3.45, '2025-03-31': -9.15, '2025-04-30': -2.82, '2025-05-31': 2.86, '2025-06-30': -4.36, '2025-07-31': -4.85, '2025-08-31': 3.85, '2025-09-30': -1.81, '2025-10-31': -1.55, '2025-11-30': 0.08, '2025-12-31': -3.51}",15.283
S30c_Asian_Session_Fade,MANA_USDT_USDT,30m,-62.14,-21.6,-1.561,-3.5908,-0.3252,-66.42,647,0.7839,42.06,-8.2201,756,-0.1578,70.8902,65.6564,1.0797,9,13,7.44,-12.71,34.04,"{'2022-02-28': -1.37, '2022-03-31': -1.44, '2022-04-30': 4.49, '2022-05-31': -2.93, '2022-06-30': -1.76, '2022-07-31': 7.44, '2022-08-31': 3.32, '2022-09-30': 0.54, '2022-10-31': -4.81, '2022-11-30': -3.38, '2022-12-31': 1.21, '2023-01-31': -3.51, '2023-02-28': -2.19, '2023-03-31': -4.45, '2023-04-30': -0.09, '2023-05-31': -1.03, '2023-06-30': -4.15, '2023-07-31': -1.68, '2023-08-31': 0.91, '2023-09-30': 0.6, '2023-10-31': -6.72, '2023-11-30': -7.08, '2023-12-31': -3.62, '2024-01-31': 1.87, '2024-02-29': -3.62, '2024-03-31': 0.97, '2024-04-30': -10.89, '2024-05-31': 4.47, '2024-06-30': -3.94, '2024-07-31': -2.26, '2024-08-31': 3.64, '2024-09-30': -4.41, '2024-10-31': -8.35, '2024-11-30': -10.4, '2024-12-31': 5.57, '2025-01-31': -12.71, '2025-02-28': -1.77, '2025-03-31': -0.52, '2025-04-30': -1.15, '2025-05-31': 0.61, '2025-06-30': -7.5, '2025-07-31': 0.76, '2025-08-31': 3.4, '2025-09-30': -5.62, '2025-10-31': -6.56, '2025-11-30': -2.31, '2025-12-31': 3.09}",15.762
S30c_Asian_Session_Fade,CRV_USDT_USDT,30m,-63.55,-22.31,-1.4267,-3.7331,-0.34,-65.62,754,0.7849,41.16,-8.3837,758,-0.165,74.3327,66.2481,1.122,13,11,13.97,-11.7,36.17,"{'2022-02-28': -5.47, '2022-03-31': 0.15, '2022-04-30': 2.98, '2022-05-31': -0.89, '2022-06-30': -4.21, '2022-07-31': 2.4, '2022-08-31': -1.25, '2022-09-30': -4.15, '2022-10-31': -7.99, '2022-11-30': -3.34, '2022-12-31': -2.01, '2023-01-31': 1.91, '2023-02-28': -3.29, '2023-03-31': -4.47, '2023-04-30': 1.58, '2023-05-31': -2.62, '2023-06-30': -4.64, '2023-07-31': 4.56, '2023-08-31': 1.62, '2023-09-30': 1.52, '2023-10-31': -0.13, '2023-11-30': -7.55, '2023-12-31': 1.79, '2024-01-31': 13.97, '2024-02-29': -7.91, '2024-03-31': -0.38, '2024-04-30': -6.85, '2024-05-31': 3.64, '2024-06-30': -0.7, '2024-07-31': -7.96, '2024-08-31': 2.98, '2024-09-30': -0.38, '2024-10-31': 4.36, '2024-11-30': -8.16, '2024-12-31': -3.15, '2025-01-31': -11.7, '2025-02-28': 3.42, '2025-03-31': -6.42, '2025-04-30': 2.39, '2025-05-31': -5.32, '2025-06-30': -2.78, '2025-07-31': 0.63, '2025-08-31': 1.64, '2025-09-30': -2.85, '2025-10-31': -7.95, '2025-11-30': -8.56, '2025-12-31': -4.28}",15.804
S30c_Asian_Session_Fade,GALA_USDT_USDT,30m,-57.68,-19.41,-1.2545,-3.0339,-0.3215,-60.37,675,0.8155,40.74,-8.4817,680,-0.1656,92.0611,77.5893,1.1865,8,11,9.7,-9.47,36.17,"{'2022-02-28': -5.65, '2022-03-31': -5.64, '2022-04-30': 0.72, '2022-05-31': 0.37, '2022-06-30': 1.54, '2022-07-31': 9.7, '2022-08-31': -0.42, '2022-09-30': -5.31, '2022-10-31': -6.47, '2022-11-30': -2.36, '2022-12-31': 0.21, '2023-01-31': 2.12, '2023-02-28': 0.46, '2023-03-31': -0.51, '2023-04-30': 1.92, '2023-05-31': 1.7, '2023-06-30': -1.67, '2023-07-31': -7.04, '2023-08-31': 3.76, '2023-09-30': -4.31, '2023-10-31': -5.23, '2023-11-30': -1.84, '2023-12-31': -1.7, '2024-01-31': 2.43, '2024-02-29': -0.33, '2024-03-31': -1.59, '2024-04-30': -4.15, '2024-05-31': 4.08, '2024-06-30': -9.47, '2024-07-31': -2.29, '2024-08-31': 1.39, '2024-09-30': 0.37, '2024-10-31': 0.53, '2024-11-30': 3.88, '2024-12-31': -0.96, '2025-01-31': -0.91, '2025-02-28': -4.02, '2025-03-31': -6.54, '2025-04-30': -5.44, '2025-05-31': 1.24, '2025-06-30': -6.12, '2025-07-31': -0.79, '2025-08-31': -1.18, '2025-09-30': -7.28, '2025-10-31': -7.52, '2025-11-30': -5.25, '2025-12-31': -6.13}",14.178
S30c_Asian_Session_Fade,APE_USDT_USDT,30m,-66.04,-24.8,-1.367,-3.2428,-0.3503,-70.79,651,0.8029,39.64,-9.0596,729,-0.1584,93.117,76.1711,1.2225,8,13,9.4,-14.58,31.11,"{'2022-04-30': -5.59, '2022-05-31': 2.17, '2022-06-30': 5.6, '2022-07-31': 2.78, '2022-08-31': 0.21, '2022-09-30': 3.68, '2022-10-31': -2.15, '2022-11-30': 1.91, '2022-12-31': -2.78, '2023-01-31': -0.66, '2023-02-28': -0.16, '2023-03-31': -2.23, '2023-04-30': 1.92, '2023-05-31': -4.31, '2023-06-30': -3.21, '2023-07-31': -1.14, '2023-08-31': 1.42, '2023-09-30': -0.57, '2023-10-31': -8.49, '2023-11-30': -4.16, '2023-12-31': 3.95, '2024-01-31': 7.57, '2024-02-29': -3.12, '2024-03-31': -6.59, '2024-04-30': -9.04, '2024-05-31': 0.71, '2024-06-30': -3.05, '2024-07-31': -3.24, '2024-08-31': -1.63, '2024-09-30': -1.04, '2024-10-31': -12.02, '2024-11-30': 3.82, '2024-12-31': -4.21, '2025-01-31': -14.58, '2025-02-28': -4.39, '2025-03-31': -7.07, '2025-04-30': -4.5, '2025-05-31': 6.49, '2025-06-30': -7.29, '2025-07-31': -4.09, '2025-08-31': 9.4, '2025-09-30': -10.21, '2025-10-31': -9.78, '2025-11-30': -6.92, '2025-12-31': -6.7}",16.034
S30c_Asian_Session_Fade,AXS_USDT_USDT,30m,-57.53,-19.31,-1.0,-2.547,-0.3264,-59.16,678,0.7931,41.25,-8.3862,686,-0.1144,77.9215,68.9944,1.1294,7,9,4.86,-9.45,36.17,"{'2022-02-28': -3.41, '2022-03-31': -5.86, '2022-04-30': 1.35, '2022-05-31': 2.4, '2022-06-30': 1.34, '2022-07-31': 1.38, '2022-08-31': 3.04, '2022-09-30': -1.58, '2022-10-31': -4.9, '2022-11-30': -3.47, '2022-12-31': -6.02, '2023-01-31': -0.27, '2023-02-28': 3.55, '2023-03-31': -1.86, '2023-04-30': 1.31, '2023-05-31': -2.26, '2023-06-30': 0.36, '2023-07-31': 1.36, '2023-08-31': -3.35, '2023-09-30': 1.45, '2023-10-31': -0.54, '2023-11-30': -4.3, '2023-12-31': -5.33, '2024-01-31': 4.86, '2024-02-29': -3.76, '2024-03-31': -0.6, '2024-04-30': -9.45, '2024-05-31': 0.49, '2024-06-30': -4.82, '2024-07-31': 1.77, '2024-08-31': -2.88, '2024-09-30': -5.64, '2024-10-31': -1.42, '2024-11-30': 0.79, '2024-12-31': 1.6, '2025-01-31': -7.33, '2025-02-28': -3.49, '2025-03-31': -7.18, '2025-04-30': -1.96, '2025-05-31': -1.03, '2025-06-30': -1.72, '2025-07-31': 2.75, '2025-08-31': -2.33, '2025-09-30': -2.83, '2025-10-31': 0.35, '2025-11-30': -4.82, '2025-12-31': -6.56}",14.303
S30c_Asian_Session_Fade,GRT_USDT_USDT,30m,-74.42,-28.93,-1.7408,-4.5667,-0.3778,-76.57,789,0.7555,39.07,-9.3489,796,-0.1931,73.9394,62.7565,1.1782,9,14,8.27,-12.27,31.91,"{'2022-02-28': -8.52, '2022-03-31': -11.22, '2022-04-30': -1.18, '2022-05-31': -0.94, '2022-06-30': 0.67, '2022-07-31': 5.79, '2022-08-31': 1.68, '2022-09-30': 1.72, '2022-10-31': 2.38, '2022-11-30': 6.37, '2022-12-31': -5.96, '2023-01-31': -7.46, '2023-02-28': 0.77, '2023-03-31': -4.63, '2023-04-30': -0.89, '2023-05-31': 3.23, '2023-06-30': -1.47, '2023-07-31': -1.78, '2023-08-31': -3.63, '2023-09-30': -2.44, '2023-10-31': -6.02, '2023-11-30': -4.35, '2023-12-31': -2.86, '2024-01-31': 6.64, '2024-02-29': -12.14, '2024-03-31': -3.58, '2024-04-30': -3.64, '2024-05-31': 0.99, '2024-06-30': -7.25, '2024-07-31': -6.63, '2024-08-31': 2.86, '2024-09-30': -3.05, '2024-10-31': 8.27, '2024-11-30': -8.92, '2024-12-31': 0.92, '2025-01-31': -5.75, '2025-02-28': -4.25, '2025-03-31': -7.36, '2025-04-30': -9.18, '2025-05-31': 1.36, '2025-06-30': -3.29, '2025-07-31': -2.42, '2025-08-31': 0.78, '2025-09-30': -7.63, '2025-10-31': -5.43, '2025-11-30': -12.27, '2025-12-31': -5.79}",16.596
S30c_Asian_Session_Fade,CHZ_USDT_USDT,30m,-46.88,-14.64,-0.7927,-1.8219,-0.2975,-49.21,632,0.857,44.0,-6.2512,750,-0.0816,85.1585,78.0731,1.0908,8,11,5.84,-10.69,36.17,"{'2022-02-28': -0.02, '2022-03-31': -0.07, '2022-04-30': -0.76, '2022-05-31': -0.02, '2022-06-30': -0.36, '2022-07-31': 5.25, '2022-08-31': -2.45, '2022-09-30': 0.24, '2022-10-31': 2.91, '2022-11-30': -3.38, '2022-12-31': -3.34, '2023-01-31': 3.71, '2023-02-28': 3.08, '2023-03-31': -6.77, '2023-04-30': -0.95, '2023-05-31': -3.69, '2023-06-30': -0.85, '2023-07-31': -2.32, '2023-08-31': 0.19, '2023-09-30': 1.93, '2023-10-31': -6.88, '2023-11-30': 1.17, '2023-12-31': -3.89, '2024-01-31': 4.92, '2024-02-29': -4.03, '2024-03-31': 5.84, '2024-04-30': 2.31, '2024-05-31': -0.32, '2024-06-30': -5.03, '2024-07-31': 0.44, '2024-08-31': -1.47, '2024-09-30': 1.67, '2024-10-31': -4.4, '2024-11-30': 0.1, '2024-12-31': -0.67, '2025-01-31': -10.66, '2025-02-28': -2.84, '2025-03-31': -4.52, '2025-04-30': -1.23, '2025-05-31': 3.56, '2025-06-30': -1.45, '2025-07-31': 1.69, '2025-08-31': 0.48, '2025-09-30': -4.07, '2025-10-31': -5.16, '2025-11-30': -4.18, '2025-12-31': -10.69}",15.637
S30c_Asian_Session_Fade,1000LUNC_USDT_USDT,30m,-46.94,-17.44,-1.2659,-2.6297,-0.315,-55.37,588,0.8398,42.77,-7.4619,629,-0.1388,91.4727,81.3881,1.1239,6,18,8.56,-15.89,38.46,"{'2022-10-31': 8.56, '2022-11-30': 4.98, '2022-12-31': -8.83, '2023-01-31': 1.24, '2023-02-28': 3.29, '2023-03-31': -3.54, '2023-04-30': 3.28, '2023-05-31': -1.94, '2023-06-30': 3.22, '2023-07-31': -2.85, '2023-08-31': -2.5, '2023-09-30': 0.56, '2023-10-31': -2.98, '2023-11-30': -0.35, '2023-12-31': 1.99, '2024-01-31': 1.24, '2024-02-29': 1.42, '2024-03-31': -6.0, '2024-04-30': -1.53, '2024-05-31': 4.08, '2024-06-30': -4.66, '2024-07-31': -1.7, '2024-08-31': 1.26, '2024-09-30': -1.01, '2024-10-31': -0.32, '2024-11-30': -8.42, '2024-12-31': -5.92, '2025-01-31': -15.89, '2025-02-28': -7.48, '2025-03-31': -4.6, '2025-04-30': 1.84, '2025-05-31': -0.71, '2025-06-30': -1.7, '2025-07-31': -4.87, '2025-08-31': 1.28, '2025-09-30': -2.5, '2025-10-31': -6.01, '2025-11-30': -1.84, '2025-12-31': 0.67}",15.837
S30c_Asian_Session_Fade,TWT_USDT_USDT,30m,-47.27,-18.56,-0.7694,-2.216,-0.3533,-52.54,621,0.8001,43.3,-7.284,649,-0.0652,67.3294,64.2578,1.0478,8,9,6.57,-10.98,27.03,"{'2022-12-31': 4.0, '2023-01-31': 2.73, '2023-02-28': -1.95, '2023-03-31': -1.68, '2023-04-30': -5.48, '2023-05-31': -1.32, '2023-06-30': -1.83, '2023-07-31': 0.1, '2023-08-31': -4.31, '2023-09-30': -0.24, '2023-10-31': -1.17, '2023-11-30': -5.55, '2023-12-31': -1.73, '2024-01-31': 5.8, '2024-02-29': -1.74, '2024-03-31': -5.33, '2024-04-30': -5.74, '2024-05-31': 2.96, '2024-06-30': -3.74, '2024-07-31': -1.0, '2024-08-31': 1.69, '2024-09-30': 2.3, '2024-10-31': -4.72, '2024-11-30': -1.46, '2024-12-31': -5.33, '2025-01-31': -10.98, '2025-02-28': 0.97, '2025-03-31': -2.67, '2025-04-30': -2.31, '2025-05-31': -0.7, '2025-06-30': -0.7, '2025-07-31': -5.73, '2025-08-31': -4.0, '2025-09-30': 6.57, '2025-10-31': -5.1, '2025-11-30': 3.14, '2025-12-31': -1.76}",17.345
S30c_Asian_Session_Fade,ZRX_USDT_USDT,30m,-78.54,-33.65,-2.1594,-5.3147,-0.4165,-80.79,737,0.7009,38.52,-9.5426,823,-0.2055,58.0598,51.8943,1.1188,8,18,7.8,-17.02,26.67,"{'2022-04-30': 7.8, '2022-05-31': -5.4, '2022-06-30': 1.57, '2022-07-31': 4.17, '2022-08-31': 0.23, '2022-09-30': 1.1, '2022-10-31': -2.38, '2022-11-30': -1.72, '2022-12-31': -12.68, '2023-01-31': -4.41, '2023-02-28': -5.73, '2023-03-31': -4.7, '2023-04-30': -3.34, '2023-05-31': -1.9, '2023-06-30': -4.75, '2023-07-31': -11.48, '2023-08-31': -5.07, '2023-09-30': -5.84, '2023-10-31': -8.99, '2023-11-30': 1.83, '2023-12-31': -9.74, '2024-01-31': 3.38, '2024-02-29': -6.16, '2024-03-31': -1.17, '2024-04-30': -3.1, '2024-05-31': 5.55, '2024-06-30': -10.06, '2024-07-31': -0.97, '2024-08-31': 0.38, '2024-09-30': -1.91, '2024-10-31': -5.52, '2024-11-30': -6.06, '2024-12-31': -6.68, '2025-01-31': -17.02, '2025-02-28': -5.25, '2025-03-31': -5.48, '2025-04-30': -2.12, '2025-05-31': 0.68, '2025-06-30': -3.29, '2025-07-31': 0.77, '2025-08-31': 4.44, '2025-09-30': -7.69, '2025-10-31': -1.54, '2025-11-30': -2.39, '2025-12-31': -2.04}",18.233
S30c_Asian_Session_Fade,ANKR_USDT_USDT,30m,-51.66,-16.65,-0.8681,-2.2367,-0.3086,-53.96,798,0.8229,42.84,-6.434,803,-0.0841,69.794,63.5634,1.098,10,9,7.71,-10.87,36.17,"{'2022-02-28': -1.42, '2022-03-31': 1.79, '2022-04-30': 1.25, '2022-05-31': -3.02, '2022-06-30': -6.66, '2022-07-31': 5.89, '2022-08-31': 3.47, '2022-09-30': -5.31, '2022-10-31': -3.72, '2022-11-30': -3.22, '2022-12-31': -5.97, '2023-01-31': -5.1, '2023-02-28': 0.97, '2023-03-31': -3.92, '2023-04-30': -0.39, '2023-05-31': -8.05, '2023-06-30': -7.8, '2023-07-31': 4.79, '2023-08-31': 0.42, '2023-09-30': -1.05, '2023-10-31': -4.55, '2023-11-30': 7.71, '2023-12-31': -3.67, '2024-01-31': 2.7, '2024-02-29': -10.87, '2024-03-31': 3.94, '2024-04-30': -5.38, '2024-05-31': 4.09, '2024-06-30': -4.12, '2024-07-31': 4.3, '2024-08-31': -0.01, '2024-09-30': -1.51, '2024-10-31': -3.15, '2024-11-30': 2.71, '2024-12-31': -3.97, '2025-01-31': -7.16, '2025-02-28': 4.7, '2025-03-31': -6.99, '2025-04-30': 6.54, '2025-05-31': -2.3, '2025-06-30': 3.88, '2025-07-31': 0.75, '2025-08-31': -3.18, '2025-09-30': -3.21, '2025-10-31': -2.07, '2025-11-30': -0.2, '2025-12-31': -6.68}",16.742
S30c_Asian_Session_Fade,STX_USDT_USDT,30m,-40.3,-12.14,-0.6835,-1.7215,-0.2429,-49.97,594,0.8957,43.44,-5.4536,739,-0.0796,107.7775,92.4085,1.1663,7,10,7.59,-11.68,38.3,"{'2022-02-28': 1.37, '2022-03-31': -0.27, '2022-04-30': -0.09, '2022-05-31': -1.41, '2022-06-30': 2.42, '2022-07-31': 2.33, '2022-08-31': 0.98, '2022-09-30': 6.01, '2022-10-31': 2.39, '2022-11-30': -2.24, '2022-12-31': -3.88, '2023-01-31': -1.69, '2023-02-28': -1.47, '2023-03-31': -2.78, '2023-04-30': -2.59, '2023-05-31': -5.09, '2023-06-30': -4.76, '2023-07-31': 2.32, '2023-08-31': -1.12, '2023-09-30': 1.51, '2023-10-31': 0.1, '2023-11-30': -0.36, '2023-12-31': -2.53, '2024-01-31': 7.54, '2024-02-29': -2.76, '2024-03-31': 2.43, '2024-04-30': 0.62, '2024-05-31': 2.74, '2024-06-30': 2.7, '2024-07-31': -2.22, '2024-08-31': -0.61, '2024-09-30': -5.11, '2024-10-31': -2.12, '2024-11-30': 0.2, '2024-12-31': -4.01, '2025-01-31': -11.68, '2025-02-28': 1.7, '2025-03-31': -2.79, '2025-04-30': -1.17, '2025-05-31': -4.52, '2025-06-30': -6.42, '2025-07-31': -2.03, '2025-08-31': 0.33, '2025-09-30': -4.49, '2025-10-31': -4.96, '2025-11-30': 7.59, '2025-12-31': -10.5}",15.408
S30c_Asian_Session_Fade,EGLD_USDT_USDT,30m,-62.28,-21.67,-1.4319,-3.6561,-0.3406,-63.63,806,0.8032,42.28,-7.6322,816,-0.1272,73.6559,67.1744,1.0965,9,10,9.65,-11.82,29.79,"{'2022-02-28': -9.81, '2022-03-31': -10.53, '2022-04-30': -1.06, '2022-05-31': -2.09, '2022-06-30': 2.62, '2022-07-31': 5.21, '2022-08-31': 2.07, '2022-09-30': -0.03, '2022-10-31': -3.52, '2022-11-30': 2.73, '2022-12-31': -2.67, '2023-01-31': -0.21, '2023-02-28': 0.65, '2023-03-31': 2.78, '2023-04-30': -2.92, '2023-05-31': -1.49, '2023-06-30': -1.41, '2023-07-31': -0.03, '2023-08-31': 0.05, '2023-09-30': -0.6, '2023-10-31': -2.54, '2023-11-30': -4.34, '2023-12-31': 1.03, '2024-01-31': 4.28, '2024-02-29': -7.88, '2024-03-31': 9.65, '2024-04-30': -3.91, '2024-05-31': 2.33, '2024-06-30': -6.51, '2024-07-31': -1.77, '2024-08-31': 0.38, '2024-09-30': -5.73, '2024-10-31': -4.73, '2024-11-30': -2.03, '2024-12-31': -0.78, '2025-01-31': -5.63, '2025-02-28': -3.76, '2025-03-31': -4.33, '2025-04-30': -3.86, '2025-05-31': 1.85, '2025-06-30': -5.74, '2025-07-31': 2.93, '2025-08-31': -0.72, '2025-09-30': -8.13, '2025-10-31': -11.82, '2025-11-30': -6.3, '2025-12-31': -5.72}",17.013
S30c_Asian_Session_Fade,MINA_USDT_USDT,30m,-42.48,-13.78,-0.3682,-0.9013,-0.2336,-58.98,616,0.9071,44.5,-5.1935,818,-0.0391,114.0006,100.7589,1.1314,6,10,9.83,-10.45,34.09,"{'2022-05-31': 7.66, '2022-06-30': -3.48, '2022-07-31': 5.36, '2022-08-31': 0.97, '2022-09-30': 4.62, '2022-10-31': -4.59, '2022-11-30': 2.76, '2022-12-31': -1.76, '2023-01-31': 3.03, '2023-02-28': 8.75, '2023-03-31': -8.78, '2023-04-30': 0.65, '2023-05-31': -2.38, '2023-06-30': -2.42, '2023-07-31': -1.93, '2023-08-31': 2.15, '2023-09-30': 4.53, '2023-10-31': -3.5, '2023-11-30': -1.5, '2023-12-31': -3.62, '2024-01-31': 4.83, '2024-02-29': -1.86, '2024-03-31': 1.29, '2024-04-30': -8.76, '2024-05-31': 9.83, '2024-06-30': -2.93, '2024-07-31': -0.17, '2024-08-31': -3.0, '2024-09-30': 0.66, '2024-10-31': -4.7, '2024-11-30': -0.91, '2024-12-31': -4.3, '2025-01-31': -10.07, '2025-02-28': -4.57, '2025-03-31': -3.09, '2025-04-30': -10.45, '2025-05-31': 0.19, '2025-06-30': -5.34, '2025-07-31': -2.04, '2025-08-31': -0.33, '2025-09-30': -6.54, '2025-10-31': -3.62, '2025-11-30': -9.24, '2025-12-31': -0.34}",18.255
S30c_Asian_Session_Fade,ZEN_USDT_USDT,30m,-69.9,-25.94,-1.5305,-3.7987,-0.3686,-70.38,814,0.7421,39.95,-8.5656,816,-0.1763,61.6937,55.3096,1.1154,8,14,7.32,-14.28,34.04,"{'2022-02-28': -10.91, '2022-03-31': -3.3, '2022-04-30': -0.5, '2022-05-31': -7.04, '2022-06-30': -2.03, '2022-07-31': 1.23, '2022-08-31': 5.06, '2022-09-30': 6.87, '2022-10-31': -6.03, '2022-11-30': -4.69, '2022-12-31': -2.51, '2023-01-31': -0.86, '2023-02-28': 1.08, '2023-03-31': -3.88, '2023-04-30': 2.81, '2023-05-31': -6.86, '2023-06-30': -5.32, '2023-07-31': -2.53, '2023-08-31': -1.17, '2023-09-30': 0.96, '2023-10-31': -3.82, '2023-11-30': 3.79, '2023-12-31': -8.08, '2024-01-31': 7.32, '2024-02-29': -2.9, '2024-03-31': -4.48, '2024-04-30': -6.49, '2024-05-31': 0.07, '2024-06-30': -8.15, '2024-07-31': -0.45, '2024-08-31': 0.13, '2024-09-30': -3.06, '2024-10-31': 2.23, '2024-11-30': -10.14, '2024-12-31': -0.42, '2025-01-31': -14.28, '2025-02-28': 0.13, '2025-03-31': -3.8, '2025-04-30': -1.35, '2025-05-31': -4.77, '2025-06-30': 0.54, '2025-07-31': 1.24, '2025-08-31': 6.48, '2025-09-30': -7.58, '2025-10-31': -5.2, '2025-11-30': 4.42, '2025-12-31': -4.94}",17.013
S30c_Asian_Session_Fade,ALICE_USDT_USDT,30m,-55.86,-18.5,-1.2921,-3.1959,-0.3291,-56.21,781,0.8327,42.33,-7.0798,789,-0.1447,83.2259,73.3702,1.1343,10,12,10.41,-13.59,42.55,"{'2022-02-28': -4.14, '2022-03-31': -6.22, '2022-04-30': 10.41, '2022-05-31': 5.93, '2022-06-30': -6.81, '2022-07-31': -3.87, '2022-08-31': 3.83, '2022-09-30': 1.91, '2022-10-31': -4.85, '2022-11-30': -2.58, '2022-12-31': -6.12, '2023-01-31': -0.76, '2023-02-28': -1.24, '2023-03-31': -3.32, '2023-04-30': 1.02, '2023-05-31': 0.77, '2023-06-30': -7.59, '2023-07-31': -1.49, '2023-08-31': 3.9, '2023-09-30': 2.26, '2023-10-31': -1.15, '2023-11-30': -4.37, '2023-12-31': -2.31, '2024-01-31': 2.13, '2024-02-29': -3.09, '2024-03-31': 1.09, '2024-04-30': -4.44, '2024-05-31': 4.34, '2024-06-30': 2.25, '2024-07-31': 0.72, '2024-08-31': 5.97, '2024-09-30': 3.69, '2024-10-31': -8.05, '2024-11-30': -9.34, '2024-12-31': -3.71, '2025-01-31': -13.59, '2025-02-28': -2.03, '2025-03-31': -9.83, '2025-04-30': -3.44, '2025-05-31': 3.4, '2025-06-30': 1.32, '2025-07-31': 3.54, '2025-08-31': 2.9, '2025-09-30': -8.14, '2025-10-31': -3.53, '2025-11-30': 0.07, '2025-12-31': -5.19}",16.45
S30c_Asian_Session_Fade,JST_USDT_USDT,30m,-74.71,-30.09,-2.9871,-6.4693,-0.4005,-75.13,836,0.6494,39.67,-8.7687,852,-0.1627,40.9408,41.4571,0.9875,11,11,5.48,-13.47,17.39,"{'2022-03-31': 0.79, '2022-04-30': -4.89, '2022-05-31': -0.07, '2022-06-30': -4.03, '2022-07-31': -3.29, '2022-08-31': 2.09, '2022-09-30': -0.56, '2022-10-31': -4.45, '2022-11-30': 5.48, '2022-12-31': -2.79, '2023-01-31': -0.18, '2023-02-28': 0.93, '2023-03-31': -2.23, '2023-04-30': -2.98, '2023-05-31': -4.19, '2023-06-30': -4.69, '2023-07-31': -2.57, '2023-08-31': -2.05, '2023-09-30': -1.68, '2023-10-31': -2.23, '2023-11-30': -0.29, '2023-12-31': -2.84, '2024-01-31': 3.98, '2024-02-29': -3.24, '2024-03-31': -4.88, '2024-04-30': -4.6, '2024-05-31': 3.67, '2024-06-30': -5.41, '2024-07-31': -5.86, '2024-08-31': -0.5, '2024-09-30': -6.37, '2024-10-31': -1.34, '2024-11-30': 0.71, '2024-12-31': -4.65, '2025-01-31': -13.47, '2025-02-28': -2.52, '2025-03-31': -4.42, '2025-04-30': -2.59, '2025-05-31': 0.09, '2025-06-30': -2.81, '2025-07-31': -8.24, '2025-08-31': -2.65, '2025-09-30': -9.16, '2025-10-31': -7.47, '2025-11-30': -7.39, '2025-12-31': -6.71}",18.459
S30c_Asian_Session_Fade,SUN_USDT_USDT,30m,-80.46,-34.62,-2.7061,-6.0313,-0.43,-80.52,876,0.6328,38.24,-9.1844,876,-0.1774,41.3884,40.5002,1.0219,6,11,5.26,-12.83,13.04,"{'2022-03-31': -7.57, '2022-04-30': 2.56, '2022-05-31': 1.79, '2022-06-30': -4.56, '2022-07-31': 3.75, '2022-08-31': -0.89, '2022-09-30': -1.28, '2022-10-31': -5.94, '2022-11-30': -3.69, '2022-12-31': -5.26, '2023-01-31': -1.73, '2023-02-28': -3.96, '2023-03-31': -6.11, '2023-04-30': -3.19, '2023-05-31': -0.63, '2023-06-30': 0.02, '2023-07-31': 0.34, '2023-08-31': -1.55, '2023-09-30': -2.55, '2023-10-31': -2.46, '2023-11-30': -5.28, '2023-12-31': -8.06, '2024-01-31': -4.59, '2024-02-29': -6.89, '2024-03-31': -1.13, '2024-04-30': -7.34, '2024-05-31': -2.0, '2024-06-30': -4.3, '2024-07-31': -7.31, '2024-08-31': -1.21, '2024-09-30': -9.7, '2024-10-31': 5.26, '2024-11-30': -1.95, '2024-12-31': -5.42, '2025-01-31': -12.83, '2025-02-28': -0.32, '2025-03-31': -3.72, '2025-04-30': -0.99, '2025-05-31': -6.26, '2025-06-30': -0.41, '2025-07-31': -3.19, '2025-08-31': -4.34, '2025-09-30': -8.67, '2025-10-31': -3.32, '2025-11-30': -2.9, '2025-12-31': -7.63}",18.979
S30c_Asian_Session_Fade,ONT_USDT_USDT,30m,-70.19,-28.77,-1.8659,-4.5001,-0.3868,-74.38,708,0.7233,39.34,-9.2968,755,-0.1559,61.7684,55.3805,1.1153,12,13,9.5,-11.0,23.81,"{'2022-07-31': 9.5, '2022-08-31': 5.95, '2022-09-30': -2.51, '2022-10-31': -6.73, '2022-11-30': -2.04, '2022-12-31': -9.85, '2023-01-31': -0.83, '2023-02-28': 6.34, '2023-03-31': -9.5, '2023-04-30': -3.62, '2023-05-31': -7.7, '2023-06-30': -11.0, '2023-07-31': -2.67, '2023-08-31': -1.13, '2023-09-30': -2.86, '2023-10-31': -4.72, '2023-11-30': -3.2, '2023-12-31': -3.34, '2024-01-31': 2.31, '2024-02-29': -3.12, '2024-03-31': 3.74, '2024-04-30': 2.53, '2024-05-31': 3.14, '2024-06-30': -10.91, '2024-07-31': 3.22, '2024-08-31': -0.84, '2024-09-30': -0.98, '2024-10-31': 3.88, '2024-11-30': -2.61, '2024-12-31': -7.96, '2025-01-31': -7.23, '2025-02-28': -7.56, '2025-03-31': -7.01, '2025-04-30': 2.68, '2025-05-31': -2.69, '2025-06-30': -7.4, '2025-07-31': -6.27, '2025-08-31': -2.49, '2025-09-30': -5.09, '2025-10-31': -0.98, '2025-11-30': -7.31, '2025-12-31': -4.05}",17.624
S30c_Asian_Session_Fade,AGLD_USDT_USDT,30m,-53.51,-18.76,-0.9285,-1.881,-0.2905,-64.58,753,0.8457,42.38,-6.689,800,-0.1128,86.4904,75.2092,1.15,6,13,11.12,-13.81,43.18,"{'2022-05-31': 11.12, '2022-06-30': 3.59, '2022-07-31': 1.7, '2022-08-31': 1.29, '2022-09-30': 2.04, '2022-10-31': -5.85, '2022-11-30': -1.35, '2022-12-31': -5.81, '2023-01-31': -1.49, '2023-02-28': -13.81, '2023-03-31': 0.65, '2023-04-30': 1.04, '2023-05-31': -1.62, '2023-06-30': -1.65, '2023-07-31': -9.13, '2023-08-31': -7.43, '2023-09-30': -0.28, '2023-10-31': 0.94, '2023-11-30': 0.41, '2023-12-31': -3.24, '2024-01-31': -3.06, '2024-02-29': -2.96, '2024-03-31': -5.13, '2024-04-30': -12.94, '2024-05-31': 8.81, '2024-06-30': 1.21, '2024-07-31': -12.78, '2024-08-31': 1.82, '2024-09-30': -2.03, '2024-10-31': -6.72, '2024-11-30': 1.95, '2024-12-31': -5.36, '2025-01-31': -9.8, '2025-02-28': 6.96, '2025-03-31': 0.57, '2025-04-30': 3.59, '2025-05-31': 8.93, '2025-06-30': -2.64, '2025-07-31': 8.72, '2025-08-31': 0.81, '2025-09-30': -6.65, '2025-10-31': -2.95, '2025-11-30': -5.53, '2025-12-31': -5.87}",18.052
S30d_NY_London_Overlap_Momentum,BTC_USDT_USDT,15m,-83.17,-35.97,-2.6473,-7.7524,-0.4316,-83.35,1462,0.7198,39.85,-5.6847,1463,-0.1185,36.649,33.7308,1.0865,8,16,6.2,-10.88,23.4,"{'2022-02-28': -0.42, '2022-03-31': -7.09, '2022-04-30': -1.79, '2022-05-31': -2.19, '2022-06-30': 2.47, '2022-07-31': 0.74, '2022-08-31': -6.76, '2022-09-30': -3.41, '2022-10-31': -3.68, '2022-11-30': -5.44, '2022-12-31': -3.62, '2023-01-31': -8.3, '2023-02-28': -6.46, '2023-03-31': 0.42, '2023-04-30': -8.53, '2023-05-31': -6.67, '2023-06-30': 0.99, '2023-07-31': -7.73, '2023-08-31': -5.75, '2023-09-30': -2.94, '2023-10-31': -5.32, '2023-11-30': -1.45, '2023-12-31': 1.06, '2024-01-31': -8.99, '2024-02-29': -0.55, '2024-03-31': -2.98, '2024-04-30': 1.48, '2024-05-31': 6.2, '2024-06-30': -4.1, '2024-07-31': -1.14, '2024-08-31': 1.07, '2024-09-30': -6.67, '2024-10-31': -6.86, '2024-11-30': -5.53, '2024-12-31': 0.24, '2025-01-31': -5.37, '2025-02-28': -10.88, '2025-03-31': -6.98, '2025-04-30': -0.76, '2025-05-31': -4.03, '2025-06-30': -5.46, '2025-07-31': -4.5, '2025-08-31': -2.8, '2025-09-30': -8.49, '2025-10-31': 2.02, '2025-11-30': 2.13, '2025-12-31': -10.79}",30.503
S30d_NY_London_Overlap_Momentum,ETH_USDT_USDT,15m,-66.69,-24.05,-1.3124,-3.8031,-0.3197,-75.22,1097,0.8296,41.22,-5.4981,1213,-0.0864,64.9469,54.8986,1.183,9,19,8.4,-11.41,34.04,"{'2022-02-28': -0.57, '2022-03-31': 7.07, '2022-04-30': 5.23, '2022-05-31': 3.43, '2022-06-30': -9.45, '2022-07-31': 4.11, '2022-08-31': -4.03, '2022-09-30': -5.74, '2022-10-31': 0.66, '2022-11-30': 0.26, '2022-12-31': -2.3, '2023-01-31': -10.53, '2023-02-28': -6.92, '2023-03-31': 1.27, '2023-04-30': -2.69, '2023-05-31': -6.15, '2023-06-30': -0.14, '2023-07-31': -4.83, '2023-08-31': -1.26, '2023-09-30': -2.82, '2023-10-31': -8.91, '2023-11-30': 0.28, '2023-12-31': 3.44, '2024-01-31': -8.83, '2024-02-29': -9.48, '2024-03-31': -1.12, '2024-04-30': 3.21, '2024-05-31': -2.11, '2024-06-30': -4.73, '2024-07-31': -6.94, '2024-08-31': -1.33, '2024-09-30': -4.99, '2024-10-31': -4.12, '2024-11-30': -4.99, '2024-12-31': 2.53, '2025-01-31': -1.16, '2025-02-28': -11.41, '2025-03-31': -1.02, '2025-04-30': -6.78, '2025-05-31': 1.97, '2025-06-30': 1.03, '2025-07-31': 0.32, '2025-08-31': -4.64, '2025-09-30': -8.02, '2025-10-31': 8.4, '2025-11-30': 4.54, '2025-12-31': -1.88}",25.29
S30d_NY_London_Overlap_Momentum,SOL_USDT_USDT,15m,-33.63,-9.75,-0.1703,-0.4265,-0.2315,-42.11,916,0.9203,41.89,-3.6591,919,-0.0211,100.7943,78.9672,1.2764,6,10,10.82,-11.89,53.19,"{'2022-02-28': -2.22, '2022-03-31': -6.0, '2022-04-30': 2.59, '2022-05-31': 2.61, '2022-06-30': 1.37, '2022-07-31': 0.47, '2022-08-31': -1.64, '2022-09-30': -8.1, '2022-10-31': -5.59, '2022-11-30': 5.63, '2022-12-31': 1.93, '2023-01-31': -7.67, '2023-02-28': -4.76, '2023-03-31': -8.75, '2023-04-30': 1.08, '2023-05-31': -3.21, '2023-06-30': 0.97, '2023-07-31': -1.39, '2023-08-31': 1.92, '2023-09-30': 6.44, '2023-10-31': -2.83, '2023-11-30': 0.31, '2023-12-31': 5.93, '2024-01-31': 0.44, '2024-02-29': 4.83, '2024-03-31': 0.93, '2024-04-30': 4.4, '2024-05-31': 4.15, '2024-06-30': -0.34, '2024-07-31': -8.34, '2024-08-31': 10.82, '2024-09-30': -8.74, '2024-10-31': -10.15, '2024-11-30': -5.42, '2024-12-31': -3.79, '2025-01-31': -8.59, '2025-02-28': 0.12, '2025-03-31': 6.4, '2025-04-30': 3.64, '2025-05-31': -4.01, '2025-06-30': -5.59, '2025-07-31': 9.82, '2025-08-31': 7.79, '2025-09-30': -11.89, '2025-10-31': 6.96, '2025-11-30': 0.82, '2025-12-31': -2.01}",19.161
S30d_NY_London_Overlap_Momentum,XRP_USDT_USDT,15m,-73.63,-28.35,-1.769,-3.8301,-0.3686,-76.91,742,0.723,37.58,-9.012,817,-0.198,62.6132,52.1275,1.2012,9,19,7.05,-12.47,23.4,"{'2022-02-28': 5.48, '2022-03-31': -2.88, '2022-04-30': -1.68, '2022-05-31': -0.58, '2022-06-30': 0.21, '2022-07-31': 0.97, '2022-08-31': -5.42, '2022-09-30': -1.69, '2022-10-31': -3.79, '2022-11-30': 0.44, '2022-12-31': -2.01, '2023-01-31': -5.98, '2023-02-28': -7.2, '2023-03-31': -0.79, '2023-04-30': -4.55, '2023-05-31': -6.33, '2023-06-30': -3.28, '2023-07-31': -6.52, '2023-08-31': -4.43, '2023-09-30': -1.66, '2023-10-31': -12.47, '2023-11-30': 1.11, '2023-12-31': 2.71, '2024-01-31': -10.01, '2024-02-29': -4.52, '2024-03-31': -1.35, '2024-04-30': -3.11, '2024-05-31': -4.33, '2024-06-30': -3.27, '2024-07-31': -2.57, '2024-08-31': -8.42, '2024-09-30': -4.48, '2024-10-31': -0.81, '2024-11-30': -7.11, '2024-12-31': -2.55, '2025-01-31': -7.61, '2025-02-28': -5.54, '2025-03-31': 0.75, '2025-04-30': 0.52, '2025-05-31': 1.8, '2025-06-30': -1.38, '2025-07-31': -4.99, '2025-08-31': 4.98, '2025-09-30': -8.65, '2025-10-31': 7.05, '2025-11-30': -1.22, '2025-12-31': -0.58}",17.034
S30d_NY_London_Overlap_Momentum,DOGE_USDT_USDT,15m,-57.48,-19.26,-0.6432,-1.7114,-0.2911,-66.16,849,0.8185,39.87,-6.0958,943,-0.0707,68.9316,55.8495,1.2342,9,12,12.71,-12.32,42.55,"{'2022-02-28': 4.61, '2022-03-31': -2.49, '2022-04-30': 2.68, '2022-05-31': -4.47, '2022-06-30': -3.91, '2022-07-31': -2.8, '2022-08-31': -5.76, '2022-09-30': -6.15, '2022-10-31': -0.93, '2022-11-30': -5.4, '2022-12-31': -5.89, '2023-01-31': -7.75, '2023-02-28': -0.31, '2023-03-31': 0.32, '2023-04-30': -3.95, '2023-05-31': -6.93, '2023-06-30': 1.96, '2023-07-31': -4.78, '2023-08-31': 3.18, '2023-09-30': -4.39, '2023-10-31': -12.1, '2023-11-30': 2.33, '2023-12-31': 2.8, '2024-01-31': -5.63, '2024-02-29': -12.32, '2024-03-31': 1.08, '2024-04-30': 3.72, '2024-05-31': 2.57, '2024-06-30': 1.01, '2024-07-31': -6.81, '2024-08-31': 11.64, '2024-09-30': -4.15, '2024-10-31': -7.75, '2024-11-30': -10.34, '2024-12-31': -3.76, '2025-01-31': 4.76, '2025-02-28': -3.11, '2025-03-31': 1.48, '2025-04-30': 12.71, '2025-05-31': 1.02, '2025-06-30': -5.04, '2025-07-31': 7.75, '2025-08-31': -8.76, '2025-09-30': -9.44, '2025-10-31': 9.94, '2025-11-30': 3.99, '2025-12-31': 4.05}",19.661
S30d_NY_London_Overlap_Momentum,ADA_USDT_USDT,15m,-59.08,-20.03,-0.977,-2.4849,-0.3226,-62.09,753,0.8076,39.11,-7.7032,767,-0.1203,82.6632,65.7544,1.2572,5,19,7.53,-10.57,29.79,"{'2022-02-28': -1.01, '2022-03-31': -4.42, '2022-04-30': -0.97, '2022-05-31': 1.7, '2022-06-30': -4.15, '2022-07-31': -2.96, '2022-08-31': -7.72, '2022-09-30': 3.08, '2022-10-31': 1.22, '2022-11-30': -8.26, '2022-12-31': -4.26, '2023-01-31': -6.14, '2023-02-28': -1.64, '2023-03-31': 1.19, '2023-04-30': -4.13, '2023-05-31': 0.96, '2023-06-30': 2.73, '2023-07-31': -0.8, '2023-08-31': -3.69, '2023-09-30': -2.24, '2023-10-31': -4.61, '2023-11-30': -4.76, '2023-12-31': 1.32, '2024-01-31': -1.07, '2024-02-29': 0.72, '2024-03-31': -0.53, '2024-04-30': 1.82, '2024-05-31': 7.53, '2024-06-30': -4.7, '2024-07-31': -1.56, '2024-08-31': 2.03, '2024-09-30': -7.73, '2024-10-31': -2.92, '2024-11-30': -5.91, '2024-12-31': -1.98, '2025-01-31': 1.51, '2025-02-28': -7.45, '2025-03-31': 0.77, '2025-04-30': -2.5, '2025-05-31': -0.33, '2025-06-30': 3.1, '2025-07-31': -2.71, '2025-08-31': -3.19, '2025-09-30': -10.57, '2025-10-31': -0.19, '2025-11-30': -0.23, '2025-12-31': -1.88}",15.991
S30d_NY_London_Overlap_Momentum,AVAX_USDT_USDT,15m,-42.26,-12.84,-0.5497,-1.1083,-0.2548,-50.4,716,0.8867,40.86,-5.185,815,-0.0762,99.2726,77.3517,1.2834,6,14,12.24,-9.59,38.3,"{'2022-02-28': 3.24, '2022-03-31': 2.35, '2022-04-30': 0.57, '2022-05-31': -2.81, '2022-06-30': 5.21, '2022-07-31': -3.08, '2022-08-31': -1.27, '2022-09-30': -6.51, '2022-10-31': 3.83, '2022-11-30': 3.76, '2022-12-31': -8.12, '2023-01-31': -7.11, '2023-02-28': -5.38, '2023-03-31': -7.21, '2023-04-30': -7.2, '2023-05-31': -1.75, '2023-06-30': 2.4, '2023-07-31': -1.08, '2023-08-31': -0.31, '2023-09-30': -2.83, '2023-10-31': -6.01, '2023-11-30': 3.94, '2023-12-31': 3.75, '2024-01-31': 3.43, '2024-02-29': -2.41, '2024-03-31': -1.67, '2024-04-30': 12.24, '2024-05-31': 6.07, '2024-06-30': -2.22, '2024-07-31': -1.26, '2024-08-31': 2.1, '2024-09-30': -5.86, '2024-10-31': -9.59, '2024-11-30': -3.69, '2024-12-31': -1.63, '2025-01-31': -1.48, '2025-02-28': 0.48, '2025-03-31': -3.14, '2025-04-30': 2.32, '2025-05-31': -1.32, '2025-06-30': -6.27, '2025-07-31': -0.19, '2025-08-31': -6.11, '2025-09-30': -2.36, '2025-10-31': 6.48, '2025-11-30': 1.46, '2025-12-31': 1.27}",16.992
S30d_NY_London_Overlap_Momentum,LINK_USDT_USDT,15m,-25.63,-7.15,-0.4314,-1.2606,-0.1497,-47.75,695,0.9373,42.18,-3.2862,780,-0.0507,116.4121,90.605,1.2848,9,12,12.87,-12.13,46.81,"{'2022-02-28': 4.38, '2022-03-31': -0.97, '2022-04-30': 3.58, '2022-05-31': 5.79, '2022-06-30': 5.35, '2022-07-31': -3.49, '2022-08-31': 1.87, '2022-09-30': -4.18, '2022-10-31': -2.37, '2022-11-30': -3.83, '2022-12-31': 1.88, '2023-01-31': -7.58, '2023-02-28': -6.71, '2023-03-31': 0.93, '2023-04-30': -1.99, '2023-05-31': -0.55, '2023-06-30': 0.98, '2023-07-31': -2.15, '2023-08-31': 0.24, '2023-09-30': -1.22, '2023-10-31': -4.64, '2023-11-30': -6.67, '2023-12-31': 6.58, '2024-01-31': -11.08, '2024-02-29': -2.1, '2024-03-31': -8.51, '2024-04-30': 5.57, '2024-05-31': 0.55, '2024-06-30': -2.79, '2024-07-31': -2.53, '2024-08-31': 5.59, '2024-09-30': 2.4, '2024-10-31': 3.36, '2024-11-30': -8.02, '2024-12-31': -2.88, '2025-01-31': 12.87, '2025-02-28': -2.41, '2025-03-31': 2.77, '2025-04-30': 0.79, '2025-05-31': 0.2, '2025-06-30': -5.56, '2025-07-31': 1.96, '2025-08-31': -1.58, '2025-09-30': -12.13, '2025-10-31': 2.98, '2025-11-30': -2.04, '2025-12-31': 10.44}",16.262
S30d_NY_London_Overlap_Momentum,BNB_USDT_USDT,15m,-69.21,-25.52,-2.0746,-5.0718,-0.3593,-71.02,888,0.7567,40.31,-7.664,903,-0.1422,59.1389,52.7777,1.1205,7,10,7.19,-9.89,23.4,"{'2022-02-28': -3.75, '2022-03-31': -3.07, '2022-04-30': 1.23, '2022-05-31': -3.42, '2022-06-30': -5.97, '2022-07-31': 3.1, '2022-08-31': 1.5, '2022-09-30': -3.83, '2022-10-31': -1.91, '2022-11-30': 2.33, '2022-12-31': -3.52, '2023-01-31': -9.89, '2023-02-28': -4.92, '2023-03-31': 7.19, '2023-04-30': 0.14, '2023-05-31': -3.53, '2023-06-30': 4.68, '2023-07-31': -1.0, '2023-08-31': 1.64, '2023-09-30': -0.02, '2023-10-31': -6.04, '2023-11-30': -3.12, '2023-12-31': -5.1, '2024-01-31': -2.46, '2024-02-29': -3.7, '2024-03-31': -3.02, '2024-04-30': -1.19, '2024-05-31': 5.51, '2024-06-30': -3.45, '2024-07-31': -0.68, '2024-08-31': -4.93, '2024-09-30': -6.6, '2024-10-31': -2.09, '2024-11-30': -6.9, '2024-12-31': -4.28, '2025-01-31': -4.27, '2025-02-28': -6.96, '2025-03-31': -6.82, '2025-04-30': -1.49, '2025-05-31': -4.58, '2025-06-30': -1.07, '2025-07-31': -6.2, '2025-08-31': -2.75, '2025-09-30': -3.95, '2025-10-31': -6.81, '2025-11-30': 0.09, '2025-12-31': 0.13}",18.827
S30d_NY_London_Overlap_Momentum,LTC_USDT_USDT,15m,-76.32,-30.26,-1.9198,-5.1723,-0.3912,-77.36,897,0.7284,37.82,-8.4896,899,-0.1725,60.2148,50.2776,1.1976,5,12,5.68,-11.82,21.28,"{'2022-02-28': 3.91, '2022-03-31': -9.09, '2022-04-30': 5.68, '2022-05-31': -1.98, '2022-06-30': -5.41, '2022-07-31': 3.81, '2022-08-31': -2.29, '2022-09-30': -0.25, '2022-10-31': -4.36, '2022-11-30': 0.14, '2022-12-31': -0.85, '2023-01-31': -3.76, '2023-02-28': -1.85, '2023-03-31': -0.71, '2023-04-30': -6.79, '2023-05-31': -4.84, '2023-06-30': 0.53, '2023-07-31': -3.46, '2023-08-31': -8.25, '2023-09-30': -6.27, '2023-10-31': -7.03, '2023-11-30': -11.82, '2023-12-31': -3.32, '2024-01-31': -11.17, '2024-02-29': -3.94, '2024-03-31': -3.54, '2024-04-30': -1.43, '2024-05-31': -1.33, '2024-06-30': -1.79, '2024-07-31': -2.99, '2024-08-31': -3.11, '2024-09-30': -1.54, '2024-10-31': -1.32, '2024-11-30': 2.34, '2024-12-31': -8.56, '2025-01-31': -0.65, '2025-02-28': -3.98, '2025-03-31': -5.41, '2025-04-30': -1.18, '2025-05-31': -7.47, '2025-06-30': 1.94, '2025-07-31': 2.97, '2025-08-31': -1.94, '2025-09-30': -8.51, '2025-10-31': 5.35, '2025-11-30': 0.73, '2025-12-31': -4.54}",18.744
S30d_NY_London_Overlap_Momentum,DOT_USDT_USDT,15m,-40.27,-12.09,-0.297,-0.7689,-0.257,-47.04,671,0.8978,41.88,-4.8455,831,-0.0331,101.6942,81.607,1.2461,8,11,7.58,-8.89,36.17,"{'2022-02-28': -1.74, '2022-03-31': -6.4, '2022-04-30': 0.19, '2022-05-31': 7.51, '2022-06-30': 0.89, '2022-07-31': -2.59, '2022-08-31': -3.76, '2022-09-30': 1.15, '2022-10-31': 5.78, '2022-11-30': 1.2, '2022-12-31': -3.79, '2023-01-31': 0.31, '2023-02-28': 2.08, '2023-03-31': -1.64, '2023-04-30': -4.34, '2023-05-31': -3.0, '2023-06-30': -3.05, '2023-07-31': -0.89, '2023-08-31': -1.78, '2023-09-30': -1.91, '2023-10-31': -3.09, '2023-11-30': -1.0, '2023-12-31': -5.12, '2024-01-31': 3.07, '2024-02-29': -7.85, '2024-03-31': -2.07, '2024-04-30': 7.58, '2024-05-31': 6.23, '2024-06-30': 2.68, '2024-07-31': -1.3, '2024-08-31': 7.35, '2024-09-30': -8.89, '2024-10-31': 0.09, '2024-11-30': -6.35, '2024-12-31': -3.95, '2025-01-31': 2.0, '2025-02-28': -6.54, '2025-03-31': -0.64, '2025-04-30': -1.42, '2025-05-31': -3.82, '2025-06-30': -5.29, '2025-07-31': 5.51, '2025-08-31': -1.3, '2025-09-30': -7.75, '2025-10-31': -0.38, '2025-11-30': -1.92, '2025-12-31': 0.67}",17.326
S30d_NY_London_Overlap_Momentum,BCH_USDT_USDT,15m,-61.73,-21.4,-1.3218,-3.4385,-0.3409,-62.78,885,0.8138,39.82,-6.9432,889,-0.1248,76.2308,61.9779,1.23,7,14,9.68,-10.89,38.3,"{'2022-02-28': 3.89, '2022-03-31': -10.89, '2022-04-30': -0.76, '2022-05-31': -0.75, '2022-06-30': -0.84, '2022-07-31': 0.24, '2022-08-31': -2.57, '2022-09-30': 2.62, '2022-10-31': 1.41, '2022-11-30': -5.09, '2022-12-31': -1.92, '2023-01-31': 4.06, '2023-02-28': -7.45, '2023-03-31': 0.8, '2023-04-30': 2.26, '2023-05-31': -3.13, '2023-06-30': 4.39, '2023-07-31': -5.1, '2023-08-31': 1.44, '2023-09-30': -0.15, '2023-10-31': -5.12, '2023-11-30': -0.36, '2023-12-31': -7.0, '2024-01-31': -8.73, '2024-02-29': -5.79, '2024-03-31': -2.96, '2024-04-30': 0.63, '2024-05-31': 9.68, '2024-06-30': -8.14, '2024-07-31': -5.91, '2024-08-31': -4.44, '2024-09-30': -5.28, '2024-10-31': -2.82, '2024-11-30': -9.86, '2024-12-31': -4.35, '2025-01-31': 6.06, '2025-02-28': -7.96, '2025-03-31': 1.09, '2025-04-30': -5.04, '2025-05-31': 0.39, '2025-06-30': 3.65, '2025-07-31': -0.02, '2025-08-31': 0.96, '2025-09-30': -2.8, '2025-10-31': 1.57, '2025-11-30': 0.3, '2025-12-31': -6.11}",18.535
S30d_NY_London_Overlap_Momentum,ATOM_USDT_USDT,15m,-59.77,-20.37,-1.2473,-2.746,-0.3143,-64.81,728,0.8061,39.17,-8.0438,743,-0.1491,85.3813,68.1914,1.2521,7,14,9.86,-12.99,34.04,"{'2022-02-28': 1.38, '2022-03-31': -7.7, '2022-04-30': 3.95, '2022-05-31': -1.89, '2022-06-30': -0.35, '2022-07-31': -0.86, '2022-08-31': -0.24, '2022-09-30': 2.64, '2022-10-31': 1.46, '2022-11-30': 2.0, '2022-12-31': -1.15, '2023-01-31': -8.4, '2023-02-28': -6.61, '2023-03-31': 2.22, '2023-04-30': 2.03, '2023-05-31': -1.98, '2023-06-30': 1.52, '2023-07-31': -6.26, '2023-08-31': -6.32, '2023-09-30': -2.29, '2023-10-31': -7.39, '2023-11-30': -6.48, '2023-12-31': 4.56, '2024-01-31': -9.87, '2024-02-29': -1.87, '2024-03-31': -2.8, '2024-04-30': -0.81, '2024-05-31': 6.5, '2024-06-30': -6.28, '2024-07-31': -0.86, '2024-08-31': 2.41, '2024-09-30': -5.21, '2024-10-31': 3.0, '2024-11-30': -9.8, '2024-12-31': -1.36, '2025-01-31': -0.51, '2025-02-28': -2.87, '2025-03-31': -7.57, '2025-04-30': 0.06, '2025-05-31': -0.48, '2025-06-30': -1.54, '2025-07-31': 5.45, '2025-08-31': -12.99, '2025-09-30': -5.22, '2025-10-31': 4.23, '2025-11-30': -8.45, '2025-12-31': 9.86}",15.491
S30d_NY_London_Overlap_Momentum,NEAR_USDT_USDT,15m,-64.05,-22.59,-1.0274,-2.167,-0.3488,-64.76,664,0.7644,36.73,-9.6021,667,-0.1801,84.7925,64.4046,1.3166,5,10,6.63,-11.59,27.66,"{'2022-02-28': -3.47, '2022-03-31': -4.44, '2022-04-30': -2.57, '2022-05-31': 0.49, '2022-06-30': 2.91, '2022-07-31': -4.03, '2022-08-31': -3.76, '2022-09-30': -5.46, '2022-10-31': 3.67, '2022-11-30': 2.69, '2022-12-31': -2.77, '2023-01-31': -1.75, '2023-02-28': -2.46, '2023-03-31': -3.9, '2023-04-30': -4.81, '2023-05-31': -2.51, '2023-06-30': 0.74, '2023-07-31': -1.6, '2023-08-31': -6.98, '2023-09-30': -0.83, '2023-10-31': -7.68, '2023-11-30': -0.41, '2023-12-31': 0.59, '2024-01-31': -5.39, '2024-02-29': -1.07, '2024-03-31': -2.71, '2024-04-30': -0.93, '2024-05-31': 1.43, '2024-06-30': -3.72, '2024-07-31': -6.71, '2024-08-31': -4.07, '2024-09-30': -7.14, '2024-10-31': 4.71, '2024-11-30': -7.08, '2024-12-31': -4.91, '2025-01-31': 3.48, '2025-02-28': -0.42, '2025-03-31': -3.24, '2025-04-30': 4.2, '2025-05-31': -1.84, '2025-06-30': 6.63, '2025-07-31': 0.45, '2025-08-31': -2.82, '2025-09-30': -11.59, '2025-10-31': -0.3, '2025-11-30': 0.12, '2025-12-31': -3.28}",13.906
S30d_NY_London_Overlap_Momentum,UNI_USDT_USDT,15m,-52.28,-16.93,-0.9761,-2.5188,-0.2885,-58.68,709,0.8482,40.22,-6.3917,818,-0.123,88.8242,70.4531,1.2608,10,15,12.35,-11.71,36.17,"{'2022-02-28': 3.32, '2022-03-31': -1.69, '2022-04-30': 1.53, '2022-05-31': 0.3, '2022-06-30': 5.88, '2022-07-31': -0.84, '2022-08-31': -2.48, '2022-09-30': -5.17, '2022-10-31': -2.84, '2022-11-30': -6.38, '2022-12-31': -6.58, '2023-01-31': -0.23, '2023-02-28': -11.26, '2023-03-31': -3.75, '2023-04-30': 0.82, '2023-05-31': 2.41, '2023-06-30': 1.52, '2023-07-31': -4.42, '2023-08-31': -3.32, '2023-09-30': -0.27, '2023-10-31': -5.42, '2023-11-30': -2.63, '2023-12-31': -3.83, '2024-01-31': -1.01, '2024-02-29': -3.99, '2024-03-31': -3.41, '2024-04-30': -3.4, '2024-05-31': 12.35, '2024-06-30': -5.66, '2024-07-31': -4.67, '2024-08-31': 3.79, '2024-09-30': -1.43, '2024-10-31': -2.86, '2024-11-30': -3.69, '2024-12-31': -4.38, '2025-01-31': 4.85, '2025-02-28': 1.21, '2025-03-31': 1.5, '2025-04-30': 2.06, '2025-05-31': -0.51, '2025-06-30': 0.09, '2025-07-31': -4.26, '2025-08-31': 1.57, '2025-09-30': -11.71, '2025-10-31': 4.29, '2025-11-30': -3.97, '2025-12-31': 2.9}",17.055
S30d_NY_London_Overlap_Momentum,OP_USDT_USDT,15m,-20.86,-6.33,0.1741,0.5655,-0.1726,-36.67,631,0.9475,41.41,-3.0629,681,0.0274,133.5027,99.583,1.3406,7,9,9.05,-9.88,52.38,"{'2022-07-31': 2.46, '2022-08-31': 5.1, '2022-09-30': 1.11, '2022-10-31': 0.78, '2022-11-30': -5.43, '2022-12-31': -5.35, '2023-01-31': 7.71, '2023-02-28': -4.15, '2023-03-31': -5.33, '2023-04-30': -4.4, '2023-05-31': 9.05, '2023-06-30': 1.59, '2023-07-31': -1.8, '2023-08-31': -9.88, '2023-09-30': -1.84, '2023-10-31': -5.62, '2023-11-30': 1.15, '2023-12-31': 8.25, '2024-01-31': -3.15, '2024-02-29': -2.18, '2024-03-31': -3.13, '2024-04-30': 3.93, '2024-05-31': 3.16, '2024-06-30': 2.89, '2024-07-31': -7.61, '2024-08-31': 0.3, '2024-09-30': 0.85, '2024-10-31': -2.0, '2024-11-30': -7.59, '2024-12-31': 1.01, '2025-01-31': 6.79, '2025-02-28': -8.04, '2025-03-31': 1.13, '2025-04-30': 3.34, '2025-05-31': 2.45, '2025-06-30': -2.96, '2025-07-31': 4.27, '2025-08-31': -8.09, '2025-09-30': -7.04, '2025-10-31': 7.17, '2025-11-30': 1.07, '2025-12-31': -1.46}",15.836
S30d_NY_London_Overlap_Momentum,APT_USDT_USDT,15m,-10.16,-3.3,0.1023,0.294,-0.0923,-35.75,257,0.9724,42.46,-1.7818,570,0.0147,147.6677,112.0464,1.3179,6,11,9.61,-11.72,44.74,"{'2022-11-30': -0.19, '2022-12-31': 4.98, '2023-01-31': 4.05, '2023-02-28': 3.45, '2023-03-31': 6.29, '2023-04-30': -4.66, '2023-05-31': 1.26, '2023-06-30': 7.4, '2023-07-31': -0.89, '2023-08-31': -2.13, '2023-09-30': -7.88, '2023-10-31': -0.57, '2023-11-30': -0.4, '2023-12-31': 6.86, '2024-01-31': -4.59, '2024-02-29': 1.92, '2024-03-31': 0.43, '2024-04-30': 3.47, '2024-05-31': 9.61, '2024-06-30': -5.7, '2024-07-31': -4.63, '2024-08-31': 5.16, '2024-09-30': -11.72, '2024-10-31': -0.32, '2024-11-30': -6.06, '2024-12-31': -4.3, '2025-01-31': 1.98, '2025-02-28': -1.93, '2025-03-31': -2.36, '2025-04-30': -0.86, '2025-05-31': -0.47, '2025-06-30': -1.25, '2025-07-31': 3.03, '2025-08-31': 0.26, '2025-09-30': -9.04, '2025-10-31': 1.93, '2025-11-30': 2.83, '2025-12-31': -0.98}",14.842
S30d_NY_London_Overlap_Momentum,FIL_USDT_USDT,15m,-53.7,-17.52,-0.8695,-2.3267,-0.2989,-58.62,864,0.8358,39.95,-6.2009,866,-0.101,79.0139,62.9015,1.2562,8,11,10.7,-12.27,34.04,"{'2022-02-28': -5.62, '2022-03-31': -11.4, '2022-04-30': 0.89, '2022-05-31': 2.95, '2022-06-30': 3.82, '2022-07-31': 0.11, '2022-08-31': -3.79, '2022-09-30': -7.59, '2022-10-31': -3.21, '2022-11-30': -7.1, '2022-12-31': -2.77, '2023-01-31': -6.15, '2023-02-28': -1.8, '2023-03-31': -1.49, '2023-04-30': -3.25, '2023-05-31': -5.2, '2023-06-30': 10.7, '2023-07-31': -3.18, '2023-08-31': -0.26, '2023-09-30': -3.62, '2023-10-31': -6.71, '2023-11-30': 3.48, '2023-12-31': -1.02, '2024-01-31': -3.22, '2024-02-29': -1.41, '2024-03-31': -0.43, '2024-04-30': 6.4, '2024-05-31': 8.76, '2024-06-30': 4.74, '2024-07-31': -0.16, '2024-08-31': 1.47, '2024-09-30': -12.27, '2024-10-31': -1.77, '2024-11-30': -5.01, '2024-12-31': 0.67, '2025-01-31': 1.86, '2025-02-28': -2.85, '2025-03-31': -0.29, '2025-04-30': -3.1, '2025-05-31': 0.52, '2025-06-30': -3.37, '2025-07-31': 4.74, '2025-08-31': -5.95, '2025-09-30': -9.71, '2025-10-31': 5.21, '2025-11-30': -5.69, '2025-12-31': 6.12}",18.056
S30d_NY_London_Overlap_Momentum,INJ_USDT_USDT,15m,-25.53,-8.38,-0.4598,-1.3464,-0.2239,-37.43,607,0.9185,40.36,-4.2064,607,-0.0745,117.4034,86.5114,1.3571,7,15,10.35,-11.21,47.5,"{'2022-09-30': -0.76, '2022-10-31': 4.33, '2022-11-30': -5.16, '2022-12-31': -8.39, '2023-01-31': -2.85, '2023-02-28': -0.6, '2023-03-31': -5.99, '2023-04-30': 4.23, '2023-05-31': 4.93, '2023-06-30': -0.81, '2023-07-31': -2.19, '2023-08-31': -5.04, '2023-09-30': -0.22, '2023-10-31': 2.72, '2023-11-30': 4.81, '2023-12-31': -0.62, '2024-01-31': -4.12, '2024-02-29': -3.12, '2024-03-31': 0.16, '2024-04-30': 9.37, '2024-05-31': 5.06, '2024-06-30': 2.53, '2024-07-31': -1.16, '2024-08-31': 2.96, '2024-09-30': -3.54, '2024-10-31': -11.21, '2024-11-30': -8.59, '2024-12-31': 3.72, '2025-01-31': 3.24, '2025-02-28': 1.35, '2025-03-31': -3.38, '2025-04-30': 0.65, '2025-05-31': -1.69, '2025-06-30': 2.19, '2025-07-31': 3.52, '2025-08-31': -9.83, '2025-09-30': -10.32, '2025-10-31': 5.53, '2025-11-30': 0.01, '2025-12-31': 10.35}",14.998
S30d_NY_London_Overlap_Momentum,TRX_USDT_USDT,15m,-74.46,-28.93,-2.4921,-4.2074,-0.3831,-75.52,695,0.5879,36.78,-9.7463,764,-0.1806,37.7979,37.4066,1.0105,6,11,7.59,-9.12,14.89,"{'2022-02-28': -0.63, '2022-03-31': -6.16, '2022-04-30': 7.59, '2022-05-31': 0.22, '2022-06-30': -4.79, '2022-07-31': 0.65, '2022-08-31': -6.45, '2022-09-30': -8.7, '2022-10-31': -3.17, '2022-11-30': -1.6, '2022-12-31': -6.23, '2023-01-31': -7.86, '2023-02-28': -6.28, '2023-03-31': -1.94, '2023-04-30': -4.49, '2023-05-31': -2.9, '2023-06-30': -0.77, '2023-07-31': -3.72, '2023-08-31': -4.08, '2023-09-30': -4.24, '2023-10-31': -6.33, '2023-11-30': -2.22, '2023-12-31': -1.74, '2024-01-31': -5.66, '2024-02-29': -2.96, '2024-03-31': -1.34, '2024-04-30': -2.51, '2024-05-31': -0.39, '2024-06-30': -0.58, '2024-07-31': -1.18, '2024-08-31': -1.95, '2024-09-30': 0.35, '2024-10-31': -1.91, '2024-11-30': -9.12, '2024-12-31': 3.71, '2025-01-31': -2.72, '2025-02-28': -3.89, '2025-03-31': 0.31, '2025-04-30': -0.37, '2025-05-31': -0.42, '2025-06-30': -4.38, '2025-07-31': 0.31, '2025-08-31': -4.27, '2025-09-30': -3.08, '2025-10-31': -0.9, '2025-11-30': -4.35, '2025-12-31': -5.0}",15.929
S30d_NY_London_Overlap_Momentum,ETC_USDT_USDT,15m,-60.06,-20.53,-1.1204,-2.8536,-0.2957,-69.42,871,0.8556,40.35,-5.8821,1021,-0.104,86.3772,68.2972,1.2647,7,14,8.19,-10.29,27.66,"{'2022-02-28': -0.23, '2022-03-31': -2.27, '2022-04-30': 5.34, '2022-05-31': 8.19, '2022-06-30': -2.74, '2022-07-31': -1.55, '2022-08-31': 6.99, '2022-09-30': 0.48, '2022-10-31': -3.67, '2022-11-30': -5.37, '2022-12-31': -1.31, '2023-01-31': -7.34, '2023-02-28': -6.01, '2023-03-31': -0.85, '2023-04-30': -1.23, '2023-05-31': -3.86, '2023-06-30': 4.2, '2023-07-31': -3.2, '2023-08-31': -0.68, '2023-09-30': -2.33, '2023-10-31': -10.18, '2023-11-30': -8.25, '2023-12-31': -10.29, '2024-01-31': -3.98, '2024-02-29': -4.66, '2024-03-31': -2.45, '2024-04-30': 7.55, '2024-05-31': -2.37, '2024-06-30': -3.12, '2024-07-31': -3.97, '2024-08-31': 3.3, '2024-09-30': -4.44, '2024-10-31': -0.5, '2024-11-30': -9.65, '2024-12-31': -0.21, '2025-01-31': 5.08, '2025-02-28': -8.53, '2025-03-31': -9.54, '2025-04-30': 0.47, '2025-05-31': 2.45, '2025-06-30': -1.41, '2025-07-31': 1.03, '2025-08-31': -1.81, '2025-09-30': -7.28, '2025-10-31': 6.62, '2025-11-30': -3.7, '2025-12-31': 0.1}",21.287
S30d_NY_London_Overlap_Momentum,XLM_USDT_USDT,15m,-62.97,-22.01,-1.1194,-2.5837,-0.3403,-64.68,768,0.7674,38.95,-7.8619,801,-0.1165,66.5903,55.3651,1.2027,5,9,7.19,-9.04,27.66,"{'2022-02-28': 5.83, '2022-03-31': -5.95, '2022-04-30': -7.21, '2022-05-31': 0.72, '2022-06-30': 2.87, '2022-07-31': -1.52, '2022-08-31': 6.33, '2022-09-30': -7.38, '2022-10-31': 1.7, '2022-11-30': -6.02, '2022-12-31': -5.05, '2023-01-31': -2.82, '2023-02-28': -4.77, '2023-03-31': 4.34, '2023-04-30': -3.77, '2023-05-31': -6.46, '2023-06-30': -3.73, '2023-07-31': 4.05, '2023-08-31': -0.83, '2023-09-30': -0.52, '2023-10-31': -6.13, '2023-11-30': -1.76, '2023-12-31': -4.21, '2024-01-31': -3.16, '2024-02-29': -7.12, '2024-03-31': -7.13, '2024-04-30': -2.45, '2024-05-31': -4.21, '2024-06-30': -3.75, '2024-07-31': -3.9, '2024-08-31': 7.19, '2024-09-30': -1.58, '2024-10-31': -0.4, '2024-11-30': -1.78, '2024-12-31': 2.46, '2025-01-31': -0.64, '2025-02-28': -5.9, '2025-03-31': -2.83, '2025-04-30': -3.08, '2025-05-31': -3.21, '2025-06-30': -1.34, '2025-07-31': 1.61, '2025-08-31': 1.29, '2025-09-30': -9.04, '2025-10-31': 2.28, '2025-11-30': 0.2, '2025-12-31': -1.05}",16.7
S30d_NY_London_Overlap_Momentum,RUNE_USDT_USDT,15m,-20.13,-5.47,-0.0531,-0.1166,-0.1454,-37.63,669,0.9465,41.97,-2.6482,760,-0.0078,111.6916,85.3566,1.3085,7,12,12.36,-9.5,46.81,"{'2022-02-28': 0.32, '2022-03-31': -2.7, '2022-04-30': 1.9, '2022-05-31': 0.99, '2022-06-30': 3.38, '2022-07-31': 10.23, '2022-08-31': -0.7, '2022-09-30': -3.5, '2022-10-31': -1.06, '2022-11-30': -3.9, '2022-12-31': -4.24, '2023-01-31': -8.26, '2023-02-28': -3.61, '2023-03-31': 7.46, '2023-04-30': -7.24, '2023-05-31': -1.63, '2023-06-30': 0.86, '2023-07-31': 0.19, '2023-08-31': 8.06, '2023-09-30': 1.11, '2023-10-31': -5.59, '2023-11-30': -4.14, '2023-12-31': -1.8, '2024-01-31': -3.34, '2024-02-29': -1.73, '2024-03-31': 2.7, '2024-04-30': 7.67, '2024-05-31': 8.1, '2024-06-30': -8.51, '2024-07-31': -5.71, '2024-08-31': 6.92, '2024-09-30': -2.82, '2024-10-31': -1.23, '2024-11-30': -9.5, '2024-12-31': 0.04, '2025-01-31': 5.66, '2025-02-28': 2.08, '2025-03-31': -2.84, '2025-04-30': 1.31, '2025-05-31': 2.5, '2025-06-30': 0.92, '2025-07-31': -0.39, '2025-08-31': -1.71, '2025-09-30': -6.42, '2025-10-31': 7.23, '2025-11-30': 12.36, '2025-12-31': -6.85}",15.845
S30d_NY_London_Overlap_Momentum,AAVE_USDT_USDT,15m,-49.45,-15.69,-0.8088,-2.1143,-0.2718,-57.72,749,0.8595,39.95,-6.0228,821,-0.1058,92.1874,71.3635,1.2918,6,16,10.29,-13.31,40.43,"{'2022-02-28': 2.65, '2022-03-31': -0.98, '2022-04-30': 2.42, '2022-05-31': 3.46, '2022-06-30': -2.81, '2022-07-31': 3.07, '2022-08-31': -6.24, '2022-09-30': -0.51, '2022-10-31': -1.27, '2022-11-30': -3.94, '2022-12-31': 3.74, '2023-01-31': -8.26, '2023-02-28': -2.86, '2023-03-31': -2.91, '2023-04-30': -1.75, '2023-05-31': -5.49, '2023-06-30': -2.88, '2023-07-31': -3.57, '2023-08-31': -3.28, '2023-09-30': -0.12, '2023-10-31': -1.76, '2023-11-30': 2.14, '2023-12-31': -1.23, '2024-01-31': 0.06, '2024-02-29': -9.66, '2024-03-31': -2.98, '2024-04-30': -1.73, '2024-05-31': 5.97, '2024-06-30': -6.75, '2024-07-31': 2.01, '2024-08-31': 0.21, '2024-09-30': -1.89, '2024-10-31': -10.53, '2024-11-30': -8.23, '2024-12-31': -4.47, '2025-01-31': 10.29, '2025-02-28': 2.65, '2025-03-31': 3.81, '2025-04-30': 2.99, '2025-05-31': -3.9, '2025-06-30': 2.9, '2025-07-31': 4.37, '2025-08-31': -4.52, '2025-09-30': -13.31, '2025-10-31': 1.98, '2025-11-30': 5.89, '2025-12-31': 2.19}",17.117
S30d_NY_London_Overlap_Momentum,LDO_USDT_USDT,15m,-13.67,-4.17,-0.5413,-1.3782,-0.107,-38.98,600,0.9618,41.84,-2.0645,662,-0.0861,124.061,92.8093,1.3367,5,10,10.71,-8.25,48.78,"{'2022-08-31': 3.37, '2022-09-30': -0.59, '2022-10-31': 10.71, '2022-11-30': -2.7, '2022-12-31': -0.56, '2023-01-31': -0.02, '2023-02-28': -4.63, '2023-03-31': -3.68, '2023-04-30': 0.52, '2023-05-31': -8.25, '2023-06-30': -2.15, '2023-07-31': 1.83, '2023-08-31': 2.39, '2023-09-30': -2.88, '2023-10-31': 0.42, '2023-11-30': -2.57, '2023-12-31': 2.1, '2024-01-31': -5.56, '2024-02-29': -5.05, '2024-03-31': -2.89, '2024-04-30': -0.78, '2024-05-31': -4.22, '2024-06-30': -4.55, '2024-07-31': -2.32, '2024-08-31': 0.92, '2024-09-30': 0.06, '2024-10-31': 2.19, '2024-11-30': 1.14, '2024-12-31': 5.26, '2025-01-31': 1.52, '2025-02-28': -1.78, '2025-03-31': 0.08, '2025-04-30': 0.47, '2025-05-31': 5.15, '2025-06-30': 0.12, '2025-07-31': 10.56, '2025-08-31': -3.24, '2025-09-30': -7.79, '2025-10-31': -2.59, '2025-11-30': 4.94, '2025-12-31': 6.44}",16.006
S30d_NY_London_Overlap_Momentum,SAND_USDT_USDT,15m,-52.96,-17.2,-1.0498,-2.1698,-0.2824,-60.91,852,0.8414,40.28,-6.2009,854,-0.1254,81.678,65.476,1.2474,11,14,9.9,-10.33,38.3,"{'2022-02-28': 2.4, '2022-03-31': -6.07, '2022-04-30': -0.65, '2022-05-31': 8.44, '2022-06-30': -2.92, '2022-07-31': -5.29, '2022-08-31': -2.76, '2022-09-30': -7.76, '2022-10-31': 3.06, '2022-11-30': 2.33, '2022-12-31': -1.11, '2023-01-31': -1.95, '2023-02-28': -4.52, '2023-03-31': -3.7, '2023-04-30': -6.28, '2023-05-31': -5.62, '2023-06-30': 4.75, '2023-07-31': 4.85, '2023-08-31': -7.19, '2023-09-30': -3.59, '2023-10-31': 1.02, '2023-11-30': -0.87, '2023-12-31': 0.62, '2024-01-31': -5.76, '2024-02-29': -9.69, '2024-03-31': -3.78, '2024-04-30': 4.43, '2024-05-31': 5.08, '2024-06-30': -6.54, '2024-07-31': 1.5, '2024-08-31': 0.53, '2024-09-30': -9.11, '2024-10-31': -0.08, '2024-11-30': -10.33, '2024-12-31': 4.34, '2025-01-31': -3.45, '2025-02-28': 3.24, '2025-03-31': -6.98, '2025-04-30': -6.37, '2025-05-31': -1.26, '2025-06-30': -1.05, '2025-07-31': 9.9, '2025-08-31': 3.71, '2025-09-30': -9.5, '2025-10-31': 6.03, '2025-11-30': -3.07, '2025-12-31': 9.19}",17.805
S30d_NY_London_Overlap_Momentum,MANA_USDT_USDT,15m,-66.82,-24.13,-1.3452,-3.2417,-0.3389,-71.21,805,0.7713,38.04,-8.1986,815,-0.1603,72.6857,57.8503,1.2564,6,12,8.34,-8.55,27.66,"{'2022-02-28': 1.72, '2022-03-31': -7.71, '2022-04-30': -5.09, '2022-05-31': 5.06, '2022-06-30': -1.9, '2022-07-31': -5.43, '2022-08-31': -3.4, '2022-09-30': -4.78, '2022-10-31': -2.04, '2022-11-30': -5.25, '2022-12-31': -5.59, '2023-01-31': -1.38, '2023-02-28': 1.49, '2023-03-31': -2.33, '2023-04-30': -6.31, '2023-05-31': -4.13, '2023-06-30': -1.51, '2023-07-31': -2.88, '2023-08-31': 3.83, '2023-09-30': 0.18, '2023-10-31': -1.09, '2023-11-30': -7.53, '2023-12-31': 5.13, '2024-01-31': -1.4, '2024-02-29': -8.55, '2024-03-31': -6.29, '2024-04-30': 1.67, '2024-05-31': 4.67, '2024-06-30': -8.01, '2024-07-31': -4.77, '2024-08-31': 3.7, '2024-09-30': -5.68, '2024-10-31': -1.77, '2024-11-30': -7.44, '2024-12-31': 2.01, '2025-01-31': -4.57, '2025-02-28': -1.95, '2025-03-31': -4.5, '2025-04-30': -0.84, '2025-05-31': -0.83, '2025-06-30': -4.73, '2025-07-31': 3.11, '2025-08-31': -7.2, '2025-09-30': -4.13, '2025-10-31': 8.34, '2025-11-30': -7.44, '2025-12-31': 3.69}",16.992
S30d_NY_London_Overlap_Momentum,CRV_USDT_USDT,15m,-20.93,-5.72,0.0018,0.0053,-0.1435,-39.85,599,0.9555,41.62,-2.9232,716,0.0003,150.8298,112.5365,1.3403,6,8,9.61,-10.06,46.81,"{'2022-02-28': 9.61, '2022-03-31': 1.18, '2022-04-30': 0.81, '2022-05-31': 2.37, '2022-06-30': -3.01, '2022-07-31': 9.24, '2022-08-31': -1.48, '2022-09-30': -9.75, '2022-10-31': 2.2, '2022-11-30': 6.34, '2022-12-31': -4.88, '2023-01-31': -3.71, '2023-02-28': 5.36, '2023-03-31': -2.17, '2023-04-30': -8.28, '2023-05-31': 0.28, '2023-06-30': 5.86, '2023-07-31': 8.25, '2023-08-31': -1.75, '2023-09-30': -1.56, '2023-10-31': 1.52, '2023-11-30': -4.6, '2023-12-31': 5.21, '2024-01-31': -5.59, '2024-02-29': 0.65, '2024-03-31': -0.75, '2024-04-30': 2.56, '2024-05-31': 0.96, '2024-06-30': -1.85, '2024-07-31': 1.75, '2024-08-31': 3.71, '2024-09-30': -3.83, '2024-10-31': -3.53, '2024-11-30': -3.7, '2024-12-31': -4.62, '2025-01-31': 0.47, '2025-02-28': -0.81, '2025-03-31': 6.52, '2025-04-30': -5.59, '2025-05-31': -1.06, '2025-06-30': -0.66, '2025-07-31': -6.79, '2025-08-31': 2.28, '2025-09-30': -10.06, '2025-10-31': -0.85, '2025-11-30': 0.22, '2025-12-31': -5.52}",14.928
S30d_NY_London_Overlap_Momentum,GALA_USDT_USDT,15m,-52.09,-16.81,-0.5394,-1.497,-0.2943,-57.11,683,0.8436,38.5,-7.3463,709,-0.0887,102.8811,76.3648,1.3472,8,17,13.34,-13.23,29.79,"{'2022-02-28': 2.2, '2022-03-31': -13.23, '2022-04-30': 3.63, '2022-05-31': -0.3, '2022-06-30': 1.41, '2022-07-31': -0.19, '2022-08-31': -1.76, '2022-09-30': -5.89, '2022-10-31': -4.17, '2022-11-30': -3.4, '2022-12-31': -1.7, '2023-01-31': 2.44, '2023-02-28': -0.31, '2023-03-31': -2.47, '2023-04-30': -5.34, '2023-05-31': 2.36, '2023-06-30': 2.69, '2023-07-31': -6.11, '2023-08-31': -5.79, '2023-09-30': -0.24, '2023-10-31': 1.51, '2023-11-30': -7.54, '2023-12-31': 3.16, '2024-01-31': 4.15, '2024-02-29': -3.21, '2024-03-31': -1.38, '2024-04-30': 3.64, '2024-05-31': 13.34, '2024-06-30': -5.29, '2024-07-31': -7.66, '2024-08-31': -1.36, '2024-09-30': -11.62, '2024-10-31': -1.66, '2024-11-30': -0.63, '2024-12-31': 3.85, '2025-01-31': -0.46, '2025-02-28': 0.95, '2025-03-31': -2.07, '2025-04-30': -3.51, '2025-05-31': -1.33, '2025-06-30': -1.08, '2025-07-31': 0.89, '2025-08-31': -2.69, '2025-09-30': -9.75, '2025-10-31': -0.5, '2025-11-30': -1.14, '2025-12-31': -3.09}",14.782
S30d_NY_London_Overlap_Momentum,APE_USDT_USDT,15m,-37.51,-11.68,-0.4445,-0.9474,-0.2181,-53.56,638,0.8812,40.51,-5.6068,669,-0.0741,102.666,79.3303,1.2942,7,14,11.94,-10.29,37.78,"{'2022-04-30': -0.46, '2022-05-31': -2.71, '2022-06-30': -3.36, '2022-07-31': -3.19, '2022-08-31': 2.81, '2022-09-30': -5.56, '2022-10-31': -1.9, '2022-11-30': -0.14, '2022-12-31': -9.41, '2023-01-31': -6.41, '2023-02-28': 3.1, '2023-03-31': -7.65, '2023-04-30': -0.14, '2023-05-31': -5.29, '2023-06-30': 3.66, '2023-07-31': 0.67, '2023-08-31': -3.72, '2023-09-30': -1.58, '2023-10-31': -3.6, '2023-11-30': -0.97, '2023-12-31': 1.6, '2024-01-31': -0.81, '2024-02-29': -4.33, '2024-03-31': 0.49, '2024-04-30': 6.73, '2024-05-31': 10.57, '2024-06-30': -3.6, '2024-07-31': -2.05, '2024-08-31': 7.16, '2024-09-30': 0.32, '2024-10-31': 1.39, '2024-11-30': -10.29, '2024-12-31': -6.67, '2025-01-31': 0.49, '2025-02-28': -4.55, '2025-03-31': -2.77, '2025-04-30': -9.34, '2025-05-31': 0.68, '2025-06-30': -6.89, '2025-07-31': 5.61, '2025-08-31': 1.52, '2025-09-30': -2.04, '2025-10-31': 11.94, '2025-11-30': -2.39, '2025-12-31': 4.99}",14.714
S30d_NY_London_Overlap_Momentum,AXS_USDT_USDT,15m,-59.78,-20.39,-1.3174,-2.2306,-0.31,-65.78,774,0.8096,38.97,-7.6646,780,-0.1797,83.6224,65.9655,1.2677,9,12,13.05,-8.34,25.53,"{'2022-02-28': 1.75, '2022-03-31': -7.6, '2022-04-30': 6.82, '2022-05-31': -4.12, '2022-06-30': 1.15, '2022-07-31': -0.85, '2022-08-31': 0.78, '2022-09-30': -4.74, '2022-10-31': 1.5, '2022-11-30': -2.31, '2022-12-31': -7.24, '2023-01-31': -0.17, '2023-02-28': -3.01, '2023-03-31': -2.49, '2023-04-30': -1.03, '2023-05-31': -3.78, '2023-06-30': 1.55, '2023-07-31': -4.35, '2023-08-31': 0.37, '2023-09-30': -8.34, '2023-10-31': -0.94, '2023-11-30': -2.0, '2023-12-31': -2.64, '2024-01-31': -2.59, '2024-02-29': -3.57, '2024-03-31': -5.22, '2024-04-30': -1.15, '2024-05-31': 5.27, '2024-06-30': -2.43, '2024-07-31': -5.85, '2024-08-31': -0.74, '2024-09-30': -8.1, '2024-10-31': 1.69, '2024-11-30': -5.83, '2024-12-31': -1.73, '2025-01-31': -0.0, '2025-02-28': -1.38, '2025-03-31': -2.51, '2025-04-30': -7.13, '2025-05-31': -4.72, '2025-06-30': -5.48, '2025-07-31': 10.97, '2025-08-31': -7.76, '2025-09-30': -6.5, '2025-10-31': 13.05, '2025-11-30': -1.97, '2025-12-31': 2.77}",16.262
S30d_NY_London_Overlap_Momentum,GRT_USDT_USDT,15m,-53.14,-17.28,-0.7791,-2.1223,-0.2913,-59.32,615,0.8193,38.53,-7.6675,693,-0.1137,90.2047,69.0099,1.3071,8,12,7.8,-10.11,31.91,"{'2022-02-28': 7.8, '2022-03-31': -6.04, '2022-04-30': 2.52, '2022-05-31': 5.11, '2022-06-30': -3.26, '2022-07-31': -0.15, '2022-08-31': -2.32, '2022-09-30': -2.8, '2022-10-31': 1.59, '2022-11-30': -1.68, '2022-12-31': -10.11, '2023-01-31': -3.56, '2023-02-28': -3.04, '2023-03-31': -2.68, '2023-04-30': -5.61, '2023-05-31': 1.07, '2023-06-30': 3.75, '2023-07-31': -5.03, '2023-08-31': -7.96, '2023-09-30': -0.62, '2023-10-31': -0.39, '2023-11-30': 3.98, '2023-12-31': -1.98, '2024-01-31': -4.86, '2024-02-29': -7.94, '2024-03-31': 1.72, '2024-04-30': -0.64, '2024-05-31': 4.03, '2024-06-30': -1.85, '2024-07-31': -1.97, '2024-08-31': -0.32, '2024-09-30': -7.4, '2024-10-31': -2.76, '2024-11-30': -8.27, '2024-12-31': 5.52, '2025-01-31': 2.37, '2025-02-28': -1.65, '2025-03-31': -0.1, '2025-04-30': 0.4, '2025-05-31': 2.41, '2025-06-30': -1.63, '2025-07-31': 5.56, '2025-08-31': -4.05, '2025-09-30': -9.47, '2025-10-31': -0.83, '2025-11-30': -3.03, '2025-12-31': 4.69}",14.449
S30d_NY_London_Overlap_Momentum,CHZ_USDT_USDT,15m,-63.47,-22.35,-1.0595,-2.9127,-0.3468,-64.45,751,0.7835,37.42,-8.4516,751,-0.1363,81.7603,62.3868,1.3105,6,12,12.9,-8.77,29.79,"{'2022-02-28': -3.3, '2022-03-31': -1.5, '2022-04-30': 4.73, '2022-05-31': 1.2, '2022-06-30': 2.76, '2022-07-31': -6.72, '2022-08-31': 2.46, '2022-09-30': -5.53, '2022-10-31': 4.58, '2022-11-30': -0.46, '2022-12-31': 0.14, '2023-01-31': -6.8, '2023-02-28': -3.59, '2023-03-31': -3.13, '2023-04-30': -6.35, '2023-05-31': -5.19, '2023-06-30': -0.36, '2023-07-31': -1.12, '2023-08-31': -6.1, '2023-09-30': -4.3, '2023-10-31': -7.3, '2023-11-30': -2.76, '2023-12-31': -2.83, '2024-01-31': -1.06, '2024-02-29': -4.81, '2024-03-31': 0.49, '2024-04-30': 4.2, '2024-05-31': 4.08, '2024-06-30': -2.52, '2024-07-31': -3.08, '2024-08-31': -1.6, '2024-09-30': -6.02, '2024-10-31': 1.38, '2024-11-30': -2.33, '2024-12-31': 2.03, '2025-01-31': 4.07, '2025-02-28': -6.35, '2025-03-31': -4.75, '2025-04-30': -8.13, '2025-05-31': -6.03, '2025-06-30': -3.27, '2025-07-31': 12.9, '2025-08-31': -5.55, '2025-09-30': -8.77, '2025-10-31': 5.03, '2025-11-30': -2.73, '2025-12-31': -2.01}",15.658
S30d_NY_London_Overlap_Momentum,1000LUNC_USDT_USDT,15m,-38.65,-13.72,-0.3431,-0.7565,-0.2909,-47.16,641,0.8811,39.94,-5.8472,661,-0.0514,108.4472,81.8516,1.3249,6,14,7.89,-14.21,43.59,"{'2022-10-31': 5.82, '2022-11-30': 0.03, '2022-12-31': -1.96, '2023-01-31': -1.73, '2023-02-28': -8.04, '2023-03-31': -4.4, '2023-04-30': -6.18, '2023-05-31': 0.88, '2023-06-30': -0.68, '2023-07-31': 4.84, '2023-08-31': -3.36, '2023-09-30': 1.39, '2023-10-31': -4.11, '2023-11-30': -2.41, '2023-12-31': -0.68, '2024-01-31': 0.82, '2024-02-29': -0.27, '2024-03-31': -3.5, '2024-04-30': 4.35, '2024-05-31': 7.89, '2024-06-30': 0.69, '2024-07-31': -3.49, '2024-08-31': 0.65, '2024-09-30': -14.21, '2024-10-31': -1.3, '2024-11-30': -6.71, '2024-12-31': -1.56, '2025-01-31': 4.1, '2025-02-28': -4.24, '2025-03-31': -5.45, '2025-04-30': 1.31, '2025-05-31': 1.29, '2025-06-30': 2.9, '2025-07-31': 1.87, '2025-08-31': -0.91, '2025-09-30': -11.14, '2025-10-31': 3.39, '2025-11-30': -3.94, '2025-12-31': 2.28}",16.643
S30d_NY_London_Overlap_Momentum,TWT_USDT_USDT,15m,-57.67,-24.11,-1.3445,-3.6924,-0.3849,-62.64,637,0.76,38.03,-9.0242,639,-0.1537,75.1469,60.6747,1.2385,6,12,3.78,-10.04,40.54,"{'2022-12-31': -2.04, '2023-01-31': -7.67, '2023-02-28': 0.08, '2023-03-31': -4.0, '2023-04-30': -8.25, '2023-05-31': -4.28, '2023-06-30': -1.32, '2023-07-31': -3.97, '2023-08-31': 0.78, '2023-09-30': 0.45, '2023-10-31': -10.04, '2023-11-30': -1.64, '2023-12-31': -4.88, '2024-01-31': -6.12, '2024-02-29': 0.51, '2024-03-31': -1.77, '2024-04-30': 0.97, '2024-05-31': -2.34, '2024-06-30': -5.47, '2024-07-31': -6.07, '2024-08-31': 0.52, '2024-09-30': 1.69, '2024-10-31': 1.2, '2024-11-30': -8.18, '2024-12-31': 2.26, '2025-01-31': -7.17, '2025-02-28': -4.82, '2025-03-31': -5.17, '2025-04-30': -4.92, '2025-05-31': 0.25, '2025-06-30': 1.14, '2025-07-31': 3.49, '2025-08-31': -1.17, '2025-09-30': -2.16, '2025-10-31': 3.78, '2025-11-30': 1.82, '2025-12-31': 0.99}",17.077
S30d_NY_London_Overlap_Momentum,ZRX_USDT_USDT,15m,-43.27,-14.01,-0.6287,-1.4022,-0.2649,-52.88,724,0.8565,40.74,-5.7238,756,-0.0807,83.8555,67.3096,1.2458,9,11,7.36,-10.1,40.0,"{'2022-04-30': 1.92, '2022-05-31': -0.39, '2022-06-30': -3.89, '2022-07-31': -6.34, '2022-08-31': -5.45, '2022-09-30': -5.2, '2022-10-31': -6.22, '2022-11-30': 6.99, '2022-12-31': -1.96, '2023-01-31': -7.06, '2023-02-28': -7.12, '2023-03-31': 3.43, '2023-04-30': -1.12, '2023-05-31': 0.01, '2023-06-30': 5.22, '2023-07-31': -0.79, '2023-08-31': 0.14, '2023-09-30': -5.41, '2023-10-31': 2.35, '2023-11-30': -2.25, '2023-12-31': -1.6, '2024-01-31': -6.97, '2024-02-29': -10.1, '2024-03-31': -1.54, '2024-04-30': 1.88, '2024-05-31': 2.31, '2024-06-30': -6.25, '2024-07-31': -3.63, '2024-08-31': -1.47, '2024-09-30': 4.53, '2024-10-31': 1.93, '2024-11-30': 1.26, '2024-12-31': 2.82, '2025-01-31': 1.14, '2025-02-28': -4.47, '2025-03-31': 4.16, '2025-04-30': -2.9, '2025-05-31': -3.46, '2025-06-30': -4.89, '2025-07-31': 6.65, '2025-08-31': -1.89, '2025-09-30': 0.23, '2025-10-31': 7.36, '2025-11-30': -4.35, '2025-12-31': -0.72}",16.749
S30d_NY_London_Overlap_Momentum,ANKR_USDT_USDT,15m,-63.01,-22.04,-1.0433,-2.2684,-0.3394,-64.93,719,0.8057,38.96,-7.2841,865,-0.1235,77.5516,61.4312,1.2624,6,9,8.39,-12.12,29.79,"{'2022-02-28': -5.79, '2022-03-31': -2.13, '2022-04-30': 3.53, '2022-05-31': -1.11, '2022-06-30': 2.1, '2022-07-31': -2.74, '2022-08-31': 5.29, '2022-09-30': 2.41, '2022-10-31': -4.96, '2022-11-30': -1.75, '2022-12-31': -6.45, '2023-01-31': -9.81, '2023-02-28': -4.61, '2023-03-31': -10.96, '2023-04-30': -2.49, '2023-05-31': -5.55, '2023-06-30': -2.07, '2023-07-31': -1.31, '2023-08-31': 1.31, '2023-09-30': -7.24, '2023-10-31': -8.62, '2023-11-30': -3.06, '2023-12-31': -2.5, '2024-01-31': -5.76, '2024-02-29': -4.71, '2024-03-31': -4.56, '2024-04-30': 6.93, '2024-05-31': 8.39, '2024-06-30': 3.71, '2024-07-31': -2.45, '2024-08-31': -0.43, '2024-09-30': -12.12, '2024-10-31': 6.87, '2024-11-30': 0.74, '2024-12-31': 0.06, '2025-01-31': -0.29, '2025-02-28': -1.99, '2025-03-31': -3.3, '2025-04-30': -5.41, '2025-05-31': -1.61, '2025-06-30': -1.85, '2025-07-31': 2.68, '2025-08-31': -3.63, '2025-09-30': -7.0, '2025-10-31': 5.09, '2025-11-30': -6.0, '2025-12-31': 0.78}",18.035
S30d_NY_London_Overlap_Momentum,STX_USDT_USDT,15m,-60.28,-20.62,-1.1622,-2.7727,-0.3044,-67.73,783,0.8051,38.6,-7.2712,829,-0.1609,77.8262,60.7705,1.2807,7,12,11.42,-9.36,36.17,"{'2022-02-28': 7.44, '2022-03-31': -6.96, '2022-04-30': -4.96, '2022-05-31': -6.66, '2022-06-30': 2.33, '2022-07-31': -1.06, '2022-08-31': -1.62, '2022-09-30': 0.17, '2022-10-31': -7.26, '2022-11-30': -5.04, '2022-12-31': -5.53, '2023-01-31': -8.25, '2023-02-28': -7.46, '2023-03-31': -3.41, '2023-04-30': -5.36, '2023-05-31': -3.71, '2023-06-30': 4.26, '2023-07-31': -4.0, '2023-08-31': -1.13, '2023-09-30': -5.23, '2023-10-31': -9.36, '2023-11-30': -5.47, '2023-12-31': 4.04, '2024-01-31': -7.36, '2024-02-29': 0.97, '2024-03-31': 1.57, '2024-04-30': 6.38, '2024-05-31': 1.92, '2024-06-30': -0.9, '2024-07-31': -6.54, '2024-08-31': 4.63, '2024-09-30': -6.19, '2024-10-31': 0.9, '2024-11-30': -5.24, '2024-12-31': -4.5, '2025-01-31': 11.42, '2025-02-28': -5.6, '2025-03-31': -3.8, '2025-04-30': 5.97, '2025-05-31': -1.07, '2025-06-30': -8.1, '2025-07-31': 2.75, '2025-08-31': -2.51, '2025-09-30': -7.8, '2025-10-31': 10.52, '2025-11-30': 0.56, '2025-12-31': 2.21}",17.284
S30d_NY_London_Overlap_Momentum,EGLD_USDT_USDT,15m,-50.92,-16.32,-0.9661,-2.9141,-0.2601,-62.74,600,0.8338,39.43,-7.5778,672,-0.1213,96.4332,75.2999,1.2807,7,12,10.99,-8.78,34.04,"{'2022-02-28': 3.34, '2022-03-31': 1.08, '2022-04-30': 10.99, '2022-05-31': 3.54, '2022-06-30': -5.52, '2022-07-31': -2.54, '2022-08-31': -2.41, '2022-09-30': -1.65, '2022-10-31': -8.2, '2022-11-30': -0.61, '2022-12-31': -3.44, '2023-01-31': -5.41, '2023-02-28': -2.93, '2023-03-31': -5.91, '2023-04-30': -2.42, '2023-05-31': -2.85, '2023-06-30': 1.32, '2023-07-31': 5.52, '2023-08-31': 0.96, '2023-09-30': -3.05, '2023-10-31': -2.45, '2023-11-30': -7.42, '2023-12-31': 0.61, '2024-01-31': -5.32, '2024-02-29': -7.64, '2024-03-31': -0.63, '2024-04-30': 3.36, '2024-05-31': 4.73, '2024-06-30': -2.1, '2024-07-31': -5.07, '2024-08-31': 6.35, '2024-09-30': -5.22, '2024-10-31': 1.17, '2024-11-30': 2.16, '2024-12-31': -6.04, '2025-01-31': 2.16, '2025-02-28': -0.24, '2025-03-31': -4.93, '2025-04-30': -4.14, '2025-05-31': -0.27, '2025-06-30': -1.92, '2025-07-31': 9.25, '2025-08-31': -8.44, '2025-09-30': -8.78, '2025-10-31': 2.85, '2025-11-30': -4.17, '2025-12-31': -0.29}",14.011
S30d_NY_London_Overlap_Momentum,MINA_USDT_USDT,15m,-68.66,-26.71,-1.6252,-3.9669,-0.3744,-71.35,689,0.7111,36.24,-9.4963,723,-0.2129,64.4867,51.543,1.2511,7,13,11.93,-12.2,22.73,"{'2022-05-31': 2.3, '2022-06-30': -0.39, '2022-07-31': -4.13, '2022-08-31': -2.41, '2022-09-30': -2.47, '2022-10-31': -12.2, '2022-11-30': -8.23, '2022-12-31': -11.07, '2023-01-31': -8.78, '2023-02-28': -1.99, '2023-03-31': 1.54, '2023-04-30': -10.92, '2023-05-31': 6.12, '2023-06-30': -2.93, '2023-07-31': -4.44, '2023-08-31': -3.43, '2023-09-30': -3.21, '2023-10-31': -5.32, '2023-11-30': -4.57, '2023-12-31': -4.46, '2024-01-31': -1.46, '2024-02-29': -2.29, '2024-03-31': 2.12, '2024-04-30': -1.73, '2024-05-31': 3.55, '2024-06-30': -3.5, '2024-07-31': -4.66, '2024-08-31': 7.03, '2024-09-30': -9.19, '2024-10-31': 0.27, '2024-11-30': -6.95, '2024-12-31': -0.88, '2025-01-31': 4.85, '2025-02-28': -3.47, '2025-03-31': -0.67, '2025-04-30': -5.22, '2025-05-31': -2.94, '2025-06-30': -3.81, '2025-07-31': 11.93, '2025-08-31': -0.45, '2025-09-30': -9.62, '2025-10-31': -0.89, '2025-11-30': 4.0, '2025-12-31': -0.39}",16.135
S30d_NY_London_Overlap_Momentum,ZEN_USDT_USDT,15m,-42.92,-13.11,-0.6494,-1.4623,-0.2713,-48.33,588,0.8668,38.96,-6.5829,652,-0.1127,109.9928,80.9804,1.3583,7,14,6.9,-7.62,38.3,"{'2022-02-28': 2.99, '2022-03-31': 2.18, '2022-04-30': 4.57, '2022-05-31': 0.9, '2022-06-30': -1.31, '2022-07-31': -2.83, '2022-08-31': 3.68, '2022-09-30': 0.99, '2022-10-31': -4.49, '2022-11-30': 2.18, '2022-12-31': -4.99, '2023-01-31': -3.08, '2023-02-28': 3.51, '2023-03-31': 2.97, '2023-04-30': -5.67, '2023-05-31': -5.41, '2023-06-30': 4.35, '2023-07-31': -0.85, '2023-08-31': -7.62, '2023-09-30': -1.75, '2023-10-31': -3.16, '2023-11-30': -5.26, '2023-12-31': -2.69, '2024-01-31': -4.65, '2024-02-29': 0.83, '2024-03-31': -5.24, '2024-04-30': -0.62, '2024-05-31': 6.24, '2024-06-30': -2.81, '2024-07-31': 3.0, '2024-08-31': -3.45, '2024-09-30': -4.5, '2024-10-31': -0.55, '2024-11-30': 2.29, '2024-12-31': -3.68, '2025-01-31': -0.38, '2025-02-28': 0.89, '2025-03-31': 6.9, '2025-04-30': -0.97, '2025-05-31': -4.62, '2025-06-30': -0.79, '2025-07-31': 5.76, '2025-08-31': -2.74, '2025-09-30': -4.04, '2025-10-31': -4.29, '2025-11-30': -7.2, '2025-12-31': 1.54}",13.594
S30d_NY_London_Overlap_Momentum,ALICE_USDT_USDT,15m,-48.83,-15.43,-0.8177,-2.1671,-0.281,-54.91,662,0.8375,39.26,-7.2346,675,-0.1348,94.9548,73.2838,1.2957,5,10,7.08,-11.99,42.55,"{'2022-02-28': -7.56, '2022-03-31': -3.39, '2022-04-30': -1.39, '2022-05-31': 2.52, '2022-06-30': -3.91, '2022-07-31': -2.56, '2022-08-31': -6.9, '2022-09-30': -4.35, '2022-10-31': -2.84, '2022-11-30': -11.59, '2022-12-31': -5.35, '2023-01-31': -2.46, '2023-02-28': 3.44, '2023-03-31': 0.5, '2023-04-30': 1.43, '2023-05-31': -2.89, '2023-06-30': 3.55, '2023-07-31': 0.76, '2023-08-31': 5.51, '2023-09-30': 2.5, '2023-10-31': -5.47, '2023-11-30': -0.71, '2023-12-31': 4.53, '2024-01-31': 3.36, '2024-02-29': -5.87, '2024-03-31': -6.66, '2024-04-30': 5.08, '2024-05-31': 5.3, '2024-06-30': -0.07, '2024-07-31': -5.91, '2024-08-31': 5.09, '2024-09-30': -1.31, '2024-10-31': -3.55, '2024-11-30': -9.44, '2024-12-31': 2.37, '2025-01-31': 7.08, '2025-02-28': -6.19, '2025-03-31': -4.59, '2025-04-30': 0.53, '2025-05-31': -4.05, '2025-06-30': -0.86, '2025-07-31': 3.16, '2025-08-31': -6.28, '2025-09-30': -11.99, '2025-10-31': 4.92, '2025-11-30': 3.01, '2025-12-31': 1.7}",14.073
S30d_NY_London_Overlap_Momentum,JST_USDT_USDT,15m,-86.87,-41.15,-3.8213,-7.3702,-0.4737,-86.87,935,0.5475,35.08,-9.2914,935,-0.2409,32.0482,31.6297,1.0132,5,13,2.56,-10.5,10.87,"{'2022-03-31': -2.12, '2022-04-30': -7.14, '2022-05-31': -6.36, '2022-06-30': 2.21, '2022-07-31': -6.32, '2022-08-31': -8.49, '2022-09-30': -1.58, '2022-10-31': -4.74, '2022-11-30': -2.93, '2022-12-31': -6.39, '2023-01-31': -7.76, '2023-02-28': -6.33, '2023-03-31': -1.77, '2023-04-30': -1.69, '2023-05-31': -5.35, '2023-06-30': 1.26, '2023-07-31': -4.85, '2023-08-31': -6.98, '2023-09-30': 0.31, '2023-10-31': -10.5, '2023-11-30': -2.57, '2023-12-31': -5.35, '2024-01-31': -2.44, '2024-02-29': -7.94, '2024-03-31': -0.51, '2024-04-30': -6.61, '2024-05-31': 2.56, '2024-06-30': -6.7, '2024-07-31': -4.1, '2024-08-31': -4.02, '2024-09-30': -6.81, '2024-10-31': -3.84, '2024-11-30': -6.82, '2024-12-31': -5.45, '2025-01-31': -4.72, '2025-02-28': -1.32, '2025-03-31': -0.26, '2025-04-30': -8.84, '2025-05-31': -2.34, '2025-06-30': -4.86, '2025-07-31': 1.18, '2025-08-31': -4.59, '2025-09-30': -5.87, '2025-10-31': -3.96, '2025-11-30': -3.67, '2025-12-31': -4.91}",20.257
S30d_NY_London_Overlap_Momentum,SUN_USDT_USDT,15m,-80.83,-34.91,-2.3721,-4.4715,-0.4243,-82.28,746,0.5511,34.09,-10.7625,751,-0.2521,38.7681,36.3783,1.0657,9,19,13.24,-10.77,17.39,"{'2022-03-31': -6.28, '2022-04-30': -2.23, '2022-05-31': -3.37, '2022-06-30': -8.87, '2022-07-31': -4.03, '2022-08-31': 0.13, '2022-09-30': -3.38, '2022-10-31': -2.04, '2022-11-30': -0.88, '2022-12-31': -10.17, '2023-01-31': -8.25, '2023-02-28': -7.8, '2023-03-31': -10.16, '2023-04-30': -4.96, '2023-05-31': -4.33, '2023-06-30': -5.3, '2023-07-31': -5.48, '2023-08-31': -1.61, '2023-09-30': -6.27, '2023-10-31': -6.66, '2023-11-30': -4.54, '2023-12-31': -10.77, '2024-01-31': -4.68, '2024-02-29': -6.85, '2024-03-31': -8.96, '2024-04-30': -1.29, '2024-05-31': 0.1, '2024-06-30': -0.28, '2024-07-31': -3.1, '2024-08-31': 4.62, '2024-09-30': 2.54, '2024-10-31': 13.24, '2024-11-30': -9.53, '2024-12-31': -6.79, '2025-01-31': -2.72, '2025-02-28': -0.99, '2025-03-31': -3.83, '2025-04-30': -8.93, '2025-05-31': -3.7, '2025-06-30': -3.48, '2025-07-31': 2.46, '2025-08-31': 3.4, '2025-09-30': -3.08, '2025-10-31': 3.79, '2025-11-30': -0.57, '2025-12-31': -1.51}",16.271
S30d_NY_London_Overlap_Momentum,ONT_USDT_USDT,15m,-74.52,-31.92,-1.9003,-5.2744,-0.4262,-74.9,778,0.6701,36.84,-9.5662,779,-0.1896,52.744,45.9138,1.1488,7,10,11.05,-11.88,21.43,"{'2022-07-31': -1.85, '2022-08-31': -5.63, '2022-09-30': -10.01, '2022-10-31': 1.0, '2022-11-30': -10.61, '2022-12-31': -6.45, '2023-01-31': -4.95, '2023-02-28': -4.7, '2023-03-31': 1.15, '2023-04-30': -5.01, '2023-05-31': -6.38, '2023-06-30': -1.42, '2023-07-31': -3.73, '2023-08-31': -0.67, '2023-09-30': -0.64, '2023-10-31': -3.94, '2023-11-30': -4.11, '2023-12-31': -3.63, '2024-01-31': -6.35, '2024-02-29': -11.88, '2024-03-31': -0.82, '2024-04-30': -8.15, '2024-05-31': 8.6, '2024-06-30': 0.93, '2024-07-31': -7.35, '2024-08-31': 4.47, '2024-09-30': -4.06, '2024-10-31': -1.24, '2024-11-30': -4.92, '2024-12-31': 2.75, '2025-01-31': -7.69, '2025-02-28': -2.43, '2025-03-31': -5.61, '2025-04-30': -5.82, '2025-05-31': -2.28, '2025-06-30': -3.13, '2025-07-31': 11.05, '2025-08-31': 0.87, '2025-09-30': -4.31, '2025-10-31': 1.05, '2025-11-30': -5.55, '2025-12-31': -5.77}",18.185
S30d_NY_London_Overlap_Momentum,AGLD_USDT_USDT,15m,-55.97,-19.93,-1.0873,-2.4692,-0.3265,-61.04,714,0.7923,38.38,-7.6981,727,-0.1519,76.5123,60.1416,1.2722,7,11,13.94,-12.36,34.09,"{'2022-05-31': -5.06, '2022-06-30': 1.32, '2022-07-31': -0.92, '2022-08-31': -7.6, '2022-09-30': -10.5, '2022-10-31': -10.47, '2022-11-30': -5.14, '2022-12-31': -2.42, '2023-01-31': -1.23, '2023-02-28': 5.67, '2023-03-31': -3.73, '2023-04-30': -4.62, '2023-05-31': -2.91, '2023-06-30': -0.48, '2023-07-31': -0.92, '2023-08-31': -0.46, '2023-09-30': 2.08, '2023-10-31': 1.29, '2023-11-30': -8.54, '2023-12-31': 0.77, '2024-01-31': -4.04, '2024-02-29': -4.95, '2024-03-31': -6.76, '2024-04-30': -3.23, '2024-05-31': 13.94, '2024-06-30': -0.58, '2024-07-31': -5.08, '2024-08-31': 7.56, '2024-09-30': -8.34, '2024-10-31': 6.56, '2024-11-30': -12.36, '2024-12-31': -3.87, '2025-01-31': 2.53, '2025-02-28': 0.38, '2025-03-31': -5.04, '2025-04-30': -3.11, '2025-05-31': -2.75, '2025-06-30': 1.45, '2025-07-31': 5.24, '2025-08-31': 1.26, '2025-09-30': -7.36, '2025-10-31': 7.28, '2025-11-30': -5.78, '2025-12-31': 8.7}",16.405
S30d_NY_London_Overlap_Momentum,BTC_USDT_USDT,30m,-69.78,-25.87,-1.9386,-5.9929,-0.3523,-73.43,774,0.741,38.54,-8.3266,838,-0.1513,61.7982,52.3078,1.1814,7,14,11.28,-10.61,25.53,"{'2022-02-28': 3.56, '2022-03-31': -0.21, '2022-04-30': 7.56, '2022-05-31': -5.29, '2022-06-30': -3.39, '2022-07-31': -4.11, '2022-08-31': -4.69, '2022-09-30': -7.81, '2022-10-31': -0.25, '2022-11-30': -3.18, '2022-12-31': -1.62, '2023-01-31': -7.92, '2023-02-28': -4.1, '2023-03-31': -0.93, '2023-04-30': -8.44, '2023-05-31': -10.16, '2023-06-30': 3.08, '2023-07-31': -3.71, '2023-08-31': 0.35, '2023-09-30': -3.36, '2023-10-31': -1.81, '2023-11-30': -2.83, '2023-12-31': 1.04, '2024-01-31': -10.61, '2024-02-29': 0.34, '2024-03-31': -1.99, '2024-04-30': 3.35, '2024-05-31': 11.28, '2024-06-30': -4.23, '2024-07-31': 1.36, '2024-08-31': 0.94, '2024-09-30': -2.12, '2024-10-31': -0.58, '2024-11-30': -9.02, '2024-12-31': -4.64, '2025-01-31': 0.02, '2025-02-28': -2.77, '2025-03-31': -0.09, '2025-04-30': -8.02, '2025-05-31': -0.98, '2025-06-30': -7.76, '2025-07-31': -4.21, '2025-08-31': -1.75, '2025-09-30': -9.16, '2025-10-31': 1.74, '2025-11-30': -1.31, '2025-12-31': -2.85}",17.472
S30d_NY_London_Overlap_Momentum,ETH_USDT_USDT,30m,-36.53,-10.75,-0.7331,-2.0661,-0.2001,-53.73,593,0.8862,40.94,-5.3413,684,-0.0868,101.5846,79.4483,1.2786,9,12,9.54,-11.68,44.68,"{'2022-02-28': 0.63, '2022-03-31': 3.21, '2022-04-30': 4.77, '2022-05-31': -0.86, '2022-06-30': 3.2, '2022-07-31': -4.01, '2022-08-31': 7.19, '2022-09-30': -5.33, '2022-10-31': 0.45, '2022-11-30': -2.7, '2022-12-31': -3.41, '2023-01-31': -8.96, '2023-02-28': -5.14, '2023-03-31': 0.77, '2023-04-30': -7.62, '2023-05-31': -3.98, '2023-06-30': 0.92, '2023-07-31': -2.74, '2023-08-31': -3.88, '2023-09-30': 0.01, '2023-10-31': -1.49, '2023-11-30': -0.73, '2023-12-31': 9.54, '2024-01-31': -1.59, '2024-02-29': -6.9, '2024-03-31': 0.89, '2024-04-30': 1.74, '2024-05-31': 4.21, '2024-06-30': 3.39, '2024-07-31': -6.01, '2024-08-31': 2.58, '2024-09-30': -2.58, '2024-10-31': -4.73, '2024-11-30': -11.68, '2024-12-31': -4.58, '2025-01-31': 3.87, '2025-02-28': -0.63, '2025-03-31': -1.54, '2025-04-30': 0.43, '2025-05-31': -1.03, '2025-06-30': -1.98, '2025-07-31': -5.65, '2025-08-31': 0.13, '2025-09-30': -4.66, '2025-10-31': 9.4, '2025-11-30': 4.23, '2025-12-31': 1.99}",14.261
S30d_NY_London_Overlap_Momentum,SOL_USDT_USDT,30m,-0.96,-0.24,0.1657,0.4297,-0.0084,-28.7,384,0.997,42.34,-0.1832,522,0.0366,141.6598,104.3271,1.3578,8,10,10.04,-9.83,44.68,"{'2022-02-28': -1.31, '2022-03-31': -4.08, '2022-04-30': -0.57, '2022-05-31': -0.56, '2022-06-30': 6.42, '2022-07-31': 0.34, '2022-08-31': -1.92, '2022-09-30': -4.89, '2022-10-31': 9.57, '2022-11-30': 6.96, '2022-12-31': -0.07, '2023-01-31': -1.25, '2023-02-28': 2.79, '2023-03-31': 0.78, '2023-04-30': -3.75, '2023-05-31': -6.33, '2023-06-30': 2.15, '2023-07-31': -2.74, '2023-08-31': -5.17, '2023-09-30': 5.4, '2023-10-31': -4.65, '2023-11-30': 2.69, '2023-12-31': -3.16, '2024-01-31': -0.06, '2024-02-29': -3.12, '2024-03-31': -3.29, '2024-04-30': 0.69, '2024-05-31': 6.0, '2024-06-30': 1.04, '2024-07-31': 6.9, '2024-08-31': 3.14, '2024-09-30': -8.45, '2024-10-31': -4.77, '2024-11-30': -4.06, '2024-12-31': -3.43, '2025-01-31': -2.09, '2025-02-28': -1.29, '2025-03-31': 0.53, '2025-04-30': 10.04, '2025-05-31': -1.82, '2025-06-30': -3.03, '2025-07-31': 1.1, '2025-08-31': 8.73, '2025-09-30': -9.83, '2025-10-31': 7.47, '2025-11-30': 5.4, '2025-12-31': 2.16}",10.883
S30d_NY_London_Overlap_Momentum,XRP_USDT_USDT,30m,-53.86,-17.59,-1.4918,-3.233,-0.2879,-61.1,372,0.7426,36.12,-11.8627,454,-0.2834,94.7303,72.1429,1.3131,5,10,7.47,-8.46,25.53,"{'2022-02-28': 1.89, '2022-03-31': -3.07, '2022-04-30': -1.88, '2022-05-31': 2.96, '2022-06-30': -1.06, '2022-07-31': -0.31, '2022-08-31': -0.84, '2022-09-30': 0.26, '2022-10-31': 3.94, '2022-11-30': 3.52, '2022-12-31': -0.85, '2023-01-31': -1.36, '2023-02-28': -1.41, '2023-03-31': -4.05, '2023-04-30': -5.81, '2023-05-31': -4.99, '2023-06-30': -0.02, '2023-07-31': -4.29, '2023-08-31': 0.62, '2023-09-30': -1.39, '2023-10-31': -7.82, '2023-11-30': -0.04, '2023-12-31': -2.64, '2024-01-31': 1.19, '2024-02-29': -5.38, '2024-03-31': -1.34, '2024-04-30': -5.49, '2024-05-31': -1.84, '2024-06-30': -4.02, '2024-07-31': -1.69, '2024-08-31': -4.64, '2024-09-30': -4.9, '2024-10-31': 0.94, '2024-11-30': -6.51, '2024-12-31': -1.58, '2025-01-31': -1.82, '2025-02-28': -3.72, '2025-03-31': 1.1, '2025-04-30': -2.27, '2025-05-31': -3.2, '2025-06-30': -2.13, '2025-07-31': -3.05, '2025-08-31': 4.67, '2025-09-30': -8.46, '2025-10-31': 5.24, '2025-11-30': 7.47, '2025-12-31': -0.84}",9.466
S30d_NY_London_Overlap_Momentum,DOGE_USDT_USDT,30m,-35.63,-10.44,-0.2889,-0.8069,-0.2372,-44.01,536,0.8569,39.33,-6.6113,539,-0.0557,100.6169,76.1292,1.3217,7,12,9.1,-13.08,46.81,"{'2022-02-28': 2.03, '2022-03-31': -4.31, '2022-04-30': -0.03, '2022-05-31': -6.63, '2022-06-30': -3.85, '2022-07-31': -0.21, '2022-08-31': -5.62, '2022-09-30': 0.14, '2022-10-31': 0.27, '2022-11-30': -1.11, '2022-12-31': 0.07, '2023-01-31': -1.74, '2023-02-28': 0.04, '2023-03-31': -2.0, '2023-04-30': -5.88, '2023-05-31': -7.26, '2023-06-30': -4.31, '2023-07-31': -5.11, '2023-08-31': 9.1, '2023-09-30': -3.17, '2023-10-31': -5.08, '2023-11-30': -0.05, '2023-12-31': 2.96, '2024-01-31': -1.54, '2024-02-29': -1.74, '2024-03-31': 2.56, '2024-04-30': -0.76, '2024-05-31': 6.04, '2024-06-30': 3.65, '2024-07-31': -3.18, '2024-08-31': 4.78, '2024-09-30': -7.99, '2024-10-31': -6.85, '2024-11-30': 1.56, '2024-12-31': 1.3, '2025-01-31': 5.28, '2025-02-28': -2.38, '2025-03-31': 2.75, '2025-04-30': 4.87, '2025-05-31': -3.54, '2025-06-30': 0.16, '2025-07-31': 1.1, '2025-08-31': 3.78, '2025-09-30': -13.08, '2025-10-31': 3.39, '2025-11-30': 1.48, '2025-12-31': 2.63}",11.238
S30d_NY_London_Overlap_Momentum,ADA_USDT_USDT,30m,-43.3,-13.23,-0.8632,-2.419,-0.2819,-46.93,445,0.806,37.89,-9.7087,446,-0.1774,106.4692,80.5898,1.3211,6,14,9.75,-10.25,31.91,"{'2022-02-28': 0.52, '2022-03-31': -0.1, '2022-04-30': -3.89, '2022-05-31': 0.92, '2022-06-30': 5.26, '2022-07-31': -6.13, '2022-08-31': -0.31, '2022-09-30': -7.3, '2022-10-31': 5.16, '2022-11-30': -0.03, '2022-12-31': -3.65, '2023-01-31': -5.04, '2023-02-28': 5.18, '2023-03-31': -0.16, '2023-04-30': -2.8, '2023-05-31': -2.22, '2023-06-30': -2.14, '2023-07-31': 3.25, '2023-08-31': 0.89, '2023-09-30': -0.67, '2023-10-31': -4.31, '2023-11-30': -6.0, '2023-12-31': -0.08, '2024-01-31': -1.19, '2024-02-29': -7.39, '2024-03-31': 0.1, '2024-04-30': -2.04, '2024-05-31': 9.75, '2024-06-30': -1.06, '2024-07-31': -2.75, '2024-08-31': -0.27, '2024-09-30': -5.64, '2024-10-31': 6.39, '2024-11-30': -4.84, '2024-12-31': -0.6, '2025-01-31': -0.68, '2025-02-28': -5.2, '2025-03-31': 2.34, '2025-04-30': -2.25, '2025-05-31': -1.34, '2025-06-30': 1.6, '2025-07-31': -4.12, '2025-08-31': 2.19, '2025-09-30': -10.25, '2025-10-31': 2.53, '2025-11-30': 2.19, '2025-12-31': -1.79}",9.299
S30d_NY_London_Overlap_Momentum,AVAX_USDT_USDT,30m,-6.27,-1.61,0.0124,0.0305,-0.0608,-26.49,367,0.9778,41.68,-1.3538,463,0.0029,143.2606,104.7264,1.368,8,11,10.18,-7.05,42.55,"{'2022-02-28': -0.28, '2022-03-31': 1.35, '2022-04-30': 2.14, '2022-05-31': -0.46, '2022-06-30': 6.47, '2022-07-31': -4.17, '2022-08-31': 0.1, '2022-09-30': -2.87, '2022-10-31': 10.18, '2022-11-30': 0.68, '2022-12-31': -4.4, '2023-01-31': -7.05, '2023-02-28': 1.98, '2023-03-31': -0.28, '2023-04-30': -3.61, '2023-05-31': -0.81, '2023-06-30': -0.86, '2023-07-31': -2.09, '2023-08-31': -0.33, '2023-09-30': 0.54, '2023-10-31': -3.32, '2023-11-30': -0.59, '2023-12-31': -0.52, '2024-01-31': 1.92, '2024-02-29': -4.25, '2024-03-31': -2.68, '2024-04-30': 6.45, '2024-05-31': 6.71, '2024-06-30': 2.79, '2024-07-31': 1.61, '2024-08-31': 3.1, '2024-09-30': -1.8, '2024-10-31': 1.11, '2024-11-30': -3.5, '2024-12-31': -0.06, '2025-01-31': -1.95, '2025-02-28': -5.26, '2025-03-31': 2.4, '2025-04-30': 5.85, '2025-05-31': 0.44, '2025-06-30': -3.58, '2025-07-31': -3.5, '2025-08-31': -1.85, '2025-09-30': -2.88, '2025-10-31': 6.71, '2025-11-30': 1.2, '2025-12-31': -2.74}",9.653
S30d_NY_London_Overlap_Momentum,LINK_USDT_USDT,30m,-4.92,-1.26,-0.2688,-0.8296,-0.0689,-18.29,337,0.9815,41.94,-1.1345,434,-0.057,143.2189,105.3897,1.3589,6,12,5.96,-7.69,53.19,"{'2022-02-28': 2.67, '2022-03-31': -4.3, '2022-04-30': -0.23, '2022-05-31': 3.11, '2022-06-30': 2.63, '2022-07-31': -1.25, '2022-08-31': 1.05, '2022-09-30': 1.3, '2022-10-31': 2.48, '2022-11-30': -0.77, '2022-12-31': 0.43, '2023-01-31': -3.38, '2023-02-28': -7.69, '2023-03-31': 2.36, '2023-04-30': -2.29, '2023-05-31': 3.48, '2023-06-30': -0.84, '2023-07-31': 4.45, '2023-08-31': 2.26, '2023-09-30': -2.17, '2023-10-31': 0.3, '2023-11-30': -0.16, '2023-12-31': -0.85, '2024-01-31': 0.3, '2024-02-29': -1.62, '2024-03-31': -7.41, '2024-04-30': 0.49, '2024-05-31': 1.57, '2024-06-30': 2.26, '2024-07-31': -1.37, '2024-08-31': 3.95, '2024-09-30': 1.05, '2024-10-31': 5.96, '2024-11-30': -2.35, '2024-12-31': -3.11, '2025-01-31': 2.8, '2025-02-28': -3.18, '2025-03-31': -0.12, '2025-04-30': -0.83, '2025-05-31': 1.93, '2025-06-30': 0.07, '2025-07-31': -2.7, '2025-08-31': -2.59, '2025-09-30': -5.77, '2025-10-31': 4.82, '2025-11-30': 2.78, '2025-12-31': 0.24}",9.049
S30d_NY_London_Overlap_Momentum,BNB_USDT_USDT,30m,-44.51,-13.7,-1.0917,-2.9226,-0.2568,-53.34,399,0.7957,39.39,-8.9923,495,-0.1397,88.923,72.6372,1.2242,5,9,9.38,-6.79,31.91,"{'2022-02-28': -2.93, '2022-03-31': 3.12, '2022-04-30': 0.52, '2022-05-31': 0.72, '2022-06-30': 1.57, '2022-07-31': 1.03, '2022-08-31': 1.41, '2022-09-30': -0.38, '2022-10-31': 1.87, '2022-11-30': 2.87, '2022-12-31': -1.33, '2023-01-31': -4.31, '2023-02-28': -1.52, '2023-03-31': -1.35, '2023-04-30': -2.23, '2023-05-31': -1.39, '2023-06-30': -5.11, '2023-07-31': 2.37, '2023-08-31': -4.5, '2023-09-30': -1.68, '2023-10-31': -6.79, '2023-11-30': -5.27, '2023-12-31': -0.24, '2024-01-31': -3.91, '2024-02-29': -5.95, '2024-03-31': -1.07, '2024-04-30': -2.52, '2024-05-31': 4.52, '2024-06-30': -3.33, '2024-07-31': -0.11, '2024-08-31': -2.47, '2024-09-30': -6.33, '2024-10-31': 2.71, '2024-11-30': -3.29, '2024-12-31': -5.57, '2025-01-31': 0.48, '2025-02-28': 1.13, '2025-03-31': -1.18, '2025-04-30': -2.58, '2025-05-31': -3.03, '2025-06-30': -0.93, '2025-07-31': -0.66, '2025-08-31': 9.38, '2025-09-30': -3.19, '2025-10-31': -1.63, '2025-11-30': 3.14, '2025-12-31': -2.36}",10.32
S30d_NY_London_Overlap_Momentum,LTC_USDT_USDT,30m,-43.18,-13.19,-1.0525,-2.7519,-0.2377,-55.49,455,0.8328,38.54,-8.5328,506,-0.1692,110.2736,83.0256,1.3282,6,14,7.54,-9.9,34.04,"{'2022-02-28': 7.54, '2022-03-31': -1.68, '2022-04-30': 4.96, '2022-05-31': 1.74, '2022-06-30': 0.63, '2022-07-31': 3.39, '2022-08-31': -3.83, '2022-09-30': 2.05, '2022-10-31': -0.49, '2022-11-30': 1.57, '2022-12-31': -4.14, '2023-01-31': -0.37, '2023-02-28': -3.42, '2023-03-31': -3.03, '2023-04-30': -9.32, '2023-05-31': -2.58, '2023-06-30': -6.48, '2023-07-31': -2.86, '2023-08-31': 1.23, '2023-09-30': -1.31, '2023-10-31': -1.02, '2023-11-30': -5.54, '2023-12-31': -1.43, '2024-01-31': -9.9, '2024-02-29': -2.74, '2024-03-31': -0.44, '2024-04-30': -3.19, '2024-05-31': 0.97, '2024-06-30': -0.15, '2024-07-31': -1.39, '2024-08-31': 4.51, '2024-09-30': -0.16, '2024-10-31': 4.01, '2024-11-30': -1.99, '2024-12-31': -9.19, '2025-01-31': -0.06, '2025-02-28': -4.8, '2025-03-31': -2.03, '2025-04-30': 2.9, '2025-05-31': -0.42, '2025-06-30': -2.64, '2025-07-31': -1.93, '2025-08-31': 1.25, '2025-09-30': -7.4, '2025-10-31': 4.3, '2025-11-30': 3.36, '2025-12-31': 1.21}",10.55
S30d_NY_London_Overlap_Momentum,DOT_USDT_USDT,30m,-11.22,-2.93,-0.1844,-0.4482,-0.0893,-32.8,382,0.9613,41.99,-2.4277,462,-0.0366,143.6199,108.1488,1.328,6,11,7.41,-8.95,44.68,"{'2022-02-28': -1.49, '2022-03-31': -1.76, '2022-04-30': 7.41, '2022-05-31': 2.06, '2022-06-30': 5.76, '2022-07-31': -1.68, '2022-08-31': 0.6, '2022-09-30': -1.08, '2022-10-31': 4.8, '2022-11-30': -3.81, '2022-12-31': -4.51, '2023-01-31': -0.26, '2023-02-28': -1.1, '2023-03-31': 1.1, '2023-04-30': 2.29, '2023-05-31': -2.83, '2023-06-30': 1.27, '2023-07-31': 3.32, '2023-08-31': 0.6, '2023-09-30': -2.27, '2023-10-31': -4.67, '2023-11-30': -4.4, '2023-12-31': -4.49, '2024-01-31': 4.22, '2024-02-29': -3.1, '2024-03-31': -1.29, '2024-04-30': 3.21, '2024-05-31': 3.4, '2024-06-30': 7.28, '2024-07-31': 1.83, '2024-08-31': 3.42, '2024-09-30': -3.4, '2024-10-31': -0.81, '2024-11-30': -6.29, '2024-12-31': -1.31, '2025-01-31': -3.98, '2025-02-28': -7.87, '2025-03-31': 0.81, '2025-04-30': -2.16, '2025-05-31': -1.74, '2025-06-30': -2.45, '2025-07-31': -0.26, '2025-08-31': 3.46, '2025-09-30': -8.95, '2025-10-31': 5.23, '2025-11-30': 1.51, '2025-12-31': 2.44}",9.632
S30d_NY_London_Overlap_Momentum,BCH_USDT_USDT,30m,-49.82,-15.87,-1.3591,-3.614,-0.3077,-51.58,489,0.7989,37.76,-10.1668,490,-0.2346,106.9999,81.2351,1.3172,6,9,7.6,-8.86,34.04,"{'2022-02-28': -4.36, '2022-03-31': -4.46, '2022-04-30': 3.33, '2022-05-31': -2.84, '2022-06-30': 4.12, '2022-07-31': -3.98, '2022-08-31': -0.61, '2022-09-30': 5.77, '2022-10-31': 1.84, '2022-11-30': -4.68, '2022-12-31': 2.52, '2023-01-31': -0.56, '2023-02-28': -2.74, '2023-03-31': -1.04, '2023-04-30': 0.06, '2023-05-31': 0.42, '2023-06-30': 0.97, '2023-07-31': -2.89, '2023-08-31': 3.44, '2023-09-30': -0.92, '2023-10-31': -2.51, '2023-11-30': -2.18, '2023-12-31': -3.08, '2024-01-31': -6.18, '2024-02-29': -8.39, '2024-03-31': 0.84, '2024-04-30': -0.23, '2024-05-31': 7.6, '2024-06-30': -1.9, '2024-07-31': -2.39, '2024-08-31': -4.23, '2024-09-30': -1.82, '2024-10-31': 1.53, '2024-11-30': -8.86, '2024-12-31': -0.08, '2025-01-31': 2.67, '2025-02-28': -7.32, '2025-03-31': -4.14, '2025-04-30': -4.6, '2025-05-31': -1.6, '2025-06-30': 3.58, '2025-07-31': -5.95, '2025-08-31': -5.41, '2025-09-30': -3.49, '2025-10-31': 2.77, '2025-11-30': -3.1, '2025-12-31': 2.13}",10.216
S30d_NY_London_Overlap_Momentum,ATOM_USDT_USDT,30m,-25.78,-7.19,-0.4309,-0.9761,-0.205,-35.07,344,0.8979,39.86,-6.0801,424,-0.0911,134.2166,99.061,1.3549,5,15,6.19,-9.49,44.68,"{'2022-02-28': 0.84, '2022-03-31': -6.81, '2022-04-30': 4.46, '2022-05-31': -1.05, '2022-06-30': 3.7, '2022-07-31': -0.05, '2022-08-31': -0.37, '2022-09-30': 5.83, '2022-10-31': 1.41, '2022-11-30': -5.32, '2022-12-31': -3.28, '2023-01-31': -0.09, '2023-02-28': -2.5, '2023-03-31': 5.04, '2023-04-30': 6.19, '2023-05-31': -6.54, '2023-06-30': -1.82, '2023-07-31': 0.02, '2023-08-31': -3.03, '2023-09-30': 2.27, '2023-10-31': -4.92, '2023-11-30': -1.71, '2023-12-31': 2.98, '2024-01-31': 0.24, '2024-02-29': -2.61, '2024-03-31': -5.57, '2024-04-30': 2.86, '2024-05-31': 3.03, '2024-06-30': 0.9, '2024-07-31': 0.14, '2024-08-31': 0.77, '2024-09-30': -6.96, '2024-10-31': 5.82, '2024-11-30': -4.35, '2024-12-31': -0.17, '2025-01-31': -2.35, '2025-02-28': -2.77, '2025-03-31': 1.97, '2025-04-30': -0.97, '2025-05-31': 2.66, '2025-06-30': 0.59, '2025-07-31': -1.91, '2025-08-31': -2.39, '2025-09-30': -9.49, '2025-10-31': 0.21, '2025-11-30': -2.74, '2025-12-31': -0.42}",8.84
S30d_NY_London_Overlap_Momentum,NEAR_USDT_USDT,30m,-4.21,-1.08,0.0647,0.1419,-0.0402,-26.86,300,0.9816,41.34,-1.1772,358,0.0207,152.0157,109.1417,1.3928,6,12,6.13,-8.31,53.19,"{'2022-02-28': 0.83, '2022-03-31': -0.68, '2022-04-30': 0.83, '2022-05-31': 2.78, '2022-06-30': 5.33, '2022-07-31': 0.45, '2022-08-31': -0.31, '2022-09-30': -2.8, '2022-10-31': 5.32, '2022-11-30': -0.06, '2022-12-31': -2.42, '2023-01-31': -2.12, '2023-02-28': -2.92, '2023-03-31': 3.21, '2023-04-30': 2.52, '2023-05-31': -6.25, '2023-06-30': 3.21, '2023-07-31': -0.31, '2023-08-31': 1.33, '2023-09-30': 1.95, '2023-10-31': -4.61, '2023-11-30': 0.38, '2023-12-31': 1.01, '2024-01-31': -3.08, '2024-02-29': -1.43, '2024-03-31': -1.04, '2024-04-30': -1.05, '2024-05-31': 2.94, '2024-06-30': -1.0, '2024-07-31': 0.22, '2024-08-31': 2.11, '2024-09-30': -8.07, '2024-10-31': 1.07, '2024-11-30': -8.31, '2024-12-31': -3.14, '2025-01-31': 2.9, '2025-02-28': 0.95, '2025-03-31': 4.54, '2025-04-30': -2.11, '2025-05-31': -0.63, '2025-06-30': -2.37, '2025-07-31': 0.08, '2025-08-31': 3.8, '2025-09-30': -8.28, '2025-10-31': 1.35, '2025-11-30': 5.22, '2025-12-31': 6.13}",7.464
S30d_NY_London_Overlap_Momentum,UNI_USDT_USDT,30m,-8.34,-2.16,-0.3438,-0.9719,-0.0893,-24.2,214,0.9703,41.5,-1.8408,453,-0.0791,144.8483,105.9071,1.3677,7,11,6.27,-9.57,51.06,"{'2022-02-28': 0.56, '2022-03-31': 2.76, '2022-04-30': 0.25, '2022-05-31': -0.49, '2022-06-30': -0.06, '2022-07-31': 3.75, '2022-08-31': -0.47, '2022-09-30': -0.23, '2022-10-31': -3.19, '2022-11-30': -6.73, '2022-12-31': 0.72, '2023-01-31': -0.92, '2023-02-28': -3.23, '2023-03-31': 6.27, '2023-04-30': 5.29, '2023-05-31': 0.06, '2023-06-30': -4.61, '2023-07-31': -2.89, '2023-08-31': -2.17, '2023-09-30': 0.27, '2023-10-31': 4.21, '2023-11-30': 4.33, '2023-12-31': 0.21, '2024-01-31': 3.63, '2024-02-29': 1.76, '2024-03-31': -5.42, '2024-04-30': -0.21, '2024-05-31': 6.21, '2024-06-30': -5.56, '2024-07-31': -2.51, '2024-08-31': -1.55, '2024-09-30': 1.89, '2024-10-31': -2.06, '2024-11-30': -5.89, '2024-12-31': -4.15, '2025-01-31': 1.19, '2025-02-28': -0.22, '2025-03-31': 5.67, '2025-04-30': 5.29, '2025-05-31': 0.98, '2025-06-30': -1.77, '2025-07-31': -4.07, '2025-08-31': 1.16, '2025-09-30': -9.57, '2025-10-31': 3.22, '2025-11-30': 1.9, '2025-12-31': 1.1}",9.445
S30d_NY_London_Overlap_Momentum,OP_USDT_USDT,30m,-30.38,-9.66,-0.4072,-1.29,-0.2302,-41.97,359,0.8646,37.84,-7.613,399,-0.1159,128.4721,90.4712,1.42,6,11,8.4,-7.68,40.48,"{'2022-07-31': 3.86, '2022-08-31': 2.16, '2022-09-30': -4.84, '2022-10-31': 8.4, '2022-11-30': -1.21, '2022-12-31': -1.64, '2023-01-31': -2.12, '2023-02-28': -7.68, '2023-03-31': -4.2, '2023-04-30': -0.59, '2023-05-31': 2.59, '2023-06-30': -5.36, '2023-07-31': 4.85, '2023-08-31': -3.45, '2023-09-30': 0.78, '2023-10-31': -6.32, '2023-11-30': 1.5, '2023-12-31': -0.38, '2024-01-31': -6.14, '2024-02-29': 0.14, '2024-03-31': 3.08, '2024-04-30': 3.44, '2024-05-31': 4.02, '2024-06-30': 1.08, '2024-07-31': -1.45, '2024-08-31': -1.02, '2024-09-30': -6.82, '2024-10-31': -0.5, '2024-11-30': -3.68, '2024-12-31': -4.21, '2025-01-31': 0.72, '2025-02-28': -1.65, '2025-03-31': -1.27, '2025-04-30': 2.18, '2025-05-31': -0.62, '2025-06-30': -6.44, '2025-07-31': -0.11, '2025-08-31': -0.34, '2025-09-30': -6.08, '2025-10-31': 4.45, '2025-11-30': 5.14, '2025-12-31': 0.14}",9.279
S30d_NY_London_Overlap_Momentum,APT_USDT_USDT,30m,1.88,0.58,-0.1977,-0.5799,0.0341,-17.03,148,1.0087,42.14,0.5575,337,-0.0488,152.7735,110.2869,1.3852,7,10,7.54,-8.76,44.74,"{'2022-11-30': -3.59, '2022-12-31': 7.54, '2023-01-31': -0.49, '2023-02-28': -8.76, '2023-03-31': -1.75, '2023-04-30': -0.47, '2023-05-31': -1.76, '2023-06-30': 5.4, '2023-07-31': 3.03, '2023-08-31': -0.85, '2023-09-30': -1.92, '2023-10-31': -0.88, '2023-11-30': 5.66, '2023-12-31': -3.51, '2024-01-31': 0.51, '2024-02-29': 4.43, '2024-03-31': -4.85, '2024-04-30': 4.57, '2024-05-31': 4.32, '2024-06-30': 1.96, '2024-07-31': 4.98, '2024-08-31': 3.66, '2024-09-30': -8.63, '2024-10-31': 4.05, '2024-11-30': -1.18, '2024-12-31': -1.04, '2025-01-31': -0.84, '2025-02-28': -5.21, '2025-03-31': -0.21, '2025-04-30': 1.44, '2025-05-31': 2.44, '2025-06-30': 1.83, '2025-07-31': 0.13, '2025-08-31': -2.13, '2025-09-30': -3.59, '2025-10-31': 1.8, '2025-11-30': -1.41, '2025-12-31': -0.72}",8.775
S30d_NY_London_Overlap_Momentum,FIL_USDT_USDT,30m,13.25,3.18,0.2892,0.8794,0.1935,-16.43,183,1.0436,43.3,2.9119,455,0.0633,160.8108,117.6543,1.3668,6,11,10.14,-9.24,57.45,"{'2022-02-28': -1.56, '2022-03-31': -2.53, '2022-04-30': 4.83, '2022-05-31': -1.26, '2022-06-30': 5.6, '2022-07-31': 2.42, '2022-08-31': 2.85, '2022-09-30': 1.35, '2022-10-31': -2.42, '2022-11-30': 1.08, '2022-12-31': -3.84, '2023-01-31': -0.05, '2023-02-28': -3.04, '2023-03-31': 3.06, '2023-04-30': 0.64, '2023-05-31': -5.68, '2023-06-30': 4.28, '2023-07-31': 0.37, '2023-08-31': -0.36, '2023-09-30': -1.48, '2023-10-31': -3.43, '2023-11-30': 0.25, '2023-12-31': 7.63, '2024-01-31': 0.35, '2024-02-29': -8.15, '2024-03-31': 0.39, '2024-04-30': 0.27, '2024-05-31': 10.14, '2024-06-30': 7.76, '2024-07-31': 2.56, '2024-08-31': 3.61, '2024-09-30': -6.45, '2024-10-31': 6.46, '2024-11-30': -6.21, '2024-12-31': -3.68, '2025-01-31': 1.08, '2025-02-28': -3.42, '2025-03-31': 5.14, '2025-04-30': -4.28, '2025-05-31': 3.09, '2025-06-30': -1.39, '2025-07-31': 1.77, '2025-08-31': 3.05, '2025-09-30': -9.24, '2025-10-31': 9.05, '2025-11-30': -4.3, '2025-12-31': 0.56}",9.486
S30d_NY_London_Overlap_Momentum,INJ_USDT_USDT,30m,17.15,4.82,0.5344,1.9295,0.229,-21.05,164,1.0724,42.98,4.817,356,0.1573,166.0265,116.6858,1.4229,7,10,7.81,-7.13,50.0,"{'2022-09-30': 5.37, '2022-10-31': 3.29, '2022-11-30': -5.14, '2022-12-31': -2.72, '2023-01-31': -0.77, '2023-02-28': -2.62, '2023-03-31': 2.09, '2023-04-30': -1.32, '2023-05-31': -4.42, '2023-06-30': -0.67, '2023-07-31': -2.77, '2023-08-31': 2.69, '2023-09-30': 2.75, '2023-10-31': 7.81, '2023-11-30': 5.86, '2023-12-31': -0.51, '2024-01-31': 4.29, '2024-02-29': -2.63, '2024-03-31': 2.61, '2024-04-30': 6.19, '2024-05-31': 5.67, '2024-06-30': -0.66, '2024-07-31': -3.35, '2024-08-31': 0.66, '2024-09-30': -2.89, '2024-10-31': -0.79, '2024-11-30': -7.01, '2024-12-31': -3.74, '2025-01-31': 0.29, '2025-02-28': -3.12, '2025-03-31': 2.03, '2025-04-30': 2.01, '2025-05-31': 0.48, '2025-06-30': -0.13, '2025-07-31': -0.15, '2025-08-31': 3.34, '2025-09-30': -7.13, '2025-10-31': 6.5, '2025-11-30': 3.12, '2025-12-31': 3.1}",8.796
S30d_NY_London_Overlap_Momentum,TRX_USDT_USDT,30m,-48.55,-15.44,-1.3693,-2.5911,-0.3136,-49.24,405,0.6765,38.05,-11.8421,410,-0.1811,65.087,59.0899,1.1015,5,11,3.37,-5.3,23.4,"{'2022-02-28': -4.52, '2022-03-31': -1.99, '2022-04-30': 3.25, '2022-05-31': -1.91, '2022-06-30': -2.83, '2022-07-31': -1.11, '2022-08-31': -3.66, '2022-09-30': -5.3, '2022-10-31': -0.2, '2022-11-30': 3.37, '2022-12-31': -3.06, '2023-01-31': -3.81, '2023-02-28': -4.81, '2023-03-31': -0.01, '2023-04-30': -3.34, '2023-05-31': -2.86, '2023-06-30': -1.96, '2023-07-31': -1.11, '2023-08-31': -1.92, '2023-09-30': -3.99, '2023-10-31': -4.12, '2023-11-30': -2.09, '2023-12-31': 0.95, '2024-01-31': -3.78, '2024-02-29': -1.75, '2024-03-31': 0.51, '2024-04-30': -3.02, '2024-05-31': -1.63, '2024-06-30': 0.16, '2024-07-31': -0.14, '2024-08-31': 0.58, '2024-09-30': -0.3, '2024-10-31': -0.03, '2024-11-30': -3.68, '2024-12-31': -1.94, '2025-01-31': 1.38, '2025-02-28': 2.29, '2025-03-31': 1.21, '2025-04-30': -1.69, '2025-05-31': -1.32, '2025-06-30': -2.71, '2025-07-31': -0.27, '2025-08-31': 2.22, '2025-09-30': 1.35, '2025-10-31': -0.75, '2025-11-30': -1.67, '2025-12-31': -3.14}",8.548
S30d_NY_London_Overlap_Momentum,ETC_USDT_USDT,30m,1.41,0.35,0.0868,0.2585,0.0132,-26.59,417,1.0043,43.02,0.2658,530,0.0154,143.5043,107.8746,1.3303,7,9,8.36,-10.79,51.06,"{'2022-02-28': -1.93, '2022-03-31': 3.5, '2022-04-30': 3.39, '2022-05-31': 2.09, '2022-06-30': 1.31, '2022-07-31': -0.31, '2022-08-31': 1.15, '2022-09-30': -0.38, '2022-10-31': 7.77, '2022-11-30': 2.94, '2022-12-31': -0.51, '2023-01-31': -1.81, '2023-02-28': -4.72, '2023-03-31': -3.52, '2023-04-30': 2.82, '2023-05-31': 1.81, '2023-06-30': 2.6, '2023-07-31': -2.5, '2023-08-31': 0.25, '2023-09-30': 0.23, '2023-10-31': -1.38, '2023-11-30': 2.97, '2023-12-31': -7.86, '2024-01-31': -4.54, '2024-02-29': -6.53, '2024-03-31': -1.97, '2024-04-30': 8.36, '2024-05-31': -1.34, '2024-06-30': 1.54, '2024-07-31': -1.08, '2024-08-31': 4.15, '2024-09-30': 0.98, '2024-10-31': 5.31, '2024-11-30': -5.06, '2024-12-31': -2.32, '2025-01-31': 4.06, '2025-02-28': -1.38, '2025-03-31': 3.15, '2025-04-30': -0.57, '2025-05-31': -0.17, '2025-06-30': -2.65, '2025-07-31': -4.87, '2025-08-31': 7.23, '2025-09-30': -10.79, '2025-10-31': 1.04, '2025-11-30': 6.17, '2025-12-31': 2.82}",11.05
S30d_NY_London_Overlap_Momentum,XLM_USDT_USDT,30m,-31.08,-8.92,-0.147,-0.4194,-0.2349,-37.98,406,0.8625,40.04,-6.9529,447,-0.028,108.8931,84.3277,1.2913,6,10,5.89,-6.75,38.3,"{'2022-02-28': 0.85, '2022-03-31': 4.53, '2022-04-30': 4.13, '2022-05-31': 0.3, '2022-06-30': 2.33, '2022-07-31': -5.35, '2022-08-31': 1.25, '2022-09-30': -6.75, '2022-10-31': -1.94, '2022-11-30': -1.59, '2022-12-31': -1.47, '2023-01-31': -1.53, '2023-02-28': -4.26, '2023-03-31': -0.7, '2023-04-30': -4.51, '2023-05-31': -1.25, '2023-06-30': 4.1, '2023-07-31': 2.25, '2023-08-31': 0.76, '2023-09-30': -0.2, '2023-10-31': -3.75, '2023-11-30': -0.78, '2023-12-31': 4.91, '2024-01-31': -2.86, '2024-02-29': -5.46, '2024-03-31': -2.16, '2024-04-30': -1.95, '2024-05-31': -2.88, '2024-06-30': -2.8, '2024-07-31': 1.84, '2024-08-31': 3.55, '2024-09-30': -0.7, '2024-10-31': 3.29, '2024-11-30': 1.84, '2024-12-31': 1.03, '2025-01-31': -0.93, '2025-02-28': -2.73, '2025-03-31': -3.31, '2025-04-30': -2.12, '2025-05-31': -1.39, '2025-06-30': -0.54, '2025-07-31': 5.89, '2025-08-31': -3.47, '2025-09-30': -6.46, '2025-10-31': 0.81, '2025-11-30': 3.26, '2025-12-31': -1.83}",9.32
S30d_NY_London_Overlap_Momentum,RUNE_USDT_USDT,30m,-7.35,-1.89,0.1539,0.3828,-0.0751,-25.15,190,0.9763,41.42,-1.5777,466,0.0391,157.2061,113.8314,1.381,5,10,7.63,-10.43,53.19,"{'2022-02-28': -1.83, '2022-03-31': 3.82, '2022-04-30': 3.07, '2022-05-31': 0.68, '2022-06-30': 1.49, '2022-07-31': -0.1, '2022-08-31': 3.35, '2022-09-30': -4.86, '2022-10-31': 1.08, '2022-11-30': 0.75, '2022-12-31': 0.47, '2023-01-31': -3.06, '2023-02-28': -0.65, '2023-03-31': 6.69, '2023-04-30': -3.62, '2023-05-31': -3.46, '2023-06-30': 2.95, '2023-07-31': -2.21, '2023-08-31': 5.58, '2023-09-30': 2.44, '2023-10-31': 1.81, '2023-11-30': 0.29, '2023-12-31': -0.19, '2024-01-31': -0.61, '2024-02-29': -4.6, '2024-03-31': 3.14, '2024-04-30': 0.78, '2024-05-31': 7.63, '2024-06-30': -0.08, '2024-07-31': -2.86, '2024-08-31': 3.1, '2024-09-30': -4.77, '2024-10-31': 1.16, '2024-11-30': -8.23, '2024-12-31': 4.77, '2025-01-31': -1.37, '2025-02-28': 0.64, '2025-03-31': -3.23, '2025-04-30': -5.91, '2025-05-31': 1.9, '2025-06-30': -2.44, '2025-07-31': -2.04, '2025-08-31': 5.13, '2025-09-30': -10.43, '2025-10-31': 3.92, '2025-11-30': 1.53, '2025-12-31': -4.12}",9.716
S30d_NY_London_Overlap_Momentum,AAVE_USDT_USDT,30m,-39.73,-11.9,-0.5652,-1.6461,-0.2321,-51.28,377,0.8341,37.86,-8.8487,449,-0.1369,117.4722,85.8185,1.3688,7,11,10.43,-8.28,42.55,"{'2022-02-28': -0.32, '2022-03-31': -5.64, '2022-04-30': 10.43, '2022-05-31': 6.57, '2022-06-30': -2.61, '2022-07-31': 3.12, '2022-08-31': 2.37, '2022-09-30': 0.87, '2022-10-31': -2.74, '2022-11-30': -4.77, '2022-12-31': -1.99, '2023-01-31': -7.97, '2023-02-28': 3.13, '2023-03-31': 1.36, '2023-04-30': -8.28, '2023-05-31': -2.19, '2023-06-30': -5.45, '2023-07-31': -3.41, '2023-08-31': -0.33, '2023-09-30': 4.68, '2023-10-31': -1.37, '2023-11-30': 4.95, '2023-12-31': -2.1, '2024-01-31': -1.79, '2024-02-29': -6.95, '2024-03-31': 1.46, '2024-04-30': -2.29, '2024-05-31': -5.27, '2024-06-30': -1.71, '2024-07-31': -5.96, '2024-08-31': -4.71, '2024-09-30': 1.75, '2024-10-31': -5.78, '2024-11-30': -1.19, '2024-12-31': -1.15, '2025-01-31': 1.76, '2025-02-28': 1.02, '2025-03-31': 4.18, '2025-04-30': 0.03, '2025-05-31': 2.5, '2025-06-30': -1.94, '2025-07-31': -5.66, '2025-08-31': 0.91, '2025-09-30': -8.21, '2025-10-31': 1.96, '2025-11-30': 5.05, '2025-12-31': 1.55}",9.361
S30d_NY_London_Overlap_Momentum,LDO_USDT_USDT,30m,-11.99,-3.65,-0.4813,-1.4717,-0.0962,-37.96,322,0.9498,39.84,-3.2069,374,-0.1383,152.2296,106.1404,1.4342,5,13,9.58,-7.91,36.59,"{'2022-08-31': 7.73, '2022-09-30': 1.04, '2022-10-31': 9.58, '2022-11-30': -0.68, '2022-12-31': 4.55, '2023-01-31': -2.07, '2023-02-28': -6.12, '2023-03-31': 1.52, '2023-04-30': -4.4, '2023-05-31': -6.61, '2023-06-30': -1.45, '2023-07-31': 6.4, '2023-08-31': 6.13, '2023-09-30': -0.53, '2023-10-31': 0.49, '2023-11-30': -1.08, '2023-12-31': -1.37, '2024-01-31': -4.14, '2024-02-29': -3.06, '2024-03-31': 2.51, '2024-04-30': -1.27, '2024-05-31': -7.91, '2024-06-30': -5.77, '2024-07-31': -0.12, '2024-08-31': -1.82, '2024-09-30': -0.91, '2024-10-31': -2.94, '2024-11-30': -1.1, '2024-12-31': 5.48, '2025-01-31': -0.67, '2025-02-28': -2.09, '2025-03-31': 1.53, '2025-04-30': -3.95, '2025-05-31': 4.83, '2025-06-30': -2.26, '2025-07-31': -3.44, '2025-08-31': -3.83, '2025-09-30': -2.19, '2025-10-31': 3.99, '2025-11-30': 4.4, '2025-12-31': 3.21}",9.043
S30d_NY_London_Overlap_Momentum,SAND_USDT_USDT,30m,-3.78,-0.96,0.0761,0.1832,-0.0381,-25.17,396,0.9871,42.16,-0.7693,491,0.0168,139.5573,103.0496,1.3543,8,11,11.3,-10.65,46.81,"{'2022-02-28': 0.35, '2022-03-31': -1.24, '2022-04-30': -0.02, '2022-05-31': 2.75, '2022-06-30': 3.62, '2022-07-31': -2.12, '2022-08-31': 2.46, '2022-09-30': -4.88, '2022-10-31': 3.45, '2022-11-30': 6.12, '2022-12-31': -1.39, '2023-01-31': -1.41, '2023-02-28': -3.8, '2023-03-31': 1.12, '2023-04-30': -0.82, '2023-05-31': 0.02, '2023-06-30': -5.52, '2023-07-31': 3.2, '2023-08-31': -1.55, '2023-09-30': 1.57, '2023-10-31': 0.35, '2023-11-30': -3.01, '2023-12-31': 2.47, '2024-01-31': -3.45, '2024-02-29': -3.77, '2024-03-31': 3.48, '2024-04-30': -1.32, '2024-05-31': 7.16, '2024-06-30': -1.8, '2024-07-31': -3.99, '2024-08-31': 3.61, '2024-09-30': -1.38, '2024-10-31': 3.26, '2024-11-30': -6.55, '2024-12-31': -0.68, '2025-01-31': -3.92, '2025-02-28': -1.65, '2025-03-31': 2.89, '2025-04-30': -2.22, '2025-05-31': 3.55, '2025-06-30': -3.81, '2025-07-31': 0.93, '2025-08-31': 3.37, '2025-09-30': -10.65, '2025-10-31': 11.3, '2025-11-30': 8.64, '2025-12-31': -0.93}",10.237
S30d_NY_London_Overlap_Momentum,MANA_USDT_USDT,30m,-35.61,-10.43,-0.5639,-1.469,-0.2414,-43.21,424,0.8397,38.46,-8.3015,429,-0.1269,113.0325,84.1353,1.3435,5,15,6.66,-9.21,34.04,"{'2022-02-28': -1.14, '2022-03-31': -5.65, '2022-04-30': 1.39, '2022-05-31': 1.08, '2022-06-30': 0.39, '2022-07-31': -0.6, '2022-08-31': 2.54, '2022-09-30': -1.47, '2022-10-31': -0.05, '2022-11-30': -0.49, '2022-12-31': -4.12, '2023-01-31': -4.36, '2023-02-28': -1.63, '2023-03-31': 2.19, '2023-04-30': -0.85, '2023-05-31': -5.95, '2023-06-30': -9.21, '2023-07-31': -3.61, '2023-08-31': 0.82, '2023-09-30': 2.93, '2023-10-31': -2.71, '2023-11-30': -2.96, '2023-12-31': 3.37, '2024-01-31': -2.4, '2024-02-29': -5.86, '2024-03-31': -1.27, '2024-04-30': 0.86, '2024-05-31': 3.39, '2024-06-30': 0.4, '2024-07-31': -3.94, '2024-08-31': 6.66, '2024-09-30': -7.57, '2024-10-31': 3.39, '2024-11-30': -1.61, '2024-12-31': -0.65, '2025-01-31': -2.29, '2025-02-28': -2.75, '2025-03-31': -0.65, '2025-04-30': -1.15, '2025-05-31': -0.71, '2025-06-30': -0.27, '2025-07-31': -2.23, '2025-08-31': 2.46, '2025-09-30': -1.54, '2025-10-31': 3.35, '2025-11-30': 1.58, '2025-12-31': -0.03}",8.944
S30d_NY_London_Overlap_Momentum,CRV_USDT_USDT,30m,-14.32,-3.8,0.0362,0.1136,-0.1279,-29.7,362,0.9445,40.14,-3.4013,421,0.0108,144.2561,102.4255,1.4084,6,16,7.83,-11.42,51.06,"{'2022-02-28': 4.64, '2022-03-31': -2.3, '2022-04-30': 7.83, '2022-05-31': 2.2, '2022-06-30': -4.15, '2022-07-31': 5.9, '2022-08-31': -4.42, '2022-09-30': -3.19, '2022-10-31': -7.14, '2022-11-30': 2.87, '2022-12-31': 0.13, '2023-01-31': 5.16, '2023-02-28': -2.32, '2023-03-31': -1.43, '2023-04-30': -0.12, '2023-05-31': -2.99, '2023-06-30': 0.32, '2023-07-31': -0.36, '2023-08-31': -3.75, '2023-09-30': 2.33, '2023-10-31': 0.02, '2023-11-30': 0.12, '2023-12-31': 0.25, '2024-01-31': -3.36, '2024-02-29': -4.55, '2024-03-31': -2.76, '2024-04-30': 3.58, '2024-05-31': 3.56, '2024-06-30': 0.53, '2024-07-31': -0.95, '2024-08-31': 2.97, '2024-09-30': -0.95, '2024-10-31': 0.62, '2024-11-30': 2.85, '2024-12-31': 0.1, '2025-01-31': 1.98, '2025-02-28': -4.18, '2025-03-31': -3.72, '2025-04-30': -1.62, '2025-05-31': 3.59, '2025-06-30': -0.37, '2025-07-31': -0.86, '2025-08-31': 2.42, '2025-09-30': -11.42, '2025-10-31': 0.71, '2025-11-30': 6.1, '2025-12-31': -2.52}",8.778
S30d_NY_London_Overlap_Momentum,GALA_USDT_USDT,30m,-7.41,-1.91,0.0476,0.1308,-0.0672,-28.43,287,0.9716,40.84,-1.8336,404,0.0142,153.5898,109.1342,1.4073,6,10,11.18,-8.03,42.55,"{'2022-02-28': 4.2, '2022-03-31': -2.84, '2022-04-30': 2.24, '2022-05-31': 2.2, '2022-06-30': -1.1, '2022-07-31': 0.9, '2022-08-31': 3.35, '2022-09-30': -2.89, '2022-10-31': 6.77, '2022-11-30': -2.38, '2022-12-31': -0.85, '2023-01-31': 1.08, '2023-02-28': 1.13, '2023-03-31': -2.44, '2023-04-30': -2.02, '2023-05-31': 0.17, '2023-06-30': -3.09, '2023-07-31': -0.26, '2023-08-31': 4.96, '2023-09-30': -2.4, '2023-10-31': -1.1, '2023-11-30': -3.7, '2023-12-31': 2.91, '2024-01-31': 2.45, '2024-02-29': -4.09, '2024-03-31': -2.09, '2024-04-30': 0.96, '2024-05-31': 11.18, '2024-06-30': -2.06, '2024-07-31': -5.38, '2024-08-31': -1.27, '2024-09-30': -8.03, '2024-10-31': 3.62, '2024-11-30': -3.31, '2024-12-31': -1.1, '2025-01-31': 0.91, '2025-02-28': -1.62, '2025-03-31': 1.9, '2025-04-30': -1.97, '2025-05-31': -0.65, '2025-06-30': -3.38, '2025-07-31': -0.9, '2025-08-31': 2.62, '2025-09-30': -7.43, '2025-10-31': 5.71, '2025-11-30': 7.46, '2025-12-31': -2.2}",8.423
S30d_NY_London_Overlap_Momentum,APE_USDT_USDT,30m,-30.74,-9.25,-0.9648,-1.7376,-0.2491,-37.13,338,0.8466,37.71,-8.7837,350,-0.2861,128.5764,91.9558,1.3982,5,15,6.51,-7.99,37.78,"{'2022-04-30': 1.4, '2022-05-31': -4.57, '2022-06-30': 2.1, '2022-07-31': -5.18, '2022-08-31': -0.3, '2022-09-30': 2.09, '2022-10-31': 2.78, '2022-11-30': -0.22, '2022-12-31': -1.07, '2023-01-31': -5.54, '2023-02-28': -5.25, '2023-03-31': -7.69, '2023-04-30': -1.91, '2023-05-31': -7.99, '2023-06-30': 1.48, '2023-07-31': 2.12, '2023-08-31': 3.55, '2023-09-30': 6.51, '2023-10-31': -2.4, '2023-11-30': -0.66, '2023-12-31': 2.87, '2024-01-31': -0.13, '2024-02-29': -1.33, '2024-03-31': -0.14, '2024-04-30': 0.72, '2024-05-31': 6.26, '2024-06-30': -2.93, '2024-07-31': -0.62, '2024-08-31': -2.22, '2024-09-30': 2.86, '2024-10-31': -4.84, '2024-11-30': -4.62, '2024-12-31': -2.59, '2025-01-31': -0.14, '2025-02-28': -3.14, '2025-03-31': 1.49, '2025-04-30': -1.89, '2025-05-31': 1.5, '2025-06-30': -7.11, '2025-07-31': -2.9, '2025-08-31': 4.49, '2025-09-30': -2.07, '2025-10-31': 0.61, '2025-11-30': 0.54, '2025-12-31': -3.05}",7.698
S30d_NY_London_Overlap_Momentum,AXS_USDT_USDT,30m,-34.94,-10.23,-0.8556,-1.6397,-0.2195,-46.6,304,0.8592,38.18,-8.6063,406,-0.2092,137.5187,98.8428,1.3913,5,12,7.17,-7.53,40.43,"{'2022-02-28': 4.16, '2022-03-31': -1.72, '2022-04-30': 6.12, '2022-05-31': 1.14, '2022-06-30': 5.9, '2022-07-31': -2.12, '2022-08-31': 1.06, '2022-09-30': 1.55, '2022-10-31': 1.9, '2022-11-30': -3.15, '2022-12-31': -3.7, '2023-01-31': 7.17, '2023-02-28': -5.66, '2023-03-31': -0.43, '2023-04-30': -3.8, '2023-05-31': -3.94, '2023-06-30': 3.08, '2023-07-31': -0.86, '2023-08-31': 3.63, '2023-09-30': 1.49, '2023-10-31': -6.65, '2023-11-30': -0.44, '2023-12-31': -1.75, '2024-01-31': -2.32, '2024-02-29': -5.36, '2024-03-31': -3.71, '2024-04-30': -4.93, '2024-05-31': 1.06, '2024-06-30': -1.5, '2024-07-31': -4.99, '2024-08-31': -2.7, '2024-09-30': 0.42, '2024-10-31': 4.04, '2024-11-30': -6.37, '2024-12-31': -0.1, '2025-01-31': -1.3, '2025-02-28': -2.77, '2025-03-31': -0.26, '2025-04-30': -5.94, '2025-05-31': 0.81, '2025-06-30': -1.26, '2025-07-31': 1.63, '2025-08-31': 0.09, '2025-09-30': -7.53, '2025-10-31': 1.74, '2025-11-30': -2.93, '2025-12-31': 2.82}",8.465
S30d_NY_London_Overlap_Momentum,GRT_USDT_USDT,30m,-20.57,-5.62,-0.1141,-0.3382,-0.1903,-29.54,161,0.9129,39.64,-5.261,391,-0.0301,139.0798,100.0611,1.3899,6,10,6.72,-7.5,46.81,"{'2022-02-28': 0.67, '2022-03-31': -7.34, '2022-04-30': 0.81, '2022-05-31': 1.64, '2022-06-30': 3.77, '2022-07-31': -0.54, '2022-08-31': -1.13, '2022-09-30': -1.04, '2022-10-31': 4.04, '2022-11-30': 1.96, '2022-12-31': -5.96, '2023-01-31': 1.48, '2023-02-28': 5.27, '2023-03-31': 4.61, '2023-04-30': -2.94, '2023-05-31': -2.19, '2023-06-30': -3.87, '2023-07-31': -1.57, '2023-08-31': -3.26, '2023-09-30': -1.11, '2023-10-31': 1.3, '2023-11-30': 4.77, '2023-12-31': 2.51, '2024-01-31': -5.27, '2024-02-29': -4.53, '2024-03-31': 1.53, '2024-04-30': -0.82, '2024-05-31': 6.72, '2024-06-30': 4.25, '2024-07-31': -1.46, '2024-08-31': 3.48, '2024-09-30': -2.36, '2024-10-31': 6.45, '2024-11-30': -7.5, '2024-12-31': -3.74, '2025-01-31': 0.26, '2025-02-28': -4.21, '2025-03-31': -0.47, '2025-04-30': -2.77, '2025-05-31': 0.42, '2025-06-30': -6.02, '2025-07-31': 0.68, '2025-08-31': -0.16, '2025-09-30': -6.46, '2025-10-31': -0.58, '2025-11-30': 2.31, '2025-12-31': 1.25}",8.152
S30d_NY_London_Overlap_Momentum,CHZ_USDT_USDT,30m,-10.79,-2.83,-0.0116,-0.0336,-0.1112,-25.44,191,0.9598,41.31,-2.5332,426,-0.0027,146.3261,107.3302,1.3633,5,11,8.9,-7.34,55.32,"{'2022-02-28': -6.47, '2022-03-31': 0.2, '2022-04-30': 2.21, '2022-05-31': 2.69, '2022-06-30': 4.22, '2022-07-31': 1.24, '2022-08-31': 5.88, '2022-09-30': -2.66, '2022-10-31': 4.14, '2022-11-30': -1.1, '2022-12-31': -3.34, '2023-01-31': 1.2, '2023-02-28': 1.22, '2023-03-31': 2.38, '2023-04-30': -2.39, '2023-05-31': -2.72, '2023-06-30': -1.64, '2023-07-31': 3.69, '2023-08-31': 1.78, '2023-09-30': 1.77, '2023-10-31': -4.38, '2023-11-30': 8.9, '2023-12-31': -1.72, '2024-01-31': 0.65, '2024-02-29': -3.27, '2024-03-31': 2.04, '2024-04-30': 0.83, '2024-05-31': 7.01, '2024-06-30': -4.55, '2024-07-31': -1.53, '2024-08-31': -4.26, '2024-09-30': -5.15, '2024-10-31': 0.55, '2024-11-30': -2.78, '2024-12-31': -1.21, '2025-01-31': 0.22, '2025-02-28': 0.3, '2025-03-31': 1.8, '2025-04-30': -1.28, '2025-05-31': 0.72, '2025-06-30': -3.85, '2025-07-31': -0.56, '2025-08-31': 1.86, '2025-09-30': -7.34, '2025-10-31': 3.14, '2025-11-30': -1.93, '2025-12-31': 0.45}",8.882
S30d_NY_London_Overlap_Momentum,1000LUNC_USDT_USDT,30m,32.97,8.99,0.3944,0.9047,0.5823,-15.44,108,1.1572,45.37,9.8432,335,0.1119,159.6741,114.6065,1.3932,6,8,9.19,-4.72,53.85,"{'2022-10-31': 4.41, '2022-11-30': -1.58, '2022-12-31': 1.35, '2023-01-31': -2.3, '2023-02-28': -1.19, '2023-03-31': 3.88, '2023-04-30': 0.35, '2023-05-31': -1.83, '2023-06-30': -0.63, '2023-07-31': 0.4, '2023-08-31': 1.76, '2023-09-30': 4.51, '2023-10-31': -4.63, '2023-11-30': 2.67, '2023-12-31': -2.04, '2024-01-31': -4.72, '2024-02-29': -0.22, '2024-03-31': -0.58, '2024-04-30': 8.2, '2024-05-31': 1.62, '2024-06-30': 1.29, '2024-07-31': 2.78, '2024-08-31': 6.03, '2024-09-30': -4.7, '2024-10-31': -1.33, '2024-11-30': -2.01, '2024-12-31': 0.9, '2025-01-31': 0.85, '2025-02-28': -0.25, '2025-03-31': -0.48, '2025-04-30': -4.63, '2025-05-31': -3.28, '2025-06-30': 0.78, '2025-07-31': 6.39, '2025-08-31': 5.31, '2025-09-30': -3.11, '2025-10-31': 9.19, '2025-11-30': 2.76, '2025-12-31': 7.7}",8.435
S30d_NY_London_Overlap_Momentum,TWT_USDT_USDT,30m,-46.12,-18.0,-1.1399,-3.6536,-0.3576,-50.33,340,0.7384,35.53,-13.2136,349,-0.2271,104.9692,78.3454,1.3398,6,14,4.99,-9.97,29.73,"{'2022-12-31': 4.99, '2023-01-31': -7.33, '2023-02-28': -1.64, '2023-03-31': -1.29, '2023-04-30': -4.6, '2023-05-31': -9.97, '2023-06-30': 1.79, '2023-07-31': -3.11, '2023-08-31': 2.96, '2023-09-30': 4.29, '2023-10-31': -2.8, '2023-11-30': -2.07, '2023-12-31': -7.0, '2024-01-31': -3.57, '2024-02-29': -1.71, '2024-03-31': 1.08, '2024-04-30': 3.64, '2024-05-31': -3.27, '2024-06-30': -0.77, '2024-07-31': -0.04, '2024-08-31': 3.45, '2024-09-30': 0.99, '2024-10-31': -1.28, '2024-11-30': -4.88, '2024-12-31': -5.29, '2025-01-31': -4.71, '2025-02-28': -2.42, '2025-03-31': -5.95, '2025-04-30': -2.66, '2025-05-31': -0.8, '2025-06-30': -1.98, '2025-07-31': 4.41, '2025-08-31': -5.17, '2025-09-30': -1.26, '2025-10-31': 1.92, '2025-11-30': 0.47, '2025-12-31': -2.39}",9.327
S30d_NY_London_Overlap_Momentum,ZRX_USDT_USDT,30m,-18.9,-5.42,-0.3019,-0.7185,-0.2205,-24.58,422,0.9164,40.28,-4.4789,422,-0.0713,121.8945,89.7308,1.3584,5,9,11.4,-6.36,46.67,"{'2022-04-30': -2.8, '2022-05-31': -4.63, '2022-06-30': -3.2, '2022-07-31': -3.36, '2022-08-31': 1.57, '2022-09-30': 1.43, '2022-10-31': -4.08, '2022-11-30': 4.49, '2022-12-31': -2.44, '2023-01-31': -2.86, '2023-02-28': 0.72, '2023-03-31': 0.52, '2023-04-30': -3.73, '2023-05-31': -0.37, '2023-06-30': 0.7, '2023-07-31': 0.93, '2023-08-31': -0.01, '2023-09-30': 0.52, '2023-10-31': 4.04, '2023-11-30': 0.34, '2023-12-31': -0.32, '2024-01-31': -5.25, '2024-02-29': -4.31, '2024-03-31': -1.94, '2024-04-30': 0.88, '2024-05-31': 4.86, '2024-06-30': -0.39, '2024-07-31': 1.75, '2024-08-31': 2.95, '2024-09-30': -2.89, '2024-10-31': -0.01, '2024-11-30': 0.74, '2024-12-31': -0.11, '2025-01-31': -0.77, '2025-02-28': -4.25, '2025-03-31': 0.21, '2025-04-30': 0.65, '2025-05-31': 0.8, '2025-06-30': -2.28, '2025-07-31': 1.78, '2025-08-31': 11.4, '2025-09-30': -6.36, '2025-10-31': 5.23, '2025-11-30': -0.56, '2025-12-31': -5.95}",9.349
S30d_NY_London_Overlap_Momentum,ANKR_USDT_USDT,30m,-32.65,-9.42,-0.4174,-1.0765,-0.2337,-40.31,390,0.8633,39.07,-7.2081,453,-0.0931,116.5462,86.5723,1.3462,6,16,8.52,-11.63,42.55,"{'2022-02-28': -2.96, '2022-03-31': 0.07, '2022-04-30': 0.06, '2022-05-31': -0.66, '2022-06-30': -0.09, '2022-07-31': 0.49, '2022-08-31': 4.15, '2022-09-30': -1.47, '2022-10-31': -0.43, '2022-11-30': -3.75, '2022-12-31': -2.26, '2023-01-31': -11.63, '2023-02-28': -0.67, '2023-03-31': 1.73, '2023-04-30': 0.13, '2023-05-31': -5.31, '2023-06-30': 1.53, '2023-07-31': -4.05, '2023-08-31': 3.34, '2023-09-30': -3.44, '2023-10-31': -6.9, '2023-11-30': 0.38, '2023-12-31': -1.18, '2024-01-31': -6.97, '2024-02-29': -3.61, '2024-03-31': 0.45, '2024-04-30': 8.52, '2024-05-31': 8.14, '2024-06-30': 5.18, '2024-07-31': -0.42, '2024-08-31': 4.74, '2024-09-30': -7.88, '2024-10-31': 6.78, '2024-11-30': -4.52, '2024-12-31': 0.96, '2025-01-31': -1.28, '2025-02-28': -4.27, '2025-03-31': -0.92, '2025-04-30': -3.83, '2025-05-31': 0.71, '2025-06-30': -5.99, '2025-07-31': -0.26, '2025-08-31': 0.62, '2025-09-30': -6.09, '2025-10-31': 5.0, '2025-11-30': -0.55, '2025-12-31': 1.33}",9.445
S30d_NY_London_Overlap_Momentum,STX_USDT_USDT,30m,-26.09,-7.29,-0.4615,-1.3049,-0.1865,-39.09,443,0.8992,39.28,-5.54,471,-0.1116,125.842,90.5248,1.3901,9,13,9.35,-10.61,38.3,"{'2022-02-28': 0.0, '2022-03-31': -4.06, '2022-04-30': -1.12, '2022-05-31': -1.26, '2022-06-30': -1.7, '2022-07-31': -2.37, '2022-08-31': 0.05, '2022-09-30': 1.95, '2022-10-31': -3.33, '2022-11-30': -8.26, '2022-12-31': -1.39, '2023-01-31': -3.86, '2023-02-28': 0.77, '2023-03-31': 2.13, '2023-04-30': -5.55, '2023-05-31': 3.69, '2023-06-30': 2.35, '2023-07-31': -3.28, '2023-08-31': 0.56, '2023-09-30': -3.18, '2023-10-31': -6.23, '2023-11-30': -0.88, '2023-12-31': 5.94, '2024-01-31': -2.14, '2024-02-29': -1.9, '2024-03-31': -1.3, '2024-04-30': -0.74, '2024-05-31': 2.64, '2024-06-30': 3.52, '2024-07-31': -1.9, '2024-08-31': 9.35, '2024-09-30': 2.12, '2024-10-31': 0.61, '2024-11-30': -3.87, '2024-12-31': -1.83, '2025-01-31': -0.81, '2025-02-28': -1.68, '2025-03-31': -0.24, '2025-04-30': 2.78, '2025-05-31': -0.61, '2025-06-30': -6.39, '2025-07-31': -0.95, '2025-08-31': 3.77, '2025-09-30': -10.61, '2025-10-31': 8.26, '2025-11-30': 5.93, '2025-12-31': -6.36}",9.82
S30d_NY_London_Overlap_Momentum,EGLD_USDT_USDT,30m,0.11,0.03,0.0331,0.1154,0.001,-30.04,329,1.0005,42.3,0.03,383,0.0075,145.8127,106.8334,1.3649,7,8,12.2,-4.91,42.55,"{'2022-02-28': -4.91, '2022-03-31': 1.3, '2022-04-30': 12.2, '2022-05-31': 4.76, '2022-06-30': 1.53, '2022-07-31': -2.38, '2022-08-31': 1.71, '2022-09-30': -1.76, '2022-10-31': 0.8, '2022-11-30': -2.7, '2022-12-31': -0.53, '2023-01-31': -3.86, '2023-02-28': -4.51, '2023-03-31': -3.1, '2023-04-30': -0.63, '2023-05-31': -0.56, '2023-06-30': -2.2, '2023-07-31': 5.89, '2023-08-31': -0.07, '2023-09-30': 0.33, '2023-10-31': 0.59, '2023-11-30': -0.23, '2023-12-31': -2.65, '2024-01-31': -0.15, '2024-02-29': -3.91, '2024-03-31': -1.74, '2024-04-30': -0.53, '2024-05-31': 3.42, '2024-06-30': -1.43, '2024-07-31': 2.11, '2024-08-31': 1.35, '2024-09-30': -2.55, '2024-10-31': -0.74, '2024-11-30': -1.59, '2024-12-31': 0.92, '2025-01-31': -3.41, '2025-02-28': -3.86, '2025-03-31': -2.44, '2025-04-30': 0.39, '2025-05-31': 2.42, '2025-06-30': -0.83, '2025-07-31': 3.0, '2025-08-31': 4.38, '2025-09-30': -0.94, '2025-10-31': 2.8, '2025-11-30': 0.05, '2025-12-31': 4.85}",7.985
S30d_NY_London_Overlap_Momentum,MINA_USDT_USDT,30m,-13.9,-3.94,-0.441,-0.9611,-0.1069,-36.84,368,0.9302,40.37,-3.7178,374,-0.1123,122.7176,89.331,1.3737,4,11,5.8,-9.87,50.0,"{'2022-05-31': -4.56, '2022-06-30': -0.16, '2022-07-31': -2.68, '2022-08-31': -4.35, '2022-09-30': -0.56, '2022-10-31': 0.07, '2022-11-30': 1.97, '2022-12-31': -3.21, '2023-01-31': -3.23, '2023-02-28': -5.15, '2023-03-31': 3.09, '2023-04-30': -5.29, '2023-05-31': -1.01, '2023-06-30': -5.51, '2023-07-31': 3.06, '2023-08-31': -5.49, '2023-09-30': 0.44, '2023-10-31': -0.62, '2023-11-30': 0.96, '2023-12-31': -1.74, '2024-01-31': 0.59, '2024-02-29': -9.87, '2024-03-31': 4.02, '2024-04-30': 1.33, '2024-05-31': 5.62, '2024-06-30': 0.44, '2024-07-31': 2.63, '2024-08-31': 3.5, '2024-09-30': 3.15, '2024-10-31': 5.8, '2024-11-30': -2.43, '2024-12-31': -2.7, '2025-01-31': 0.65, '2025-02-28': 2.03, '2025-03-31': 1.78, '2025-04-30': -4.17, '2025-05-31': -0.66, '2025-06-30': -5.02, '2025-07-31': 5.24, '2025-08-31': 3.11, '2025-09-30': -3.85, '2025-10-31': 4.86, '2025-11-30': 3.63, '2025-12-31': -1.66}",8.346
S30d_NY_London_Overlap_Momentum,ZEN_USDT_USDT,30m,-34.69,-10.13,-0.5361,-1.4007,-0.2535,-39.96,263,0.8222,36.94,-9.6369,360,-0.1695,120.6603,85.9784,1.4034,5,13,6.32,-9.44,34.04,"{'2022-02-28': -0.83, '2022-03-31': 2.46, '2022-04-30': 1.23, '2022-05-31': -0.0, '2022-06-30': -0.59, '2022-07-31': -2.12, '2022-08-31': -1.28, '2022-09-30': 0.88, '2022-10-31': -1.22, '2022-11-30': 4.14, '2022-12-31': -0.29, '2023-01-31': -0.57, '2023-02-28': 1.41, '2023-03-31': 3.86, '2023-04-30': -9.44, '2023-05-31': -1.13, '2023-06-30': 6.32, '2023-07-31': -4.23, '2023-08-31': -5.59, '2023-09-30': -3.09, '2023-10-31': -4.6, '2023-11-30': -2.29, '2023-12-31': -3.49, '2024-01-31': -2.68, '2024-02-29': -1.27, '2024-03-31': -0.15, '2024-04-30': -2.35, '2024-05-31': -0.64, '2024-06-30': 0.19, '2024-07-31': 1.99, '2024-08-31': -1.57, '2024-09-30': 1.24, '2024-10-31': 2.29, '2024-11-30': -6.91, '2024-12-31': -1.39, '2025-01-31': -0.03, '2025-02-28': -3.13, '2025-03-31': 1.39, '2025-04-30': -3.42, '2025-05-31': -0.11, '2025-06-30': -4.04, '2025-07-31': 2.48, '2025-08-31': 3.62, '2025-09-30': -4.43, '2025-10-31': 3.2, '2025-11-30': -1.49, '2025-12-31': 2.86}",7.506
S30d_NY_London_Overlap_Momentum,ALICE_USDT_USDT,30m,-33.94,-9.85,-0.6943,-1.9444,-0.243,-40.54,369,0.8229,37.13,-9.1977,369,-0.2095,115.1329,82.617,1.3936,4,11,6.11,-7.92,42.55,"{'2022-02-28': -3.85, '2022-03-31': -1.18, '2022-04-30': -5.41, '2022-05-31': -5.06, '2022-06-30': -0.55, '2022-07-31': 0.47, '2022-08-31': 1.35, '2022-09-30': -2.86, '2022-10-31': -0.73, '2022-11-30': -4.05, '2022-12-31': -3.19, '2023-01-31': 0.41, '2023-02-28': 3.56, '2023-03-31': 0.81, '2023-04-30': -2.44, '2023-05-31': -1.83, '2023-06-30': 5.58, '2023-07-31': -0.66, '2023-08-31': 3.54, '2023-09-30': 0.86, '2023-10-31': -2.97, '2023-11-30': 0.78, '2023-12-31': 1.42, '2024-01-31': 1.32, '2024-02-29': -4.88, '2024-03-31': -6.22, '2024-04-30': -1.28, '2024-05-31': 4.54, '2024-06-30': -1.65, '2024-07-31': -2.5, '2024-08-31': 3.24, '2024-09-30': -3.55, '2024-10-31': -2.29, '2024-11-30': -7.92, '2024-12-31': -4.75, '2025-01-31': 0.2, '2025-02-28': -5.24, '2025-03-31': 5.91, '2025-04-30': -3.89, '2025-05-31': 2.0, '2025-06-30': -2.49, '2025-07-31': 2.02, '2025-08-31': 6.11, '2025-09-30': -7.02, '2025-10-31': -0.14, '2025-11-30': 2.4, '2025-12-31': 5.14}",7.693
S30d_NY_London_Overlap_Momentum,JST_USDT_USDT,30m,-68.38,-25.96,-2.1494,-4.7457,-0.375,-69.23,470,0.592,34.04,-14.5497,470,-0.2834,62.0169,54.0679,1.147,7,9,6.22,-8.5,19.57,"{'2022-03-31': 0.75, '2022-04-30': -5.69, '2022-05-31': -1.47, '2022-06-30': -0.69, '2022-07-31': -4.96, '2022-08-31': 1.42, '2022-09-30': 0.28, '2022-10-31': -3.84, '2022-11-30': -4.63, '2022-12-31': -3.96, '2023-01-31': -3.89, '2023-02-28': -3.47, '2023-03-31': 1.17, '2023-04-30': -2.13, '2023-05-31': -3.44, '2023-06-30': -2.75, '2023-07-31': -3.74, '2023-08-31': -2.28, '2023-09-30': -0.54, '2023-10-31': -8.5, '2023-11-30': 2.62, '2023-12-31': -3.95, '2024-01-31': -1.24, '2024-02-29': -5.28, '2024-03-31': -4.1, '2024-04-30': -6.43, '2024-05-31': 6.22, '2024-06-30': -0.82, '2024-07-31': -0.77, '2024-08-31': -7.86, '2024-09-30': -4.31, '2024-10-31': -1.9, '2024-11-30': -5.1, '2024-12-31': -1.3, '2025-01-31': -3.08, '2025-02-28': -4.36, '2025-03-31': -1.52, '2025-04-30': -0.59, '2025-05-31': 0.15, '2025-06-30': -1.8, '2025-07-31': 1.9, '2025-08-31': -4.91, '2025-09-30': -5.57, '2025-10-31': -5.08, '2025-11-30': 1.98, '2025-12-31': -1.24}",10.183
S30d_NY_London_Overlap_Momentum,SUN_USDT_USDT,30m,-55.57,-19.09,-1.6888,-3.1751,-0.3135,-60.9,360,0.6288,35.62,-14.1396,393,-0.329,67.2407,59.1722,1.1364,6,12,12.66,-9.18,26.09,"{'2022-03-31': -2.77, '2022-04-30': -2.67, '2022-05-31': 3.96, '2022-06-30': -4.27, '2022-07-31': -3.28, '2022-08-31': -5.4, '2022-09-30': -5.56, '2022-10-31': -1.02, '2022-11-30': -5.1, '2022-12-31': -5.03, '2023-01-31': -0.19, '2023-02-28': -2.68, '2023-03-31': -6.05, '2023-04-30': -4.09, '2023-05-31': -5.9, '2023-06-30': -2.4, '2023-07-31': -2.35, '2023-08-31': 0.86, '2023-09-30': -4.91, '2023-10-31': -3.75, '2023-11-30': -2.08, '2023-12-31': -4.14, '2024-01-31': -2.9, '2024-02-29': -5.73, '2024-03-31': -4.05, '2024-04-30': 2.0, '2024-05-31': 2.87, '2024-06-30': 1.05, '2024-07-31': -1.32, '2024-08-31': 0.73, '2024-09-30': -2.74, '2024-10-31': 12.66, '2024-11-30': -9.18, '2024-12-31': -2.36, '2025-01-31': -1.43, '2025-02-28': 1.7, '2025-03-31': -3.83, '2025-04-30': -1.29, '2025-05-31': -1.34, '2025-06-30': -2.3, '2025-07-31': 1.36, '2025-08-31': 4.59, '2025-09-30': -1.28, '2025-10-31': 2.87, '2025-11-30': 2.81, '2025-12-31': -1.48}",8.515
S30d_NY_London_Overlap_Momentum,ONT_USDT_USDT,30m,-36.75,-12.08,-0.7507,-2.2436,-0.2992,-40.37,403,0.8381,38.66,-8.7718,419,-0.1389,117.4889,88.3603,1.3297,5,12,9.36,-13.47,35.71,"{'2022-07-31': 3.48, '2022-08-31': 1.53, '2022-09-30': -4.84, '2022-10-31': 4.8, '2022-11-30': -1.54, '2022-12-31': -5.58, '2023-01-31': -7.33, '2023-02-28': -2.21, '2023-03-31': 4.86, '2023-04-30': -2.57, '2023-05-31': -4.06, '2023-06-30': -0.9, '2023-07-31': 0.8, '2023-08-31': -3.93, '2023-09-30': 3.08, '2023-10-31': -5.53, '2023-11-30': 1.7, '2023-12-31': -1.83, '2024-01-31': -3.01, '2024-02-29': -4.68, '2024-03-31': 1.24, '2024-04-30': -3.71, '2024-05-31': 6.47, '2024-06-30': -0.41, '2024-07-31': 1.81, '2024-08-31': 8.36, '2024-09-30': -2.65, '2024-10-31': 6.43, '2024-11-30': -3.73, '2024-12-31': -4.79, '2025-01-31': -5.04, '2025-02-28': -2.16, '2025-03-31': -0.87, '2025-04-30': -1.06, '2025-05-31': -0.36, '2025-06-30': -9.26, '2025-07-31': 9.36, '2025-08-31': 7.35, '2025-09-30': -13.47, '2025-10-31': 3.55, '2025-11-30': -3.28, '2025-12-31': -6.49}",9.781
S30d_NY_London_Overlap_Momentum,AGLD_USDT_USDT,30m,-20.88,-6.15,-0.3695,-0.898,-0.187,-32.88,359,0.8979,39.42,-5.5244,378,-0.1033,123.1923,89.2745,1.3799,7,21,11.92,-12.27,45.45,"{'2022-05-31': 1.09, '2022-06-30': 2.55, '2022-07-31': -2.65, '2022-08-31': -3.63, '2022-09-30': -9.24, '2022-10-31': -2.47, '2022-11-30': -1.22, '2022-12-31': 0.14, '2023-01-31': 0.07, '2023-02-28': 5.15, '2023-03-31': -1.79, '2023-04-30': -0.63, '2023-05-31': -4.35, '2023-06-30': 9.53, '2023-07-31': 0.27, '2023-08-31': -0.18, '2023-09-30': 3.15, '2023-10-31': -2.21, '2023-11-30': -0.21, '2023-12-31': -0.81, '2024-01-31': -2.71, '2024-02-29': -12.27, '2024-03-31': -4.38, '2024-04-30': -5.43, '2024-05-31': 9.24, '2024-06-30': 0.9, '2024-07-31': 0.77, '2024-08-31': 11.92, '2024-09-30': -4.9, '2024-10-31': 2.28, '2024-11-30': -2.71, '2024-12-31': 1.55, '2025-01-31': 4.13, '2025-02-28': -1.06, '2025-03-31': -0.67, '2025-04-30': -2.35, '2025-05-31': -4.14, '2025-06-30': 0.85, '2025-07-31': 2.73, '2025-08-31': 2.49, '2025-09-30': -8.56, '2025-10-31': 7.07, '2025-11-30': -1.9, '2025-12-31': 0.17}",8.53
S30d_NY_London_Overlap_Momentum,BTC_USDT_USDT,1H,-24.16,-6.69,-0.4889,-1.7823,-0.2234,-29.94,298,0.8664,39.81,-7.4581,324,-0.0869,121.435,92.7259,1.3096,6,8,5.01,-8.72,48.94,"{'2022-02-28': 2.42, '2022-03-31': 1.46, '2022-04-30': 0.06, '2022-05-31': 3.04, '2022-06-30': 2.37, '2022-07-31': -1.65, '2022-08-31': -3.97, '2022-09-30': -0.62, '2022-10-31': 2.52, '2022-11-30': 1.65, '2022-12-31': -2.44, '2023-01-31': -0.51, '2023-02-28': 0.75, '2023-03-31': 0.92, '2023-04-30': -5.17, '2023-05-31': 0.32, '2023-06-30': 5.01, '2023-07-31': -3.6, '2023-08-31': 0.69, '2023-09-30': -4.75, '2023-10-31': 0.66, '2023-11-30': -3.49, '2023-12-31': -3.04, '2024-01-31': 0.01, '2024-02-29': -4.06, '2024-03-31': 1.95, '2024-04-30': -1.05, '2024-05-31': 4.16, '2024-06-30': -3.76, '2024-07-31': 2.06, '2024-08-31': 2.81, '2024-09-30': -1.15, '2024-10-31': -0.47, '2024-11-30': -2.85, '2024-12-31': 3.74, '2025-01-31': -2.22, '2025-02-28': -5.14, '2025-03-31': 4.53, '2025-04-30': -8.72, '2025-05-31': 0.5, '2025-06-30': 0.05, '2025-07-31': -0.52, '2025-08-31': -2.55, '2025-09-30': -1.45, '2025-10-31': 2.21, '2025-11-30': -0.61, '2025-12-31': -0.59}",6.755
S30d_NY_London_Overlap_Momentum,ETH_USDT_USDT,1H,20.91,4.87,0.415,1.3831,0.5311,-9.17,68,1.1188,45.35,7.775,269,0.1136,161.4215,119.7412,1.3481,6,7,8.77,-5.41,53.19,"{'2022-02-28': -0.14, '2022-03-31': 1.88, '2022-04-30': 1.31, '2022-05-31': 2.58, '2022-06-30': 2.02, '2022-07-31': -2.63, '2022-08-31': 2.55, '2022-09-30': -0.57, '2022-10-31': 4.89, '2022-11-30': -1.69, '2022-12-31': -1.13, '2023-01-31': 2.94, '2023-02-28': 2.67, '2023-03-31': -0.01, '2023-04-30': -0.22, '2023-05-31': -2.28, '2023-06-30': 2.17, '2023-07-31': 1.43, '2023-08-31': -2.81, '2023-09-30': -1.97, '2023-10-31': 0.86, '2023-11-30': 2.34, '2023-12-31': 4.61, '2024-01-31': 0.78, '2024-02-29': -2.85, '2024-03-31': 3.54, '2024-04-30': -1.31, '2024-05-31': 3.89, '2024-06-30': -4.37, '2024-07-31': -1.09, '2024-08-31': -0.8, '2024-09-30': -0.3, '2024-10-31': 0.36, '2024-11-30': 1.55, '2024-12-31': -0.65, '2025-01-31': 4.78, '2025-02-28': 0.47, '2025-03-31': 0.39, '2025-04-30': -3.4, '2025-05-31': 0.49, '2025-06-30': -0.65, '2025-07-31': 3.65, '2025-08-31': 1.28, '2025-09-30': -5.41, '2025-10-31': 8.77, '2025-11-30': -0.14, '2025-12-31': -2.09}",5.608
S30d_NY_London_Overlap_Momentum,SOL_USDT_USDT,1H,2.65,0.66,0.0154,0.0446,0.0413,-15.99,130,1.0233,41.49,1.4098,188,0.0079,148.9641,103.2196,1.4432,5,7,5.29,-4.15,51.06,"{'2022-02-28': 3.76, '2022-03-31': 1.05, '2022-04-30': -3.2, '2022-05-31': 1.15, '2022-06-30': 1.6, '2022-07-31': -2.59, '2022-08-31': -1.13, '2022-09-30': -1.6, '2022-10-31': 0.4, '2022-11-30': 1.61, '2022-12-31': 0.92, '2023-01-31': -0.5, '2023-02-28': 3.59, '2023-03-31': -1.09, '2023-04-30': 1.53, '2023-05-31': -1.72, '2023-06-30': -4.15, '2023-07-31': 2.57, '2023-08-31': -2.37, '2023-09-30': -3.89, '2023-10-31': 3.11, '2023-11-30': -2.07, '2023-12-31': -1.04, '2024-01-31': -2.05, '2024-02-29': 0.98, '2024-03-31': -3.1, '2024-04-30': -2.11, '2024-05-31': 5.29, '2024-06-30': -0.17, '2024-07-31': 1.56, '2024-08-31': 0.97, '2024-09-30': -3.22, '2024-10-31': 2.43, '2024-11-30': -1.12, '2024-12-31': 1.56, '2025-01-31': -0.18, '2025-02-28': 0.5, '2025-03-31': -1.14, '2025-04-30': -2.7, '2025-05-31': 0.48, '2025-06-30': -1.7, '2025-07-31': 2.38, '2025-08-31': 5.28, '2025-09-30': -1.73, '2025-10-31': 2.46, '2025-11-30': 5.23, '2025-12-31': 0.26}",3.92
S30d_NY_London_Overlap_Momentum,XRP_USDT_USDT,1H,-21.97,-6.07,-0.8064,-1.7774,-0.1829,-33.18,148,0.7998,36.81,-12.0692,182,-0.3449,130.9378,95.3863,1.3727,3,8,3.67,-6.27,40.43,"{'2022-02-28': 1.97, '2022-03-31': -3.2, '2022-04-30': 3.16, '2022-05-31': -0.47, '2022-06-30': 1.99, '2022-07-31': -0.12, '2022-08-31': 1.51, '2022-09-30': 2.06, '2022-10-31': 1.59, '2022-11-30': 0.0, '2022-12-31': 0.25, '2023-01-31': -0.61, '2023-02-28': -0.35, '2023-03-31': -2.72, '2023-04-30': -3.19, '2023-05-31': 0.51, '2023-06-30': -0.23, '2023-07-31': -0.67, '2023-08-31': -0.3, '2023-09-30': -2.16, '2023-10-31': -3.64, '2023-11-30': -0.17, '2023-12-31': -1.08, '2024-01-31': -1.67, '2024-02-29': -0.71, '2024-03-31': 1.92, '2024-04-30': -3.21, '2024-05-31': -3.41, '2024-06-30': -2.16, '2024-07-31': 1.93, '2024-08-31': -5.42, '2024-09-30': -1.31, '2024-10-31': -0.35, '2024-11-30': -6.15, '2024-12-31': -1.02, '2025-01-31': 1.07, '2025-02-28': 0.49, '2025-03-31': -0.55, '2025-04-30': -1.81, '2025-05-31': 2.0, '2025-06-30': 3.67, '2025-07-31': 0.29, '2025-08-31': 2.08, '2025-09-30': -6.27, '2025-10-31': 3.47, '2025-11-30': 0.49, '2025-12-31': 1.23}",3.795
S30d_NY_London_Overlap_Momentum,DOGE_USDT_USDT,1H,5.43,1.33,0.56,1.8627,0.0974,-13.65,88,1.0427,42.5,2.7143,200,0.2583,156.0037,110.5866,1.4107,4,8,5.83,-6.32,55.32,"{'2022-02-28': 0.26, '2022-03-31': -3.45, '2022-04-30': 0.52, '2022-05-31': -1.02, '2022-06-30': 3.62, '2022-07-31': 0.97, '2022-08-31': -3.74, '2022-09-30': 2.05, '2022-10-31': 3.24, '2022-11-30': 0.0, '2022-12-31': 0.88, '2023-01-31': 0.52, '2023-02-28': 3.06, '2023-03-31': -0.14, '2023-04-30': -2.7, '2023-05-31': -2.35, '2023-06-30': 0.44, '2023-07-31': 0.8, '2023-08-31': 3.83, '2023-09-30': 0.0, '2023-10-31': -0.19, '2023-11-30': -1.83, '2023-12-31': 1.54, '2024-01-31': 0.53, '2024-02-29': -1.72, '2024-03-31': 0.56, '2024-04-30': 3.19, '2024-05-31': 1.56, '2024-06-30': -1.73, '2024-07-31': -3.19, '2024-08-31': -1.24, '2024-09-30': -3.45, '2024-10-31': -2.78, '2024-11-30': 1.6, '2024-12-31': 0.0, '2025-01-31': 5.83, '2025-02-28': 1.56, '2025-03-31': 2.02, '2025-04-30': -2.66, '2025-05-31': 0.52, '2025-06-30': 0.46, '2025-07-31': 2.41, '2025-08-31': -1.6, '2025-09-30': -6.32, '2025-10-31': -2.25, '2025-11-30': 3.71, '2025-12-31': 3.95}",4.17
S30d_NY_London_Overlap_Momentum,ADA_USDT_USDT,1H,0.36,0.09,0.2418,0.7168,0.0049,-18.24,103,1.0032,41.18,0.2104,170,0.1221,160.4993,111.9919,1.4331,5,6,6.86,-5.29,46.81,"{'2022-02-28': 0.96, '2022-03-31': 6.86, '2022-04-30': 1.54, '2022-05-31': 3.83, '2022-06-30': 0.53, '2022-07-31': -0.55, '2022-08-31': 0.93, '2022-09-30': -2.11, '2022-10-31': 1.58, '2022-11-30': -1.06, '2022-12-31': -2.0, '2023-01-31': -0.6, '2023-02-28': 5.09, '2023-03-31': -4.2, '2023-04-30': 0.88, '2023-05-31': -5.29, '2023-06-30': -1.25, '2023-07-31': 1.93, '2023-08-31': -3.69, '2023-09-30': -2.15, '2023-10-31': -1.86, '2023-11-30': -2.12, '2023-12-31': 3.23, '2024-01-31': -0.53, '2024-02-29': -2.71, '2024-03-31': 2.56, '2024-04-30': 0.0, '2024-05-31': 6.8, '2024-06-30': -1.74, '2024-07-31': -1.08, '2024-08-31': -1.68, '2024-09-30': 2.47, '2024-10-31': 3.51, '2024-11-30': 4.26, '2024-12-31': 0.49, '2025-01-31': 2.15, '2025-02-28': 0.0, '2025-03-31': 0.52, '2025-04-30': -3.72, '2025-05-31': 0.49, '2025-06-30': -0.63, '2025-07-31': -2.71, '2025-08-31': -1.58, '2025-09-30': -4.27, '2025-10-31': 0.87, '2025-11-30': 0.52, '2025-12-31': -0.32}",3.544
S30d_NY_London_Overlap_Momentum,AVAX_USDT_USDT,1H,9.29,2.26,0.3023,0.6675,0.1355,-16.68,98,1.0873,42.86,5.5287,168,0.1956,160.6056,110.7789,1.4498,5,13,6.96,-6.22,46.81,"{'2022-02-28': -1.06, '2022-03-31': 0.51, '2022-04-30': 0.48, '2022-05-31': 1.19, '2022-06-30': 4.9, '2022-07-31': 1.08, '2022-08-31': -1.6, '2022-09-30': 3.18, '2022-10-31': 2.02, '2022-11-30': -0.56, '2022-12-31': -2.11, '2023-01-31': -0.01, '2023-02-28': -0.14, '2023-03-31': -6.22, '2023-04-30': -3.23, '2023-05-31': 0.34, '2023-06-30': -0.22, '2023-07-31': -3.65, '2023-08-31': 2.33, '2023-09-30': -1.11, '2023-10-31': 0.93, '2023-11-30': 0.53, '2023-12-31': -1.03, '2024-01-31': 1.63, '2024-02-29': -0.61, '2024-03-31': -2.56, '2024-04-30': -0.56, '2024-05-31': 6.96, '2024-06-30': -2.15, '2024-07-31': 0.48, '2024-08-31': 0.42, '2024-09-30': 0.91, '2024-10-31': 6.88, '2024-11-30': 3.64, '2024-12-31': 0.54, '2025-01-31': 3.7, '2025-02-28': 0.0, '2025-03-31': 1.57, '2025-04-30': -0.57, '2025-05-31': -2.1, '2025-06-30': 0.0, '2025-07-31': 1.99, '2025-08-31': -0.09, '2025-09-30': -0.6, '2025-10-31': -3.8, '2025-11-30': -0.55, '2025-12-31': -0.83}",3.503
S30d_NY_London_Overlap_Momentum,LINK_USDT_USDT,1H,-7.87,-2.04,-0.0698,-0.2482,-0.0964,-21.16,152,0.9325,39.46,-4.2562,185,-0.0331,148.931,104.1014,1.4306,4,9,4.75,-5.28,46.81,"{'2022-02-28': 1.0, '2022-03-31': 1.59, '2022-04-30': -0.6, '2022-05-31': 2.73, '2022-06-30': 2.19, '2022-07-31': -1.58, '2022-08-31': -1.15, '2022-09-30': 4.75, '2022-10-31': 0.5, '2022-11-30': 0.5, '2022-12-31': 0.58, '2023-01-31': -5.2, '2023-02-28': -0.19, '2023-03-31': -1.66, '2023-04-30': -0.68, '2023-05-31': 0.61, '2023-06-30': -3.82, '2023-07-31': 0.82, '2023-08-31': -1.4, '2023-09-30': -1.07, '2023-10-31': 0.92, '2023-11-30': -1.59, '2023-12-31': -0.56, '2024-01-31': -3.12, '2024-02-29': -2.66, '2024-03-31': -2.12, '2024-04-30': 0.44, '2024-05-31': 4.04, '2024-06-30': -3.22, '2024-07-31': 0.46, '2024-08-31': -2.74, '2024-09-30': 0.85, '2024-10-31': 1.35, '2024-11-30': 1.57, '2024-12-31': -0.5, '2025-01-31': -0.54, '2025-02-28': -1.05, '2025-03-31': 1.57, '2025-04-30': -0.62, '2025-05-31': 3.16, '2025-06-30': 0.5, '2025-07-31': 4.65, '2025-08-31': 3.05, '2025-09-30': -5.28, '2025-10-31': -1.65, '2025-11-30': -0.53, '2025-12-31': -0.28}",3.857
S30d_NY_London_Overlap_Momentum,BNB_USDT_USDT,1H,-2.04,-0.51,0.0541,0.1727,-0.024,-21.21,154,0.9824,42.27,-1.0503,194,0.0165,139.0987,103.6594,1.3419,5,8,5.36,-4.25,48.94,"{'2022-02-28': -0.24, '2022-03-31': 0.43, '2022-04-30': 1.53, '2022-05-31': 2.62, '2022-06-30': 2.51, '2022-07-31': 2.45, '2022-08-31': -0.65, '2022-09-30': -0.67, '2022-10-31': 5.36, '2022-11-30': 0.0, '2022-12-31': -0.12, '2023-01-31': 0.5, '2023-02-28': 0.44, '2023-03-31': -0.31, '2023-04-30': -2.09, '2023-05-31': -0.11, '2023-06-30': -4.25, '2023-07-31': 0.3, '2023-08-31': -1.83, '2023-09-30': -1.74, '2023-10-31': -2.88, '2023-11-30': -3.33, '2023-12-31': -0.57, '2024-01-31': 0.94, '2024-02-29': -3.66, '2024-03-31': -0.64, '2024-04-30': 0.84, '2024-05-31': -0.44, '2024-06-30': 0.42, '2024-07-31': -0.95, '2024-08-31': -0.95, '2024-09-30': -0.35, '2024-10-31': 3.37, '2024-11-30': 3.57, '2024-12-31': -3.24, '2025-01-31': 2.89, '2025-02-28': 0.86, '2025-03-31': 2.33, '2025-04-30': 0.09, '2025-05-31': -3.12, '2025-06-30': 2.26, '2025-07-31': 1.98, '2025-08-31': 0.82, '2025-09-30': -2.96, '2025-10-31': 0.25, '2025-11-30': -1.64, '2025-12-31': 2.18}",4.045
S30d_NY_London_Overlap_Momentum,LTC_USDT_USDT,1H,-13.28,-3.53,0.1821,0.652,-0.1216,-29.02,112,0.8805,38.41,-8.0991,164,0.0779,155.3915,110.0784,1.4116,3,10,4.76,-6.51,38.3,"{'2022-02-28': 2.09, '2022-03-31': 0.5, '2022-04-30': 0.91, '2022-05-31': 3.75, '2022-06-30': 3.18, '2022-07-31': -0.57, '2022-08-31': 1.41, '2022-09-30': -1.63, '2022-10-31': 1.5, '2022-11-30': 3.21, '2022-12-31': -2.96, '2023-01-31': -0.61, '2023-02-28': 0.75, '2023-03-31': 1.03, '2023-04-30': -0.05, '2023-05-31': -6.51, '2023-06-30': 0.91, '2023-07-31': -0.6, '2023-08-31': -3.89, '2023-09-30': -0.75, '2023-10-31': -2.67, '2023-11-30': 0.43, '2023-12-31': 0.43, '2024-01-31': -1.63, '2024-02-29': -2.87, '2024-03-31': -0.56, '2024-04-30': -0.6, '2024-05-31': -0.9, '2024-06-30': -0.72, '2024-07-31': -2.09, '2024-08-31': 2.32, '2024-09-30': -1.14, '2024-10-31': 3.82, '2024-11-30': -1.05, '2024-12-31': -2.11, '2025-01-31': 2.12, '2025-02-28': -1.07, '2025-03-31': 0.0, '2025-04-30': -2.8, '2025-05-31': 0.0, '2025-06-30': -3.23, '2025-07-31': 0.0, '2025-08-31': 4.76, '2025-09-30': -5.35, '2025-10-31': -3.2, '2025-11-30': 2.1, '2025-12-31': -0.6}",3.419
S30d_NY_London_Overlap_Momentum,DOT_USDT_USDT,1H,41.13,9.07,1.0495,2.7933,0.9784,-9.27,63,1.363,49.12,24.0526,171,0.5237,183.8446,130.2294,1.4117,9,6,7.91,-3.8,57.45,"{'2022-02-28': 3.71, '2022-03-31': -1.08, '2022-04-30': 0.99, '2022-05-31': 3.84, '2022-06-30': 3.75, '2022-07-31': -0.54, '2022-08-31': -1.17, '2022-09-30': 0.49, '2022-10-31': 3.07, '2022-11-30': 3.14, '2022-12-31': -1.1, '2023-01-31': -3.04, '2023-02-28': -1.29, '2023-03-31': 0.92, '2023-04-30': 0.39, '2023-05-31': -1.97, '2023-06-30': -2.79, '2023-07-31': -0.3, '2023-08-31': 2.46, '2023-09-30': -1.08, '2023-10-31': 0.88, '2023-11-30': -0.68, '2023-12-31': 0.5, '2024-01-31': 3.21, '2024-02-29': -3.8, '2024-03-31': 0.5, '2024-04-30': 1.56, '2024-05-31': 7.91, '2024-06-30': 1.98, '2024-07-31': 3.05, '2024-08-31': 3.96, '2024-09-30': -0.7, '2024-10-31': 0.92, '2024-11-30': 3.73, '2024-12-31': -3.11, '2025-01-31': 3.72, '2025-02-28': -2.09, '2025-03-31': 1.55, '2025-04-30': 0.4, '2025-05-31': -2.12, '2025-06-30': -0.59, '2025-07-31': 4.8, '2025-08-31': -0.11, '2025-09-30': -1.19, '2025-10-31': -0.22, '2025-11-30': 1.54, '2025-12-31': 1.39}",3.565
S30d_NY_London_Overlap_Momentum,BCH_USDT_USDT,1H,12.44,3.0,0.5239,1.7181,0.2155,-13.92,119,1.0996,43.78,6.7257,185,0.2293,169.6552,120.1714,1.4118,5,7,6.3,-4.23,44.68,"{'2022-02-28': -1.69, '2022-03-31': 0.42, '2022-04-30': 2.02, '2022-05-31': 3.75, '2022-06-30': 0.49, '2022-07-31': -0.1, '2022-08-31': -0.15, '2022-09-30': 2.51, '2022-10-31': 2.81, '2022-11-30': 0.0, '2022-12-31': -0.12, '2023-01-31': 5.25, '2023-02-28': 0.77, '2023-03-31': -1.77, '2023-04-30': 0.74, '2023-05-31': -0.79, '2023-06-30': 6.3, '2023-07-31': 0.83, '2023-08-31': -0.5, '2023-09-30': 0.92, '2023-10-31': -4.23, '2023-11-30': -1.12, '2023-12-31': -3.3, '2024-01-31': -2.06, '2024-02-29': -0.6, '2024-03-31': 3.26, '2024-04-30': 3.13, '2024-05-31': -0.15, '2024-06-30': -1.23, '2024-07-31': -3.2, '2024-08-31': 1.98, '2024-09-30': 1.94, '2024-10-31': 1.81, '2024-11-30': 0.52, '2024-12-31': -1.08, '2025-01-31': 2.94, '2025-02-28': -3.2, '2025-03-31': -0.06, '2025-04-30': -0.61, '2025-05-31': -2.14, '2025-06-30': -0.13, '2025-07-31': -1.84, '2025-08-31': -1.3, '2025-09-30': -1.76, '2025-10-31': 4.46, '2025-11-30': -1.2, '2025-12-31': 2.02}",3.857
S30d_NY_London_Overlap_Momentum,ATOM_USDT_USDT,1H,36.28,8.11,0.9247,2.169,0.8413,-9.64,49,1.3291,48.21,21.5951,168,0.5002,180.9072,126.73,1.4275,6,6,6.77,-4.32,57.45,"{'2022-02-28': 2.66, '2022-03-31': 0.0, '2022-04-30': -2.17, '2022-05-31': 3.87, '2022-06-30': 1.6, '2022-07-31': -3.1, '2022-08-31': 2.6, '2022-09-30': 1.08, '2022-10-31': 3.64, '2022-11-30': 0.0, '2022-12-31': -0.44, '2023-01-31': -0.62, '2023-02-28': 0.91, '2023-03-31': 4.07, '2023-04-30': 3.86, '2023-05-31': -4.3, '2023-06-30': 1.25, '2023-07-31': 0.68, '2023-08-31': 0.32, '2023-09-30': -1.12, '2023-10-31': -2.54, '2023-11-30': -1.06, '2023-12-31': -1.04, '2024-01-31': 0.52, '2024-02-29': 3.58, '2024-03-31': -2.67, '2024-04-30': 1.96, '2024-05-31': 6.77, '2024-06-30': -0.29, '2024-07-31': 3.05, '2024-08-31': 2.44, '2024-09-30': 0.0, '2024-10-31': 3.6, '2024-11-30': 2.65, '2024-12-31': 0.0, '2025-01-31': 3.2, '2025-02-28': 1.58, '2025-03-31': 1.55, '2025-04-30': -2.12, '2025-05-31': -0.6, '2025-06-30': -2.16, '2025-07-31': 5.07, '2025-08-31': 1.42, '2025-09-30': -4.32, '2025-10-31': 0.46, '2025-11-30': 2.12, '2025-12-31': -3.4}",3.503
S30d_NY_London_Overlap_Momentum,NEAR_USDT_USDT,1H,6.79,1.67,0.4144,0.9544,0.1164,-14.35,38,1.0708,42.34,4.9531,137,0.3306,176.9793,121.3446,1.4585,5,10,4.76,-5.26,44.68,"{'2022-02-28': -0.52, '2022-03-31': 3.18, '2022-04-30': 0.51, '2022-05-31': 2.25, '2022-06-30': 3.21, '2022-07-31': -0.52, '2022-08-31': -1.08, '2022-09-30': 0.54, '2022-10-31': 3.22, '2022-11-30': 0.0, '2022-12-31': -0.64, '2023-01-31': -0.49, '2023-02-28': -0.06, '2023-03-31': -0.62, '2023-04-30': 1.97, '2023-05-31': -3.23, '2023-06-30': 2.08, '2023-07-31': 2.05, '2023-08-31': 1.93, '2023-09-30': 0.37, '2023-10-31': -0.65, '2023-11-30': 3.74, '2023-12-31': 0.51, '2024-01-31': -1.02, '2024-02-29': -2.07, '2024-03-31': -1.02, '2024-04-30': 0.0, '2024-05-31': 4.26, '2024-06-30': -2.74, '2024-07-31': -1.06, '2024-08-31': 3.11, '2024-09-30': -3.15, '2024-10-31': 0.96, '2024-11-30': -0.52, '2024-12-31': -1.03, '2025-01-31': 2.09, '2025-02-28': 0.0, '2025-03-31': 1.03, '2025-04-30': 0.51, '2025-05-31': -1.06, '2025-06-30': -2.1, '2025-07-31': 4.76, '2025-08-31': 3.71, '2025-09-30': -5.26, '2025-10-31': -3.14, '2025-11-30': -1.54, '2025-12-31': -5.21}",2.856
S30d_NY_London_Overlap_Momentum,UNI_USDT_USDT,1H,9.65,2.35,0.3486,1.1061,0.1286,-18.28,138,1.0738,42.64,4.898,197,0.1684,167.1156,115.6885,1.4445,5,8,6.7,-4.92,48.94,"{'2022-02-28': 3.15, '2022-03-31': 4.74, '2022-04-30': 0.98, '2022-05-31': -0.44, '2022-06-30': 2.13, '2022-07-31': 1.11, '2022-08-31': -1.11, '2022-09-30': -0.54, '2022-10-31': -1.6, '2022-11-30': -2.06, '2022-12-31': -2.84, '2023-01-31': -1.21, '2023-02-28': -1.3, '2023-03-31': -0.18, '2023-04-30': 0.79, '2023-05-31': 0.34, '2023-06-30': -3.64, '2023-07-31': -0.65, '2023-08-31': 1.18, '2023-09-30': 0.0, '2023-10-31': -4.92, '2023-11-30': 0.5, '2023-12-31': -2.12, '2024-01-31': 1.62, '2024-02-29': -0.71, '2024-03-31': 0.49, '2024-04-30': -1.06, '2024-05-31': 6.7, '2024-06-30': 1.43, '2024-07-31': -2.12, '2024-08-31': 2.5, '2024-09-30': 3.62, '2024-10-31': -2.17, '2024-11-30': 1.6, '2024-12-31': -2.06, '2025-01-31': 2.6, '2025-02-28': 2.11, '2025-03-31': 3.16, '2025-04-30': -2.11, '2025-05-31': 1.58, '2025-06-30': 2.14, '2025-07-31': 0.5, '2025-08-31': -1.6, '2025-09-30': -3.83, '2025-10-31': -1.27, '2025-11-30': 2.12, '2025-12-31': -2.25}",4.107
S30d_NY_London_Overlap_Momentum,OP_USDT_USDT,1H,-12.23,-3.6,-0.3714,-1.3133,-0.1741,-20.68,106,0.8638,36.81,-8.4923,144,-0.2437,146.3831,98.6944,1.4832,5,10,6.52,-5.3,40.48,"{'2022-07-31': 1.17, '2022-08-31': -1.03, '2022-09-30': -0.49, '2022-10-31': -1.04, '2022-11-30': -0.52, '2022-12-31': -0.68, '2023-01-31': 6.02, '2023-02-28': -3.54, '2023-03-31': 1.68, '2023-04-30': 3.14, '2023-05-31': -0.59, '2023-06-30': -1.56, '2023-07-31': -1.64, '2023-08-31': -1.22, '2023-09-30': -2.14, '2023-10-31': -5.3, '2023-11-30': -0.1, '2023-12-31': 0.55, '2024-01-31': -2.04, '2024-02-29': -4.11, '2024-03-31': -3.1, '2024-04-30': 4.82, '2024-05-31': 3.72, '2024-06-30': -4.19, '2024-07-31': 0.0, '2024-08-31': 0.49, '2024-09-30': -2.11, '2024-10-31': 0.97, '2024-11-30': 0.07, '2024-12-31': -1.55, '2025-01-31': 3.67, '2025-02-28': 0.52, '2025-03-31': 0.0, '2025-04-30': 1.54, '2025-05-31': 1.57, '2025-06-30': -3.1, '2025-07-31': 0.51, '2025-08-31': 6.52, '2025-09-30': -2.15, '2025-10-31': -0.57, '2025-11-30': 0.02, '2025-12-31': -4.73}",3.349
S30d_NY_London_Overlap_Momentum,APT_USDT_USDT,1H,-3.95,-1.26,-0.1897,-0.5461,-0.0974,-12.93,102,0.9497,39.5,-3.3158,119,-0.1065,158.5812,108.9986,1.4549,4,5,5.27,-4.31,36.84,"{'2022-11-30': 0.57, '2022-12-31': 1.99, '2023-01-31': 1.13, '2023-02-28': 2.68, '2023-03-31': -0.51, '2023-04-30': -1.67, '2023-05-31': -1.34, '2023-06-30': -0.06, '2023-07-31': -0.67, '2023-08-31': -0.21, '2023-09-30': 0.42, '2023-10-31': -1.36, '2023-11-30': 2.04, '2023-12-31': 0.54, '2024-01-31': -2.08, '2024-02-29': -0.1, '2024-03-31': -2.08, '2024-04-30': 1.58, '2024-05-31': 5.27, '2024-06-30': -1.66, '2024-07-31': 1.56, '2024-08-31': -0.55, '2024-09-30': -2.12, '2024-10-31': -0.59, '2024-11-30': -2.07, '2024-12-31': -1.03, '2025-01-31': -0.55, '2025-02-28': 0.0, '2025-03-31': 1.56, '2025-04-30': -1.67, '2025-05-31': 0.0, '2025-06-30': -0.56, '2025-07-31': 2.1, '2025-08-31': -1.65, '2025-09-30': -4.31, '2025-10-31': 2.5, '2025-11-30': 0.53, '2025-12-31': -1.63}",3.099
S30d_NY_London_Overlap_Momentum,FIL_USDT_USDT,1H,14.33,3.44,0.7644,2.5134,0.3561,-9.66,66,1.1331,44.24,8.6862,165,0.423,167.1805,117.0755,1.428,6,7,6.49,-4.38,55.32,"{'2022-02-28': 1.51, '2022-03-31': 1.55, '2022-04-30': -3.18, '2022-05-31': 2.78, '2022-06-30': 6.49, '2022-07-31': -0.57, '2022-08-31': 2.64, '2022-09-30': -2.12, '2022-10-31': 3.14, '2022-11-30': 0.0, '2022-12-31': -2.16, '2023-01-31': 2.13, '2023-02-28': 0.99, '2023-03-31': 1.11, '2023-04-30': -2.78, '2023-05-31': -4.38, '2023-06-30': 0.98, '2023-07-31': -1.64, '2023-08-31': 3.92, '2023-09-30': 0.0, '2023-10-31': 0.07, '2023-11-30': -1.63, '2023-12-31': 0.92, '2024-01-31': 3.2, '2024-02-29': -2.71, '2024-03-31': -3.11, '2024-04-30': 1.57, '2024-05-31': 6.37, '2024-06-30': -1.62, '2024-07-31': -2.11, '2024-08-31': 0.78, '2024-09-30': -3.23, '2024-10-31': 1.39, '2024-11-30': 4.77, '2024-12-31': 0.0, '2025-01-31': 4.82, '2025-02-28': 0.49, '2025-03-31': 1.55, '2025-04-30': -1.09, '2025-05-31': 0.0, '2025-06-30': 0.49, '2025-07-31': 0.48, '2025-08-31': -0.1, '2025-09-30': -3.24, '2025-10-31': 0.91, '2025-11-30': 2.11, '2025-12-31': -4.23}",3.44
S30d_NY_London_Overlap_Momentum,INJ_USDT_USDT,1H,9.69,2.8,0.4239,1.7486,0.2276,-12.3,80,1.1129,42.75,7.0205,138,0.2805,161.8415,108.6053,1.4902,6,10,4.16,-4.79,42.5,"{'2022-09-30': 3.81, '2022-10-31': -0.5, '2022-11-30': 0.0, '2022-12-31': 1.9, '2023-01-31': 0.5, '2023-02-28': -1.99, '2023-03-31': -0.47, '2023-04-30': -0.49, '2023-05-31': -4.15, '2023-06-30': -4.12, '2023-07-31': -1.62, '2023-08-31': 0.89, '2023-09-30': 0.0, '2023-10-31': 4.16, '2023-11-30': 1.6, '2023-12-31': 0.0, '2024-01-31': 0.55, '2024-02-29': -0.49, '2024-03-31': 1.69, '2024-04-30': 0.0, '2024-05-31': -0.08, '2024-06-30': -2.06, '2024-07-31': 0.5, '2024-08-31': -1.07, '2024-09-30': -0.55, '2024-10-31': -0.53, '2024-11-30': -0.5, '2024-12-31': 3.24, '2025-01-31': 2.11, '2025-02-28': 0.0, '2025-03-31': 2.1, '2025-04-30': 2.07, '2025-05-31': 0.0, '2025-06-30': -1.04, '2025-07-31': -0.56, '2025-08-31': 2.13, '2025-09-30': -4.79, '2025-10-31': 2.06, '2025-11-30': 1.1, '2025-12-31': 3.03}",3.41
S30d_NY_London_Overlap_Momentum,TRX_USDT_USDT,1H,-31.76,-9.2,-1.2114,-2.1791,-0.2763,-33.3,157,0.6174,34.39,-20.2281,157,-0.3934,94.8984,80.5857,1.1776,4,8,3.8,-4.84,36.17,"{'2022-02-28': -0.66, '2022-03-31': -2.78, '2022-04-30': -2.73, '2022-05-31': 0.53, '2022-06-30': -0.64, '2022-07-31': -0.72, '2022-08-31': -2.96, '2022-09-30': -0.68, '2022-10-31': 0.43, '2022-11-30': 0.49, '2022-12-31': 1.36, '2023-01-31': 0.36, '2023-02-28': -0.55, '2023-03-31': -3.13, '2023-04-30': -1.87, '2023-05-31': -1.3, '2023-06-30': 0.37, '2023-07-31': -0.21, '2023-08-31': -1.22, '2023-09-30': -2.22, '2023-10-31': -1.84, '2023-11-30': -0.66, '2023-12-31': -1.11, '2024-01-31': -4.84, '2024-02-29': -0.25, '2024-03-31': 1.08, '2024-04-30': -3.06, '2024-05-31': 0.92, '2024-06-30': 0.1, '2024-07-31': -0.84, '2024-08-31': -4.49, '2024-09-30': 0.94, '2024-10-31': 1.64, '2024-11-30': -1.25, '2024-12-31': 0.54, '2025-01-31': 0.77, '2025-02-28': 0.0, '2025-03-31': -0.78, '2025-04-30': 0.0, '2025-05-31': 0.09, '2025-06-30': -1.86, '2025-07-31': 3.8, '2025-08-31': 0.33, '2025-09-30': -0.79, '2025-10-31': 0.02, '2025-11-30': -1.73, '2025-12-31': -0.72}",3.273
S30d_NY_London_Overlap_Momentum,ETC_USDT_USDT,1H,4.39,1.09,0.4752,1.5945,0.0792,-13.77,148,1.0339,42.56,2.2514,195,0.2104,161.2927,115.6095,1.3952,5,9,5.53,-6.45,44.68,"{'2022-02-28': -0.56, '2022-03-31': 3.08, '2022-04-30': -0.09, '2022-05-31': 5.53, '2022-06-30': 0.98, '2022-07-31': -0.52, '2022-08-31': 4.3, '2022-09-30': -0.11, '2022-10-31': 4.74, '2022-11-30': 0.0, '2022-12-31': 0.28, '2023-01-31': -1.6, '2023-02-28': -3.85, '2023-03-31': 0.94, '2023-04-30': -0.61, '2023-05-31': -2.13, '2023-06-30': 0.94, '2023-07-31': -1.72, '2023-08-31': 3.94, '2023-09-30': 0.0, '2023-10-31': 2.16, '2023-11-30': -1.76, '2023-12-31': -3.17, '2024-01-31': 2.58, '2024-02-29': -4.27, '2024-03-31': 1.0, '2024-04-30': 3.14, '2024-05-31': -2.25, '2024-06-30': -2.18, '2024-07-31': -1.09, '2024-08-31': 2.65, '2024-09-30': -2.22, '2024-10-31': -1.3, '2024-11-30': 4.89, '2024-12-31': -1.55, '2025-01-31': 0.84, '2025-02-28': 0.0, '2025-03-31': 4.63, '2025-04-30': -1.76, '2025-05-31': -1.08, '2025-06-30': -1.05, '2025-07-31': 1.0, '2025-08-31': 1.46, '2025-09-30': -6.45, '2025-10-31': -1.84, '2025-11-30': 2.11, '2025-12-31': 0.59}",4.066
S30d_NY_London_Overlap_Momentum,XLM_USDT_USDT,1H,35.62,7.97,1.0008,2.7043,1.2473,-6.39,29,1.2976,48.81,21.2049,168,0.4715,189.4022,139.1692,1.3609,6,6,3.34,-6.39,63.83,"{'2022-02-28': 2.51, '2022-03-31': 3.1, '2022-04-30': 3.13, '2022-05-31': 2.18, '2022-06-30': 0.47, '2022-07-31': -0.61, '2022-08-31': 2.02, '2022-09-30': 1.97, '2022-10-31': 0.0, '2022-11-30': -1.03, '2022-12-31': -0.43, '2023-01-31': 3.04, '2023-02-28': 3.34, '2023-03-31': 2.45, '2023-04-30': 1.46, '2023-05-31': -3.8, '2023-06-30': 3.0, '2023-07-31': 3.13, '2023-08-31': -0.69, '2023-09-30': 2.27, '2023-10-31': 0.37, '2023-11-30': 0.38, '2023-12-31': -2.86, '2024-01-31': 1.96, '2024-02-29': -1.78, '2024-03-31': 1.39, '2024-04-30': 1.91, '2024-05-31': 1.09, '2024-06-30': -3.11, '2024-07-31': 0.43, '2024-08-31': -0.37, '2024-09-30': 2.01, '2024-10-31': 3.09, '2024-11-30': -1.03, '2024-12-31': -1.04, '2025-01-31': 1.07, '2025-02-28': 1.56, '2025-03-31': -0.53, '2025-04-30': -1.64, '2025-05-31': -0.12, '2025-06-30': 0.69, '2025-07-31': 2.52, '2025-08-31': 3.18, '2025-09-30': -6.39, '2025-10-31': 0.87, '2025-11-30': 3.17, '2025-12-31': -1.66}",3.503
S30d_NY_London_Overlap_Momentum,RUNE_USDT_USDT,1H,11.01,2.65,0.681,2.5395,0.1786,-14.84,74,1.0833,42.93,5.9855,184,0.3977,181.2965,125.9152,1.4398,4,9,5.66,-6.33,57.45,"{'2022-02-28': 2.65, '2022-03-31': -0.48, '2022-04-30': 4.91, '2022-05-31': 0.61, '2022-06-30': 3.22, '2022-07-31': -3.08, '2022-08-31': 1.01, '2022-09-30': 0.52, '2022-10-31': 3.54, '2022-11-30': -1.07, '2022-12-31': 3.48, '2023-01-31': 0.46, '2023-02-28': 1.34, '2023-03-31': 5.66, '2023-04-30': -1.73, '2023-05-31': -2.94, '2023-06-30': -1.29, '2023-07-31': 2.35, '2023-08-31': -0.11, '2023-09-30': -0.66, '2023-10-31': 3.18, '2023-11-30': 1.63, '2023-12-31': 1.59, '2024-01-31': 0.58, '2024-02-29': -5.21, '2024-03-31': 0.52, '2024-04-30': 3.7, '2024-05-31': 4.23, '2024-06-30': -2.1, '2024-07-31': 0.48, '2024-08-31': -0.01, '2024-09-30': -4.76, '2024-10-31': -0.06, '2024-11-30': 0.53, '2024-12-31': -0.49, '2025-01-31': 3.75, '2025-02-28': 0.09, '2025-03-31': 0.0, '2025-04-30': -5.17, '2025-05-31': 1.56, '2025-06-30': -1.05, '2025-07-31': 0.42, '2025-08-31': 0.97, '2025-09-30': -6.33, '2025-10-31': -0.19, '2025-11-30': 3.7, '2025-12-31': -5.54}",3.836
S30d_NY_London_Overlap_Momentum,AAVE_USDT_USDT,1H,-6.76,-1.74,-0.0646,-0.1918,-0.0657,-26.47,140,0.9384,39.2,-3.8434,176,-0.0371,149.414,102.673,1.4552,4,11,5.18,-6.14,48.94,"{'2022-02-28': 1.57, '2022-03-31': 3.2, '2022-04-30': 0.04, '2022-05-31': 3.37, '2022-06-30': 1.12, '2022-07-31': 2.14, '2022-08-31': 1.03, '2022-09-30': 1.6, '2022-10-31': 2.08, '2022-11-30': -1.04, '2022-12-31': -0.69, '2023-01-31': -6.14, '2023-02-28': -3.71, '2023-03-31': -1.69, '2023-04-30': -1.8, '2023-05-31': -0.63, '2023-06-30': -3.83, '2023-07-31': -2.73, '2023-08-31': -0.99, '2023-09-30': 0.0, '2023-10-31': -0.64, '2023-11-30': 2.12, '2023-12-31': -2.07, '2024-01-31': -1.03, '2024-02-29': -3.73, '2024-03-31': 0.54, '2024-04-30': -1.06, '2024-05-31': 5.18, '2024-06-30': -3.19, '2024-07-31': -0.56, '2024-08-31': 1.01, '2024-09-30': -1.05, '2024-10-31': 1.06, '2024-11-30': 1.06, '2024-12-31': 1.12, '2025-01-31': 2.63, '2025-02-28': 0.52, '2025-03-31': 3.22, '2025-04-30': -2.11, '2025-05-31': -1.04, '2025-06-30': 0.94, '2025-07-31': -3.15, '2025-08-31': 3.11, '2025-09-30': -2.77, '2025-10-31': -0.19, '2025-11-30': 3.23, '2025-12-31': 0.29}",3.669
S30d_NY_London_Overlap_Momentum,LDO_USDT_USDT,1H,6.07,1.74,0.1205,0.4191,0.1231,-14.14,78,1.0569,41.57,3.6564,166,0.0734,163.4525,110.013,1.4858,4,8,6.45,-5.17,46.34,"{'2022-08-31': 1.73, '2022-09-30': -2.06, '2022-10-31': 6.45, '2022-11-30': -1.04, '2022-12-31': 1.42, '2023-01-31': 0.1, '2023-02-28': -2.0, '2023-03-31': 1.68, '2023-04-30': -0.53, '2023-05-31': 1.39, '2023-06-30': -5.17, '2023-07-31': 2.48, '2023-08-31': 1.31, '2023-09-30': 0.0, '2023-10-31': -0.23, '2023-11-30': -0.52, '2023-12-31': 3.71, '2024-01-31': -2.05, '2024-02-29': -2.1, '2024-03-31': 5.41, '2024-04-30': 0.51, '2024-05-31': -0.06, '2024-06-30': -3.12, '2024-07-31': -3.09, '2024-08-31': -0.52, '2024-09-30': -1.06, '2024-10-31': -2.62, '2024-11-30': -1.5, '2024-12-31': 2.78, '2025-01-31': 2.15, '2025-02-28': 0.56, '2025-03-31': 2.21, '2025-04-30': -1.05, '2025-05-31': 1.58, '2025-06-30': -0.51, '2025-07-31': 3.69, '2025-08-31': -0.03, '2025-09-30': -1.66, '2025-10-31': 0.43, '2025-11-30': 1.08, '2025-12-31': -1.73}",4.014
S30d_NY_London_Overlap_Momentum,SAND_USDT_USDT,1H,-7.04,-1.82,0.1698,0.4511,-0.0856,-21.25,158,0.9412,39.47,-3.7038,190,0.0927,150.1761,104.0603,1.4432,6,9,5.63,-6.34,48.94,"{'2022-02-28': 0.53, '2022-03-31': -2.08, '2022-04-30': 3.23, '2022-05-31': 1.19, '2022-06-30': 5.43, '2022-07-31': -3.11, '2022-08-31': 2.07, '2022-09-30': -0.61, '2022-10-31': 3.04, '2022-11-30': 1.08, '2022-12-31': -0.73, '2023-01-31': -3.64, '2023-02-28': -2.21, '2023-03-31': -0.06, '2023-04-30': 0.44, '2023-05-31': -4.08, '2023-06-30': -0.53, '2023-07-31': -1.72, '2023-08-31': -0.58, '2023-09-30': -1.62, '2023-10-31': 0.15, '2023-11-30': -6.2, '2023-12-31': 1.59, '2024-01-31': 2.1, '2024-02-29': -0.61, '2024-03-31': 2.11, '2024-04-30': 3.14, '2024-05-31': 5.63, '2024-06-30': -4.27, '2024-07-31': -4.3, '2024-08-31': -0.79, '2024-09-30': 0.0, '2024-10-31': 2.08, '2024-11-30': -4.12, '2024-12-31': -1.5, '2025-01-31': -0.03, '2025-02-28': 1.58, '2025-03-31': 0.48, '2025-04-30': -2.77, '2025-05-31': 3.16, '2025-06-30': 0.49, '2025-07-31': 4.14, '2025-08-31': 1.48, '2025-09-30': -6.34, '2025-10-31': 2.03, '2025-11-30': 4.25, '2025-12-31': -3.35}",3.961
S30d_NY_London_Overlap_Momentum,MANA_USDT_USDT,1H,-13.7,-3.62,-0.0085,-0.0244,-0.1747,-20.72,131,0.8661,37.42,-8.4049,163,-0.0047,145.2167,100.2766,1.4482,5,9,6.77,-6.51,42.55,"{'2022-02-28': -2.07, '2022-03-31': -0.61, '2022-04-30': -1.05, '2022-05-31': 2.23, '2022-06-30': 3.77, '2022-07-31': -1.58, '2022-08-31': 1.45, '2022-09-30': 0.47, '2022-10-31': 1.97, '2022-11-30': -3.17, '2022-12-31': -1.09, '2023-01-31': -4.11, '2023-02-28': -0.12, '2023-03-31': -0.06, '2023-04-30': -0.67, '2023-05-31': -4.35, '2023-06-30': 1.02, '2023-07-31': -1.61, '2023-08-31': -0.69, '2023-09-30': 0.95, '2023-10-31': -2.45, '2023-11-30': 1.03, '2023-12-31': 0.0, '2024-01-31': 0.99, '2024-02-29': -2.12, '2024-03-31': -2.64, '2024-04-30': 0.0, '2024-05-31': 6.77, '2024-06-30': -4.2, '2024-07-31': -1.09, '2024-08-31': -3.36, '2024-09-30': 0.89, '2024-10-31': 2.06, '2024-11-30': 1.56, '2024-12-31': 0.57, '2025-01-31': -0.54, '2025-02-28': 1.57, '2025-03-31': 1.56, '2025-04-30': 2.04, '2025-05-31': 0.0, '2025-06-30': -2.12, '2025-07-31': -1.05, '2025-08-31': 1.49, '2025-09-30': -1.7, '2025-10-31': 0.98, '2025-11-30': 1.04, '2025-12-31': -6.51}",3.398
S30d_NY_London_Overlap_Momentum,CRV_USDT_USDT,1H,-7.04,-1.82,0.2192,0.8136,-0.1006,-18.1,135,0.9319,38.65,-4.3197,163,0.1526,152.9369,103.3913,1.4792,6,11,10.65,-4.31,48.94,"{'2022-02-28': 1.05, '2022-03-31': 1.6, '2022-04-30': -2.65, '2022-05-31': -1.46, '2022-06-30': 1.1, '2022-07-31': 10.65, '2022-08-31': -1.55, '2022-09-30': -2.08, '2022-10-31': 0.51, '2022-11-30': 2.23, '2022-12-31': 0.0, '2023-01-31': -0.51, '2023-02-28': -3.61, '2023-03-31': -1.6, '2023-04-30': 3.56, '2023-05-31': -4.31, '2023-06-30': 0.89, '2023-07-31': 0.88, '2023-08-31': -1.67, '2023-09-30': 0.46, '2023-10-31': 0.0, '2023-11-30': 0.96, '2023-12-31': -3.14, '2024-01-31': -3.1, '2024-02-29': -4.16, '2024-03-31': -1.07, '2024-04-30': 3.12, '2024-05-31': 0.34, '2024-06-30': -0.54, '2024-07-31': -0.61, '2024-08-31': -0.54, '2024-09-30': 0.49, '2024-10-31': -2.72, '2024-11-30': 2.22, '2024-12-31': 2.24, '2025-01-31': 0.54, '2025-02-28': 1.59, '2025-03-31': 0.52, '2025-04-30': -2.06, '2025-05-31': 0.0, '2025-06-30': -4.13, '2025-07-31': 3.1, '2025-08-31': 1.06, '2025-09-30': -2.7, '2025-10-31': 2.11, '2025-11-30': 0.0, '2025-12-31': -0.73}",3.398
S30d_NY_London_Overlap_Momentum,GALA_USDT_USDT,1H,7.15,1.75,0.3932,1.0297,0.0972,-18.01,100,1.0807,42.22,5.295,135,0.3325,167.9092,113.5384,1.4789,5,6,5.38,-4.2,51.06,"{'2022-02-28': 1.59, '2022-03-31': 2.13, '2022-04-30': 2.11, '2022-05-31': -0.41, '2022-06-30': 4.93, '2022-07-31': 0.53, '2022-08-31': 2.07, '2022-09-30': 1.59, '2022-10-31': 1.59, '2022-11-30': 0.0, '2022-12-31': 0.19, '2023-01-31': -0.47, '2023-02-28': -0.04, '2023-03-31': 1.06, '2023-04-30': 1.55, '2023-05-31': -1.64, '2023-06-30': -3.11, '2023-07-31': -0.58, '2023-08-31': -1.69, '2023-09-30': -3.19, '2023-10-31': -0.06, '2023-11-30': -4.08, '2023-12-31': 1.59, '2024-01-31': 1.63, '2024-02-29': -3.14, '2024-03-31': -2.54, '2024-04-30': -1.06, '2024-05-31': 5.38, '2024-06-30': 0.47, '2024-07-31': -1.06, '2024-08-31': -1.05, '2024-09-30': -2.1, '2024-10-31': -0.52, '2024-11-30': 0.56, '2024-12-31': -1.05, '2025-01-31': 2.16, '2025-02-28': -1.04, '2025-03-31': 0.49, '2025-04-30': 0.47, '2025-05-31': 1.61, '2025-06-30': -2.1, '2025-07-31': 3.19, '2025-08-31': 2.63, '2025-09-30': -4.2, '2025-10-31': 2.09, '2025-11-30': 2.7, '2025-12-31': -0.7}",2.815
S30d_NY_London_Overlap_Momentum,APE_USDT_USDT,1H,-13.08,-3.66,-0.7076,-1.0364,-0.158,-23.17,109,0.8403,36.43,-10.1434,129,-0.5317,146.5075,99.9311,1.4661,5,9,6.58,-4.12,33.33,"{'2022-04-30': -0.54, '2022-05-31': -3.03, '2022-06-30': 6.58, '2022-07-31': -3.09, '2022-08-31': 2.14, '2022-09-30': 1.62, '2022-10-31': 3.15, '2022-11-30': 1.56, '2022-12-31': -1.06, '2023-01-31': -2.62, '2023-02-28': -0.61, '2023-03-31': -1.73, '2023-04-30': -1.07, '2023-05-31': -3.88, '2023-06-30': -4.12, '2023-07-31': 3.53, '2023-08-31': -3.16, '2023-09-30': 3.14, '2023-10-31': -2.12, '2023-11-30': -1.65, '2023-12-31': 0.0, '2024-01-31': -0.54, '2024-02-29': -1.07, '2024-03-31': -2.09, '2024-04-30': 3.16, '2024-05-31': 1.88, '2024-06-30': -2.13, '2024-07-31': -1.06, '2024-08-31': -0.7, '2024-09-30': 1.58, '2024-10-31': 0.09, '2024-11-30': -3.07, '2024-12-31': -2.51, '2025-01-31': 3.19, '2025-02-28': -1.05, '2025-03-31': 0.0, '2025-04-30': -1.71, '2025-05-31': -1.06, '2025-06-30': -2.73, '2025-07-31': 1.56, '2025-08-31': 2.04, '2025-09-30': -1.07, '2025-10-31': -0.62, '2025-11-30': 2.13, '2025-12-31': -0.09}",2.837
S30d_NY_London_Overlap_Momentum,AXS_USDT_USDT,1H,-5.31,-1.36,-0.5041,-0.9222,-0.101,-13.47,137,0.9441,39.47,-3.4935,152,-0.2945,149.3859,103.1974,1.4476,5,6,5.2,-4.14,40.43,"{'2022-02-28': 1.58, '2022-03-31': -4.08, '2022-04-30': 1.62, '2022-05-31': -2.03, '2022-06-30': 4.87, '2022-07-31': -0.54, '2022-08-31': -1.15, '2022-09-30': -0.56, '2022-10-31': 0.0, '2022-11-30': -2.01, '2022-12-31': -1.06, '2023-01-31': 1.54, '2023-02-28': -0.59, '2023-03-31': -1.61, '2023-04-30': 0.82, '2023-05-31': -2.94, '2023-06-30': 2.03, '2023-07-31': 2.04, '2023-08-31': -0.73, '2023-09-30': -2.73, '2023-10-31': 1.8, '2023-11-30': -4.14, '2023-12-31': 1.54, '2024-01-31': -0.56, '2024-02-29': -2.11, '2024-03-31': -2.08, '2024-04-30': 2.06, '2024-05-31': 5.2, '2024-06-30': 0.41, '2024-07-31': -2.17, '2024-08-31': -1.8, '2024-09-30': 0.0, '2024-10-31': -1.63, '2024-11-30': 3.17, '2024-12-31': 0.0, '2025-01-31': -0.54, '2025-02-28': 1.58, '2025-03-31': 2.0, '2025-04-30': -1.68, '2025-05-31': 1.59, '2025-06-30': -1.05, '2025-07-31': 0.0, '2025-08-31': 0.4, '2025-09-30': -3.22, '2025-10-31': 2.07, '2025-11-30': -2.62, '2025-12-31': 1.9}",3.169
S30d_NY_London_Overlap_Momentum,GRT_USDT_USDT,1H,7.83,1.92,0.664,1.9909,0.1236,-15.54,79,1.0873,42.55,5.5534,141,0.4641,162.5456,110.7371,1.4679,7,11,6.47,-8.3,57.45,"{'2022-02-28': 0.98, '2022-03-31': -1.57, '2022-04-30': 3.8, '2022-05-31': -0.42, '2022-06-30': 3.24, '2022-07-31': 0.56, '2022-08-31': 2.14, '2022-09-30': 0.0, '2022-10-31': 0.51, '2022-11-30': -0.54, '2022-12-31': 0.0, '2023-01-31': -2.07, '2023-02-28': 2.15, '2023-03-31': -1.54, '2023-04-30': 1.55, '2023-05-31': -8.3, '2023-06-30': -3.14, '2023-07-31': 1.48, '2023-08-31': -2.87, '2023-09-30': 0.38, '2023-10-31': -1.71, '2023-11-30': 3.21, '2023-12-31': 1.61, '2024-01-31': 1.63, '2024-02-29': -4.15, '2024-03-31': 0.0, '2024-04-30': 1.57, '2024-05-31': 2.64, '2024-06-30': -2.15, '2024-07-31': 1.57, '2024-08-31': 0.37, '2024-09-30': 0.48, '2024-10-31': 2.09, '2024-11-30': 1.09, '2024-12-31': -1.03, '2025-01-31': 6.47, '2025-02-28': 1.57, '2025-03-31': 2.06, '2025-04-30': -0.59, '2025-05-31': -1.06, '2025-06-30': 1.59, '2025-07-31': 0.5, '2025-08-31': 2.59, '2025-09-30': -5.28, '2025-10-31': -1.67, '2025-11-30': 4.27, '2025-12-31': -3.81}",2.94
S30d_NY_London_Overlap_Momentum,CHZ_USDT_USDT,1H,10.53,2.56,0.4148,1.2105,0.1614,-15.86,120,1.101,43.11,6.3034,167,0.2341,159.3194,109.6667,1.4528,4,5,6.0,-4.3,46.81,"{'2022-02-28': -0.54, '2022-03-31': 1.08, '2022-04-30': 2.15, '2022-05-31': 2.23, '2022-06-30': 2.11, '2022-07-31': -0.58, '2022-08-31': 6.0, '2022-09-30': -2.07, '2022-10-31': 2.65, '2022-11-30': -3.1, '2022-12-31': -0.16, '2023-01-31': -0.58, '2023-02-28': -0.13, '2023-03-31': -1.24, '2023-04-30': -2.13, '2023-05-31': 0.4, '2023-06-30': -1.65, '2023-07-31': -2.87, '2023-08-31': -0.73, '2023-09-30': 0.0, '2023-10-31': -2.79, '2023-11-30': 3.64, '2023-12-31': 0.0, '2024-01-31': 2.09, '2024-02-29': -2.19, '2024-03-31': 1.05, '2024-04-30': 0.0, '2024-05-31': 2.06, '2024-06-30': 0.0, '2024-07-31': 1.55, '2024-08-31': 0.89, '2024-09-30': -4.29, '2024-10-31': -2.67, '2024-11-30': 0.51, '2024-12-31': -1.02, '2025-01-31': 3.18, '2025-02-28': 1.03, '2025-03-31': 3.1, '2025-04-30': -2.76, '2025-05-31': 0.0, '2025-06-30': 1.58, '2025-07-31': 5.12, '2025-08-31': 1.4, '2025-09-30': -4.3, '2025-10-31': 0.91, '2025-11-30': -0.57, '2025-12-31': 5.68}",3.482
S30d_NY_London_Overlap_Momentum,1000LUNC_USDT_USDT,1H,-25.11,-8.37,-0.9109,-2.1415,-0.2353,-35.57,130,0.6829,32.31,-19.317,130,-0.5585,128.7527,89.9867,1.4308,6,12,8.78,-6.48,43.59,"{'2022-10-31': 0.53, '2022-11-30': -1.04, '2022-12-31': -2.17, '2023-01-31': 3.19, '2023-02-28': -3.18, '2023-03-31': 0.36, '2023-04-30': 0.38, '2023-05-31': -1.6, '2023-06-30': 1.07, '2023-07-31': 0.0, '2023-08-31': 0.38, '2023-09-30': 0.78, '2023-10-31': -6.37, '2023-11-30': 2.12, '2023-12-31': -0.47, '2024-01-31': -3.09, '2024-02-29': -5.12, '2024-03-31': 0.07, '2024-04-30': 3.17, '2024-05-31': -2.68, '2024-06-30': 0.49, '2024-07-31': -2.11, '2024-08-31': -3.74, '2024-09-30': -1.61, '2024-10-31': -1.66, '2024-11-30': -4.13, '2024-12-31': -1.53, '2025-01-31': 0.52, '2025-02-28': -1.08, '2025-03-31': 0.43, '2025-04-30': -1.08, '2025-05-31': -2.13, '2025-06-30': -3.21, '2025-07-31': 0.91, '2025-08-31': -0.64, '2025-09-30': -6.48, '2025-10-31': 6.33, '2025-11-30': 0.48, '2025-12-31': 8.78}",3.273
S30d_NY_London_Overlap_Momentum,TWT_USDT_USDT,1H,-14.78,-5.0,-0.4514,-1.5451,-0.2725,-18.35,130,0.8234,36.57,-11.0288,134,-0.2065,140.5964,98.4362,1.4283,4,8,5.27,-5.86,40.54,"{'2022-12-31': 1.09, '2023-01-31': -5.23, '2023-02-28': 1.41, '2023-03-31': 0.48, '2023-04-30': -3.44, '2023-05-31': -3.27, '2023-06-30': 5.27, '2023-07-31': -1.63, '2023-08-31': 3.48, '2023-09-30': 0.42, '2023-10-31': -5.1, '2023-11-30': -1.03, '2023-12-31': -1.05, '2024-01-31': 3.63, '2024-02-29': -0.57, '2024-03-31': -0.08, '2024-04-30': 2.03, '2024-05-31': -5.86, '2024-06-30': 0.0, '2024-07-31': -1.08, '2024-08-31': -0.19, '2024-09-30': 2.52, '2024-10-31': 2.57, '2024-11-30': -1.04, '2024-12-31': -2.06, '2025-01-31': -2.13, '2025-02-28': 0.51, '2025-03-31': -0.72, '2025-04-30': 0.41, '2025-05-31': -1.09, '2025-06-30': -2.14, '2025-07-31': 1.96, '2025-08-31': -0.66, '2025-09-30': -2.41, '2025-10-31': 1.56, '2025-11-30': 0.52, '2025-12-31': -0.91}",3.581
S30d_NY_London_Overlap_Momentum,ZRX_USDT_USDT,1H,2.58,0.68,-0.0045,-0.0102,0.0473,-14.39,100,1.025,41.86,1.4999,172,-0.0026,146.6841,103.0327,1.4237,7,8,8.09,-4.25,51.11,"{'2022-04-30': -4.1, '2022-05-31': -2.47, '2022-06-30': -1.55, '2022-07-31': -2.57, '2022-08-31': -1.14, '2022-09-30': 1.6, '2022-10-31': 0.42, '2022-11-30': 0.87, '2022-12-31': 0.21, '2023-01-31': -1.22, '2023-02-28': 2.11, '2023-03-31': -3.16, '2023-04-30': -2.14, '2023-05-31': 0.4, '2023-06-30': -1.26, '2023-07-31': 3.18, '2023-08-31': -3.23, '2023-09-30': 4.61, '2023-10-31': 4.99, '2023-11-30': 4.77, '2023-12-31': -1.08, '2024-01-31': -3.08, '2024-02-29': -4.25, '2024-03-31': -0.42, '2024-04-30': 3.15, '2024-05-31': 8.09, '2024-06-30': -1.07, '2024-07-31': -2.1, '2024-08-31': 0.37, '2024-09-30': 0.46, '2024-10-31': 1.31, '2024-11-30': 2.71, '2024-12-31': 0.0, '2025-01-31': 2.11, '2025-02-28': 0.5, '2025-03-31': 1.56, '2025-04-30': 0.46, '2025-05-31': 1.59, '2025-06-30': -0.58, '2025-07-31': 0.41, '2025-08-31': 2.99, '2025-09-30': -2.14, '2025-10-31': -1.69, '2025-11-30': -0.57, '2025-12-31': -3.89}",3.811
S30d_NY_London_Overlap_Momentum,ANKR_USDT_USDT,1H,-15.55,-4.15,-0.2349,-0.6021,-0.203,-20.44,153,0.8574,37.57,-8.5925,181,-0.1265,137.4956,96.504,1.4248,3,9,3.87,-4.19,42.55,"{'2022-02-28': -1.12, '2022-03-31': -1.63, '2022-04-30': -1.05, '2022-05-31': 3.87, '2022-06-30': 0.51, '2022-07-31': -0.01, '2022-08-31': 0.6, '2022-09-30': 1.6, '2022-10-31': -1.07, '2022-11-30': -4.11, '2022-12-31': 1.5, '2023-01-31': -2.13, '2023-02-28': 0.04, '2023-03-31': -1.57, '2023-04-30': 2.06, '2023-05-31': -3.93, '2023-06-30': -1.21, '2023-07-31': 0.5, '2023-08-31': -2.85, '2023-09-30': -0.91, '2023-10-31': -4.19, '2023-11-30': -1.72, '2023-12-31': 1.58, '2024-01-31': -2.1, '2024-02-29': -0.65, '2024-03-31': 0.0, '2024-04-30': 1.58, '2024-05-31': 3.08, '2024-06-30': -0.62, '2024-07-31': 0.42, '2024-08-31': -0.09, '2024-09-30': 2.0, '2024-10-31': 0.96, '2024-11-30': -0.53, '2024-12-31': -1.03, '2025-01-31': -1.61, '2025-02-28': 0.49, '2025-03-31': -0.64, '2025-04-30': -1.69, '2025-05-31': 0.42, '2025-06-30': -3.24, '2025-07-31': 1.58, '2025-08-31': 2.49, '2025-09-30': -1.58, '2025-10-31': 1.19, '2025-11-30': -0.08, '2025-12-31': 0.4}",3.774
S30d_NY_London_Overlap_Momentum,STX_USDT_USDT,1H,-0.27,-0.07,-0.1121,-0.3136,-0.0047,-14.93,104,0.9976,40.46,-0.1547,173,-0.0647,160.4705,109.3174,1.4679,8,10,4.74,-4.26,48.94,"{'2022-02-28': 1.5, '2022-03-31': -2.72, '2022-04-30': 2.5, '2022-05-31': -0.51, '2022-06-30': 0.5, '2022-07-31': -2.65, '2022-08-31': -1.68, '2022-09-30': 1.58, '2022-10-31': 1.24, '2022-11-30': -2.13, '2022-12-31': 1.05, '2023-01-31': -2.12, '2023-02-28': -2.67, '2023-03-31': 3.28, '2023-04-30': 1.54, '2023-05-31': 4.71, '2023-06-30': 2.12, '2023-07-31': -0.6, '2023-08-31': 0.91, '2023-09-30': -2.12, '2023-10-31': -0.59, '2023-11-30': -3.13, '2023-12-31': 2.21, '2024-01-31': -4.07, '2024-02-29': -0.04, '2024-03-31': -0.51, '2024-04-30': 2.14, '2024-05-31': 4.74, '2024-06-30': -3.11, '2024-07-31': 0.54, '2024-08-31': 0.5, '2024-09-30': -1.07, '2024-10-31': -2.66, '2024-11-30': -2.07, '2024-12-31': -4.13, '2025-01-31': 2.08, '2025-02-28': 1.59, '2025-03-31': 1.57, '2025-04-30': -0.06, '2025-05-31': -1.04, '2025-06-30': 1.59, '2025-07-31': 1.57, '2025-08-31': -0.07, '2025-09-30': -4.26, '2025-10-31': -2.72, '2025-11-30': 4.31, '2025-12-31': 0.28}",3.607
S30d_NY_London_Overlap_Momentum,EGLD_USDT_USDT,1H,7.22,1.76,0.4069,1.4484,0.1029,-17.11,90,1.0842,42.76,4.9823,145,0.2219,150.0198,103.359,1.4514,5,9,4.72,-5.22,51.06,"{'2022-02-28': -0.51, '2022-03-31': 0.0, '2022-04-30': -0.63, '2022-05-31': 3.81, '2022-06-30': 2.16, '2022-07-31': -3.12, '2022-08-31': 1.01, '2022-09-30': 0.49, '2022-10-31': -2.11, '2022-11-30': 0.0, '2022-12-31': 1.48, '2023-01-31': -0.55, '2023-02-28': 0.96, '2023-03-31': -5.22, '2023-04-30': -1.77, '2023-05-31': -3.26, '2023-06-30': -3.86, '2023-07-31': 0.79, '2023-08-31': 4.6, '2023-09-30': -1.1, '2023-10-31': -1.68, '2023-11-30': 0.0, '2023-12-31': -3.1, '2024-01-31': 0.54, '2024-02-29': -1.05, '2024-03-31': 1.01, '2024-04-30': 3.15, '2024-05-31': 4.72, '2024-06-30': -2.73, '2024-07-31': -2.14, '2024-08-31': 0.34, '2024-09-30': 1.54, '2024-10-31': -0.2, '2024-11-30': 1.58, '2024-12-31': 0.0, '2025-01-31': -0.06, '2025-02-28': 0.0, '2025-03-31': 3.12, '2025-04-30': 1.02, '2025-05-31': 3.21, '2025-06-30': 0.48, '2025-07-31': 0.43, '2025-08-31': 4.16, '2025-09-30': -4.29, '2025-10-31': 2.07, '2025-11-30': 1.57, '2025-12-31': 2.96}",3.023
S30d_NY_London_Overlap_Momentum,MINA_USDT_USDT,1H,4.29,1.13,0.122,0.3371,0.0935,-12.08,60,1.0509,41.91,3.1529,136,0.0799,155.3308,106.6464,1.4565,6,7,4.76,-4.28,54.55,"{'2022-05-31': 0.09, '2022-06-30': -2.07, '2022-07-31': -3.11, '2022-08-31': -0.04, '2022-09-30': 0.51, '2022-10-31': -0.73, '2022-11-30': 1.58, '2022-12-31': 3.45, '2023-01-31': 3.77, '2023-02-28': -2.53, '2023-03-31': 1.03, '2023-04-30': 0.91, '2023-05-31': -4.28, '2023-06-30': -2.69, '2023-07-31': 0.49, '2023-08-31': 1.9, '2023-09-30': -1.13, '2023-10-31': -1.72, '2023-11-30': -0.55, '2023-12-31': -2.11, '2024-01-31': 1.64, '2024-02-29': -2.09, '2024-03-31': 0.99, '2024-04-30': 4.76, '2024-05-31': 3.08, '2024-06-30': -3.17, '2024-07-31': 0.44, '2024-08-31': 0.84, '2024-09-30': 3.14, '2024-10-31': 2.11, '2024-11-30': 1.6, '2024-12-31': -1.03, '2025-01-31': 0.5, '2025-02-28': 0.0, '2025-03-31': 0.51, '2025-04-30': 0.45, '2025-05-31': -1.06, '2025-06-30': 0.48, '2025-07-31': 1.58, '2025-08-31': -1.14, '2025-09-30': -3.22, '2025-10-31': -0.58, '2025-11-30': 2.12, '2025-12-31': -0.13}",3.035
S30d_NY_London_Overlap_Momentum,ZEN_USDT_USDT,1H,-3.97,-1.01,0.3894,1.2334,-0.0511,-19.77,98,0.9537,39.1,-2.9874,133,0.3283,157.2198,105.8364,1.4855,3,9,5.61,-4.27,44.68,"{'2022-02-28': -0.56, '2022-03-31': 4.82, '2022-04-30': -2.12, '2022-05-31': 4.46, '2022-06-30': 0.53, '2022-07-31': -0.53, '2022-08-31': -1.6, '2022-09-30': 0.51, '2022-10-31': 1.51, '2022-11-30': 1.58, '2022-12-31': 0.0, '2023-01-31': -2.08, '2023-02-28': 1.1, '2023-03-31': 2.09, '2023-04-30': -3.25, '2023-05-31': -2.17, '2023-06-30': 3.11, '2023-07-31': -2.09, '2023-08-31': -1.7, '2023-09-30': -1.08, '2023-10-31': -2.12, '2023-11-30': -2.08, '2023-12-31': 0.53, '2024-01-31': -1.54, '2024-02-29': 0.5, '2024-03-31': 0.0, '2024-04-30': 1.57, '2024-05-31': -0.1, '2024-06-30': -3.24, '2024-07-31': -2.06, '2024-08-31': -0.59, '2024-09-30': -3.17, '2024-10-31': 0.47, '2024-11-30': -1.03, '2024-12-31': 5.61, '2025-01-31': 2.74, '2025-02-28': -1.05, '2025-03-31': 3.24, '2025-04-30': -2.09, '2025-05-31': 1.61, '2025-06-30': 0.48, '2025-07-31': -2.1, '2025-08-31': 3.7, '2025-09-30': -4.27, '2025-10-31': 1.12, '2025-11-30': -2.04, '2025-12-31': 0.51}",2.773
S30d_NY_London_Overlap_Momentum,ALICE_USDT_USDT,1H,-3.08,-0.79,0.0557,0.1631,-0.0417,-18.95,104,0.9597,39.34,-2.5221,122,0.0437,152.509,103.0828,1.4795,4,7,6.3,-5.15,46.81,"{'2022-02-28': -1.04, '2022-03-31': 3.2, '2022-04-30': 0.56, '2022-05-31': -0.42, '2022-06-30': 1.61, '2022-07-31': -0.54, '2022-08-31': 3.2, '2022-09-30': 1.59, '2022-10-31': 0.0, '2022-11-30': -3.15, '2022-12-31': 1.56, '2023-01-31': -0.52, '2023-02-28': 0.51, '2023-03-31': -1.6, '2023-04-30': -3.18, '2023-05-31': -2.13, '2023-06-30': 0.52, '2023-07-31': -0.6, '2023-08-31': 1.57, '2023-09-30': -1.06, '2023-10-31': 0.47, '2023-11-30': -5.15, '2023-12-31': -0.54, '2024-01-31': 1.63, '2024-02-29': -2.62, '2024-03-31': -5.15, '2024-04-30': 0.0, '2024-05-31': 6.3, '2024-06-30': -1.05, '2024-07-31': 1.56, '2024-08-31': -3.63, '2024-09-30': 0.48, '2024-10-31': -0.51, '2024-11-30': 3.21, '2024-12-31': -1.03, '2025-01-31': 0.51, '2025-02-28': 3.18, '2025-03-31': 0.46, '2025-04-30': -1.59, '2025-05-31': 0.0, '2025-06-30': -0.56, '2025-07-31': 1.58, '2025-08-31': 3.21, '2025-09-30': -2.72, '2025-10-31': 0.55, '2025-11-30': 1.11, '2025-12-31': -1.19}",2.544
S30d_NY_London_Overlap_Momentum,JST_USDT_USDT,1H,-41.83,-13.22,-1.1726,-2.8057,-0.316,-41.83,203,0.6154,32.02,-20.605,203,-0.3433,102.9786,78.8147,1.3066,5,12,2.9,-7.58,32.61,"{'2022-03-31': -0.6, '2022-04-30': -3.78, '2022-05-31': -0.53, '2022-06-30': -0.59, '2022-07-31': -5.24, '2022-08-31': 2.47, '2022-09-30': -0.68, '2022-10-31': -0.62, '2022-11-30': 1.56, '2022-12-31': -0.77, '2023-01-31': 0.4, '2023-02-28': 2.42, '2023-03-31': -4.32, '2023-04-30': -1.84, '2023-05-31': -3.24, '2023-06-30': 1.28, '2023-07-31': 0.0, '2023-08-31': -1.48, '2023-09-30': -2.97, '2023-10-31': -5.3, '2023-11-30': 2.17, '2023-12-31': -3.28, '2024-01-31': 0.83, '2024-02-29': -5.77, '2024-03-31': 1.9, '2024-04-30': -4.21, '2024-05-31': 2.9, '2024-06-30': -5.7, '2024-07-31': -1.01, '2024-08-31': -7.58, '2024-09-30': 0.79, '2024-10-31': 1.74, '2024-11-30': 1.36, '2024-12-31': 0.0, '2025-01-31': -1.77, '2025-02-28': -0.98, '2025-03-31': 1.51, '2025-04-30': -0.23, '2025-05-31': 0.0, '2025-06-30': -4.14, '2025-07-31': 0.74, '2025-08-31': 1.24, '2025-09-30': -4.24, '2025-10-31': -0.67, '2025-11-30': -0.05, '2025-12-31': -4.01}",4.398
S30d_NY_London_Overlap_Momentum,SUN_USDT_USDT,1H,-8.37,-2.26,-0.2399,-0.5484,-0.0842,-26.84,160,0.9025,39.38,-5.2327,160,-0.1167,122.9672,88.4965,1.3895,5,6,7.24,-3.6,39.13,"{'2022-03-31': -3.6, '2022-04-30': -0.09, '2022-05-31': -1.5, '2022-06-30': -0.52, '2022-07-31': 0.45, '2022-08-31': -1.54, '2022-09-30': -2.23, '2022-10-31': 1.14, '2022-11-30': -2.7, '2022-12-31': -1.31, '2023-01-31': -1.14, '2023-02-28': 0.67, '2023-03-31': -2.77, '2023-04-30': -2.1, '2023-05-31': 2.46, '2023-06-30': -2.89, '2023-07-31': -0.75, '2023-08-31': 0.97, '2023-09-30': -0.85, '2023-10-31': -1.13, '2023-11-30': -1.76, '2023-12-31': -2.05, '2024-01-31': -2.77, '2024-02-29': -1.19, '2024-03-31': -1.14, '2024-04-30': 0.0, '2024-05-31': -0.26, '2024-06-30': -1.11, '2024-07-31': 0.32, '2024-08-31': 7.24, '2024-09-30': 0.0, '2024-10-31': 4.3, '2024-11-30': 1.11, '2024-12-31': -1.03, '2025-01-31': 2.01, '2025-02-28': 1.5, '2025-03-31': -0.74, '2025-04-30': 0.18, '2025-05-31': 0.0, '2025-06-30': -0.74, '2025-07-31': 3.0, '2025-08-31': 0.87, '2025-09-30': 0.93, '2025-10-31': 0.47, '2025-11-30': 1.17, '2025-12-31': 1.25}",3.466
S30d_NY_London_Overlap_Momentum,ONT_USDT_USDT,1H,-6.97,-2.01,-0.0597,-0.2097,-0.0917,-21.91,147,0.9321,39.88,-4.2773,163,-0.0262,147.3511,104.8472,1.4054,5,7,6.88,-6.36,42.86,"{'2022-07-31': 1.04, '2022-08-31': 0.95, '2022-09-30': 3.16, '2022-10-31': 1.97, '2022-11-30': -1.11, '2022-12-31': 1.07, '2023-01-31': -2.74, '2023-02-28': -0.62, '2023-03-31': -2.11, '2023-04-30': -0.59, '2023-05-31': -4.34, '2023-06-30': -2.66, '2023-07-31': -2.14, '2023-08-31': 0.36, '2023-09-30': 0.39, '2023-10-31': -3.77, '2023-11-30': -0.61, '2023-12-31': -0.55, '2024-01-31': 0.56, '2024-02-29': -4.92, '2024-03-31': 2.6, '2024-04-30': -0.5, '2024-05-31': 6.88, '2024-06-30': -0.68, '2024-07-31': -2.19, '2024-08-31': 4.06, '2024-09-30': -0.62, '2024-10-31': 3.58, '2024-11-30': 1.47, '2024-12-31': -1.03, '2025-01-31': -2.69, '2025-02-28': 1.54, '2025-03-31': 0.39, '2025-04-30': -0.64, '2025-05-31': -1.06, '2025-06-30': -0.67, '2025-07-31': 5.18, '2025-08-31': 1.4, '2025-09-30': -6.36, '2025-10-31': -0.6, '2025-11-30': 1.02, '2025-12-31': -2.32}",3.805
S30d_NY_London_Overlap_Momentum,AGLD_USDT_USDT,1H,3.09,0.83,0.1825,0.4851,0.0621,-13.37,90,1.0276,41.24,1.744,177,0.1095,157.3076,107.4497,1.464,5,10,5.29,-7.23,61.36,"{'2022-05-31': 0.14, '2022-06-30': 0.55, '2022-07-31': -4.09, '2022-08-31': 0.92, '2022-09-30': -2.62, '2022-10-31': -0.63, '2022-11-30': 0.52, '2022-12-31': 2.16, '2023-01-31': 3.68, '2023-02-28': 2.64, '2023-03-31': 0.01, '2023-04-30': 1.52, '2023-05-31': -3.22, '2023-06-30': 2.67, '2023-07-31': 1.09, '2023-08-31': 0.5, '2023-09-30': 3.17, '2023-10-31': -1.64, '2023-11-30': -0.53, '2023-12-31': 2.16, '2024-01-31': 1.1, '2024-02-29': -7.23, '2024-03-31': -2.64, '2024-04-30': -1.54, '2024-05-31': 5.29, '2024-06-30': 0.52, '2024-07-31': 2.03, '2024-08-31': 1.53, '2024-09-30': -3.79, '2024-10-31': 1.03, '2024-11-30': 0.05, '2024-12-31': -3.07, '2025-01-31': 0.54, '2025-02-28': -2.07, '2025-03-31': 0.0, '2025-04-30': 0.48, '2025-05-31': 1.6, '2025-06-30': 1.6, '2025-07-31': 3.66, '2025-08-31': -0.12, '2025-09-30': -6.33, '2025-10-31': 4.73, '2025-11-30': -0.04, '2025-12-31': -0.73}",3.994
S30e_Weekend_Gap_Fade,BTC_USDT_USDT,15m,-82.64,-35.51,-5.2215,-9.0214,-0.4279,-82.98,790,0.3908,50.0,-10.3045,802,-0.2242,13.2179,33.827,0.3907,7,11,0.02,-7.73,2.13,"{'2022-02-28': -5.68, '2022-03-31': -6.26, '2022-04-30': -4.71, '2022-05-31': -7.73, '2022-06-30': -3.84, '2022-07-31': -3.71, '2022-08-31': -5.11, '2022-09-30': -0.59, '2022-10-31': -0.05, '2022-11-30': -6.31, '2022-12-31': -3.22, '2023-01-31': -4.39, '2023-02-28': -2.54, '2023-03-31': -5.11, '2023-04-30': -3.42, '2023-05-31': -4.57, '2023-06-30': -3.35, '2023-07-31': -1.94, '2023-08-31': -2.89, '2023-09-30': -3.07, '2023-10-31': -3.76, '2023-11-30': -3.46, '2023-12-31': -6.54, '2024-01-31': -3.08, '2024-02-29': -3.23, '2024-03-31': -3.43, '2024-04-30': -0.78, '2024-05-31': -2.12, '2024-06-30': -4.25, '2024-07-31': -3.08, '2024-08-31': -6.0, '2024-09-30': -3.69, '2024-10-31': -4.05, '2024-11-30': -2.77, '2024-12-31': -3.72, '2025-01-31': -2.09, '2025-02-28': -3.54, '2025-03-31': -6.5, '2025-04-30': -5.9, '2025-05-31': -5.94, '2025-06-30': -1.52, '2025-07-31': -2.95, '2025-08-31': -4.58, '2025-09-30': -3.95, '2025-10-31': -1.28, '2025-11-30': 0.02, '2025-12-31': -2.33}",16.721
S30e_Weekend_Gap_Fade,ETH_USDT_USDT,15m,-79.97,-33.16,-3.5277,-6.3701,-0.414,-80.09,794,0.5092,53.46,-10.0591,795,-0.2223,19.5254,44.0414,0.4433,8,8,0.9,-8.06,6.38,"{'2022-02-28': -4.74, '2022-03-31': -4.36, '2022-04-30': -5.62, '2022-05-31': -6.05, '2022-06-30': -1.54, '2022-07-31': -3.39, '2022-08-31': -4.53, '2022-09-30': -1.59, '2022-10-31': -5.3, '2022-11-30': -6.15, '2022-12-31': -0.42, '2023-01-31': -4.05, '2023-02-28': -4.23, '2023-03-31': -2.88, '2023-04-30': 0.6, '2023-05-31': -4.65, '2023-06-30': -2.08, '2023-07-31': -1.6, '2023-08-31': -2.17, '2023-09-30': -2.86, '2023-10-31': -3.4, '2023-11-30': -3.58, '2023-12-31': -8.06, '2024-01-31': -4.55, '2024-02-29': -2.74, '2024-03-31': -7.33, '2024-04-30': -1.63, '2024-05-31': -3.16, '2024-06-30': -3.46, '2024-07-31': -2.22, '2024-08-31': -0.24, '2024-09-30': -6.72, '2024-10-31': -3.22, '2024-11-30': 0.9, '2024-12-31': -2.59, '2025-01-31': -5.7, '2025-02-28': -4.03, '2025-03-31': -4.18, '2025-04-30': -0.86, '2025-05-31': -4.49, '2025-06-30': -2.33, '2025-07-31': -3.77, '2025-08-31': 0.78, '2025-09-30': -3.67, '2025-10-31': -2.57, '2025-11-30': -4.2, '2025-12-31': -1.06}",16.575
S30e_Weekend_Gap_Fade,SOL_USDT_USDT,15m,-62.74,-21.91,-1.5986,-3.2291,-0.3277,-66.87,714,0.7057,57.16,-8.6413,726,-0.1549,36.2525,68.5478,0.5289,10,7,3.86,-8.56,29.79,"{'2022-02-28': -1.48, '2022-03-31': -4.67, '2022-04-30': -0.01, '2022-05-31': -3.94, '2022-06-30': -0.02, '2022-07-31': 0.06, '2022-08-31': -5.26, '2022-09-30': 0.03, '2022-10-31': -5.4, '2022-11-30': -2.48, '2022-12-31': -1.44, '2023-01-31': -2.02, '2023-02-28': 2.76, '2023-03-31': 0.16, '2023-04-30': 1.13, '2023-05-31': -7.92, '2023-06-30': 0.08, '2023-07-31': -0.47, '2023-08-31': -1.01, '2023-09-30': 0.59, '2023-10-31': -3.5, '2023-11-30': -1.46, '2023-12-31': -1.76, '2024-01-31': -3.41, '2024-02-29': -4.3, '2024-03-31': -8.56, '2024-04-30': -4.67, '2024-05-31': 2.57, '2024-06-30': -5.89, '2024-07-31': -5.3, '2024-08-31': -3.46, '2024-09-30': -5.76, '2024-10-31': -7.54, '2024-11-30': -0.66, '2024-12-31': -1.38, '2025-01-31': -2.16, '2025-02-28': -6.04, '2025-03-31': -5.23, '2025-04-30': -4.64, '2025-05-31': 2.9, '2025-06-30': 0.98, '2025-07-31': -2.17, '2025-08-31': 3.86, '2025-09-30': 0.5, '2025-10-31': 0.72, '2025-11-30': 1.02, '2025-12-31': -2.21}",15.137
S30e_Weekend_Gap_Fade,XRP_USDT_USDT,15m,-68.53,-25.15,-2.1573,-3.5058,-0.3657,-68.77,735,0.6079,56.39,-9.311,736,-0.1722,25.6034,54.4496,0.4702,10,7,4.29,-10.3,25.53,"{'2022-02-28': -2.07, '2022-03-31': -1.26, '2022-04-30': -5.57, '2022-05-31': -3.53, '2022-06-30': -0.32, '2022-07-31': -0.23, '2022-08-31': -5.47, '2022-09-30': 4.29, '2022-10-31': -6.24, '2022-11-30': -10.3, '2022-12-31': -2.17, '2023-01-31': -4.72, '2023-02-28': -3.33, '2023-03-31': 0.13, '2023-04-30': -4.39, '2023-05-31': -6.96, '2023-06-30': 0.82, '2023-07-31': 0.5, '2023-08-31': -0.99, '2023-09-30': -6.43, '2023-10-31': 0.92, '2023-11-30': -2.55, '2023-12-31': -6.34, '2024-01-31': -2.32, '2024-02-29': 0.37, '2024-03-31': -5.63, '2024-04-30': -1.61, '2024-05-31': -1.48, '2024-06-30': -1.67, '2024-07-31': -0.55, '2024-08-31': -3.12, '2024-09-30': -0.32, '2024-10-31': 0.56, '2024-11-30': 3.15, '2024-12-31': -8.41, '2025-01-31': -7.11, '2025-02-28': -2.45, '2025-03-31': -3.3, '2025-04-30': -2.62, '2025-05-31': 0.64, '2025-06-30': 1.4, '2025-07-31': -1.5, '2025-08-31': 0.0, '2025-09-30': -4.8, '2025-10-31': -2.87, '2025-11-30': 0.67, '2025-12-31': -0.81}",15.345
S30e_Weekend_Gap_Fade,DOGE_USDT_USDT,15m,-70.95,-26.63,-2.1077,-3.1592,-0.3724,-71.51,704,0.5943,54.47,-10.0643,705,-0.2168,27.0707,54.4875,0.4968,9,6,3.3,-8.51,21.28,"{'2022-02-28': -3.79, '2022-03-31': -7.54, '2022-04-30': 0.51, '2022-05-31': -4.59, '2022-06-30': -3.29, '2022-07-31': 0.05, '2022-08-31': -5.6, '2022-09-30': -1.37, '2022-10-31': -1.81, '2022-11-30': -3.48, '2022-12-31': -2.87, '2023-01-31': -1.08, '2023-02-28': -3.14, '2023-03-31': -5.14, '2023-04-30': 3.3, '2023-05-31': -5.69, '2023-06-30': -1.97, '2023-07-31': 0.6, '2023-08-31': -3.01, '2023-09-30': -3.76, '2023-10-31': -3.49, '2023-11-30': -0.4, '2023-12-31': -8.51, '2024-01-31': -5.4, '2024-02-29': 0.59, '2024-03-31': -0.91, '2024-04-30': -2.44, '2024-05-31': -4.92, '2024-06-30': -2.96, '2024-07-31': -4.04, '2024-08-31': -1.33, '2024-09-30': -4.47, '2024-10-31': -1.47, '2024-11-30': 0.32, '2024-12-31': 2.83, '2025-01-31': -7.94, '2025-02-28': -3.75, '2025-03-31': -3.74, '2025-04-30': -2.59, '2025-05-31': 0.05, '2025-06-30': -0.05, '2025-07-31': -3.78, '2025-08-31': 2.13, '2025-09-30': -5.21, '2025-10-31': -1.95, '2025-11-30': -0.44, '2025-12-31': 0.23}",14.699
S30e_Weekend_Gap_Fade,ADA_USDT_USDT,15m,-80.29,-33.43,-2.8643,-4.5746,-0.4117,-81.2,716,0.4769,52.02,-11.198,717,-0.2691,19.6247,44.6191,0.4398,8,7,2.43,-8.64,14.89,"{'2022-02-28': -7.62, '2022-03-31': -5.6, '2022-04-30': -6.13, '2022-05-31': -8.64, '2022-06-30': -2.1, '2022-07-31': -0.21, '2022-08-31': -7.92, '2022-09-30': -3.21, '2022-10-31': -5.03, '2022-11-30': -7.12, '2022-12-31': -3.86, '2023-01-31': -7.57, '2023-02-28': 1.41, '2023-03-31': -3.38, '2023-04-30': -4.91, '2023-05-31': -7.0, '2023-06-30': -1.69, '2023-07-31': -5.64, '2023-08-31': -4.9, '2023-09-30': 0.85, '2023-10-31': -3.96, '2023-11-30': -1.48, '2023-12-31': -6.21, '2024-01-31': -6.46, '2024-02-29': -3.44, '2024-03-31': -4.14, '2024-04-30': -1.25, '2024-05-31': -1.45, '2024-06-30': 0.87, '2024-07-31': -3.2, '2024-08-31': -2.18, '2024-09-30': -7.08, '2024-10-31': -3.79, '2024-11-30': 2.02, '2024-12-31': -7.9, '2025-01-31': -2.52, '2025-02-28': -0.79, '2025-03-31': -3.48, '2025-04-30': -1.38, '2025-05-31': -3.45, '2025-06-30': -0.04, '2025-07-31': -3.94, '2025-08-31': 1.46, '2025-09-30': -3.73, '2025-10-31': 1.33, '2025-11-30': 2.43, '2025-12-31': -0.73}",14.949
S30e_Weekend_Gap_Fade,AVAX_USDT_USDT,15m,-87.48,-40.58,-3.8541,-7.5689,-0.4621,-87.82,781,0.4498,49.43,-11.1161,787,-0.3499,18.3842,39.9494,0.4602,8,8,5.26,-11.58,6.38,"{'2022-02-28': -7.95, '2022-03-31': -11.58, '2022-04-30': -8.12, '2022-05-31': -0.83, '2022-06-30': -3.05, '2022-07-31': -3.53, '2022-08-31': -7.59, '2022-09-30': -3.2, '2022-10-31': -4.59, '2022-11-30': -6.75, '2022-12-31': -10.25, '2023-01-31': -3.9, '2023-02-28': -0.24, '2023-03-31': -4.59, '2023-04-30': -8.32, '2023-05-31': -8.76, '2023-06-30': -4.75, '2023-07-31': -0.31, '2023-08-31': -3.48, '2023-09-30': -0.74, '2023-10-31': -4.8, '2023-11-30': -5.51, '2023-12-31': -2.14, '2024-01-31': -3.91, '2024-02-29': -5.82, '2024-03-31': -7.43, '2024-04-30': -3.96, '2024-05-31': -4.27, '2024-06-30': -3.11, '2024-07-31': -5.49, '2024-08-31': -1.8, '2024-09-30': -9.73, '2024-10-31': -7.07, '2024-11-30': 1.2, '2024-12-31': -5.45, '2025-01-31': -0.69, '2025-02-28': -7.13, '2025-03-31': -7.48, '2025-04-30': -4.89, '2025-05-31': 0.13, '2025-06-30': -2.68, '2025-07-31': -4.37, '2025-08-31': 5.26, '2025-09-30': -4.89, '2025-10-31': -1.55, '2025-11-30': -1.56, '2025-12-31': -0.86}",16.408
S30e_Weekend_Gap_Fade,LINK_USDT_USDT,15m,-82.97,-35.82,-3.1788,-6.686,-0.4268,-83.93,751,0.5093,50.86,-10.9893,755,-0.2755,22.4283,45.5778,0.4921,9,6,3.75,-9.64,8.51,"{'2022-02-28': -6.53, '2022-03-31': -6.09, '2022-04-30': -0.24, '2022-05-31': -4.83, '2022-06-30': -6.54, '2022-07-31': 0.82, '2022-08-31': -7.76, '2022-09-30': -2.34, '2022-10-31': -9.4, '2022-11-30': -5.6, '2022-12-31': -3.89, '2023-01-31': -1.34, '2023-02-28': -4.14, '2023-03-31': -3.3, '2023-04-30': -2.9, '2023-05-31': -5.41, '2023-06-30': -5.72, '2023-07-31': -8.18, '2023-08-31': -2.95, '2023-09-30': -0.44, '2023-10-31': -3.26, '2023-11-30': -7.07, '2023-12-31': -4.66, '2024-01-31': -3.48, '2024-02-29': -1.28, '2024-03-31': -9.64, '2024-04-30': -7.5, '2024-05-31': -0.3, '2024-06-30': -4.34, '2024-07-31': -4.35, '2024-08-31': -1.35, '2024-09-30': -8.89, '2024-10-31': -3.86, '2024-11-30': -0.72, '2024-12-31': -3.86, '2025-01-31': 1.88, '2025-02-28': -4.6, '2025-03-31': -4.2, '2025-04-30': -3.93, '2025-05-31': -0.43, '2025-06-30': -1.94, '2025-07-31': -2.71, '2025-08-31': 0.19, '2025-09-30': -5.67, '2025-10-31': -2.53, '2025-11-30': 3.75, '2025-12-31': -0.92}",15.741
S30e_Weekend_Gap_Fade,BNB_USDT_USDT,15m,-77.54,-31.21,-4.1017,-7.0758,-0.4018,-77.68,740,0.4345,52.63,-10.4648,741,-0.2121,15.2779,39.0679,0.3911,7,12,1.06,-7.7,8.51,"{'2022-02-28': -4.24, '2022-03-31': -3.13, '2022-04-30': -4.72, '2022-05-31': -5.17, '2022-06-30': -1.82, '2022-07-31': -3.16, '2022-08-31': -4.67, '2022-09-30': 0.38, '2022-10-31': -6.57, '2022-11-30': -7.05, '2022-12-31': -2.46, '2023-01-31': -7.7, '2023-02-28': 1.06, '2023-03-31': -3.02, '2023-04-30': -4.93, '2023-05-31': -3.96, '2023-06-30': -3.39, '2023-07-31': -6.11, '2023-08-31': -2.25, '2023-09-30': -3.7, '2023-10-31': -2.73, '2023-11-30': -2.78, '2023-12-31': -3.21, '2024-01-31': -2.37, '2024-02-29': -1.68, '2024-03-31': -2.86, '2024-04-30': -1.66, '2024-05-31': -2.07, '2024-06-30': -4.45, '2024-07-31': -3.51, '2024-08-31': -0.03, '2024-09-30': -7.58, '2024-10-31': -1.23, '2024-11-30': 0.08, '2024-12-31': -2.94, '2025-01-31': -3.71, '2025-02-28': -2.68, '2025-03-31': 0.19, '2025-04-30': -0.03, '2025-05-31': -1.69, '2025-06-30': -2.01, '2025-07-31': -6.02, '2025-08-31': -3.95, '2025-09-30': -3.42, '2025-10-31': -1.59, '2025-11-30': -0.95, '2025-12-31': -1.13}",15.449
S30e_Weekend_Gap_Fade,LTC_USDT_USDT,15m,-73.45,-28.26,-3.0405,-5.0107,-0.3814,-74.09,768,0.5816,55.01,-9.5508,769,-0.2255,24.1326,50.7303,0.4757,13,6,2.08,-7.33,21.28,"{'2022-02-28': -5.15, '2022-03-31': -4.71, '2022-04-30': -4.93, '2022-05-31': 0.15, '2022-06-30': -5.19, '2022-07-31': 0.73, '2022-08-31': -0.3, '2022-09-30': -2.2, '2022-10-31': -6.7, '2022-11-30': 2.08, '2022-12-31': -5.37, '2023-01-31': -3.38, '2023-02-28': -3.99, '2023-03-31': -1.98, '2023-04-30': -0.49, '2023-05-31': -5.89, '2023-06-30': -0.75, '2023-07-31': -6.5, '2023-08-31': -3.97, '2023-09-30': -3.25, '2023-10-31': -5.13, '2023-11-30': -1.76, '2023-12-31': -5.9, '2024-01-31': -7.33, '2024-02-29': -3.62, '2024-03-31': -4.26, '2024-04-30': -2.56, '2024-05-31': -1.39, '2024-06-30': -3.41, '2024-07-31': 0.42, '2024-08-31': 0.95, '2024-09-30': -5.96, '2024-10-31': -2.27, '2024-11-30': -0.89, '2024-12-31': -4.13, '2025-01-31': 1.72, '2025-02-28': -2.88, '2025-03-31': 0.93, '2025-04-30': -6.0, '2025-05-31': 0.71, '2025-06-30': 1.92, '2025-07-31': -2.37, '2025-08-31': -2.69, '2025-09-30': -2.15, '2025-10-31': -2.38, '2025-11-30': -6.43, '2025-12-31': 0.37}",16.033
S30e_Weekend_Gap_Fade,DOT_USDT_USDT,15m,-70.45,-26.31,-2.2922,-4.2249,-0.3622,-72.64,704,0.6069,55.96,-9.5455,738,-0.1874,26.3312,55.1364,0.4776,9,8,3.09,-6.86,19.15,"{'2022-02-28': 0.07, '2022-03-31': -1.91, '2022-04-30': -4.32, '2022-05-31': -4.56, '2022-06-30': -0.99, '2022-07-31': -2.48, '2022-08-31': -5.73, '2022-09-30': -4.94, '2022-10-31': -2.36, '2022-11-30': -3.36, '2022-12-31': -4.1, '2023-01-31': -2.12, '2023-02-28': 0.35, '2023-03-31': -5.28, '2023-04-30': -1.85, '2023-05-31': -6.86, '2023-06-30': -2.72, '2023-07-31': -4.9, '2023-08-31': -3.07, '2023-09-30': -1.53, '2023-10-31': -6.22, '2023-11-30': -1.76, '2023-12-31': -0.67, '2024-01-31': -6.02, '2024-02-29': -4.4, '2024-03-31': -5.9, '2024-04-30': -0.71, '2024-05-31': -3.0, '2024-06-30': -0.41, '2024-07-31': 0.74, '2024-08-31': -2.87, '2024-09-30': -2.83, '2024-10-31': 1.27, '2024-11-30': -0.07, '2024-12-31': -4.44, '2025-01-31': -3.25, '2025-02-28': -5.02, '2025-03-31': -5.06, '2025-04-30': -5.9, '2025-05-31': 2.63, '2025-06-30': 0.26, '2025-07-31': 1.25, '2025-08-31': 0.72, '2025-09-30': -4.1, '2025-10-31': -0.64, '2025-11-30': -3.87, '2025-12-31': 3.09}",15.387
S30e_Weekend_Gap_Fade,BCH_USDT_USDT,15m,-82.33,-35.22,-3.649,-6.8187,-0.4255,-82.78,765,0.471,52.46,-10.664,772,-0.2633,18.1023,42.4088,0.4269,8,8,2.97,-9.37,19.15,"{'2022-02-28': 0.25, '2022-03-31': -9.37, '2022-04-30': -7.38, '2022-05-31': -4.54, '2022-06-30': -4.58, '2022-07-31': -8.19, '2022-08-31': -9.16, '2022-09-30': -6.58, '2022-10-31': -2.18, '2022-11-30': -4.83, '2022-12-31': -4.85, '2023-01-31': -1.67, '2023-02-28': -6.51, '2023-03-31': -6.4, '2023-04-30': -2.57, '2023-05-31': -3.2, '2023-06-30': -3.49, '2023-07-31': -6.79, '2023-08-31': 0.38, '2023-09-30': 1.87, '2023-10-31': -3.08, '2023-11-30': 0.16, '2023-12-31': -5.5, '2024-01-31': -5.67, '2024-02-29': 0.32, '2024-03-31': -8.84, '2024-04-30': -2.42, '2024-05-31': 0.22, '2024-06-30': -2.03, '2024-07-31': -8.49, '2024-08-31': -6.69, '2024-09-30': -5.65, '2024-10-31': -0.65, '2024-11-30': 0.19, '2024-12-31': -2.2, '2025-01-31': -1.75, '2025-02-28': -6.42, '2025-03-31': -1.6, '2025-04-30': -6.33, '2025-05-31': 2.97, '2025-06-30': -1.81, '2025-07-31': -0.82, '2025-08-31': -6.63, '2025-09-30': -2.73, '2025-10-31': -2.05, '2025-11-30': 2.09, '2025-12-31': -2.56}",16.096
S30e_Weekend_Gap_Fade,ATOM_USDT_USDT,15m,-80.09,-33.26,-3.1623,-5.9932,-0.4122,-80.69,738,0.5164,52.37,-10.8374,739,-0.2647,22.0983,47.048,0.4697,7,7,2.56,-9.56,17.02,"{'2022-02-28': 1.44, '2022-03-31': -9.56, '2022-04-30': -9.14, '2022-05-31': -5.57, '2022-06-30': -0.77, '2022-07-31': -2.9, '2022-08-31': -6.12, '2022-09-30': -5.04, '2022-10-31': -3.9, '2022-11-30': -4.99, '2022-12-31': -4.79, '2023-01-31': -5.01, '2023-02-28': 0.86, '2023-03-31': -3.01, '2023-04-30': 1.14, '2023-05-31': -6.71, '2023-06-30': -2.71, '2023-07-31': -3.77, '2023-08-31': -2.07, '2023-09-30': -1.18, '2023-10-31': -4.64, '2023-11-30': -5.16, '2023-12-31': -1.65, '2024-01-31': -1.21, '2024-02-29': -5.56, '2024-03-31': -3.77, '2024-04-30': -4.0, '2024-05-31': -6.6, '2024-06-30': -1.93, '2024-07-31': 2.18, '2024-08-31': 0.74, '2024-09-30': -8.44, '2024-10-31': -3.17, '2024-11-30': -1.75, '2024-12-31': -4.6, '2025-01-31': -6.02, '2025-02-28': -5.88, '2025-03-31': -5.23, '2025-04-30': -3.05, '2025-05-31': 2.56, '2025-06-30': -3.55, '2025-07-31': -2.61, '2025-08-31': -2.1, '2025-09-30': -3.59, '2025-10-31': 0.95, '2025-11-30': -2.34, '2025-12-31': 1.29}",15.408
S30e_Weekend_Gap_Fade,NEAR_USDT_USDT,15m,-77.62,-31.28,-2.8638,-5.9386,-0.4022,-77.77,734,0.5657,52.79,-10.561,735,-0.2974,26.0626,51.5119,0.506,9,9,3.18,-10.85,25.53,"{'2022-02-28': -5.68, '2022-03-31': -7.93, '2022-04-30': -6.46, '2022-05-31': -2.04, '2022-06-30': -0.84, '2022-07-31': -0.54, '2022-08-31': -5.16, '2022-09-30': -4.44, '2022-10-31': -2.54, '2022-11-30': -8.74, '2022-12-31': -0.78, '2023-01-31': -0.21, '2023-02-28': 1.14, '2023-03-31': -7.74, '2023-04-30': 1.86, '2023-05-31': -3.29, '2023-06-30': 0.66, '2023-07-31': 1.34, '2023-08-31': -2.0, '2023-09-30': -1.87, '2023-10-31': -7.57, '2023-11-30': -6.86, '2023-12-31': -2.5, '2024-01-31': -7.41, '2024-02-29': -3.9, '2024-03-31': -9.95, '2024-04-30': 0.82, '2024-05-31': -2.17, '2024-06-30': -4.91, '2024-07-31': 1.86, '2024-08-31': -3.28, '2024-09-30': -2.86, '2024-10-31': -4.95, '2024-11-30': 0.44, '2024-12-31': 0.82, '2025-01-31': -10.85, '2025-02-28': 0.87, '2025-03-31': -3.72, '2025-04-30': -5.99, '2025-05-31': 2.98, '2025-06-30': -0.94, '2025-07-31': 0.96, '2025-08-31': 3.18, '2025-09-30': -4.43, '2025-10-31': -2.67, '2025-11-30': -8.67, '2025-12-31': -2.5}",15.324
S30e_Weekend_Gap_Fade,UNI_USDT_USDT,15m,-75.04,-29.37,-2.4557,-4.8952,-0.3868,-75.94,742,0.5825,53.91,-9.9388,755,-0.2149,25.7238,51.6476,0.4981,8,9,4.15,-9.34,10.64,"{'2022-02-28': -4.86, '2022-03-31': -6.06, '2022-04-30': -1.31, '2022-05-31': -5.68, '2022-06-30': -5.62, '2022-07-31': -3.65, '2022-08-31': -8.01, '2022-09-30': -4.7, '2022-10-31': -0.93, '2022-11-30': -5.58, '2022-12-31': -2.16, '2023-01-31': -4.46, '2023-02-28': 4.15, '2023-03-31': -4.85, '2023-04-30': -0.48, '2023-05-31': -4.84, '2023-06-30': -7.36, '2023-07-31': -6.56, '2023-08-31': -4.04, '2023-09-30': -0.76, '2023-10-31': -4.51, '2023-11-30': -2.93, '2023-12-31': 0.85, '2024-01-31': -4.91, '2024-02-29': -0.57, '2024-03-31': -4.15, '2024-04-30': -0.11, '2024-05-31': -0.35, '2024-06-30': -0.49, '2024-07-31': -1.83, '2024-08-31': -6.13, '2024-09-30': -5.9, '2024-10-31': -4.15, '2024-11-30': 0.58, '2024-12-31': 1.8, '2025-01-31': -9.34, '2025-02-28': -1.05, '2025-03-31': -0.32, '2025-04-30': -3.3, '2025-05-31': -1.62, '2025-06-30': -1.39, '2025-07-31': -4.49, '2025-08-31': 0.74, '2025-09-30': -3.14, '2025-10-31': -1.88, '2025-11-30': -0.15, '2025-12-31': -0.76}",15.741
S30e_Weekend_Gap_Fade,OP_USDT_USDT,15m,-65.55,-25.77,-2.0673,-3.8198,-0.3884,-66.35,637,0.6454,54.79,-10.2897,637,-0.2401,34.1767,64.1744,0.5326,9,7,4.81,-9.11,23.81,"{'2022-07-31': 0.52, '2022-08-31': -1.74, '2022-09-30': -5.25, '2022-10-31': -3.67, '2022-11-30': -5.35, '2022-12-31': 0.94, '2023-01-31': -3.09, '2023-02-28': -0.53, '2023-03-31': 1.38, '2023-04-30': -4.49, '2023-05-31': -1.75, '2023-06-30': -3.49, '2023-07-31': 0.65, '2023-08-31': -3.41, '2023-09-30': -2.88, '2023-10-31': -7.36, '2023-11-30': -4.61, '2023-12-31': -4.02, '2024-01-31': -5.05, '2024-02-29': -5.38, '2024-03-31': -2.59, '2024-04-30': -1.18, '2024-05-31': -2.4, '2024-06-30': -3.52, '2024-07-31': -0.81, '2024-08-31': -2.88, '2024-09-30': -3.59, '2024-10-31': -4.93, '2024-11-30': 3.51, '2024-12-31': -2.75, '2025-01-31': -9.11, '2025-02-28': -4.66, '2025-03-31': 0.77, '2025-04-30': -3.99, '2025-05-31': 4.81, '2025-06-30': -2.35, '2025-07-31': -2.85, '2025-08-31': 2.85, '2025-09-30': -4.2, '2025-10-31': -1.42, '2025-11-30': 0.41, '2025-12-31': 0.36}",14.813
S30e_Weekend_Gap_Fade,APT_USDT_USDT,15m,-46.07,-17.59,-1.5781,-2.8616,-0.3567,-49.31,528,0.7451,58.29,-8.5797,537,-0.1712,43.0378,80.7059,0.5333,10,5,6.53,-13.31,31.58,"{'2022-11-30': -3.32, '2022-12-31': -1.99, '2023-01-31': -4.49, '2023-02-28': -2.08, '2023-03-31': -1.15, '2023-04-30': 6.53, '2023-05-31': -3.19, '2023-06-30': 0.25, '2023-07-31': -0.82, '2023-08-31': 0.46, '2023-09-30': -1.41, '2023-10-31': -4.81, '2023-11-30': 2.24, '2023-12-31': -2.91, '2024-01-31': -0.96, '2024-02-29': -1.87, '2024-03-31': 2.4, '2024-04-30': -1.92, '2024-05-31': -4.62, '2024-06-30': -2.94, '2024-07-31': -0.08, '2024-08-31': 0.54, '2024-09-30': -8.53, '2024-10-31': -4.38, '2024-11-30': 1.61, '2024-12-31': 2.45, '2025-01-31': -13.31, '2025-02-28': -5.22, '2025-03-31': -2.61, '2025-04-30': -1.69, '2025-05-31': -1.61, '2025-06-30': 2.35, '2025-07-31': 1.21, '2025-08-31': 2.99, '2025-09-30': -3.8, '2025-10-31': -1.77, '2025-11-30': -2.95, '2025-12-31': 2.58}",13.983
S30e_Weekend_Gap_Fade,FIL_USDT_USDT,15m,-67.97,-24.82,-1.9059,-3.203,-0.3589,-69.15,731,0.663,55.8,-9.2734,733,-0.1979,32.6895,62.245,0.5252,11,8,4.71,-7.03,17.02,"{'2022-02-28': -2.92, '2022-03-31': -4.73, '2022-04-30': -1.66, '2022-05-31': -2.64, '2022-06-30': -0.64, '2022-07-31': -0.18, '2022-08-31': -4.39, '2022-09-30': 2.23, '2022-10-31': -4.43, '2022-11-30': -1.33, '2022-12-31': -2.41, '2023-01-31': -2.59, '2023-02-28': 2.5, '2023-03-31': -2.32, '2023-04-30': 0.29, '2023-05-31': -6.26, '2023-06-30': -4.2, '2023-07-31': 0.34, '2023-08-31': -3.71, '2023-09-30': -0.37, '2023-10-31': -2.4, '2023-11-30': -7.03, '2023-12-31': 4.71, '2024-01-31': -5.52, '2024-02-29': -4.06, '2024-03-31': -6.08, '2024-04-30': -4.48, '2024-05-31': -2.5, '2024-06-30': -0.11, '2024-07-31': -2.45, '2024-08-31': -3.98, '2024-09-30': -6.85, '2024-10-31': -0.9, '2024-11-30': 0.57, '2024-12-31': -2.35, '2025-01-31': -6.36, '2025-02-28': -6.63, '2025-03-31': -1.63, '2025-04-30': -2.61, '2025-05-31': 2.01, '2025-06-30': -2.48, '2025-07-31': -1.61, '2025-08-31': -0.83, '2025-09-30': -2.59, '2025-10-31': -2.09, '2025-11-30': -4.14, '2025-12-31': 1.4}",15.283
S30e_Weekend_Gap_Fade,INJ_USDT_USDT,15m,-61.37,-24.62,-1.8895,-3.7651,-0.3936,-62.55,608,0.6648,55.25,-10.0599,610,-0.2254,36.1121,67.0562,0.5385,10,8,3.33,-11.33,32.5,"{'2022-09-30': -3.37, '2022-10-31': -3.03, '2022-11-30': -4.53, '2022-12-31': 1.99, '2023-01-31': -4.7, '2023-02-28': 1.94, '2023-03-31': -8.71, '2023-04-30': -3.79, '2023-05-31': -6.52, '2023-06-30': -3.77, '2023-07-31': -1.32, '2023-08-31': -0.37, '2023-09-30': -0.78, '2023-10-31': -8.49, '2023-11-30': -2.56, '2023-12-31': 3.33, '2024-01-31': 1.77, '2024-02-29': -4.33, '2024-03-31': -0.23, '2024-04-30': 2.16, '2024-05-31': -3.85, '2024-06-30': 0.34, '2024-07-31': -8.68, '2024-08-31': 2.7, '2024-09-30': 1.03, '2024-10-31': 1.23, '2024-11-30': 1.59, '2024-12-31': 1.38, '2025-01-31': -11.33, '2025-02-28': -3.13, '2025-03-31': -4.89, '2025-04-30': -5.94, '2025-05-31': 0.18, '2025-06-30': -3.59, '2025-07-31': -0.02, '2025-08-31': -3.51, '2025-09-30': -3.85, '2025-10-31': -3.25, '2025-11-30': -0.86, '2025-12-31': 0.62}",15.072
S30e_Weekend_Gap_Fade,TRX_USDT_USDT,15m,-70.9,-26.6,-4.2233,-6.1131,-0.3739,-71.15,677,0.4588,53.26,-9.8342,721,-0.179,15.6532,38.8762,0.4026,10,9,0.79,-10.48,8.51,"{'2022-02-28': 0.59, '2022-03-31': -0.27, '2022-04-30': -4.67, '2022-05-31': -3.42, '2022-06-30': 0.13, '2022-07-31': -1.39, '2022-08-31': -2.87, '2022-09-30': -0.64, '2022-10-31': 0.24, '2022-11-30': -2.07, '2022-12-31': -3.7, '2023-01-31': -1.52, '2023-02-28': 0.79, '2023-03-31': -5.32, '2023-04-30': -3.05, '2023-05-31': -5.01, '2023-06-30': -0.77, '2023-07-31': -4.07, '2023-08-31': -2.62, '2023-09-30': -1.34, '2023-10-31': -2.9, '2023-11-30': -1.5, '2023-12-31': -0.31, '2024-01-31': -4.06, '2024-02-29': -2.08, '2024-03-31': -2.73, '2024-04-30': -3.93, '2024-05-31': -1.94, '2024-06-30': -3.69, '2024-07-31': -4.19, '2024-08-31': -1.8, '2024-09-30': -0.65, '2024-10-31': -1.18, '2024-11-30': -3.76, '2024-12-31': -0.72, '2025-01-31': -10.48, '2025-02-28': -4.82, '2025-03-31': -3.81, '2025-04-30': -3.67, '2025-05-31': -2.75, '2025-06-30': -1.87, '2025-07-31': -4.66, '2025-08-31': -2.38, '2025-09-30': -2.47, '2025-10-31': -1.83, '2025-11-30': -1.17, '2025-12-31': -2.9}",15.032
S30e_Weekend_Gap_Fade,ETC_USDT_USDT,15m,-76.55,-30.46,-2.8098,-5.0222,-0.3888,-78.35,769,0.5577,54.93,-9.8016,781,-0.2194,22.5,49.1691,0.4576,9,7,2.69,-8.54,14.89,"{'2022-02-28': -1.12, '2022-03-31': -3.71, '2022-04-30': -5.34, '2022-05-31': -5.75, '2022-06-30': -5.61, '2022-07-31': -5.0, '2022-08-31': -0.9, '2022-09-30': -6.53, '2022-10-31': -6.35, '2022-11-30': -3.2, '2022-12-31': 0.18, '2023-01-31': -4.95, '2023-02-28': -0.27, '2023-03-31': -5.73, '2023-04-30': -6.19, '2023-05-31': -3.4, '2023-06-30': -2.1, '2023-07-31': -1.11, '2023-08-31': -2.92, '2023-09-30': -0.47, '2023-10-31': -6.24, '2023-11-30': -2.63, '2023-12-31': -7.85, '2024-01-31': -7.68, '2024-02-29': -3.43, '2024-03-31': -7.01, '2024-04-30': 0.88, '2024-05-31': -2.08, '2024-06-30': -0.31, '2024-07-31': -3.85, '2024-08-31': -4.22, '2024-09-30': -8.54, '2024-10-31': -2.37, '2024-11-30': 0.88, '2024-12-31': -3.56, '2025-01-31': -8.44, '2025-02-28': -2.55, '2025-03-31': 0.71, '2025-04-30': -5.51, '2025-05-31': -1.03, '2025-06-30': -0.21, '2025-07-31': -0.25, '2025-08-31': 1.58, '2025-09-30': -0.52, '2025-10-31': -0.74, '2025-11-30': 0.66, '2025-12-31': 2.69}",16.283
S30e_Weekend_Gap_Fade,XLM_USDT_USDT,15m,-76.0,-30.06,-2.7595,-3.9016,-0.3919,-76.7,763,0.5147,54.97,-9.9475,764,-0.2232,19.1913,45.5239,0.4216,8,8,1.78,-9.85,19.15,"{'2022-02-28': -8.94, '2022-03-31': -5.13, '2022-04-30': -8.81, '2022-05-31': -7.82, '2022-06-30': -4.1, '2022-07-31': -0.34, '2022-08-31': 0.62, '2022-09-30': -3.39, '2022-10-31': 1.64, '2022-11-30': -6.59, '2022-12-31': -3.26, '2023-01-31': -3.13, '2023-02-28': -0.11, '2023-03-31': -6.55, '2023-04-30': -4.84, '2023-05-31': -2.28, '2023-06-30': -0.56, '2023-07-31': -1.7, '2023-08-31': -1.83, '2023-09-30': -4.79, '2023-10-31': -3.64, '2023-11-30': -1.97, '2023-12-31': -3.19, '2024-01-31': -4.09, '2024-02-29': -0.29, '2024-03-31': -3.79, '2024-04-30': -3.09, '2024-05-31': -2.83, '2024-06-30': -3.22, '2024-07-31': 0.31, '2024-08-31': -2.08, '2024-09-30': -4.05, '2024-10-31': -1.2, '2024-11-30': -0.26, '2024-12-31': -0.08, '2025-01-31': -9.85, '2025-02-28': -2.63, '2025-03-31': -6.52, '2025-04-30': -4.22, '2025-05-31': 1.78, '2025-06-30': 0.05, '2025-07-31': -6.11, '2025-08-31': 0.37, '2025-09-30': -5.73, '2025-10-31': 0.88, '2025-11-30': 0.46, '2025-12-31': 0.69}",15.929
S30e_Weekend_Gap_Fade,RUNE_USDT_USDT,15m,-72.63,-27.72,-2.2517,-4.3266,-0.3784,-73.26,746,0.6176,54.67,-9.6843,750,-0.2213,28.6162,55.8701,0.5122,8,10,3.04,-9.16,25.53,"{'2022-02-28': -2.4, '2022-03-31': -1.4, '2022-04-30': -2.45, '2022-05-31': -5.14, '2022-06-30': -3.53, '2022-07-31': -4.39, '2022-08-31': -4.63, '2022-09-30': -4.96, '2022-10-31': -6.88, '2022-11-30': 0.02, '2022-12-31': 0.32, '2023-01-31': -6.88, '2023-02-28': 3.04, '2023-03-31': -2.56, '2023-04-30': -0.36, '2023-05-31': -3.78, '2023-06-30': -3.98, '2023-07-31': -3.59, '2023-08-31': 0.28, '2023-09-30': -4.9, '2023-10-31': 1.32, '2023-11-30': -0.17, '2023-12-31': 0.48, '2024-01-31': -8.42, '2024-02-29': -6.09, '2024-03-31': -2.48, '2024-04-30': -1.73, '2024-05-31': -3.3, '2024-06-30': -4.91, '2024-07-31': -7.58, '2024-08-31': 0.69, '2024-09-30': -4.77, '2024-10-31': -2.54, '2024-11-30': -3.08, '2024-12-31': -0.59, '2025-01-31': -4.41, '2025-02-28': -9.16, '2025-03-31': -5.97, '2025-04-30': -1.14, '2025-05-31': 0.83, '2025-06-30': 0.45, '2025-07-31': 0.02, '2025-08-31': 1.64, '2025-09-30': -3.31, '2025-10-31': 0.75, '2025-11-30': -2.3, '2025-12-31': -1.44}",15.637
S30e_Weekend_Gap_Fade,AAVE_USDT_USDT,15m,-79.0,-32.36,-2.6956,-5.3848,-0.4075,-79.42,712,0.5429,51.68,-11.0647,714,-0.2636,25.4305,50.0986,0.5076,10,6,6.04,-8.23,8.51,"{'2022-02-28': -4.73, '2022-03-31': -6.19, '2022-04-30': -8.23, '2022-05-31': -5.44, '2022-06-30': -2.95, '2022-07-31': 6.04, '2022-08-31': -2.48, '2022-09-30': -3.4, '2022-10-31': -4.94, '2022-11-30': -5.95, '2022-12-31': -5.57, '2023-01-31': -3.37, '2023-02-28': 0.57, '2023-03-31': -5.82, '2023-04-30': -1.35, '2023-05-31': -6.08, '2023-06-30': -2.97, '2023-07-31': -5.95, '2023-08-31': -3.35, '2023-09-30': -5.54, '2023-10-31': -3.41, '2023-11-30': -1.62, '2023-12-31': -2.71, '2024-01-31': -6.44, '2024-02-29': -6.02, '2024-03-31': -2.94, '2024-04-30': -2.57, '2024-05-31': -3.61, '2024-06-30': -4.59, '2024-07-31': -3.86, '2024-08-31': -4.49, '2024-09-30': -4.61, '2024-10-31': -2.92, '2024-11-30': 0.59, '2024-12-31': -0.13, '2025-01-31': -4.9, '2025-02-28': -2.91, '2025-03-31': -0.54, '2025-04-30': -3.51, '2025-05-31': -1.6, '2025-06-30': -0.51, '2025-07-31': -1.4, '2025-08-31': 3.03, '2025-09-30': -3.95, '2025-10-31': -1.41, '2025-11-30': -0.51, '2025-12-31': -6.58}",14.886
S30e_Weekend_Gap_Fade,LDO_USDT_USDT,15m,-58.91,-22.79,-1.36,-2.3315,-0.3776,-60.36,604,0.691,55.81,-9.5012,620,-0.1663,38.0719,69.5752,0.5472,10,6,5.27,-9.13,24.39,"{'2022-08-31': -0.21, '2022-09-30': -1.1, '2022-10-31': -3.01, '2022-11-30': -9.13, '2022-12-31': -2.76, '2023-01-31': -2.7, '2023-02-28': 3.49, '2023-03-31': 1.83, '2023-04-30': -1.28, '2023-05-31': -4.21, '2023-06-30': -4.53, '2023-07-31': 1.25, '2023-08-31': -1.12, '2023-09-30': -0.99, '2023-10-31': -3.39, '2023-11-30': 0.8, '2023-12-31': -5.0, '2024-01-31': -5.95, '2024-02-29': -6.09, '2024-03-31': -5.62, '2024-04-30': -2.94, '2024-05-31': -1.4, '2024-06-30': -3.59, '2024-07-31': 2.34, '2024-08-31': -3.75, '2024-09-30': -6.92, '2024-10-31': -3.69, '2024-11-30': 5.27, '2024-12-31': -0.72, '2025-01-31': -3.84, '2025-02-28': -4.0, '2025-03-31': -4.52, '2025-04-30': -3.24, '2025-05-31': 0.21, '2025-06-30': -1.72, '2025-07-31': 1.19, '2025-08-31': -2.05, '2025-09-30': -2.73, '2025-10-31': 0.21, '2025-11-30': -0.11, '2025-12-31': 0.49}",14.99
S30e_Weekend_Gap_Fade,SAND_USDT_USDT,15m,-69.65,-25.82,-2.3185,-3.7169,-0.3681,-70.14,724,0.609,55.71,-9.5802,727,-0.2323,26.7836,55.3173,0.4842,11,6,2.76,-8.3,17.02,"{'2022-02-28': -6.75, '2022-03-31': -1.91, '2022-04-30': -3.13, '2022-05-31': -2.66, '2022-06-30': -3.12, '2022-07-31': 1.5, '2022-08-31': -4.44, '2022-09-30': -5.27, '2022-10-31': -7.03, '2022-11-30': -4.11, '2022-12-31': -0.96, '2023-01-31': -4.44, '2023-02-28': -2.66, '2023-03-31': -6.99, '2023-04-30': 1.83, '2023-05-31': -3.59, '2023-06-30': -2.04, '2023-07-31': 0.64, '2023-08-31': -2.18, '2023-09-30': -0.97, '2023-10-31': -4.46, '2023-11-30': -2.48, '2023-12-31': -2.86, '2024-01-31': -5.75, '2024-02-29': -4.02, '2024-03-31': -2.63, '2024-04-30': -2.81, '2024-05-31': -2.98, '2024-06-30': -0.26, '2024-07-31': 1.78, '2024-08-31': -1.91, '2024-09-30': -8.28, '2024-10-31': -1.65, '2024-11-30': -1.25, '2024-12-31': 2.72, '2025-01-31': -8.3, '2025-02-28': -1.59, '2025-03-31': -2.58, '2025-04-30': -3.11, '2025-05-31': 1.58, '2025-06-30': -1.88, '2025-07-31': -3.07, '2025-08-31': 2.76, '2025-09-30': -3.34, '2025-10-31': 1.68, '2025-11-30': -0.87, '2025-12-31': -0.73}",15.157
S30e_Weekend_Gap_Fade,MANA_USDT_USDT,15m,-76.59,-30.5,-2.8517,-4.9174,-0.3975,-76.73,753,0.5628,54.18,-10.172,753,-0.2663,24.1675,50.7822,0.4759,11,6,3.95,-11.04,19.15,"{'2022-02-28': -8.17, '2022-03-31': -4.53, '2022-04-30': -5.81, '2022-05-31': -3.94, '2022-06-30': -1.03, '2022-07-31': 2.6, '2022-08-31': -2.86, '2022-09-30': -2.81, '2022-10-31': -1.88, '2022-11-30': -5.38, '2022-12-31': 0.2, '2023-01-31': -4.93, '2023-02-28': -4.32, '2023-03-31': -7.02, '2023-04-30': 1.15, '2023-05-31': -4.79, '2023-06-30': -4.65, '2023-07-31': 3.95, '2023-08-31': -4.55, '2023-09-30': -0.12, '2023-10-31': -4.19, '2023-11-30': -3.47, '2023-12-31': -2.41, '2024-01-31': -4.63, '2024-02-29': -5.72, '2024-03-31': -3.58, '2024-04-30': -3.85, '2024-05-31': -2.68, '2024-06-30': -1.42, '2024-07-31': -0.29, '2024-08-31': -4.37, '2024-09-30': -8.6, '2024-10-31': 0.13, '2024-11-30': -0.75, '2024-12-31': -3.47, '2025-01-31': -10.56, '2025-02-28': 0.54, '2025-03-31': -1.2, '2025-04-30': -11.04, '2025-05-31': 2.76, '2025-06-30': 0.63, '2025-07-31': -1.82, '2025-08-31': 0.14, '2025-09-30': -3.3, '2025-10-31': -0.15, '2025-11-30': -2.57, '2025-12-31': -1.01}",15.7
S30e_Weekend_Gap_Fade,CRV_USDT_USDT,15m,-65.74,-23.53,-1.9845,-3.9318,-0.3528,-66.69,743,0.6705,55.99,-8.8474,743,-0.2228,32.1573,61.0124,0.5271,10,6,4.19,-8.06,25.53,"{'2022-02-28': -2.62, '2022-03-31': -4.11, '2022-04-30': 1.83, '2022-05-31': -5.36, '2022-06-30': -7.61, '2022-07-31': -4.63, '2022-08-31': -3.87, '2022-09-30': -4.87, '2022-10-31': -5.83, '2022-11-30': -3.81, '2022-12-31': -1.97, '2023-01-31': -3.65, '2023-02-28': 0.45, '2023-03-31': -0.99, '2023-04-30': 0.12, '2023-05-31': 0.07, '2023-06-30': -1.58, '2023-07-31': -3.7, '2023-08-31': -0.74, '2023-09-30': 0.09, '2023-10-31': -2.57, '2023-11-30': 0.54, '2023-12-31': -2.5, '2024-01-31': -7.16, '2024-02-29': 0.07, '2024-03-31': -7.29, '2024-04-30': -2.37, '2024-05-31': -2.66, '2024-06-30': -1.74, '2024-07-31': 4.19, '2024-08-31': -0.15, '2024-09-30': -8.06, '2024-10-31': 0.5, '2024-11-30': -0.01, '2024-12-31': -0.43, '2025-01-31': -6.94, '2025-02-28': -0.95, '2025-03-31': 1.23, '2025-04-30': -3.51, '2025-05-31': 2.02, '2025-06-30': -1.58, '2025-07-31': -0.49, '2025-08-31': -1.2, '2025-09-30': -2.95, '2025-10-31': -4.08, '2025-11-30': -1.06, '2025-12-31': 1.71}",15.491
S30e_Weekend_Gap_Fade,GALA_USDT_USDT,15m,-67.08,-24.29,-1.8897,-3.3661,-0.3517,-69.07,679,0.6634,55.12,-9.6791,693,-0.2414,34.6105,64.0798,0.5401,13,6,6.34,-8.93,25.53,"{'2022-02-28': -7.04, '2022-03-31': -5.43, '2022-04-30': -0.85, '2022-05-31': -8.15, '2022-06-30': -2.49, '2022-07-31': 0.54, '2022-08-31': -5.62, '2022-09-30': -3.45, '2022-10-31': -3.11, '2022-11-30': -4.18, '2022-12-31': 1.35, '2023-01-31': -3.33, '2023-02-28': 6.34, '2023-03-31': 3.75, '2023-04-30': -2.78, '2023-05-31': -3.42, '2023-06-30': -1.11, '2023-07-31': 0.15, '2023-08-31': 0.16, '2023-09-30': -1.32, '2023-10-31': -2.71, '2023-11-30': 1.5, '2023-12-31': -5.42, '2024-01-31': -4.17, '2024-02-29': -7.93, '2024-03-31': -5.12, '2024-04-30': 2.55, '2024-05-31': -3.24, '2024-06-30': -3.02, '2024-07-31': -6.47, '2024-08-31': -3.57, '2024-09-30': -5.71, '2024-10-31': -4.04, '2024-11-30': 1.05, '2024-12-31': 1.06, '2025-01-31': -8.93, '2025-02-28': -1.3, '2025-03-31': -5.72, '2025-04-30': -3.73, '2025-05-31': 3.38, '2025-06-30': -0.89, '2025-07-31': -3.95, '2025-08-31': 3.85, '2025-09-30': -0.65, '2025-10-31': -1.41, '2025-11-30': -4.53, '2025-12-31': -0.0}",14.449
S30e_Weekend_Gap_Fade,APE_USDT_USDT,15m,-62.23,-22.7,-1.8483,-3.3418,-0.351,-64.68,670,0.6705,55.89,-9.2741,671,-0.2156,33.761,63.795,0.5292,10,8,4.72,-7.02,20.0,"{'2022-04-30': -0.43, '2022-05-31': -1.38, '2022-06-30': -5.91, '2022-07-31': 0.99, '2022-08-31': -5.2, '2022-09-30': -0.31, '2022-10-31': -4.59, '2022-11-30': -0.79, '2022-12-31': -5.01, '2023-01-31': -5.51, '2023-02-28': 4.72, '2023-03-31': -3.23, '2023-04-30': -2.12, '2023-05-31': -1.24, '2023-06-30': -7.02, '2023-07-31': -3.31, '2023-08-31': -0.45, '2023-09-30': -2.27, '2023-10-31': -5.93, '2023-11-30': -4.87, '2023-12-31': -1.27, '2024-01-31': -2.76, '2024-02-29': -3.26, '2024-03-31': -1.69, '2024-04-30': -4.2, '2024-05-31': -3.87, '2024-06-30': -2.54, '2024-07-31': -3.36, '2024-08-31': -0.62, '2024-09-30': -5.9, '2024-10-31': 2.77, '2024-11-30': 0.78, '2024-12-31': -2.96, '2025-01-31': -4.78, '2025-02-28': -0.11, '2025-03-31': -3.16, '2025-04-30': -1.08, '2025-05-31': -0.92, '2025-06-30': -3.44, '2025-07-31': 1.98, '2025-08-31': 2.31, '2025-09-30': 0.45, '2025-10-31': 3.59, '2025-11-30': -4.37, '2025-12-31': 0.83}",14.758
S30e_Weekend_Gap_Fade,AXS_USDT_USDT,15m,-68.5,-25.13,-2.1452,-3.6624,-0.3632,-69.19,728,0.6362,55.56,-9.3969,729,-0.2162,29.5746,58.1112,0.5089,11,7,4.12,-8.62,25.53,"{'2022-02-28': -3.3, '2022-03-31': -0.64, '2022-04-30': -8.53, '2022-05-31': -6.28, '2022-06-30': -3.72, '2022-07-31': 0.7, '2022-08-31': 1.4, '2022-09-30': -5.55, '2022-10-31': 0.93, '2022-11-30': -1.69, '2022-12-31': 1.25, '2023-01-31': -8.62, '2023-02-28': 1.29, '2023-03-31': -6.15, '2023-04-30': 0.53, '2023-05-31': -5.01, '2023-06-30': -1.6, '2023-07-31': -2.16, '2023-08-31': -4.39, '2023-09-30': -2.13, '2023-10-31': -3.0, '2023-11-30': -1.33, '2023-12-31': -2.4, '2024-01-31': -7.79, '2024-02-29': -3.32, '2024-03-31': 0.27, '2024-04-30': -0.99, '2024-05-31': -2.74, '2024-06-30': -1.31, '2024-07-31': 0.85, '2024-08-31': -2.07, '2024-09-30': -6.56, '2024-10-31': 1.04, '2024-11-30': -0.88, '2024-12-31': -3.13, '2025-01-31': -5.56, '2025-02-28': -5.21, '2025-03-31': -0.09, '2025-04-30': -5.99, '2025-05-31': 4.12, '2025-06-30': -3.29, '2025-07-31': 3.18, '2025-08-31': -0.91, '2025-09-30': -6.33, '2025-10-31': -2.47, '2025-11-30': -0.38, '2025-12-31': 0.03}",15.199
S30e_Weekend_Gap_Fade,GRT_USDT_USDT,15m,-66.25,-23.82,-2.2974,-4.2582,-0.3494,-68.17,723,0.6591,56.3,-9.0754,730,-0.2336,31.1663,60.9228,0.5116,15,10,4.26,-10.03,25.53,"{'2022-02-28': -3.72, '2022-03-31': -3.91, '2022-04-30': -4.94, '2022-05-31': -3.74, '2022-06-30': -2.34, '2022-07-31': 4.26, '2022-08-31': -3.46, '2022-09-30': -1.77, '2022-10-31': 0.22, '2022-11-30': -3.18, '2022-12-31': 2.79, '2023-01-31': -3.38, '2023-02-28': -10.03, '2023-03-31': -5.09, '2023-04-30': -3.54, '2023-05-31': -5.18, '2023-06-30': -1.95, '2023-07-31': 3.07, '2023-08-31': 0.18, '2023-09-30': -4.32, '2023-10-31': -5.25, '2023-11-30': 0.0, '2023-12-31': 2.61, '2024-01-31': -2.89, '2024-02-29': -6.41, '2024-03-31': -2.17, '2024-04-30': 2.55, '2024-05-31': -3.31, '2024-06-30': -4.82, '2024-07-31': -1.81, '2024-08-31': -0.49, '2024-09-30': -6.14, '2024-10-31': -3.13, '2024-11-30': -3.09, '2024-12-31': -2.55, '2025-01-31': -3.72, '2025-02-28': -3.93, '2025-03-31': -3.2, '2025-04-30': -5.98, '2025-05-31': 0.23, '2025-06-30': 1.21, '2025-07-31': -0.78, '2025-08-31': 0.76, '2025-09-30': 0.43, '2025-10-31': -1.01, '2025-11-30': -0.85, '2025-12-31': -0.55}",15.22
S30e_Weekend_Gap_Fade,CHZ_USDT_USDT,15m,-68.73,-25.26,-2.3452,-4.2196,-0.3657,-69.07,741,0.6313,55.84,-9.2251,745,-0.2114,28.291,56.6618,0.4993,9,8,2.28,-8.59,14.89,"{'2022-02-28': -5.79, '2022-03-31': 2.17, '2022-04-30': -1.77, '2022-05-31': -4.72, '2022-06-30': -2.49, '2022-07-31': -3.41, '2022-08-31': -4.83, '2022-09-30': -5.73, '2022-10-31': -3.99, '2022-11-30': -2.98, '2022-12-31': -2.07, '2023-01-31': -5.24, '2023-02-28': 1.59, '2023-03-31': -3.53, '2023-04-30': -4.54, '2023-05-31': -8.59, '2023-06-30': -3.39, '2023-07-31': -1.39, '2023-08-31': -0.3, '2023-09-30': -4.56, '2023-10-31': -4.97, '2023-11-30': -1.07, '2023-12-31': -2.89, '2024-01-31': -2.57, '2024-02-29': 1.19, '2024-03-31': -3.13, '2024-04-30': -2.95, '2024-05-31': -3.26, '2024-06-30': -2.03, '2024-07-31': 0.91, '2024-08-31': -1.28, '2024-09-30': -3.38, '2024-10-31': -2.32, '2024-11-30': 0.29, '2024-12-31': -1.95, '2025-01-31': -4.56, '2025-02-28': -2.72, '2025-03-31': 2.28, '2025-04-30': -6.72, '2025-05-31': 1.27, '2025-06-30': -1.43, '2025-07-31': -2.35, '2025-08-31': -0.31, '2025-09-30': -0.96, '2025-10-31': -0.43, '2025-11-30': -0.41, '2025-12-31': -2.67}",15.533
S30e_Weekend_Gap_Fade,1000LUNC_USDT_USDT,15m,-61.79,-25.27,-1.7573,-2.7667,-0.4022,-62.83,586,0.6326,55.61,-10.5081,588,-0.1941,32.5413,64.4435,0.505,10,9,3.63,-9.62,12.82,"{'2022-10-31': -0.71, '2022-11-30': -9.62, '2022-12-31': -2.72, '2023-01-31': -5.76, '2023-02-28': 3.18, '2023-03-31': -2.52, '2023-04-30': -1.17, '2023-05-31': -1.69, '2023-06-30': -3.17, '2023-07-31': -0.74, '2023-08-31': -1.75, '2023-09-30': 2.87, '2023-10-31': -3.53, '2023-11-30': -0.83, '2023-12-31': -4.84, '2024-01-31': -4.91, '2024-02-29': -1.03, '2024-03-31': -4.47, '2024-04-30': -7.01, '2024-05-31': -8.21, '2024-06-30': -2.69, '2024-07-31': -1.47, '2024-08-31': 1.95, '2024-09-30': -4.93, '2024-10-31': -2.08, '2024-11-30': 0.1, '2024-12-31': -1.84, '2025-01-31': -9.15, '2025-02-28': -0.99, '2025-03-31': 3.63, '2025-04-30': -1.38, '2025-05-31': -0.26, '2025-06-30': -1.85, '2025-07-31': -3.65, '2025-08-31': -2.26, '2025-09-30': -1.88, '2025-10-31': -2.53, '2025-11-30': -1.94, '2025-12-31': -0.79}",14.805
S30e_Weekend_Gap_Fade,TWT_USDT_USDT,15m,-51.12,-20.56,-1.6807,-3.0172,-0.3775,-54.46,483,0.6892,57.93,-9.4312,542,-0.1455,36.1008,72.1376,0.5004,10,5,2.81,-7.16,18.92,"{'2022-12-31': -0.55, '2023-01-31': 2.81, '2023-02-28': 1.8, '2023-03-31': -1.66, '2023-04-30': -1.44, '2023-05-31': 0.78, '2023-06-30': -4.79, '2023-07-31': -0.41, '2023-08-31': -1.46, '2023-09-30': -3.11, '2023-10-31': -2.39, '2023-11-30': -3.55, '2023-12-31': -3.28, '2024-01-31': -7.16, '2024-02-29': -1.61, '2024-03-31': -1.78, '2024-04-30': -3.26, '2024-05-31': -0.87, '2024-06-30': -6.26, '2024-07-31': -2.56, '2024-08-31': -2.22, '2024-09-30': -1.73, '2024-10-31': -2.99, '2024-11-30': -1.36, '2024-12-31': -1.77, '2025-01-31': -0.98, '2025-02-28': -2.86, '2025-03-31': -1.42, '2025-04-30': -4.91, '2025-05-31': -1.56, '2025-06-30': 0.17, '2025-07-31': -2.55, '2025-08-31': -4.3, '2025-09-30': 0.46, '2025-10-31': 1.37, '2025-11-30': 0.07, '2025-12-31': -0.55}",14.485
S30e_Weekend_Gap_Fade,ZRX_USDT_USDT,15m,-70.89,-28.02,-2.3373,-4.3047,-0.3953,-70.89,722,0.5931,55.26,-9.8184,722,-0.2065,25.8999,53.9409,0.4802,7,6,2.54,-13.12,15.56,"{'2022-04-30': -13.12, '2022-05-31': 0.62, '2022-06-30': -5.12, '2022-07-31': -3.33, '2022-08-31': -1.1, '2022-09-30': -4.74, '2022-10-31': -6.4, '2022-11-30': -5.6, '2022-12-31': 0.03, '2023-01-31': -8.06, '2023-02-28': 2.54, '2023-03-31': -3.34, '2023-04-30': -1.62, '2023-05-31': -7.75, '2023-06-30': -1.08, '2023-07-31': -0.46, '2023-08-31': 0.93, '2023-09-30': -2.23, '2023-10-31': 1.75, '2023-11-30': 0.37, '2023-12-31': -1.17, '2024-01-31': -3.99, '2024-02-29': -6.5, '2024-03-31': -0.62, '2024-04-30': -5.01, '2024-05-31': -2.71, '2024-06-30': -1.52, '2024-07-31': -4.88, '2024-08-31': -0.76, '2024-09-30': -7.36, '2024-10-31': -4.46, '2024-11-30': -1.13, '2024-12-31': -0.59, '2025-01-31': -4.24, '2025-02-28': -3.69, '2025-03-31': -1.94, '2025-04-30': -2.25, '2025-05-31': 2.05, '2025-06-30': -1.82, '2025-07-31': -1.75, '2025-08-31': -1.97, '2025-09-30': -2.03, '2025-10-31': -0.48, '2025-11-30': -1.86, '2025-12-31': -1.2}",15.995
S30e_Weekend_Gap_Fade,ANKR_USDT_USDT,15m,-61.46,-21.25,-1.7317,-3.0154,-0.343,-61.95,770,0.6943,58.37,-7.9711,771,-0.1495,31.0153,62.6249,0.4953,11,7,4.17,-7.88,21.28,"{'2022-02-28': -2.66, '2022-03-31': -1.51, '2022-04-30': -4.21, '2022-05-31': -3.81, '2022-06-30': -5.31, '2022-07-31': 1.76, '2022-08-31': -2.04, '2022-09-30': -2.64, '2022-10-31': 0.56, '2022-11-30': -4.18, '2022-12-31': -2.34, '2023-01-31': -0.36, '2023-02-28': 1.65, '2023-03-31': -4.2, '2023-04-30': 0.77, '2023-05-31': -4.86, '2023-06-30': -2.11, '2023-07-31': 0.65, '2023-08-31': -2.3, '2023-09-30': -0.36, '2023-10-31': -7.02, '2023-11-30': -1.14, '2023-12-31': -1.17, '2024-01-31': -6.9, '2024-02-29': 0.26, '2024-03-31': 2.6, '2024-04-30': 0.05, '2024-05-31': -2.93, '2024-06-30': -3.62, '2024-07-31': -1.58, '2024-08-31': -0.35, '2024-09-30': -7.88, '2024-10-31': -3.88, '2024-11-30': -0.64, '2024-12-31': -1.35, '2025-01-31': -7.15, '2025-02-28': -2.35, '2025-03-31': -3.06, '2025-04-30': -1.87, '2025-05-31': 4.17, '2025-06-30': 2.47, '2025-07-31': -1.0, '2025-08-31': -2.0, '2025-09-30': -1.31, '2025-10-31': -0.54, '2025-11-30': -1.47, '2025-12-31': -1.51}",16.075
S30e_Weekend_Gap_Fade,STX_USDT_USDT,15m,-74.54,-29.02,-2.6312,-3.8772,-0.3877,-74.85,728,0.5658,54.11,-10.2116,730,-0.2791,24.5931,51.2499,0.4799,9,11,4.8,-9.64,19.15,"{'2022-02-28': -7.03, '2022-03-31': -5.87, '2022-04-30': -8.68, '2022-05-31': -4.22, '2022-06-30': -2.17, '2022-07-31': 0.07, '2022-08-31': -4.57, '2022-09-30': -3.3, '2022-10-31': -2.8, '2022-11-30': -9.64, '2022-12-31': 3.63, '2023-01-31': -7.91, '2023-02-28': -2.96, '2023-03-31': -4.69, '2023-04-30': -3.88, '2023-05-31': -3.19, '2023-06-30': -2.57, '2023-07-31': -7.14, '2023-08-31': 1.9, '2023-09-30': -3.37, '2023-10-31': -1.24, '2023-11-30': -2.18, '2023-12-31': -2.84, '2024-01-31': -3.82, '2024-02-29': -5.51, '2024-03-31': 4.8, '2024-04-30': -1.24, '2024-05-31': -1.11, '2024-06-30': 2.27, '2024-07-31': -8.1, '2024-08-31': -3.84, '2024-09-30': -6.54, '2024-10-31': 3.49, '2024-11-30': -0.09, '2024-12-31': -1.44, '2025-01-31': -6.35, '2025-02-28': -2.53, '2025-03-31': -5.44, '2025-04-30': -3.64, '2025-05-31': 1.06, '2025-06-30': -2.64, '2025-07-31': -0.16, '2025-08-31': 2.91, '2025-09-30': -5.35, '2025-10-31': 0.45, '2025-11-30': -0.93, '2025-12-31': -2.12}",15.22
S30e_Weekend_Gap_Fade,EGLD_USDT_USDT,15m,-76.02,-30.07,-2.7502,-5.5479,-0.3908,-76.95,772,0.5965,54.91,-9.8212,774,-0.2314,26.4381,53.9766,0.4898,10,6,3.33,-8.17,12.77,"{'2022-02-28': -1.02, '2022-03-31': -0.87, '2022-04-30': -4.65, '2022-05-31': -6.5, '2022-06-30': -4.33, '2022-07-31': 0.72, '2022-08-31': -5.77, '2022-09-30': -5.64, '2022-10-31': -4.55, '2022-11-30': -6.86, '2022-12-31': 0.46, '2023-01-31': -2.23, '2023-02-28': 2.53, '2023-03-31': -4.5, '2023-04-30': -5.24, '2023-05-31': -4.05, '2023-06-30': -2.54, '2023-07-31': -0.76, '2023-08-31': -1.03, '2023-09-30': -4.01, '2023-10-31': -7.33, '2023-11-30': -0.58, '2023-12-31': -3.67, '2024-01-31': -5.66, '2024-02-29': -5.63, '2024-03-31': -2.99, '2024-04-30': -3.44, '2024-05-31': -3.42, '2024-06-30': -3.99, '2024-07-31': 1.17, '2024-08-31': -1.55, '2024-09-30': -2.42, '2024-10-31': -7.17, '2024-11-30': -1.6, '2024-12-31': -0.59, '2025-01-31': -4.48, '2025-02-28': -4.12, '2025-03-31': -8.17, '2025-04-30': -1.01, '2025-05-31': 3.33, '2025-06-30': -2.3, '2025-07-31': -2.43, '2025-08-31': -2.29, '2025-09-30': -2.08, '2025-10-31': 0.13, '2025-11-30': -2.01, '2025-12-31': -2.38}",16.137
S30e_Weekend_Gap_Fade,MINA_USDT_USDT,15m,-71.13,-28.36,-2.4976,-4.6702,-0.3959,-71.63,708,0.6191,54.52,-10.0473,708,-0.2498,29.9514,57.9961,0.5164,9,7,2.72,-9.02,20.45,"{'2022-05-31': -2.02, '2022-06-30': -0.45, '2022-07-31': 2.72, '2022-08-31': -2.61, '2022-09-30': 0.47, '2022-10-31': -4.18, '2022-11-30': -9.02, '2022-12-31': 0.15, '2023-01-31': -8.67, '2023-02-28': 1.29, '2023-03-31': -8.74, '2023-04-30': -4.43, '2023-05-31': -4.22, '2023-06-30': -1.01, '2023-07-31': -5.8, '2023-08-31': -1.17, '2023-09-30': -0.76, '2023-10-31': -2.23, '2023-11-30': -1.46, '2023-12-31': -4.17, '2024-01-31': -5.77, '2024-02-29': -4.63, '2024-03-31': 0.19, '2024-04-30': 0.37, '2024-05-31': -2.99, '2024-06-30': -6.98, '2024-07-31': -5.71, '2024-08-31': -0.14, '2024-09-30': -4.19, '2024-10-31': -4.73, '2024-11-30': -0.98, '2024-12-31': -2.38, '2025-01-31': -4.71, '2025-02-28': -3.04, '2025-03-31': -6.98, '2025-04-30': -4.81, '2025-05-31': 1.13, '2025-06-30': -4.16, '2025-07-31': -1.5, '2025-08-31': 2.28, '2025-09-30': 0.57, '2025-10-31': -0.69, '2025-11-30': -1.75, '2025-12-31': -0.37}",15.8
S30e_Weekend_Gap_Fade,ZEN_USDT_USDT,15m,-77.92,-31.5,-2.4613,-4.5845,-0.4027,-78.23,706,0.564,52.12,-11.0051,708,-0.2646,27.3092,52.7101,0.5181,8,8,3.27,-11.0,10.64,"{'2022-02-28': -4.95, '2022-03-31': -5.18, '2022-04-30': -4.08, '2022-05-31': -3.15, '2022-06-30': -2.55, '2022-07-31': -0.97, '2022-08-31': -6.21, '2022-09-30': -2.91, '2022-10-31': -3.34, '2022-11-30': -1.79, '2022-12-31': -4.21, '2023-01-31': -5.6, '2023-02-28': -0.52, '2023-03-31': -4.74, '2023-04-30': -3.01, '2023-05-31': -3.3, '2023-06-30': -3.93, '2023-07-31': -1.68, '2023-08-31': -4.74, '2023-09-30': -1.97, '2023-10-31': -6.55, '2023-11-30': -0.07, '2023-12-31': -3.48, '2024-01-31': -0.53, '2024-02-29': -6.13, '2024-03-31': -3.08, '2024-04-30': -3.2, '2024-05-31': -2.34, '2024-06-30': -3.68, '2024-07-31': 1.45, '2024-08-31': -4.31, '2024-09-30': -8.35, '2024-10-31': -5.63, '2024-11-30': -0.11, '2024-12-31': -0.45, '2025-01-31': -11.0, '2025-02-28': -3.66, '2025-03-31': 3.27, '2025-04-30': -7.02, '2025-05-31': 0.77, '2025-06-30': -3.82, '2025-07-31': 1.06, '2025-08-31': 1.89, '2025-09-30': -4.77, '2025-10-31': -0.77, '2025-11-30': -1.56, '2025-12-31': -4.38}",14.761
S30e_Weekend_Gap_Fade,ALICE_USDT_USDT,15m,-65.24,-23.26,-2.1357,-4.2931,-0.3544,-65.64,701,0.6639,55.82,-9.2672,704,-0.2401,32.7849,62.4071,0.5253,12,9,5.79,-7.94,19.15,"{'2022-02-28': -4.64, '2022-03-31': -7.27, '2022-04-30': -2.93, '2022-05-31': -5.34, '2022-06-30': -3.47, '2022-07-31': 1.28, '2022-08-31': -1.55, '2022-09-30': -4.16, '2022-10-31': -3.91, '2022-11-30': -0.6, '2022-12-31': -0.28, '2023-01-31': -4.56, '2023-02-28': 5.79, '2023-03-31': -7.21, '2023-04-30': 1.31, '2023-05-31': -3.09, '2023-06-30': -3.69, '2023-07-31': 2.76, '2023-08-31': -0.52, '2023-09-30': 1.32, '2023-10-31': -0.9, '2023-11-30': -3.71, '2023-12-31': -3.16, '2024-01-31': -3.82, '2024-02-29': -7.12, '2024-03-31': 2.79, '2024-04-30': -1.91, '2024-05-31': -4.15, '2024-06-30': -6.28, '2024-07-31': -2.57, '2024-08-31': -3.61, '2024-09-30': -4.29, '2024-10-31': -2.06, '2024-11-30': -1.96, '2024-12-31': 4.03, '2025-01-31': -7.94, '2025-02-28': -3.11, '2025-03-31': -3.43, '2025-04-30': -2.27, '2025-05-31': 3.23, '2025-06-30': -3.84, '2025-07-31': -0.42, '2025-08-31': 3.51, '2025-09-30': -0.99, '2025-10-31': -1.59, '2025-11-30': -2.5, '2025-12-31': -1.16}",14.678
S30e_Weekend_Gap_Fade,JST_USDT_USDT,15m,-75.31,-30.54,-3.5124,-5.2581,-0.4004,-76.28,767,0.4694,51.16,-9.7294,774,-0.1759,16.8215,37.5446,0.448,8,16,1.66,-10.13,13.04,"{'2022-03-31': -3.94, '2022-04-30': -2.24, '2022-05-31': -4.62, '2022-06-30': -4.61, '2022-07-31': -4.22, '2022-08-31': -5.23, '2022-09-30': -3.54, '2022-10-31': 1.55, '2022-11-30': -5.11, '2022-12-31': -4.53, '2023-01-31': -2.06, '2023-02-28': 0.55, '2023-03-31': -8.35, '2023-04-30': -2.28, '2023-05-31': -3.48, '2023-06-30': -0.94, '2023-07-31': -1.53, '2023-08-31': -2.26, '2023-09-30': -2.79, '2023-10-31': -1.62, '2023-11-30': -4.09, '2023-12-31': -4.89, '2024-01-31': -5.77, '2024-02-29': -3.06, '2024-03-31': -2.95, '2024-04-30': -3.01, '2024-05-31': -1.87, '2024-06-30': 0.62, '2024-07-31': -8.0, '2024-08-31': -2.43, '2024-09-30': -3.86, '2024-10-31': -2.75, '2024-11-30': -3.21, '2024-12-31': 0.4, '2025-01-31': -10.13, '2025-02-28': -3.95, '2025-03-31': -7.25, '2025-04-30': -2.39, '2025-05-31': -1.43, '2025-06-30': 1.37, '2025-07-31': -1.77, '2025-08-31': 1.66, '2025-09-30': -2.05, '2025-10-31': -2.07, '2025-11-30': -2.25, '2025-12-31': -2.89}",16.769
S30e_Weekend_Gap_Fade,SUN_USDT_USDT,15m,-68.17,-25.79,-1.9729,-2.7499,-0.3692,-69.86,704,0.5766,54.76,-9.5476,714,-0.1474,23.7448,49.8489,0.4763,19,12,3.63,-9.21,10.87,"{'2022-03-31': -0.8, '2022-04-30': -4.75, '2022-05-31': 0.65, '2022-06-30': -2.47, '2022-07-31': -5.22, '2022-08-31': -4.56, '2022-09-30': -1.05, '2022-10-31': -2.36, '2022-11-30': -4.36, '2022-12-31': -0.4, '2023-01-31': -1.84, '2023-02-28': 1.19, '2023-03-31': -3.53, '2023-04-30': -5.16, '2023-05-31': -1.74, '2023-06-30': -1.15, '2023-07-31': -1.14, '2023-08-31': -2.59, '2023-09-30': -1.36, '2023-10-31': -2.17, '2023-11-30': 3.63, '2023-12-31': -0.44, '2024-01-31': -2.21, '2024-02-29': -5.11, '2024-03-31': -3.23, '2024-04-30': -3.75, '2024-05-31': -1.1, '2024-06-30': -4.01, '2024-07-31': -2.53, '2024-08-31': -1.06, '2024-09-30': -5.7, '2024-10-31': -3.79, '2024-11-30': 1.13, '2024-12-31': -1.49, '2025-01-31': -9.21, '2025-02-28': -4.99, '2025-03-31': -5.64, '2025-04-30': -4.41, '2025-05-31': -2.96, '2025-06-30': -3.56, '2025-07-31': -2.42, '2025-08-31': 2.22, '2025-09-30': -2.91, '2025-10-31': -2.02, '2025-11-30': -1.76, '2025-12-31': -1.63}",15.469
S30e_Weekend_Gap_Fade,ONT_USDT_USDT,15m,-60.82,-23.13,-1.8367,-2.7829,-0.372,-62.17,724,0.6695,58.48,-8.3885,725,-0.1504,29.0505,61.1266,0.4753,10,7,2.6,-7.22,16.67,"{'2022-07-31': -0.51, '2022-08-31': -2.44, '2022-09-30': -3.7, '2022-10-31': -4.48, '2022-11-30': -3.68, '2022-12-31': 0.49, '2023-01-31': -1.72, '2023-02-28': -2.15, '2023-03-31': -5.16, '2023-04-30': -1.37, '2023-05-31': -7.22, '2023-06-30': -2.7, '2023-07-31': 1.51, '2023-08-31': -2.29, '2023-09-30': -4.64, '2023-10-31': -4.33, '2023-11-30': 0.84, '2023-12-31': -3.01, '2024-01-31': -2.58, '2024-02-29': -4.65, '2024-03-31': -3.38, '2024-04-30': 2.6, '2024-05-31': -0.92, '2024-06-30': -3.37, '2024-07-31': -2.8, '2024-08-31': 0.8, '2024-09-30': -4.68, '2024-10-31': -3.78, '2024-11-30': -0.59, '2024-12-31': 0.17, '2025-01-31': -1.63, '2025-02-28': 0.68, '2025-03-31': -0.77, '2025-04-30': -1.8, '2025-05-31': -0.94, '2025-06-30': -1.48, '2025-07-31': -3.62, '2025-08-31': -3.97, '2025-09-30': -1.04, '2025-10-31': -2.43, '2025-11-30': -1.84, '2025-12-31': -0.09}",16.924
S30e_Weekend_Gap_Fade,AGLD_USDT_USDT,15m,-53.76,-18.88,-1.1537,-1.9157,-0.3484,-54.19,684,0.7309,57.81,-7.848,685,-0.1325,36.8717,69.1248,0.5334,12,6,2.55,-7.01,18.18,"{'2022-05-31': -3.24, '2022-06-30': -3.02, '2022-07-31': 0.32, '2022-08-31': -6.05, '2022-09-30': -2.13, '2022-10-31': -0.59, '2022-11-30': 2.24, '2022-12-31': -2.14, '2023-01-31': -4.93, '2023-02-28': -2.6, '2023-03-31': -2.0, '2023-04-30': -3.35, '2023-05-31': -1.52, '2023-06-30': -7.01, '2023-07-31': -3.0, '2023-08-31': 0.46, '2023-09-30': -2.26, '2023-10-31': -0.94, '2023-11-30': -5.5, '2023-12-31': 1.67, '2024-01-31': 0.55, '2024-02-29': -0.49, '2024-03-31': -4.13, '2024-04-30': -4.55, '2024-05-31': -3.5, '2024-06-30': -0.25, '2024-07-31': -1.2, '2024-08-31': 0.65, '2024-09-30': -1.85, '2024-10-31': -0.88, '2024-11-30': -0.62, '2024-12-31': -0.22, '2025-01-31': -1.06, '2025-02-28': -1.45, '2025-03-31': -2.24, '2025-04-30': -1.63, '2025-05-31': 2.55, '2025-06-30': -2.01, '2025-07-31': -0.05, '2025-08-31': -0.82, '2025-09-30': -0.58, '2025-10-31': -2.35, '2025-11-30': 1.09, '2025-12-31': -3.31}",15.457
S30e_Weekend_Gap_Fade,BTC_USDT_USDT,30m,-73.82,-28.52,-3.9324,-7.8781,-0.3832,-74.42,482,0.4027,47.74,-15.1902,486,-0.2948,21.4569,48.6632,0.4409,7,7,0.71,-6.84,2.13,"{'2022-02-28': -0.81, '2022-03-31': -4.86, '2022-04-30': -3.54, '2022-05-31': -6.36, '2022-06-30': -1.77, '2022-07-31': -2.67, '2022-08-31': -4.56, '2022-09-30': -0.76, '2022-10-31': -0.74, '2022-11-30': -4.18, '2022-12-31': -1.98, '2023-01-31': -2.29, '2023-02-28': -1.9, '2023-03-31': -4.49, '2023-04-30': -4.89, '2023-05-31': -4.65, '2023-06-30': -1.93, '2023-07-31': -1.79, '2023-08-31': -2.01, '2023-09-30': -2.77, '2023-10-31': -2.06, '2023-11-30': -4.25, '2023-12-31': -6.84, '2024-01-31': -2.31, '2024-02-29': -1.63, '2024-03-31': -2.47, '2024-04-30': -1.19, '2024-05-31': -1.53, '2024-06-30': -4.1, '2024-07-31': -3.92, '2024-08-31': -5.47, '2024-09-30': -2.56, '2024-10-31': -2.84, '2024-11-30': -2.14, '2024-12-31': -2.65, '2025-01-31': 0.71, '2025-02-28': -2.65, '2025-03-31': -5.88, '2025-04-30': -3.13, '2025-05-31': -4.08, '2025-06-30': -0.08, '2025-07-31': -1.52, '2025-08-31': -2.84, '2025-09-30': -2.15, '2025-10-31': -1.49, '2025-11-30': -1.3, '2025-12-31': -3.4}",10.133
S30e_Weekend_Gap_Fade,ETH_USDT_USDT,30m,-62.86,-21.98,-2.3713,-4.4583,-0.3469,-63.37,464,0.543,52.03,-13.461,467,-0.2672,30.7398,61.411,0.5006,12,5,2.49,-7.32,21.28,"{'2022-02-28': -0.54, '2022-03-31': -1.45, '2022-04-30': -2.92, '2022-05-31': -6.1, '2022-06-30': -0.95, '2022-07-31': -3.8, '2022-08-31': -5.52, '2022-09-30': -0.74, '2022-10-31': -0.49, '2022-11-30': -4.91, '2022-12-31': 0.73, '2023-01-31': -2.91, '2023-02-28': -4.37, '2023-03-31': -1.31, '2023-04-30': 0.37, '2023-05-31': -4.83, '2023-06-30': -1.2, '2023-07-31': -1.62, '2023-08-31': -1.37, '2023-09-30': -2.06, '2023-10-31': -1.8, '2023-11-30': -1.42, '2023-12-31': -7.32, '2024-01-31': -4.55, '2024-02-29': -3.21, '2024-03-31': -6.18, '2024-04-30': 0.11, '2024-05-31': -2.68, '2024-06-30': -4.39, '2024-07-31': -1.9, '2024-08-31': 0.3, '2024-09-30': -5.21, '2024-10-31': -0.57, '2024-11-30': 1.08, '2024-12-31': -2.91, '2025-01-31': -4.67, '2025-02-28': -2.87, '2025-03-31': 0.96, '2025-04-30': 1.96, '2025-05-31': -3.81, '2025-06-30': 1.7, '2025-07-31': -2.44, '2025-08-31': 2.49, '2025-09-30': 0.84, '2025-10-31': -2.13, '2025-11-30': -0.77, '2025-12-31': -0.12}",9.737
S30e_Weekend_Gap_Fade,SOL_USDT_USDT,30m,-53.35,-17.39,-1.594,-3.4824,-0.2988,-58.19,424,0.6428,53.36,-12.3787,431,-0.2804,41.7453,74.3116,0.5618,13,8,3.76,-7.56,38.3,"{'2022-02-28': -0.95, '2022-03-31': -4.53, '2022-04-30': -0.09, '2022-05-31': -1.48, '2022-06-30': 0.67, '2022-07-31': -1.04, '2022-08-31': -3.56, '2022-09-30': -0.33, '2022-10-31': 0.75, '2022-11-30': -3.88, '2022-12-31': 0.0, '2023-01-31': -4.3, '2023-02-28': 0.71, '2023-03-31': -1.75, '2023-04-30': 0.48, '2023-05-31': -6.83, '2023-06-30': -0.71, '2023-07-31': -2.83, '2023-08-31': 0.96, '2023-09-30': 0.01, '2023-10-31': -5.44, '2023-11-30': 0.57, '2023-12-31': -3.04, '2024-01-31': -5.33, '2024-02-29': -2.55, '2024-03-31': -7.56, '2024-04-30': 1.0, '2024-05-31': 0.27, '2024-06-30': -6.45, '2024-07-31': -4.52, '2024-08-31': -2.18, '2024-09-30': -3.96, '2024-10-31': -6.42, '2024-11-30': 1.49, '2024-12-31': -1.68, '2025-01-31': 2.07, '2025-02-28': -3.8, '2025-03-31': -2.51, '2025-04-30': -3.89, '2025-05-31': 1.45, '2025-06-30': 3.76, '2025-07-31': -2.44, '2025-08-31': 1.51, '2025-09-30': 1.76, '2025-10-31': 0.16, '2025-11-30': 2.01, '2025-12-31': -2.27}",8.986
S30e_Weekend_Gap_Fade,XRP_USDT_USDT,30m,-55.44,-18.33,-1.7168,-2.8198,-0.318,-57.64,387,0.5852,52.83,-13.6224,407,-0.2577,36.3854,69.6208,0.5226,10,9,3.68,-9.79,29.79,"{'2022-02-28': 1.3, '2022-03-31': -2.05, '2022-04-30': -1.72, '2022-05-31': -0.69, '2022-06-30': -0.71, '2022-07-31': 0.65, '2022-08-31': -3.34, '2022-09-30': 3.25, '2022-10-31': -6.02, '2022-11-30': -9.79, '2022-12-31': -3.01, '2023-01-31': -4.09, '2023-02-28': -3.3, '2023-03-31': 1.52, '2023-04-30': -4.04, '2023-05-31': -6.56, '2023-06-30': -1.85, '2023-07-31': -2.13, '2023-08-31': 0.39, '2023-09-30': -7.29, '2023-10-31': 0.49, '2023-11-30': -0.99, '2023-12-31': -5.1, '2024-01-31': -0.79, '2024-02-29': 1.25, '2024-03-31': -3.17, '2024-04-30': -0.65, '2024-05-31': 0.25, '2024-06-30': -1.32, '2024-07-31': -1.45, '2024-08-31': -3.45, '2024-09-30': -0.83, '2024-10-31': 1.9, '2024-11-30': 1.86, '2024-12-31': -6.77, '2025-01-31': -2.04, '2025-02-28': -2.23, '2025-03-31': -1.64, '2025-04-30': -2.29, '2025-05-31': 0.18, '2025-06-30': 1.95, '2025-07-31': -1.48, '2025-08-31': 2.62, '2025-09-30': -4.84, '2025-10-31': -2.66, '2025-11-30': 3.68, '2025-12-31': -0.9}",8.486
S30e_Weekend_Gap_Fade,DOGE_USDT_USDT,30m,-51.29,-16.49,-1.5223,-2.3018,-0.3107,-53.07,379,0.6486,53.28,-12.4801,411,-0.2914,43.2303,76.0247,0.5686,9,6,3.22,-6.11,25.53,"{'2022-02-28': 1.96, '2022-03-31': -0.16, '2022-04-30': -0.02, '2022-05-31': -1.98, '2022-06-30': -3.28, '2022-07-31': 3.22, '2022-08-31': -1.75, '2022-09-30': -1.99, '2022-10-31': -2.04, '2022-11-30': -1.85, '2022-12-31': -1.74, '2023-01-31': -1.9, '2023-02-28': 0.37, '2023-03-31': -2.51, '2023-04-30': 2.32, '2023-05-31': -2.37, '2023-06-30': -2.69, '2023-07-31': -2.97, '2023-08-31': -2.02, '2023-09-30': -3.28, '2023-10-31': -4.38, '2023-11-30': -1.26, '2023-12-31': -4.53, '2024-01-31': 0.49, '2024-02-29': 0.4, '2024-03-31': -0.73, '2024-04-30': -1.71, '2024-05-31': -0.29, '2024-06-30': -1.32, '2024-07-31': -6.11, '2024-08-31': 0.36, '2024-09-30': -5.59, '2024-10-31': -1.38, '2024-11-30': -1.0, '2024-12-31': 1.5, '2025-01-31': -4.81, '2025-02-28': -1.58, '2025-03-31': -3.81, '2025-04-30': -1.16, '2025-05-31': -0.05, '2025-06-30': 1.98, '2025-07-31': -4.37, '2025-08-31': 0.1, '2025-09-30': -3.73, '2025-10-31': -1.42, '2025-11-30': 1.42, '2025-12-31': 0.69}",8.569
S30e_Weekend_Gap_Fade,ADA_USDT_USDT,30m,-54.77,-18.03,-1.8183,-3.0167,-0.3157,-57.12,432,0.6087,53.47,-12.6793,432,-0.3026,36.8806,69.6361,0.5296,7,8,2.42,-8.59,25.53,"{'2022-02-28': -2.78, '2022-03-31': -2.96, '2022-04-30': -3.7, '2022-05-31': -4.16, '2022-06-30': 1.25, '2022-07-31': 1.38, '2022-08-31': -3.98, '2022-09-30': 0.46, '2022-10-31': -1.44, '2022-11-30': -8.59, '2022-12-31': -3.0, '2023-01-31': -3.63, '2023-02-28': 1.11, '2023-03-31': -0.41, '2023-04-30': -2.62, '2023-05-31': -5.5, '2023-06-30': -0.04, '2023-07-31': -0.0, '2023-08-31': 1.3, '2023-09-30': -0.46, '2023-10-31': -3.35, '2023-11-30': -1.34, '2023-12-31': -2.87, '2024-01-31': -3.48, '2024-02-29': -2.64, '2024-03-31': -4.37, '2024-04-30': -0.2, '2024-05-31': -1.06, '2024-06-30': 2.42, '2024-07-31': -0.74, '2024-08-31': -1.26, '2024-09-30': -6.26, '2024-10-31': -3.39, '2024-11-30': 0.29, '2024-12-31': -5.52, '2025-01-31': -0.28, '2025-02-28': -2.22, '2025-03-31': -3.56, '2025-04-30': 0.2, '2025-05-31': -1.73, '2025-06-30': 2.34, '2025-07-31': -3.5, '2025-08-31': 2.15, '2025-09-30': -0.05, '2025-10-31': 0.46, '2025-11-30': 2.12, '2025-12-31': -0.67}",9.007
S30e_Weekend_Gap_Fade,AVAX_USDT_USDT,30m,-67.12,-24.32,-2.6596,-5.2015,-0.3562,-68.28,432,0.5085,48.86,-15.2536,440,-0.4489,32.2919,60.6859,0.5321,11,8,5.14,-7.14,14.89,"{'2022-02-28': -1.59, '2022-03-31': -6.61, '2022-04-30': -5.23, '2022-05-31': -1.78, '2022-06-30': -0.4, '2022-07-31': 0.4, '2022-08-31': -5.37, '2022-09-30': -1.84, '2022-10-31': -2.1, '2022-11-30': -4.88, '2022-12-31': -5.85, '2023-01-31': -2.41, '2023-02-28': 0.19, '2023-03-31': -2.89, '2023-04-30': -5.99, '2023-05-31': -6.81, '2023-06-30': -3.69, '2023-07-31': -0.51, '2023-08-31': -2.45, '2023-09-30': -1.77, '2023-10-31': -2.1, '2023-11-30': -2.52, '2023-12-31': -0.86, '2024-01-31': -1.01, '2024-02-29': -2.4, '2024-03-31': -7.14, '2024-04-30': -1.2, '2024-05-31': -0.39, '2024-06-30': -2.4, '2024-07-31': -3.2, '2024-08-31': -1.6, '2024-09-30': -5.52, '2024-10-31': -4.31, '2024-11-30': 2.63, '2024-12-31': -3.12, '2025-01-31': -0.26, '2025-02-28': -4.33, '2025-03-31': -3.98, '2025-04-30': 0.2, '2025-05-31': 0.63, '2025-06-30': -0.86, '2025-07-31': -5.65, '2025-08-31': 5.14, '2025-09-30': -1.94, '2025-10-31': -1.37, '2025-11-30': -0.83, '2025-12-31': 0.33}",9.174
S30e_Weekend_Gap_Fade,LINK_USDT_USDT,30m,-62.24,-21.65,-2.1064,-4.6003,-0.3333,-64.96,426,0.579,51.22,-13.8622,449,-0.3303,37.2233,67.5136,0.5513,7,7,3.25,-8.82,14.89,"{'2022-02-28': 0.03, '2022-03-31': -0.67, '2022-04-30': -0.01, '2022-05-31': -3.02, '2022-06-30': -5.8, '2022-07-31': 0.59, '2022-08-31': -6.75, '2022-09-30': -0.44, '2022-10-31': -5.57, '2022-11-30': -3.42, '2022-12-31': -1.52, '2023-01-31': -1.45, '2023-02-28': -2.57, '2023-03-31': -0.93, '2023-04-30': -0.75, '2023-05-31': -3.07, '2023-06-30': -3.12, '2023-07-31': -7.34, '2023-08-31': -2.06, '2023-09-30': -0.44, '2023-10-31': -2.76, '2023-11-30': -5.94, '2023-12-31': -2.3, '2024-01-31': -2.78, '2024-02-29': -0.27, '2024-03-31': -4.07, '2024-04-30': -4.13, '2024-05-31': -0.44, '2024-06-30': -2.43, '2024-07-31': -4.65, '2024-08-31': -0.06, '2024-09-30': -8.82, '2024-10-31': -1.52, '2024-11-30': -0.88, '2024-12-31': -4.06, '2025-01-31': 2.44, '2025-02-28': -1.43, '2025-03-31': -2.11, '2025-04-30': -3.27, '2025-05-31': 0.57, '2025-06-30': 2.36, '2025-07-31': -3.08, '2025-08-31': 1.71, '2025-09-30': -1.18, '2025-10-31': -0.75, '2025-11-30': 3.25, '2025-12-31': -0.85}",9.361
S30e_Weekend_Gap_Fade,BNB_USDT_USDT,30m,-66.08,-23.72,-3.1029,-5.7366,-0.3572,-66.4,425,0.4437,49.53,-15.4382,428,-0.2987,24.8578,54.9879,0.4521,6,7,1.38,-5.68,6.38,"{'2022-02-28': 1.38, '2022-03-31': -4.81, '2022-04-30': -3.27, '2022-05-31': -3.62, '2022-06-30': -1.29, '2022-07-31': -3.73, '2022-08-31': -4.67, '2022-09-30': 1.02, '2022-10-31': -4.03, '2022-11-30': -5.68, '2022-12-31': -1.24, '2023-01-31': -5.61, '2023-02-28': -0.65, '2023-03-31': -1.58, '2023-04-30': -3.37, '2023-05-31': -3.58, '2023-06-30': -2.93, '2023-07-31': -4.59, '2023-08-31': -1.17, '2023-09-30': -2.8, '2023-10-31': -0.6, '2023-11-30': -2.28, '2023-12-31': -4.2, '2024-01-31': -1.71, '2024-02-29': -0.76, '2024-03-31': -1.87, '2024-04-30': -0.2, '2024-05-31': -1.23, '2024-06-30': -4.96, '2024-07-31': -3.56, '2024-08-31': -2.48, '2024-09-30': -5.66, '2024-10-31': -2.13, '2024-11-30': -0.78, '2024-12-31': -0.37, '2025-01-31': -4.18, '2025-02-28': -2.03, '2025-03-31': -0.42, '2025-04-30': -0.07, '2025-05-31': -0.24, '2025-06-30': -0.17, '2025-07-31': -3.6, '2025-08-31': -0.72, '2025-09-30': -1.75, '2025-10-31': -1.4, '2025-11-30': 0.31, '2025-12-31': -0.3}",8.924
S30e_Weekend_Gap_Fade,LTC_USDT_USDT,30m,-52.44,-16.99,-1.9063,-3.3433,-0.3191,-53.24,438,0.6439,54.79,-11.9729,438,-0.2594,39.5181,74.3863,0.5313,8,7,2.89,-6.56,23.4,"{'2022-02-28': -2.37, '2022-03-31': -0.83, '2022-04-30': -2.64, '2022-05-31': -3.48, '2022-06-30': -3.89, '2022-07-31': 2.89, '2022-08-31': 1.96, '2022-09-30': -2.37, '2022-10-31': -2.13, '2022-11-30': 1.03, '2022-12-31': -5.11, '2023-01-31': 0.3, '2023-02-28': -1.4, '2023-03-31': 0.17, '2023-04-30': -0.99, '2023-05-31': -1.98, '2023-06-30': -2.82, '2023-07-31': -2.6, '2023-08-31': -1.77, '2023-09-30': -0.46, '2023-10-31': -3.85, '2023-11-30': -2.23, '2023-12-31': -5.67, '2024-01-31': -2.78, '2024-02-29': -0.73, '2024-03-31': -1.35, '2024-04-30': -1.4, '2024-05-31': -0.86, '2024-06-30': -1.92, '2024-07-31': 0.88, '2024-08-31': 0.5, '2024-09-30': -6.56, '2024-10-31': -0.86, '2024-11-30': 2.48, '2024-12-31': -3.11, '2025-01-31': -0.23, '2025-02-28': -4.68, '2025-03-31': 0.82, '2025-04-30': -2.9, '2025-05-31': 0.78, '2025-06-30': 0.89, '2025-07-31': -0.74, '2025-08-31': -2.73, '2025-09-30': -1.3, '2025-10-31': -2.36, '2025-11-30': -3.32, '2025-12-31': -0.38}",9.132
S30e_Weekend_Gap_Fade,DOT_USDT_USDT,30m,-50.38,-16.1,-1.5924,-2.9294,-0.2963,-54.33,411,0.6527,54.5,-11.635,433,-0.2389,40.1189,73.6345,0.5448,7,5,3.16,-5.18,21.28,"{'2022-02-28': 0.76, '2022-03-31': -1.69, '2022-04-30': -0.75, '2022-05-31': -2.63, '2022-06-30': -1.17, '2022-07-31': -1.13, '2022-08-31': -0.24, '2022-09-30': -1.9, '2022-10-31': -3.73, '2022-11-30': 0.26, '2022-12-31': -2.87, '2023-01-31': -1.43, '2023-02-28': 2.44, '2023-03-31': -3.19, '2023-04-30': -2.24, '2023-05-31': -5.03, '2023-06-30': -0.02, '2023-07-31': -3.66, '2023-08-31': -1.67, '2023-09-30': -3.36, '2023-10-31': -5.18, '2023-11-30': -1.03, '2023-12-31': -2.58, '2024-01-31': -2.88, '2024-02-29': -3.65, '2024-03-31': -5.06, '2024-04-30': -3.39, '2024-05-31': -0.41, '2024-06-30': 0.64, '2024-07-31': -0.26, '2024-08-31': -2.95, '2024-09-30': -0.84, '2024-10-31': 1.05, '2024-11-30': -0.82, '2024-12-31': -0.7, '2025-01-31': -3.32, '2025-02-28': -4.83, '2025-03-31': -0.48, '2025-04-30': -2.15, '2025-05-31': 1.07, '2025-06-30': 0.46, '2025-07-31': -0.85, '2025-08-31': 3.16, '2025-09-30': -1.56, '2025-10-31': 0.87, '2025-11-30': -1.84, '2025-12-31': 1.59}",9.028
S30e_Weekend_Gap_Fade,BCH_USDT_USDT,30m,-62.04,-21.54,-2.3217,-4.7585,-0.3409,-63.18,435,0.5474,51.49,-14.2614,435,-0.3182,33.4905,64.9554,0.5156,7,7,1.92,-6.88,27.66,"{'2022-02-28': -1.17, '2022-03-31': 0.12, '2022-04-30': -4.4, '2022-05-31': -3.26, '2022-06-30': -0.15, '2022-07-31': -5.29, '2022-08-31': -3.99, '2022-09-30': -4.59, '2022-10-31': -0.97, '2022-11-30': -3.61, '2022-12-31': -1.75, '2023-01-31': -0.9, '2023-02-28': -4.39, '2023-03-31': -5.67, '2023-04-30': 0.3, '2023-05-31': -1.99, '2023-06-30': -0.83, '2023-07-31': -4.37, '2023-08-31': -0.07, '2023-09-30': 0.33, '2023-10-31': -2.16, '2023-11-30': 0.72, '2023-12-31': -6.88, '2024-01-31': -0.61, '2024-02-29': 0.57, '2024-03-31': -4.26, '2024-04-30': -5.0, '2024-05-31': 0.71, '2024-06-30': 0.46, '2024-07-31': -3.9, '2024-08-31': -5.03, '2024-09-30': -5.32, '2024-10-31': -1.14, '2024-11-30': 1.92, '2024-12-31': -1.2, '2025-01-31': -1.84, '2025-02-28': -4.04, '2025-03-31': 0.25, '2025-04-30': -4.65, '2025-05-31': 0.18, '2025-06-30': -1.09, '2025-07-31': 1.02, '2025-08-31': -4.1, '2025-09-30': -1.53, '2025-10-31': -1.43, '2025-11-30': 0.99, '2025-12-31': 0.95}",9.069
S30e_Weekend_Gap_Fade,ATOM_USDT_USDT,30m,-65.98,-23.67,-2.3858,-4.8293,-0.353,-67.06,419,0.5016,49.17,-15.5987,423,-0.3686,31.9283,61.5783,0.5185,7,8,2.74,-6.65,17.02,"{'2022-02-28': 0.1, '2022-03-31': -6.22, '2022-04-30': -5.61, '2022-05-31': -3.21, '2022-06-30': -0.7, '2022-07-31': -1.24, '2022-08-31': -4.21, '2022-09-30': -1.98, '2022-10-31': -4.08, '2022-11-30': -5.13, '2022-12-31': -4.37, '2023-01-31': -1.48, '2023-02-28': -1.03, '2023-03-31': -2.24, '2023-04-30': 1.66, '2023-05-31': -5.12, '2023-06-30': -1.52, '2023-07-31': -2.15, '2023-08-31': -0.48, '2023-09-30': -1.6, '2023-10-31': -3.03, '2023-11-30': -3.36, '2023-12-31': -2.45, '2024-01-31': -1.27, '2024-02-29': -4.57, '2024-03-31': -3.8, '2024-04-30': -1.9, '2024-05-31': -5.73, '2024-06-30': -1.44, '2024-07-31': -0.25, '2024-08-31': 1.03, '2024-09-30': -6.65, '2024-10-31': -3.81, '2024-11-30': -0.13, '2024-12-31': -4.77, '2025-01-31': -2.54, '2025-02-28': -3.59, '2025-03-31': -1.56, '2025-04-30': -1.8, '2025-05-31': 2.74, '2025-06-30': -2.2, '2025-07-31': 0.34, '2025-08-31': 0.09, '2025-09-30': -2.6, '2025-10-31': 0.28, '2025-11-30': -0.75, '2025-12-31': 0.71}",8.819
S30e_Weekend_Gap_Fade,NEAR_USDT_USDT,30m,-53.78,-17.58,-1.8461,-3.9851,-0.3205,-54.86,419,0.6291,52.14,-12.8047,420,-0.367,41.6541,72.1405,0.5774,7,7,2.69,-7.64,27.66,"{'2022-02-28': 0.21, '2022-03-31': -5.08, '2022-04-30': -3.83, '2022-05-31': -0.7, '2022-06-30': -0.14, '2022-07-31': 0.01, '2022-08-31': -3.4, '2022-09-30': -4.05, '2022-10-31': -0.12, '2022-11-30': -7.64, '2022-12-31': 0.31, '2023-01-31': -1.94, '2023-02-28': 2.64, '2023-03-31': -1.78, '2023-04-30': 0.95, '2023-05-31': -1.47, '2023-06-30': 0.21, '2023-07-31': -0.86, '2023-08-31': -1.28, '2023-09-30': 1.04, '2023-10-31': -4.75, '2023-11-30': -1.51, '2023-12-31': -1.07, '2024-01-31': -2.84, '2024-02-29': -4.06, '2024-03-31': -5.89, '2024-04-30': -1.2, '2024-05-31': -1.34, '2024-06-30': -4.61, '2024-07-31': -0.01, '2024-08-31': -0.96, '2024-09-30': -2.29, '2024-10-31': -0.72, '2024-11-30': -0.46, '2024-12-31': 0.26, '2025-01-31': -6.48, '2025-02-28': 0.46, '2025-03-31': -3.25, '2025-04-30': -2.11, '2025-05-31': 1.86, '2025-06-30': 0.22, '2025-07-31': -0.03, '2025-08-31': 2.69, '2025-09-30': -3.2, '2025-10-31': -0.23, '2025-11-30': -4.25, '2025-12-31': 0.59}",8.757
S30e_Weekend_Gap_Fade,UNI_USDT_USDT,30m,-53.15,-17.3,-1.6949,-3.3727,-0.3203,-54.01,418,0.6342,53.05,-12.4773,426,-0.289,40.7783,72.6561,0.5613,6,7,3.06,-6.2,21.28,"{'2022-02-28': -4.13, '2022-03-31': -2.34, '2022-04-30': 0.28, '2022-05-31': -3.59, '2022-06-30': -3.49, '2022-07-31': -0.93, '2022-08-31': -3.31, '2022-09-30': -3.46, '2022-10-31': 0.82, '2022-11-30': -4.13, '2022-12-31': -0.58, '2023-01-31': -1.42, '2023-02-28': 3.06, '2023-03-31': 0.19, '2023-04-30': -0.68, '2023-05-31': -4.64, '2023-06-30': -4.33, '2023-07-31': -5.28, '2023-08-31': -1.66, '2023-09-30': -0.85, '2023-10-31': -4.75, '2023-11-30': -0.67, '2023-12-31': 1.15, '2024-01-31': -0.76, '2024-02-29': -1.68, '2024-03-31': -2.28, '2024-04-30': 1.69, '2024-05-31': 0.83, '2024-06-30': -1.35, '2024-07-31': -1.37, '2024-08-31': -4.48, '2024-09-30': -6.2, '2024-10-31': -2.51, '2024-11-30': -0.16, '2024-12-31': -0.65, '2025-01-31': -5.47, '2025-02-28': -3.52, '2025-03-31': 1.76, '2025-04-30': -0.6, '2025-05-31': -0.42, '2025-06-30': 2.24, '2025-07-31': -1.07, '2025-08-31': -0.14, '2025-09-30': -2.34, '2025-10-31': -0.27, '2025-11-30': 0.07, '2025-12-31': -2.52}",8.882
S30e_Weekend_Gap_Fade,OP_USDT_USDT,30m,-48.31,-16.85,-1.8322,-3.4336,-0.3398,-49.59,347,0.6566,52.3,-13.0917,369,-0.3929,47.852,79.9221,0.5987,8,5,3.01,-6.79,21.43,"{'2022-07-31': 0.33, '2022-08-31': 1.37, '2022-09-30': -2.25, '2022-10-31': -1.09, '2022-11-30': -2.93, '2022-12-31': 2.85, '2023-01-31': -2.53, '2023-02-28': -0.83, '2023-03-31': 3.01, '2023-04-30': -2.24, '2023-05-31': -2.63, '2023-06-30': -1.69, '2023-07-31': -0.45, '2023-08-31': -2.15, '2023-09-30': -0.94, '2023-10-31': -6.07, '2023-11-30': -3.31, '2023-12-31': -2.71, '2024-01-31': -3.52, '2024-02-29': -1.22, '2024-03-31': -1.43, '2024-04-30': -1.44, '2024-05-31': -0.35, '2024-06-30': -2.49, '2024-07-31': -2.87, '2024-08-31': -2.69, '2024-09-30': -4.5, '2024-10-31': -1.31, '2024-11-30': 0.98, '2024-12-31': -1.37, '2025-01-31': -6.79, '2025-02-28': -3.58, '2025-03-31': -1.63, '2025-04-30': -1.67, '2025-05-31': 1.25, '2025-06-30': -2.31, '2025-07-31': -1.02, '2025-08-31': 0.39, '2025-09-30': 1.82, '2025-10-31': -3.05, '2025-11-30': 0.49, '2025-12-31': -0.09}",8.581
S30e_Weekend_Gap_Fade,APT_USDT_USDT,30m,-35.42,-12.8,-1.4712,-2.8555,-0.3224,-39.7,318,0.7093,55.28,-11.0013,322,-0.2904,48.5584,84.6238,0.5738,13,5,5.86,-8.42,28.95,"{'2022-11-30': -4.25, '2022-12-31': -3.17, '2023-01-31': -1.8, '2023-02-28': -1.95, '2023-03-31': -1.59, '2023-04-30': 5.86, '2023-05-31': -2.41, '2023-06-30': -0.28, '2023-07-31': -1.68, '2023-08-31': 1.53, '2023-09-30': -1.03, '2023-10-31': -5.63, '2023-11-30': 0.11, '2023-12-31': -3.84, '2024-01-31': -0.77, '2024-02-29': -2.04, '2024-03-31': -1.21, '2024-04-30': -0.62, '2024-05-31': -2.1, '2024-06-30': -3.25, '2024-07-31': -0.33, '2024-08-31': 0.04, '2024-09-30': -6.34, '2024-10-31': -1.27, '2024-11-30': 4.5, '2024-12-31': 3.16, '2025-01-31': -8.42, '2025-02-28': -2.96, '2025-03-31': -0.1, '2025-04-30': -1.66, '2025-05-31': -2.64, '2025-06-30': 2.43, '2025-07-31': 0.93, '2025-08-31': 2.9, '2025-09-30': 0.37, '2025-10-31': -0.8, '2025-11-30': -2.4, '2025-12-31': 0.33}",8.385
S30e_Weekend_Gap_Fade,FIL_USDT_USDT,30m,-48.09,-15.15,-1.365,-2.428,-0.3101,-48.85,434,0.6907,54.38,-11.0817,434,-0.2543,45.5041,78.5275,0.5795,10,6,3.13,-7.2,25.53,"{'2022-02-28': -0.39, '2022-03-31': -2.38, '2022-04-30': -0.49, '2022-05-31': 1.19, '2022-06-30': 0.14, '2022-07-31': -0.62, '2022-08-31': -4.21, '2022-09-30': 0.46, '2022-10-31': -3.54, '2022-11-30': -1.79, '2022-12-31': -1.76, '2023-01-31': -1.63, '2023-02-28': 2.39, '2023-03-31': -1.25, '2023-04-30': 0.45, '2023-05-31': -3.94, '2023-06-30': -5.1, '2023-07-31': -0.79, '2023-08-31': -1.98, '2023-09-30': -0.55, '2023-10-31': -0.07, '2023-11-30': -3.16, '2023-12-31': 3.13, '2024-01-31': -1.64, '2024-02-29': -2.02, '2024-03-31': -5.48, '2024-04-30': -1.78, '2024-05-31': -1.46, '2024-06-30': -2.64, '2024-07-31': -1.73, '2024-08-31': -1.77, '2024-09-30': -7.2, '2024-10-31': 2.27, '2024-11-30': 1.61, '2024-12-31': -3.1, '2025-01-31': -4.64, '2025-02-28': -1.47, '2025-03-31': -1.23, '2025-04-30': 0.69, '2025-05-31': 1.69, '2025-06-30': -0.41, '2025-07-31': -5.14, '2025-08-31': -0.74, '2025-09-30': 0.66, '2025-10-31': -1.38, '2025-11-30': -0.4, '2025-12-31': 0.38}",9.049
S30e_Weekend_Gap_Fade,INJ_USDT_USDT,30m,-37.74,-13.14,-1.1099,-2.4117,-0.3283,-40.03,358,0.713,54.87,-10.513,359,-0.2413,47.6055,81.1879,0.5864,11,8,3.61,-7.63,30.0,"{'2022-09-30': -1.19, '2022-10-31': -3.09, '2022-11-30': -3.85, '2022-12-31': 3.61, '2023-01-31': -6.39, '2023-02-28': 3.06, '2023-03-31': -6.76, '2023-04-30': -0.77, '2023-05-31': -3.31, '2023-06-30': -1.6, '2023-07-31': -2.05, '2023-08-31': 3.31, '2023-09-30': -1.34, '2023-10-31': -5.29, '2023-11-30': -1.87, '2023-12-31': 3.25, '2024-01-31': 1.68, '2024-02-29': -5.28, '2024-03-31': -1.22, '2024-04-30': 2.16, '2024-05-31': -3.05, '2024-06-30': -0.75, '2024-07-31': -3.8, '2024-08-31': 1.93, '2024-09-30': -0.35, '2024-10-31': 0.94, '2024-11-30': -0.04, '2024-12-31': 2.73, '2025-01-31': -7.63, '2025-02-28': -1.57, '2025-03-31': -0.28, '2025-04-30': -4.35, '2025-05-31': 0.84, '2025-06-30': -0.06, '2025-07-31': -1.24, '2025-08-31': -0.2, '2025-09-30': -1.57, '2025-10-31': 2.12, '2025-11-30': 1.18, '2025-12-31': -0.82}",8.87
S30e_Weekend_Gap_Fade,TRX_USDT_USDT,30m,-53.26,-17.35,-2.7058,-4.1104,-0.3176,-54.63,404,0.5378,55.9,-12.5618,424,-0.2191,26.1478,61.6215,0.4243,11,5,2.86,-8.07,17.02,"{'2022-02-28': 2.86, '2022-03-31': -0.07, '2022-04-30': -1.91, '2022-05-31': -3.11, '2022-06-30': 0.21, '2022-07-31': -0.12, '2022-08-31': -0.08, '2022-09-30': -0.02, '2022-10-31': 0.08, '2022-11-30': -2.64, '2022-12-31': -0.93, '2023-01-31': -1.28, '2023-02-28': -1.63, '2023-03-31': -3.41, '2023-04-30': -1.51, '2023-05-31': -4.48, '2023-06-30': -2.27, '2023-07-31': -3.29, '2023-08-31': -1.25, '2023-09-30': 0.84, '2023-10-31': -1.5, '2023-11-30': -0.0, '2023-12-31': 0.27, '2024-01-31': -3.35, '2024-02-29': -1.76, '2024-03-31': -2.54, '2024-04-30': -1.25, '2024-05-31': -1.88, '2024-06-30': -1.32, '2024-07-31': -3.06, '2024-08-31': -0.78, '2024-09-30': -0.48, '2024-10-31': -1.15, '2024-11-30': -4.09, '2024-12-31': 1.14, '2025-01-31': -8.07, '2025-02-28': -1.36, '2025-03-31': -3.3, '2025-04-30': -2.79, '2025-05-31': -2.58, '2025-06-30': -0.58, '2025-07-31': -4.39, '2025-08-31': -1.66, '2025-09-30': 0.67, '2025-10-31': -1.66, '2025-11-30': 0.04, '2025-12-31': -1.18}",8.84
S30e_Weekend_Gap_Fade,ETC_USDT_USDT,30m,-60.55,-20.79,-2.3376,-4.4102,-0.3343,-62.19,429,0.5538,52.18,-13.92,435,-0.3479,33.1033,65.2386,0.5074,9,9,3.24,-7.58,25.53,"{'2022-02-28': -2.69, '2022-03-31': -3.04, '2022-04-30': -5.29, '2022-05-31': -7.1, '2022-06-30': -3.02, '2022-07-31': -2.15, '2022-08-31': 1.02, '2022-09-30': -4.03, '2022-10-31': -1.7, '2022-11-30': -2.91, '2022-12-31': 2.42, '2023-01-31': -6.25, '2023-02-28': 1.51, '2023-03-31': -4.28, '2023-04-30': -2.12, '2023-05-31': -5.23, '2023-06-30': -1.36, '2023-07-31': -0.81, '2023-08-31': -1.15, '2023-09-30': 0.47, '2023-10-31': -4.79, '2023-11-30': 0.39, '2023-12-31': -5.35, '2024-01-31': -1.78, '2024-02-29': 0.75, '2024-03-31': -4.52, '2024-04-30': 1.73, '2024-05-31': 0.04, '2024-06-30': -0.75, '2024-07-31': -2.24, '2024-08-31': -1.98, '2024-09-30': -7.11, '2024-10-31': 0.35, '2024-11-30': 0.14, '2024-12-31': -2.64, '2025-01-31': -7.58, '2025-02-28': -2.11, '2025-03-31': -2.46, '2025-04-30': -1.98, '2025-05-31': -0.66, '2025-06-30': 0.38, '2025-07-31': -0.75, '2025-08-31': -1.47, '2025-09-30': -0.15, '2025-10-31': -1.48, '2025-11-30': 3.24, '2025-12-31': -0.45}",9.069
S30e_Weekend_Gap_Fade,XLM_USDT_USDT,30m,-56.32,-18.74,-1.792,-2.6793,-0.3245,-57.75,423,0.5819,54.25,-13.2824,424,-0.2775,34.0815,69.4355,0.4908,8,6,3.36,-7.41,29.79,"{'2022-02-28': -1.32, '2022-03-31': -1.83, '2022-04-30': -6.55, '2022-05-31': -5.9, '2022-06-30': 0.08, '2022-07-31': -0.83, '2022-08-31': -2.11, '2022-09-30': 0.46, '2022-10-31': 3.36, '2022-11-30': -6.77, '2022-12-31': -0.75, '2023-01-31': -3.68, '2023-02-28': -2.72, '2023-03-31': -5.63, '2023-04-30': -2.05, '2023-05-31': 0.07, '2023-06-30': 0.41, '2023-07-31': -2.03, '2023-08-31': -3.18, '2023-09-30': -1.57, '2023-10-31': -0.49, '2023-11-30': -0.93, '2023-12-31': -2.37, '2024-01-31': 1.49, '2024-02-29': -0.73, '2024-03-31': -2.96, '2024-04-30': 0.46, '2024-05-31': -2.23, '2024-06-30': -2.1, '2024-07-31': 1.9, '2024-08-31': -1.1, '2024-09-30': -4.1, '2024-10-31': 0.13, '2024-11-30': 1.46, '2024-12-31': -1.86, '2025-01-31': -7.41, '2025-02-28': -2.59, '2025-03-31': -1.24, '2025-04-30': -4.44, '2025-05-31': -1.3, '2025-06-30': 1.37, '2025-07-31': -5.26, '2025-08-31': -1.99, '2025-09-30': -4.37, '2025-10-31': 0.19, '2025-11-30': 1.2, '2025-12-31': 1.32}",8.84
S30e_Weekend_Gap_Fade,RUNE_USDT_USDT,30m,-52.1,-16.91,-1.7662,-3.1523,-0.2959,-57.14,408,0.6398,53.32,-12.3453,422,-0.3298,41.1197,73.4094,0.5601,12,7,3.49,-7.48,23.4,"{'2022-02-28': 1.99, '2022-03-31': -3.44, '2022-04-30': -1.35, '2022-05-31': -3.1, '2022-06-30': -0.77, '2022-07-31': -2.89, '2022-08-31': -3.42, '2022-09-30': -3.12, '2022-10-31': -1.54, '2022-11-30': 0.59, '2022-12-31': 2.18, '2023-01-31': -5.65, '2023-02-28': 3.49, '2023-03-31': -0.88, '2023-04-30': -0.39, '2023-05-31': -3.31, '2023-06-30': -1.79, '2023-07-31': -3.44, '2023-08-31': -1.38, '2023-09-30': -5.65, '2023-10-31': -3.04, '2023-11-30': 0.13, '2023-12-31': -1.18, '2024-01-31': -3.88, '2024-02-29': -1.85, '2024-03-31': -1.49, '2024-04-30': -2.37, '2024-05-31': -2.0, '2024-06-30': -4.23, '2024-07-31': -4.6, '2024-08-31': 0.08, '2024-09-30': -4.81, '2024-10-31': -1.79, '2024-11-30': -1.83, '2024-12-31': 0.32, '2025-01-31': -2.31, '2025-02-28': -7.48, '2025-03-31': -2.27, '2025-04-30': -0.37, '2025-05-31': -0.13, '2025-06-30': 2.52, '2025-07-31': 3.38, '2025-08-31': 3.43, '2025-09-30': -1.65, '2025-10-31': 2.17, '2025-11-30': -0.42, '2025-12-31': -0.92}",8.798
S30e_Weekend_Gap_Fade,AAVE_USDT_USDT,30m,-63.03,-22.06,-2.0299,-4.499,-0.3476,-63.47,414,0.5379,49.16,-15.1873,415,-0.3614,35.9568,64.6347,0.5563,10,9,3.05,-6.65,14.89,"{'2022-02-28': -3.69, '2022-03-31': -3.21, '2022-04-30': -6.65, '2022-05-31': -2.92, '2022-06-30': -2.13, '2022-07-31': 3.05, '2022-08-31': 1.09, '2022-09-30': -3.44, '2022-10-31': -3.69, '2022-11-30': -2.28, '2022-12-31': -3.0, '2023-01-31': -1.1, '2023-02-28': -1.34, '2023-03-31': -3.73, '2023-04-30': -0.57, '2023-05-31': -5.94, '2023-06-30': -2.33, '2023-07-31': -4.6, '2023-08-31': -2.31, '2023-09-30': -4.12, '2023-10-31': -4.7, '2023-11-30': 0.37, '2023-12-31': -2.44, '2024-01-31': -2.25, '2024-02-29': -5.37, '2024-03-31': -0.52, '2024-04-30': -1.3, '2024-05-31': -4.1, '2024-06-30': -3.09, '2024-07-31': -2.28, '2024-08-31': -1.24, '2024-09-30': -4.28, '2024-10-31': -3.14, '2024-11-30': 1.93, '2024-12-31': -1.56, '2025-01-31': -2.05, '2025-02-28': 1.05, '2025-03-31': -1.61, '2025-04-30': -2.73, '2025-05-31': -0.16, '2025-06-30': 0.62, '2025-07-31': -1.19, '2025-08-31': 2.93, '2025-09-30': -0.65, '2025-10-31': -0.27, '2025-11-30': -1.69, '2025-12-31': -4.28}",8.652
S30e_Weekend_Gap_Fade,LDO_USDT_USDT,30m,-42.93,-15.05,-1.3504,-2.6216,-0.3393,-44.35,352,0.6942,53.8,-11.6669,368,-0.2759,49.2198,82.582,0.596,7,7,3.81,-9.07,41.46,"{'2022-08-31': 1.39, '2022-09-30': 0.11, '2022-10-31': -2.31, '2022-11-30': -9.07, '2022-12-31': 0.12, '2023-01-31': -2.82, '2023-02-28': 3.81, '2023-03-31': 0.93, '2023-04-30': -0.03, '2023-05-31': -4.98, '2023-06-30': -3.87, '2023-07-31': 1.61, '2023-08-31': 1.51, '2023-09-30': 1.05, '2023-10-31': -2.36, '2023-11-30': 0.14, '2023-12-31': -4.93, '2024-01-31': -2.59, '2024-02-29': -3.34, '2024-03-31': -4.01, '2024-04-30': -2.32, '2024-05-31': 0.87, '2024-06-30': -1.45, '2024-07-31': 0.43, '2024-08-31': -1.99, '2024-09-30': -6.03, '2024-10-31': 1.12, '2024-11-30': 1.7, '2024-12-31': 1.95, '2025-01-31': -1.3, '2025-02-28': -1.84, '2025-03-31': -3.22, '2025-04-30': -3.33, '2025-05-31': 0.21, '2025-06-30': 0.22, '2025-07-31': -3.39, '2025-08-31': -2.48, '2025-09-30': -1.96, '2025-10-31': -0.21, '2025-11-30': 0.83, '2025-12-31': -0.78}",8.897
S30e_Weekend_Gap_Fade,SAND_USDT_USDT,30m,-52.71,-17.1,-1.9639,-2.9119,-0.3197,-53.48,416,0.6156,53.22,-12.5791,419,-0.3791,37.8569,69.9629,0.5411,7,7,3.57,-6.62,25.53,"{'2022-02-28': -1.53, '2022-03-31': -4.1, '2022-04-30': -1.33, '2022-05-31': -4.16, '2022-06-30': -1.06, '2022-07-31': -0.05, '2022-08-31': -4.12, '2022-09-30': -2.87, '2022-10-31': -3.55, '2022-11-30': -5.15, '2022-12-31': -0.16, '2023-01-31': -3.5, '2023-02-28': -1.8, '2023-03-31': -6.53, '2023-04-30': 3.57, '2023-05-31': -3.24, '2023-06-30': -1.16, '2023-07-31': 0.39, '2023-08-31': -0.95, '2023-09-30': -1.59, '2023-10-31': -3.39, '2023-11-30': -5.09, '2023-12-31': 0.12, '2024-01-31': -3.91, '2024-02-29': -3.12, '2024-03-31': -0.79, '2024-04-30': 1.6, '2024-05-31': -0.48, '2024-06-30': -1.53, '2024-07-31': 1.57, '2024-08-31': -0.09, '2024-09-30': -5.58, '2024-10-31': -1.68, '2024-11-30': -0.41, '2024-12-31': 2.96, '2025-01-31': -6.62, '2025-02-28': 0.28, '2025-03-31': -1.06, '2025-04-30': -1.9, '2025-05-31': 1.77, '2025-06-30': 0.69, '2025-07-31': -3.49, '2025-08-31': 0.91, '2025-09-30': 0.59, '2025-10-31': -0.2, '2025-11-30': 0.98, '2025-12-31': -1.39}",8.736
S30e_Weekend_Gap_Fade,MANA_USDT_USDT,30m,-52.75,-17.12,-1.8749,-3.1604,-0.3185,-53.76,429,0.6258,53.61,-12.2952,429,-0.3311,38.3554,70.8362,0.5415,8,7,2.95,-8.11,27.66,"{'2022-02-28': -3.54, '2022-03-31': -3.5, '2022-04-30': -3.47, '2022-05-31': -3.5, '2022-06-30': -2.18, '2022-07-31': 2.1, '2022-08-31': -4.26, '2022-09-30': -3.13, '2022-10-31': -1.71, '2022-11-30': -2.83, '2022-12-31': -0.26, '2023-01-31': -0.89, '2023-02-28': -2.43, '2023-03-31': -2.4, '2023-04-30': 2.95, '2023-05-31': -3.1, '2023-06-30': -0.16, '2023-07-31': 2.48, '2023-08-31': -2.12, '2023-09-30': -0.49, '2023-10-31': -4.52, '2023-11-30': -2.57, '2023-12-31': 0.12, '2024-01-31': -2.23, '2024-02-29': -4.94, '2024-03-31': -0.81, '2024-04-30': 0.16, '2024-05-31': -2.13, '2024-06-30': 0.59, '2024-07-31': 0.17, '2024-08-31': -1.32, '2024-09-30': -8.11, '2024-10-31': -1.06, '2024-11-30': 0.59, '2024-12-31': -1.33, '2025-01-31': -5.85, '2025-02-28': 0.8, '2025-03-31': -0.46, '2025-04-30': -4.32, '2025-05-31': 1.74, '2025-06-30': 1.38, '2025-07-31': -2.87, '2025-08-31': 1.5, '2025-09-30': -0.97, '2025-10-31': 0.96, '2025-11-30': -0.74, '2025-12-31': -0.26}",8.944
S30e_Weekend_Gap_Fade,CRV_USDT_USDT,30m,-39.95,-12.0,-1.4552,-3.0404,-0.2883,-41.63,416,0.7268,55.53,-9.6046,416,-0.2998,46.0255,79.067,0.5821,8,5,3.69,-4.81,29.79,"{'2022-02-28': -3.24, '2022-03-31': -4.81, '2022-04-30': 3.69, '2022-05-31': -2.25, '2022-06-30': -3.9, '2022-07-31': -1.16, '2022-08-31': -3.77, '2022-09-30': -2.72, '2022-10-31': -2.09, '2022-11-30': -0.24, '2022-12-31': 1.7, '2023-01-31': -3.11, '2023-02-28': 1.1, '2023-03-31': 0.02, '2023-04-30': -0.84, '2023-05-31': -1.04, '2023-06-30': -2.7, '2023-07-31': -2.37, '2023-08-31': -0.36, '2023-09-30': -0.27, '2023-10-31': -2.54, '2023-11-30': -1.65, '2023-12-31': -1.04, '2024-01-31': -2.29, '2024-02-29': 3.14, '2024-03-31': -4.58, '2024-04-30': -1.4, '2024-05-31': 1.19, '2024-06-30': -0.22, '2024-07-31': 1.22, '2024-08-31': -0.48, '2024-09-30': -4.8, '2024-10-31': 1.24, '2024-11-30': 1.59, '2024-12-31': -1.08, '2025-01-31': -3.55, '2025-02-28': -2.83, '2025-03-31': 0.25, '2025-04-30': -0.84, '2025-05-31': 1.22, '2025-06-30': -0.23, '2025-07-31': 2.96, '2025-08-31': -0.0, '2025-09-30': 0.35, '2025-10-31': -2.94, '2025-11-30': -1.64, '2025-12-31': 1.1}",8.673
S30e_Weekend_Gap_Fade,GALA_USDT_USDT,30m,-34.68,-10.12,-0.8185,-1.6447,-0.2566,-39.44,379,0.7567,56.3,-8.9146,389,-0.1914,49.2347,83.8245,0.5874,9,8,4.79,-7.31,31.91,"{'2022-02-28': -1.02, '2022-03-31': -2.62, '2022-04-30': 0.97, '2022-05-31': -5.11, '2022-06-30': -0.44, '2022-07-31': 1.17, '2022-08-31': -2.91, '2022-09-30': -4.71, '2022-10-31': -2.56, '2022-11-30': -1.08, '2022-12-31': 4.79, '2023-01-31': -0.83, '2023-02-28': 0.94, '2023-03-31': 1.92, '2023-04-30': -2.88, '2023-05-31': -2.46, '2023-06-30': 0.53, '2023-07-31': -1.34, '2023-08-31': 1.93, '2023-09-30': -0.7, '2023-10-31': -2.17, '2023-11-30': -0.45, '2023-12-31': -2.13, '2024-01-31': -1.4, '2024-02-29': -4.21, '2024-03-31': -3.5, '2024-04-30': 3.72, '2024-05-31': -0.24, '2024-06-30': -3.56, '2024-07-31': -2.42, '2024-08-31': -0.48, '2024-09-30': -3.1, '2024-10-31': -2.38, '2024-11-30': 1.05, '2024-12-31': 1.58, '2025-01-31': -7.31, '2025-02-28': -1.42, '2025-03-31': -0.55, '2025-04-30': -0.49, '2025-05-31': 1.94, '2025-06-30': 0.16, '2025-07-31': -1.08, '2025-08-31': 2.84, '2025-09-30': 2.04, '2025-10-31': -0.7, '2025-11-30': 1.14, '2025-12-31': -0.19}",8.11
S30e_Weekend_Gap_Fade,APE_USDT_USDT,30m,-40.77,-12.93,-1.2019,-2.0531,-0.2766,-46.75,397,0.7095,54.91,-10.2689,397,-0.26,45.6819,78.4102,0.5826,10,5,3.95,-6.31,31.11,"{'2022-04-30': -0.07, '2022-05-31': 0.68, '2022-06-30': -3.99, '2022-07-31': 0.12, '2022-08-31': -1.04, '2022-09-30': -0.13, '2022-10-31': -3.72, '2022-11-30': -1.16, '2022-12-31': -1.61, '2023-01-31': -6.31, '2023-02-28': 0.96, '2023-03-31': -2.15, '2023-04-30': -0.11, '2023-05-31': -2.44, '2023-06-30': -4.18, '2023-07-31': 0.67, '2023-08-31': -0.34, '2023-09-30': -1.84, '2023-10-31': -3.49, '2023-11-30': -3.59, '2023-12-31': 2.18, '2024-01-31': -1.03, '2024-02-29': -4.76, '2024-03-31': 1.14, '2024-04-30': -1.67, '2024-05-31': -0.35, '2024-06-30': -4.22, '2024-07-31': -4.58, '2024-08-31': -1.67, '2024-09-30': -3.77, '2024-10-31': 0.87, '2024-11-30': 0.4, '2024-12-31': -0.61, '2025-01-31': -4.23, '2025-02-28': 0.47, '2025-03-31': -2.66, '2025-04-30': -0.55, '2025-05-31': 0.97, '2025-06-30': -0.92, '2025-07-31': 3.2, '2025-08-31': 2.54, '2025-09-30': 0.66, '2025-10-31': 3.95, '2025-11-30': -0.65, '2025-12-31': -0.56}",8.732
S30e_Weekend_Gap_Fade,AXS_USDT_USDT,30m,-51.9,-16.75,-1.8784,-3.2545,-0.3167,-52.89,417,0.6446,53.35,-12.4152,418,-0.3471,42.2034,74.8765,0.5636,7,6,3.55,-10.03,31.91,"{'2022-02-28': -1.18, '2022-03-31': 1.68, '2022-04-30': -3.57, '2022-05-31': -4.17, '2022-06-30': -0.7, '2022-07-31': 0.11, '2022-08-31': 1.02, '2022-09-30': -3.49, '2022-10-31': 1.75, '2022-11-30': -1.72, '2022-12-31': 1.6, '2023-01-31': -10.03, '2023-02-28': 0.9, '2023-03-31': -2.87, '2023-04-30': 3.55, '2023-05-31': -4.81, '2023-06-30': -1.22, '2023-07-31': -2.94, '2023-08-31': -2.18, '2023-09-30': -2.0, '2023-10-31': -3.94, '2023-11-30': -5.01, '2023-12-31': -2.61, '2024-01-31': -2.83, '2024-02-29': -2.61, '2024-03-31': 0.98, '2024-04-30': -0.79, '2024-05-31': -1.59, '2024-06-30': -1.43, '2024-07-31': -1.41, '2024-08-31': 0.02, '2024-09-30': -3.44, '2024-10-31': 0.15, '2024-11-30': 0.53, '2024-12-31': 0.36, '2025-01-31': -4.95, '2025-02-28': -4.18, '2025-03-31': -1.17, '2025-04-30': -3.3, '2025-05-31': 2.41, '2025-06-30': 0.61, '2025-07-31': -1.87, '2025-08-31': -0.86, '2025-09-30': -0.85, '2025-10-31': 0.9, '2025-11-30': -1.78, '2025-12-31': -0.12}",8.715
S30e_Weekend_Gap_Fade,GRT_USDT_USDT,30m,-43.28,-13.24,-1.7211,-3.3127,-0.2783,-47.58,388,0.6836,54.73,-11.0693,391,-0.3443,43.6933,77.2795,0.5654,8,6,3.27,-5.83,29.79,"{'2022-02-28': -0.98, '2022-03-31': -3.28, '2022-04-30': -3.99, '2022-05-31': -1.41, '2022-06-30': -0.37, '2022-07-31': 2.76, '2022-08-31': -2.97, '2022-09-30': 0.5, '2022-10-31': 1.57, '2022-11-30': -3.95, '2022-12-31': 3.27, '2023-01-31': -1.87, '2023-02-28': -4.85, '2023-03-31': -2.61, '2023-04-30': -1.92, '2023-05-31': -5.83, '2023-06-30': -1.34, '2023-07-31': 0.48, '2023-08-31': 2.47, '2023-09-30': -2.66, '2023-10-31': -5.48, '2023-11-30': 1.17, '2023-12-31': -1.01, '2024-01-31': -2.2, '2024-02-29': -3.38, '2024-03-31': -0.62, '2024-04-30': 0.91, '2024-05-31': -1.95, '2024-06-30': -4.22, '2024-07-31': -1.84, '2024-08-31': -0.6, '2024-09-30': -3.28, '2024-10-31': 0.4, '2024-11-30': -0.51, '2024-12-31': -3.07, '2025-01-31': -3.15, '2025-02-28': -1.99, '2025-03-31': -0.65, '2025-04-30': -0.44, '2025-05-31': 1.15, '2025-06-30': -0.58, '2025-07-31': -0.74, '2025-08-31': 0.88, '2025-09-30': 3.23, '2025-10-31': 0.25, '2025-11-30': 1.72, '2025-12-31': -0.35}",8.152
S30e_Weekend_Gap_Fade,CHZ_USDT_USDT,30m,-53.39,-17.4,-1.8869,-3.455,-0.3103,-56.07,407,0.6386,53.38,-12.4441,429,-0.3241,41.1978,73.864,0.5578,7,7,1.95,-5.54,17.02,"{'2022-02-28': -2.0, '2022-03-31': 1.95, '2022-04-30': -0.2, '2022-05-31': -2.59, '2022-06-30': -2.15, '2022-07-31': -3.82, '2022-08-31': -0.2, '2022-09-30': -2.17, '2022-10-31': -2.16, '2022-11-30': -2.63, '2022-12-31': -3.74, '2023-01-31': -3.98, '2023-02-28': -0.56, '2023-03-31': -0.68, '2023-04-30': -3.1, '2023-05-31': -5.54, '2023-06-30': -2.03, '2023-07-31': -0.99, '2023-08-31': 0.46, '2023-09-30': -2.44, '2023-10-31': -3.26, '2023-11-30': -1.75, '2023-12-31': -4.68, '2024-01-31': -1.48, '2024-02-29': -1.5, '2024-03-31': -4.6, '2024-04-30': 0.55, '2024-05-31': -1.39, '2024-06-30': -1.21, '2024-07-31': -1.37, '2024-08-31': 0.89, '2024-09-30': -4.45, '2024-10-31': -2.04, '2024-11-30': 0.48, '2024-12-31': 0.36, '2025-01-31': -2.54, '2025-02-28': -2.55, '2025-03-31': -0.12, '2025-04-30': -3.75, '2025-05-31': 0.96, '2025-06-30': -0.55, '2025-07-31': -2.38, '2025-08-31': -0.23, '2025-09-30': -1.33, '2025-10-31': 0.25, '2025-11-30': -0.82, '2025-12-31': -0.79}",8.944
S30e_Weekend_Gap_Fade,1000LUNC_USDT_USDT,30m,-42.73,-15.53,-1.4812,-2.3994,-0.3485,-44.56,335,0.6417,54.03,-12.7555,335,-0.3122,42.2741,77.4331,0.5459,10,9,5.12,-8.01,33.33,"{'2022-10-31': -0.39, '2022-11-30': -8.01, '2022-12-31': -2.08, '2023-01-31': -2.24, '2023-02-28': 5.12, '2023-03-31': -0.74, '2023-04-30': -0.79, '2023-05-31': -3.24, '2023-06-30': -3.2, '2023-07-31': -2.1, '2023-08-31': 0.02, '2023-09-30': 0.97, '2023-10-31': -3.59, '2023-11-30': -0.1, '2023-12-31': -3.87, '2024-01-31': -3.31, '2024-02-29': -2.63, '2024-03-31': -5.91, '2024-04-30': -3.4, '2024-05-31': -5.68, '2024-06-30': 2.08, '2024-07-31': -1.8, '2024-08-31': 0.82, '2024-09-30': -1.12, '2024-10-31': -0.31, '2024-11-30': 1.67, '2024-12-31': -0.63, '2025-01-31': -6.05, '2025-02-28': -4.14, '2025-03-31': 3.62, '2025-04-30': -0.52, '2025-05-31': 1.13, '2025-06-30': 0.36, '2025-07-31': 1.48, '2025-08-31': -1.93, '2025-09-30': -1.95, '2025-10-31': 0.19, '2025-11-30': 0.49, '2025-12-31': 0.5}",8.435
S30e_Weekend_Gap_Fade,TWT_USDT_USDT,30m,-22.42,-7.84,-0.6029,-1.1341,-0.3172,-24.72,240,0.8072,59.12,-7.5738,296,-0.1001,53.6325,96.0953,0.5581,7,5,1.85,-5.81,45.95,"{'2022-12-31': 0.47, '2023-01-31': 0.91, '2023-02-28': 0.07, '2023-03-31': 0.48, '2023-04-30': -0.29, '2023-05-31': 1.35, '2023-06-30': -2.39, '2023-07-31': 1.26, '2023-08-31': -0.85, '2023-09-30': -3.64, '2023-10-31': 0.31, '2023-11-30': -0.21, '2023-12-31': -3.89, '2024-01-31': -0.64, '2024-02-29': -0.22, '2024-03-31': -1.21, '2024-04-30': -1.93, '2024-05-31': 0.65, '2024-06-30': -5.81, '2024-07-31': -0.27, '2024-08-31': 1.45, '2024-09-30': 0.02, '2024-10-31': -1.83, '2024-11-30': 1.85, '2024-12-31': 0.81, '2025-01-31': 1.66, '2025-02-28': -2.39, '2025-03-31': -1.99, '2025-04-30': -3.55, '2025-05-31': 1.36, '2025-06-30': -0.7, '2025-07-31': -3.74, '2025-08-31': -1.0, '2025-09-30': 0.59, '2025-10-31': 0.86, '2025-11-30': 1.48, '2025-12-31': -1.91}",7.911
S30e_Weekend_Gap_Fade,ZRX_USDT_USDT,30m,-49.93,-16.83,-1.6167,-2.8123,-0.3253,-51.74,393,0.6274,53.69,-12.7058,393,-0.2842,39.8405,73.6248,0.5411,10,8,5.05,-7.27,31.11,"{'2022-04-30': -6.45, '2022-05-31': 0.63, '2022-06-30': -4.14, '2022-07-31': -1.96, '2022-08-31': 2.73, '2022-09-30': -5.69, '2022-10-31': -4.31, '2022-11-30': -2.36, '2022-12-31': 5.05, '2023-01-31': -6.55, '2023-02-28': 3.94, '2023-03-31': -2.27, '2023-04-30': -0.51, '2023-05-31': -6.22, '2023-06-30': -0.9, '2023-07-31': -1.49, '2023-08-31': 0.57, '2023-09-30': -2.17, '2023-10-31': 0.63, '2023-11-30': -1.2, '2023-12-31': -0.56, '2024-01-31': -0.93, '2024-02-29': -4.8, '2024-03-31': -2.49, '2024-04-30': -2.97, '2024-05-31': -1.58, '2024-06-30': -1.0, '2024-07-31': -5.22, '2024-08-31': -1.22, '2024-09-30': -7.27, '2024-10-31': -4.1, '2024-11-30': 0.51, '2024-12-31': 1.48, '2025-01-31': -1.97, '2025-02-28': -0.3, '2025-03-31': -0.47, '2025-04-30': 0.75, '2025-05-31': 1.0, '2025-06-30': 0.63, '2025-07-31': -3.59, '2025-08-31': -2.94, '2025-09-30': 0.12, '2025-10-31': 2.49, '2025-11-30': 1.04, '2025-12-31': -0.87}",8.707
S30e_Weekend_Gap_Fade,ANKR_USDT_USDT,30m,-36.12,-10.62,-1.0041,-1.9979,-0.2761,-38.46,445,0.7733,57.98,-8.1176,445,-0.1645,47.7516,85.1991,0.5605,9,7,2.78,-6.55,36.17,"{'2022-02-28': -0.83, '2022-03-31': -1.95, '2022-04-30': -1.84, '2022-05-31': -2.71, '2022-06-30': -3.26, '2022-07-31': 2.78, '2022-08-31': -0.61, '2022-09-30': -1.17, '2022-10-31': 0.62, '2022-11-30': -3.17, '2022-12-31': 0.85, '2023-01-31': -0.62, '2023-02-28': 0.53, '2023-03-31': -1.63, '2023-04-30': 2.14, '2023-05-31': -3.62, '2023-06-30': -0.18, '2023-07-31': -1.14, '2023-08-31': 0.12, '2023-09-30': 1.29, '2023-10-31': -4.81, '2023-11-30': -0.74, '2023-12-31': -0.81, '2024-01-31': -1.67, '2024-02-29': -1.01, '2024-03-31': -1.82, '2024-04-30': 0.85, '2024-05-31': -2.54, '2024-06-30': -0.27, '2024-07-31': -1.48, '2024-08-31': -0.03, '2024-09-30': -6.55, '2024-10-31': -2.65, '2024-11-30': 1.52, '2024-12-31': 0.24, '2025-01-31': -4.99, '2025-02-28': -1.16, '2025-03-31': -2.27, '2025-04-30': 0.66, '2025-05-31': 1.03, '2025-06-30': 1.73, '2025-07-31': -3.57, '2025-08-31': 1.11, '2025-09-30': 0.83, '2025-10-31': 0.82, '2025-11-30': 1.04, '2025-12-31': -0.88}",9.278
S30e_Weekend_Gap_Fade,STX_USDT_USDT,30m,-52.99,-17.23,-1.8833,-3.1977,-0.3135,-54.96,423,0.6167,53.04,-12.382,428,-0.3617,37.5678,68.7929,0.5461,11,6,3.89,-7.2,25.53,"{'2022-02-28': -5.11, '2022-03-31': -5.58, '2022-04-30': -7.2, '2022-05-31': -2.58, '2022-06-30': -1.11, '2022-07-31': 1.6, '2022-08-31': -1.92, '2022-09-30': -4.57, '2022-10-31': -1.11, '2022-11-30': -6.34, '2022-12-31': 2.48, '2023-01-31': -4.52, '2023-02-28': -2.69, '2023-03-31': -3.75, '2023-04-30': -2.71, '2023-05-31': -3.05, '2023-06-30': -1.19, '2023-07-31': -3.76, '2023-08-31': 2.73, '2023-09-30': -0.47, '2023-10-31': -3.45, '2023-11-30': -0.03, '2023-12-31': -1.86, '2024-01-31': 0.18, '2024-02-29': -3.41, '2024-03-31': 2.93, '2024-04-30': -0.64, '2024-05-31': -0.91, '2024-06-30': 1.44, '2024-07-31': -4.47, '2024-08-31': -1.21, '2024-09-30': -5.85, '2024-10-31': 3.89, '2024-11-30': -1.83, '2024-12-31': -0.67, '2025-01-31': -3.9, '2025-02-28': 0.53, '2025-03-31': -2.32, '2025-04-30': -1.63, '2025-05-31': 0.07, '2025-06-30': 2.11, '2025-07-31': -0.5, '2025-08-31': 1.52, '2025-09-30': -2.12, '2025-10-31': 0.97, '2025-11-30': -1.37, '2025-12-31': -0.82}",8.924
S30e_Weekend_Gap_Fade,EGLD_USDT_USDT,30m,-50.28,-16.06,-1.6555,-3.4384,-0.3001,-53.51,397,0.6549,54.22,-12.1146,415,-0.2727,42.3981,76.6691,0.553,8,8,3.81,-6.37,25.53,"{'2022-02-28': 0.82, '2022-03-31': -0.74, '2022-04-30': -1.96, '2022-05-31': -3.38, '2022-06-30': -2.05, '2022-07-31': 2.92, '2022-08-31': -3.89, '2022-09-30': -2.09, '2022-10-31': -1.93, '2022-11-30': -6.37, '2022-12-31': 1.45, '2023-01-31': -1.3, '2023-02-28': 3.81, '2023-03-31': -0.72, '2023-04-30': -3.25, '2023-05-31': -1.68, '2023-06-30': -2.31, '2023-07-31': -0.3, '2023-08-31': 0.27, '2023-09-30': -5.33, '2023-10-31': -4.23, '2023-11-30': 1.18, '2023-12-31': -0.85, '2024-01-31': -2.66, '2024-02-29': -3.8, '2024-03-31': -2.5, '2024-04-30': -3.12, '2024-05-31': -3.81, '2024-06-30': 0.19, '2024-07-31': -2.69, '2024-08-31': -1.7, '2024-09-30': -4.43, '2024-10-31': -2.14, '2024-11-30': -0.15, '2024-12-31': 3.22, '2025-01-31': -3.2, '2025-02-28': -3.46, '2025-03-31': -5.05, '2025-04-30': -0.79, '2025-05-31': 2.15, '2025-06-30': -1.19, '2025-07-31': -1.32, '2025-08-31': -1.5, '2025-09-30': -0.27, '2025-10-31': 2.59, '2025-11-30': 0.92, '2025-12-31': 0.36}",8.652
S30e_Weekend_Gap_Fade,MINA_USDT_USDT,30m,-48.66,-16.38,-1.6976,-3.3754,-0.3157,-51.88,349,0.6584,53.44,-12.3817,393,-0.3295,44.6546,77.8332,0.5737,6,6,2.68,-7.34,34.09,"{'2022-05-31': -0.15, '2022-06-30': 0.25, '2022-07-31': 2.44, '2022-08-31': 0.18, '2022-09-30': 1.48, '2022-10-31': -1.38, '2022-11-30': -5.79, '2022-12-31': -0.91, '2023-01-31': -5.62, '2023-02-28': 2.68, '2023-03-31': -5.45, '2023-04-30': -1.44, '2023-05-31': -4.79, '2023-06-30': 0.77, '2023-07-31': -2.73, '2023-08-31': 0.4, '2023-09-30': 2.05, '2023-10-31': -3.78, '2023-11-30': -1.28, '2023-12-31': -2.63, '2024-01-31': -5.56, '2024-02-29': -2.78, '2024-03-31': 0.56, '2024-04-30': 0.54, '2024-05-31': -2.66, '2024-06-30': -7.34, '2024-07-31': -3.55, '2024-08-31': -0.65, '2024-09-30': -2.69, '2024-10-31': -2.35, '2024-11-30': -0.79, '2024-12-31': 1.43, '2025-01-31': -1.66, '2025-02-28': -4.14, '2025-03-31': -2.91, '2025-04-30': -4.41, '2025-05-31': 1.27, '2025-06-30': -1.03, '2025-07-31': 1.63, '2025-08-31': 0.98, '2025-09-30': -1.06, '2025-10-31': -0.73, '2025-11-30': 0.6, '2025-12-31': -0.22}",8.77
S30e_Weekend_Gap_Fade,ZEN_USDT_USDT,30m,-53.34,-17.39,-1.3038,-2.5751,-0.3162,-55.0,398,0.6223,51.87,-13.3028,401,-0.2715,42.2595,73.1835,0.5774,10,8,6.22,-6.48,27.66,"{'2022-02-28': -2.69, '2022-03-31': -2.91, '2022-04-30': -2.66, '2022-05-31': -2.98, '2022-06-30': -1.44, '2022-07-31': 1.2, '2022-08-31': -4.37, '2022-09-30': -4.43, '2022-10-31': -1.41, '2022-11-30': -0.38, '2022-12-31': -1.85, '2023-01-31': -3.7, '2023-02-28': 1.17, '2023-03-31': -5.06, '2023-04-30': -0.1, '2023-05-31': -5.11, '2023-06-30': -1.02, '2023-07-31': -0.39, '2023-08-31': -2.35, '2023-09-30': 0.13, '2023-10-31': -4.73, '2023-11-30': 1.11, '2023-12-31': -2.36, '2024-01-31': -1.23, '2024-02-29': -2.5, '2024-03-31': -1.87, '2024-04-30': -2.32, '2024-05-31': -2.02, '2024-06-30': -1.48, '2024-07-31': 0.54, '2024-08-31': 0.58, '2024-09-30': -3.46, '2024-10-31': -4.78, '2024-11-30': 0.24, '2024-12-31': -2.43, '2025-01-31': -6.37, '2025-02-28': -2.48, '2025-03-31': 6.22, '2025-04-30': -3.28, '2025-05-31': 0.12, '2025-06-30': -0.38, '2025-07-31': 0.5, '2025-08-31': 3.23, '2025-09-30': -6.48, '2025-10-31': 0.04, '2025-11-30': 1.11, '2025-12-31': -0.57}",8.361
S30e_Weekend_Gap_Fade,ALICE_USDT_USDT,30m,-40.01,-12.07,-1.4203,-2.9056,-0.2693,-44.82,388,0.708,54.99,-10.2337,391,-0.3056,45.1238,77.858,0.5796,8,6,3.94,-6.01,38.3,"{'2022-02-28': -3.18, '2022-03-31': -6.01, '2022-04-30': -0.44, '2022-05-31': -5.54, '2022-06-30': 0.28, '2022-07-31': 0.49, '2022-08-31': -1.92, '2022-09-30': -3.51, '2022-10-31': -3.23, '2022-11-30': -1.92, '2022-12-31': 2.02, '2023-01-31': -1.93, '2023-02-28': 3.94, '2023-03-31': -2.75, '2023-04-30': 1.55, '2023-05-31': -3.53, '2023-06-30': -2.45, '2023-07-31': 0.97, '2023-08-31': 1.47, '2023-09-30': 2.66, '2023-10-31': -2.24, '2023-11-30': -2.29, '2023-12-31': -1.05, '2024-01-31': -0.86, '2024-02-29': -4.53, '2024-03-31': 1.63, '2024-04-30': 0.46, '2024-05-31': -4.35, '2024-06-30': -2.4, '2024-07-31': -1.41, '2024-08-31': -2.23, '2024-09-30': -4.18, '2024-10-31': -1.3, '2024-11-30': 0.99, '2024-12-31': 0.38, '2025-01-31': -3.74, '2025-02-28': -0.28, '2025-03-31': -1.75, '2025-04-30': -2.25, '2025-05-31': 0.85, '2025-06-30': -1.01, '2025-07-31': 0.55, '2025-08-31': 3.47, '2025-09-30': 1.48, '2025-10-31': 0.63, '2025-11-30': -0.08, '2025-12-31': 0.48}",8.152
S30e_Weekend_Gap_Fade,JST_USDT_USDT,30m,-55.67,-19.1,-2.0717,-3.5188,-0.3389,-56.36,422,0.5492,54.25,-13.1301,424,-0.2175,29.4873,63.6559,0.4632,12,9,3.12,-8.83,17.39,"{'2022-03-31': -2.43, '2022-04-30': -4.56, '2022-05-31': -1.55, '2022-06-30': -0.05, '2022-07-31': -2.44, '2022-08-31': -0.65, '2022-09-30': -1.72, '2022-10-31': -0.72, '2022-11-30': -3.97, '2022-12-31': -2.3, '2023-01-31': -2.82, '2023-02-28': 1.19, '2023-03-31': -3.45, '2023-04-30': 1.57, '2023-05-31': -1.6, '2023-06-30': -1.27, '2023-07-31': 0.29, '2023-08-31': -0.91, '2023-09-30': -1.46, '2023-10-31': 0.3, '2023-11-30': -1.85, '2023-12-31': -3.18, '2024-01-31': -3.96, '2024-02-29': -0.93, '2024-03-31': -0.98, '2024-04-30': -3.14, '2024-05-31': -0.93, '2024-06-30': 2.05, '2024-07-31': -6.88, '2024-08-31': 0.04, '2024-09-30': -3.69, '2024-10-31': -1.22, '2024-11-30': -4.11, '2024-12-31': 0.9, '2025-01-31': -8.83, '2025-02-28': -2.01, '2025-03-31': -4.13, '2025-04-30': -0.95, '2025-05-31': -2.57, '2025-06-30': -0.45, '2025-07-31': -0.77, '2025-08-31': 3.12, '2025-09-30': -0.61, '2025-10-31': -2.42, '2025-11-30': -1.03, '2025-12-31': -3.09}",9.186
S30e_Weekend_Gap_Fade,SUN_USDT_USDT,30m,-33.55,-10.1,-0.3208,-0.504,-0.2599,-38.86,387,0.7417,60.31,-8.5361,393,-0.0478,40.6495,83.2603,0.4882,11,9,4.58,-9.44,30.43,"{'2022-03-31': -0.34, '2022-04-30': -3.35, '2022-05-31': -2.07, '2022-06-30': 0.81, '2022-07-31': -2.65, '2022-08-31': -1.18, '2022-09-30': -1.71, '2022-10-31': 4.58, '2022-11-30': -0.81, '2022-12-31': 0.65, '2023-01-31': -1.28, '2023-02-28': 2.99, '2023-03-31': -2.58, '2023-04-30': -2.77, '2023-05-31': 0.15, '2023-06-30': -1.73, '2023-07-31': -0.44, '2023-08-31': -0.73, '2023-09-30': 0.7, '2023-10-31': -1.21, '2023-11-30': 3.8, '2023-12-31': -1.29, '2024-01-31': -1.85, '2024-02-29': -3.28, '2024-03-31': -1.91, '2024-04-30': -2.0, '2024-05-31': 1.18, '2024-06-30': -2.62, '2024-07-31': -3.74, '2024-08-31': 1.22, '2024-09-30': -3.91, '2024-10-31': -0.78, '2024-11-30': 1.99, '2024-12-31': -0.9, '2025-01-31': -9.44, '2025-02-28': -1.19, '2025-03-31': -1.55, '2025-04-30': -1.55, '2025-05-31': -2.73, '2025-06-30': -0.8, '2025-07-31': -0.92, '2025-08-31': 2.79, '2025-09-30': 1.4, '2025-10-31': -0.19, '2025-11-30': 0.62, '2025-12-31': 0.31}",8.515
S30e_Weekend_Gap_Fade,ONT_USDT_USDT,30m,-37.39,-12.32,-1.1286,-1.6774,-0.3098,-39.77,400,0.7331,57.86,-9.3252,401,-0.1843,44.2636,82.8909,0.534,10,6,3.93,-7.45,38.1,"{'2022-07-31': 2.06, '2022-08-31': -1.48, '2022-09-30': -1.36, '2022-10-31': -3.18, '2022-11-30': -1.0, '2022-12-31': 3.93, '2023-01-31': -2.21, '2023-02-28': 1.16, '2023-03-31': -4.56, '2023-04-30': -0.1, '2023-05-31': -7.45, '2023-06-30': 0.12, '2023-07-31': 1.05, '2023-08-31': -2.8, '2023-09-30': -3.82, '2023-10-31': -2.18, '2023-11-30': 0.81, '2023-12-31': 0.11, '2024-01-31': -1.21, '2024-02-29': -2.25, '2024-03-31': -1.91, '2024-04-30': 2.34, '2024-05-31': 0.12, '2024-06-30': -1.95, '2024-07-31': -3.61, '2024-08-31': -0.68, '2024-09-30': -6.03, '2024-10-31': -3.91, '2024-11-30': 1.52, '2024-12-31': -0.42, '2025-01-31': -2.45, '2025-02-28': 1.37, '2025-03-31': -1.72, '2025-04-30': 0.3, '2025-05-31': -0.08, '2025-06-30': 1.04, '2025-07-31': -0.77, '2025-08-31': -0.6, '2025-09-30': 1.02, '2025-10-31': 0.27, '2025-11-30': -2.2, '2025-12-31': 0.45}",9.361
S30e_Weekend_Gap_Fade,AGLD_USDT_USDT,30m,-35.0,-11.03,-0.8446,-1.3899,-0.2985,-36.95,371,0.7514,56.12,-9.309,376,-0.1924,50.1496,85.344,0.5876,7,5,2.49,-4.82,31.82,"{'2022-05-31': -0.15, '2022-06-30': -3.79, '2022-07-31': 0.8, '2022-08-31': -0.98, '2022-09-30': 0.06, '2022-10-31': 2.06, '2022-11-30': -0.94, '2022-12-31': 0.83, '2023-01-31': -2.1, '2023-02-28': -0.39, '2023-03-31': -1.11, '2023-04-30': -3.85, '2023-05-31': -1.55, '2023-06-30': -4.82, '2023-07-31': -1.53, '2023-08-31': 0.6, '2023-09-30': -2.89, '2023-10-31': -0.94, '2023-11-30': -2.2, '2023-12-31': 0.09, '2024-01-31': -0.67, '2024-02-29': 0.74, '2024-03-31': -3.98, '2024-04-30': -3.05, '2024-05-31': -4.15, '2024-06-30': 0.62, '2024-07-31': 0.43, '2024-08-31': -2.12, '2024-09-30': -0.51, '2024-10-31': 0.04, '2024-11-30': -0.33, '2024-12-31': 2.05, '2025-01-31': -2.49, '2025-02-28': -2.23, '2025-03-31': -0.64, '2025-04-30': -0.92, '2025-05-31': 2.49, '2025-06-30': -1.86, '2025-07-31': -0.14, '2025-08-31': -0.8, '2025-09-30': 0.27, '2025-10-31': -1.43, '2025-11-30': 1.7, '2025-12-31': -1.37}",8.484
S30e_Weekend_Gap_Fade,BTC_USDT_USDT,1H,-56.98,-19.05,-2.7967,-5.7343,-0.331,-57.55,283,0.4288,46.67,-19.9922,285,-0.3619,32.1625,65.6276,0.4901,5,5,0.58,-5.03,6.38,"{'2022-02-28': -0.28, '2022-03-31': -3.0, '2022-04-30': -2.18, '2022-05-31': -3.51, '2022-06-30': -3.19, '2022-07-31': -0.44, '2022-08-31': -1.46, '2022-09-30': -2.17, '2022-10-31': -0.78, '2022-11-30': -2.52, '2022-12-31': -0.82, '2023-01-31': -2.42, '2023-02-28': -2.39, '2023-03-31': -1.05, '2023-04-30': -2.25, '2023-05-31': -5.03, '2023-06-30': -0.74, '2023-07-31': -0.18, '2023-08-31': -1.76, '2023-09-30': -1.64, '2023-10-31': -2.24, '2023-11-30': -2.0, '2023-12-31': -3.11, '2024-01-31': -2.69, '2024-02-29': -0.16, '2024-03-31': -2.14, '2024-04-30': -2.2, '2024-05-31': 0.58, '2024-06-30': -2.7, '2024-07-31': -3.18, '2024-08-31': -1.88, '2024-09-30': -4.22, '2024-10-31': -2.55, '2024-11-30': -1.28, '2024-12-31': -0.53, '2025-01-31': -0.05, '2025-02-28': -1.92, '2025-03-31': -2.67, '2025-04-30': -1.29, '2025-05-31': -2.49, '2025-06-30': 0.1, '2025-07-31': -1.11, '2025-08-31': -1.73, '2025-09-30': -1.2, '2025-10-31': -1.66, '2025-11-30': 0.36, '2025-12-31': -1.75}",5.942
S30e_Weekend_Gap_Fade,ETH_USDT_USDT,1H,-55.23,-18.24,-2.4402,-4.9322,-0.3233,-56.42,264,0.4879,47.7,-19.5169,283,-0.4741,38.9854,72.8805,0.5349,5,7,2.07,-6.74,21.28,"{'2022-02-28': 1.23, '2022-03-31': -1.88, '2022-04-30': -3.1, '2022-05-31': -3.97, '2022-06-30': -2.45, '2022-07-31': -2.44, '2022-08-31': -4.55, '2022-09-30': -0.8, '2022-10-31': 1.31, '2022-11-30': -3.05, '2022-12-31': 0.39, '2023-01-31': -1.09, '2023-02-28': -5.28, '2023-03-31': 0.74, '2023-04-30': -2.18, '2023-05-31': -4.36, '2023-06-30': -2.07, '2023-07-31': -0.53, '2023-08-31': -0.28, '2023-09-30': -1.33, '2023-10-31': -2.89, '2023-11-30': -1.36, '2023-12-31': -4.27, '2024-01-31': -2.9, '2024-02-29': -2.13, '2024-03-31': -3.04, '2024-04-30': -0.15, '2024-05-31': -0.52, '2024-06-30': -3.23, '2024-07-31': -3.77, '2024-08-31': 0.81, '2024-09-30': -6.74, '2024-10-31': 0.05, '2024-11-30': -1.25, '2024-12-31': 0.35, '2025-01-31': -3.64, '2025-02-28': -1.89, '2025-03-31': -0.59, '2025-04-30': -1.41, '2025-05-31': -2.95, '2025-06-30': 1.43, '2025-07-31': -1.98, '2025-08-31': 2.07, '2025-09-30': 0.34, '2025-10-31': -1.98, '2025-11-30': -0.21, '2025-12-31': -0.79}",5.9
S30e_Weekend_Gap_Fade,SOL_USDT_USDT,1H,-43.85,-13.46,-1.632,-3.3801,-0.2931,-45.93,262,0.5878,49.24,-16.6112,264,-0.5165,48.0955,79.3864,0.6058,5,5,2.0,-6.21,31.91,"{'2022-02-28': -0.03, '2022-03-31': -4.55, '2022-04-30': -0.43, '2022-05-31': -4.74, '2022-06-30': 0.06, '2022-07-31': -0.73, '2022-08-31': 0.25, '2022-09-30': -2.12, '2022-10-31': -0.83, '2022-11-30': -2.39, '2022-12-31': 1.94, '2023-01-31': -1.08, '2023-02-28': -0.06, '2023-03-31': -1.13, '2023-04-30': -1.5, '2023-05-31': -6.21, '2023-06-30': -0.2, '2023-07-31': -1.86, '2023-08-31': 0.75, '2023-09-30': -0.32, '2023-10-31': -0.74, '2023-11-30': 1.39, '2023-12-31': -3.8, '2024-01-31': -2.79, '2024-02-29': 1.53, '2024-03-31': -5.16, '2024-04-30': -0.09, '2024-05-31': 0.23, '2024-06-30': -3.06, '2024-07-31': -3.92, '2024-08-31': 0.58, '2024-09-30': -2.38, '2024-10-31': -4.1, '2024-11-30': -0.42, '2024-12-31': -0.62, '2025-01-31': 0.67, '2025-02-28': -4.23, '2025-03-31': -2.15, '2025-04-30': -4.52, '2025-05-31': 0.16, '2025-06-30': 0.65, '2025-07-31': -1.32, '2025-08-31': 0.47, '2025-09-30': 1.46, '2025-10-31': 0.38, '2025-11-30': 2.0, '2025-12-31': -2.49}",5.504
S30e_Weekend_Gap_Fade,XRP_USDT_USDT,1H,-39.12,-11.69,-1.1058,-1.86,-0.2863,-40.83,250,0.6179,51.92,-15.0458,260,-0.289,46.8545,81.8981,0.5721,11,7,2.71,-6.58,27.66,"{'2022-02-28': -0.09, '2022-03-31': -0.27, '2022-04-30': -2.48, '2022-05-31': -1.25, '2022-06-30': -1.47, '2022-07-31': -0.15, '2022-08-31': 0.25, '2022-09-30': 1.61, '2022-10-31': -2.09, '2022-11-30': -6.58, '2022-12-31': -1.05, '2023-01-31': -3.57, '2023-02-28': -2.69, '2023-03-31': -0.18, '2023-04-30': -4.8, '2023-05-31': -4.3, '2023-06-30': -0.49, '2023-07-31': -0.51, '2023-08-31': 0.56, '2023-09-30': -4.37, '2023-10-31': -0.53, '2023-11-30': -0.43, '2023-12-31': -4.18, '2024-01-31': 0.81, '2024-02-29': 1.74, '2024-03-31': -1.91, '2024-04-30': -2.59, '2024-05-31': -0.0, '2024-06-30': -0.54, '2024-07-31': -2.31, '2024-08-31': -1.92, '2024-09-30': 2.11, '2024-10-31': 1.12, '2024-11-30': 2.01, '2024-12-31': -3.23, '2025-01-31': -1.61, '2025-02-28': -0.03, '2025-03-31': 0.61, '2025-04-30': -0.86, '2025-05-31': -1.1, '2025-06-30': 2.71, '2025-07-31': -2.96, '2025-08-31': 2.04, '2025-09-30': -4.36, '2025-10-31': 0.82, '2025-11-30': 1.36, '2025-12-31': -0.85}",5.421
S30e_Weekend_Gap_Fade,DOGE_USDT_USDT,1H,-43.3,-13.25,-1.4007,-2.1406,-0.2973,-44.57,264,0.5855,49.62,-16.401,264,-0.4613,46.6963,78.5494,0.5945,8,5,2.91,-4.66,27.66,"{'2022-02-28': -1.81, '2022-03-31': -3.55, '2022-04-30': -0.54, '2022-05-31': -1.84, '2022-06-30': -0.37, '2022-07-31': -1.07, '2022-08-31': 0.29, '2022-09-30': -1.45, '2022-10-31': -1.0, '2022-11-30': -2.37, '2022-12-31': -4.04, '2023-01-31': 0.09, '2023-02-28': 1.9, '2023-03-31': -1.33, '2023-04-30': 1.62, '2023-05-31': -4.34, '2023-06-30': -1.5, '2023-07-31': -1.33, '2023-08-31': -0.51, '2023-09-30': -0.42, '2023-10-31': -3.11, '2023-11-30': 0.93, '2023-12-31': -4.66, '2024-01-31': 2.91, '2024-02-29': 0.6, '2024-03-31': -2.04, '2024-04-30': -2.76, '2024-05-31': -0.79, '2024-06-30': -3.7, '2024-07-31': -3.27, '2024-08-31': -0.12, '2024-09-30': -3.82, '2024-10-31': -1.44, '2024-11-30': 2.21, '2024-12-31': 2.05, '2025-01-31': -2.17, '2025-02-28': -1.81, '2025-03-31': -2.81, '2025-04-30': -0.16, '2025-05-31': -0.11, '2025-06-30': -0.36, '2025-07-31': -3.83, '2025-08-31': 0.48, '2025-09-30': -2.4, '2025-10-31': 0.48, '2025-11-30': 0.88, '2025-12-31': 0.3}",5.504
S30e_Weekend_Gap_Fade,ADA_USDT_USDT,1H,-34.72,-10.13,-1.3019,-2.2204,-0.257,-39.42,254,0.6611,53.21,-13.1024,265,-0.3801,48.0305,82.6164,0.5814,7,6,3.33,-5.35,38.3,"{'2022-02-28': 0.99, '2022-03-31': -2.3, '2022-04-30': -1.98, '2022-05-31': -4.51, '2022-06-30': -0.68, '2022-07-31': 0.25, '2022-08-31': -1.33, '2022-09-30': -1.2, '2022-10-31': 1.25, '2022-11-30': -2.97, '2022-12-31': -2.55, '2023-01-31': -0.61, '2023-02-28': 0.81, '2023-03-31': -1.85, '2023-04-30': -0.3, '2023-05-31': -5.35, '2023-06-30': 2.06, '2023-07-31': -0.34, '2023-08-31': 0.82, '2023-09-30': 0.54, '2023-10-31': -2.47, '2023-11-30': 0.93, '2023-12-31': -2.25, '2024-01-31': -2.71, '2024-02-29': -2.59, '2024-03-31': -1.83, '2024-04-30': -1.88, '2024-05-31': 0.13, '2024-06-30': 0.16, '2024-07-31': 0.89, '2024-08-31': -1.26, '2024-09-30': -4.48, '2024-10-31': -2.05, '2024-11-30': -1.72, '2024-12-31': -2.14, '2025-01-31': -1.49, '2025-02-28': 0.95, '2025-03-31': 0.23, '2025-04-30': -0.19, '2025-05-31': -1.8, '2025-06-30': 3.33, '2025-07-31': -1.2, '2025-08-31': 0.27, '2025-09-30': 0.15, '2025-10-31': 2.19, '2025-11-30': 2.02, '2025-12-31': -1.25}",5.525
S30e_Weekend_Gap_Fade,AVAX_USDT_USDT,1H,-41.28,-12.48,-1.2069,-2.5117,-0.2667,-46.8,274,0.6139,51.23,-14.483,285,-0.353,44.9436,76.9024,0.5844,7,8,3.3,-5.87,31.91,"{'2022-02-28': 0.7, '2022-03-31': -3.93, '2022-04-30': -5.23, '2022-05-31': -1.67, '2022-06-30': -0.66, '2022-07-31': -1.42, '2022-08-31': -4.47, '2022-09-30': -0.78, '2022-10-31': 0.38, '2022-11-30': -2.89, '2022-12-31': -2.82, '2023-01-31': -1.26, '2023-02-28': 0.91, '2023-03-31': -0.1, '2023-04-30': -5.69, '2023-05-31': -5.87, '2023-06-30': -1.63, '2023-07-31': -1.47, '2023-08-31': -0.37, '2023-09-30': -2.09, '2023-10-31': -1.32, '2023-11-30': -1.06, '2023-12-31': 0.35, '2024-01-31': -1.74, '2024-02-29': 2.24, '2024-03-31': -0.73, '2024-04-30': -1.2, '2024-05-31': -1.93, '2024-06-30': -0.23, '2024-07-31': 0.21, '2024-08-31': 0.57, '2024-09-30': -4.35, '2024-10-31': -4.66, '2024-11-30': 2.11, '2024-12-31': -0.44, '2025-01-31': -1.12, '2025-02-28': 1.34, '2025-03-31': -2.16, '2025-04-30': -3.5, '2025-05-31': -1.8, '2025-06-30': 1.84, '2025-07-31': -2.28, '2025-08-31': 3.3, '2025-09-30': 0.48, '2025-10-31': 1.61, '2025-11-30': 0.89, '2025-12-31': 0.38}",5.942
S30e_Weekend_Gap_Fade,LINK_USDT_USDT,1H,-51.7,-16.67,-2.0012,-4.4231,-0.3142,-53.05,276,0.5305,46.95,-18.5308,279,-0.5587,44.6007,74.4108,0.5994,6,6,3.33,-7.13,23.4,"{'2022-02-28': -0.76, '2022-03-31': -1.25, '2022-04-30': -0.83, '2022-05-31': -2.78, '2022-06-30': -3.71, '2022-07-31': 0.28, '2022-08-31': -5.55, '2022-09-30': 0.2, '2022-10-31': -3.39, '2022-11-30': -3.86, '2022-12-31': -2.07, '2023-01-31': -1.3, '2023-02-28': -3.56, '2023-03-31': -0.87, '2023-04-30': 2.02, '2023-05-31': -2.24, '2023-06-30': -2.8, '2023-07-31': -4.07, '2023-08-31': 1.23, '2023-09-30': -1.47, '2023-10-31': -2.98, '2023-11-30': -3.45, '2023-12-31': -3.92, '2024-01-31': -1.16, '2024-02-29': 3.33, '2024-03-31': -2.85, '2024-04-30': -1.69, '2024-05-31': -0.84, '2024-06-30': -2.03, '2024-07-31': -2.3, '2024-08-31': 0.54, '2024-09-30': -7.13, '2024-10-31': 0.37, '2024-11-30': 2.07, '2024-12-31': -3.12, '2025-01-31': 2.05, '2025-02-28': -1.78, '2025-03-31': -1.11, '2025-04-30': -4.54, '2025-05-31': -1.17, '2025-06-30': 1.8, '2025-07-31': -1.92, '2025-08-31': -0.08, '2025-09-30': -2.03, '2025-10-31': -2.55, '2025-11-30': 2.05, '2025-12-31': -1.29}",5.817
S30e_Weekend_Gap_Fade,BNB_USDT_USDT,1H,-52.44,-16.99,-2.2888,-4.4435,-0.3209,-52.95,265,0.4864,48.93,-18.7278,280,-0.3748,36.2523,71.401,0.5077,7,8,2.28,-5.74,19.15,"{'2022-02-28': 0.89, '2022-03-31': -0.92, '2022-04-30': -2.71, '2022-05-31': -2.94, '2022-06-30': -3.14, '2022-07-31': -3.17, '2022-08-31': -0.63, '2022-09-30': 0.73, '2022-10-31': -3.35, '2022-11-30': -4.09, '2022-12-31': 1.37, '2023-01-31': -4.19, '2023-02-28': 1.21, '2023-03-31': -0.39, '2023-04-30': -1.67, '2023-05-31': -3.78, '2023-06-30': -2.17, '2023-07-31': -3.86, '2023-08-31': -0.21, '2023-09-30': -1.97, '2023-10-31': -3.62, '2023-11-30': -2.67, '2023-12-31': -1.55, '2024-01-31': -1.71, '2024-02-29': -0.32, '2024-03-31': -2.56, '2024-04-30': -0.84, '2024-05-31': 0.44, '2024-06-30': -3.13, '2024-07-31': -2.25, '2024-08-31': -2.05, '2024-09-30': -5.74, '2024-10-31': -0.94, '2024-11-30': 0.47, '2024-12-31': -1.38, '2025-01-31': -1.2, '2025-02-28': -0.57, '2025-03-31': -0.23, '2025-04-30': 0.46, '2025-05-31': -2.54, '2025-06-30': 2.28, '2025-07-31': -3.45, '2025-08-31': -0.08, '2025-09-30': -1.49, '2025-10-31': -0.84, '2025-11-30': 1.29, '2025-12-31': -1.52}",5.838
S30e_Weekend_Gap_Fade,LTC_USDT_USDT,1H,-24.84,-6.9,-0.8171,-1.6147,-0.2715,-25.41,265,0.7621,56.98,-9.3738,265,-0.1944,52.6947,91.5873,0.5753,9,5,2.86,-4.22,40.43,"{'2022-02-28': -0.75, '2022-03-31': 0.39, '2022-04-30': -3.65, '2022-05-31': -1.83, '2022-06-30': -1.74, '2022-07-31': 0.56, '2022-08-31': -0.38, '2022-09-30': 1.6, '2022-10-31': -1.61, '2022-11-30': 1.65, '2022-12-31': -4.22, '2023-01-31': 1.12, '2023-02-28': 0.27, '2023-03-31': -0.08, '2023-04-30': -0.27, '2023-05-31': -2.56, '2023-06-30': -0.36, '2023-07-31': -0.69, '2023-08-31': -1.17, '2023-09-30': -2.82, '2023-10-31': -0.46, '2023-11-30': 1.45, '2023-12-31': -1.5, '2024-01-31': -1.91, '2024-02-29': 0.03, '2024-03-31': 0.95, '2024-04-30': -0.18, '2024-05-31': 2.86, '2024-06-30': -0.82, '2024-07-31': 0.76, '2024-08-31': -1.49, '2024-09-30': -3.58, '2024-10-31': 0.63, '2024-11-30': -0.47, '2024-12-31': -2.15, '2025-01-31': 0.79, '2025-02-28': -0.07, '2025-03-31': 2.67, '2025-04-30': -3.56, '2025-05-31': 1.51, '2025-06-30': 0.82, '2025-07-31': 0.42, '2025-08-31': -3.0, '2025-09-30': 0.1, '2025-10-31': 0.43, '2025-11-30': -1.85, '2025-12-31': -1.19}",5.525
S30e_Weekend_Gap_Fade,DOT_USDT_USDT,1H,-36.45,-10.74,-1.282,-2.3669,-0.2701,-39.76,254,0.6594,52.81,-13.6529,267,-0.3551,50.0416,84.9301,0.5892,7,5,2.42,-4.51,31.91,"{'2022-02-28': 2.42, '2022-03-31': -2.93, '2022-04-30': -1.44, '2022-05-31': -2.76, '2022-06-30': -1.36, '2022-07-31': -0.74, '2022-08-31': 1.64, '2022-09-30': -1.87, '2022-10-31': -1.44, '2022-11-30': -0.2, '2022-12-31': -0.32, '2023-01-31': 0.35, '2023-02-28': 0.88, '2023-03-31': -1.44, '2023-04-30': 0.28, '2023-05-31': -4.23, '2023-06-30': 1.24, '2023-07-31': -3.1, '2023-08-31': 0.15, '2023-09-30': -1.28, '2023-10-31': -3.56, '2023-11-30': -0.09, '2023-12-31': -1.56, '2024-01-31': -1.82, '2024-02-29': -0.29, '2024-03-31': -4.51, '2024-04-30': -1.91, '2024-05-31': -0.95, '2024-06-30': -0.36, '2024-07-31': 1.11, '2024-08-31': -1.26, '2024-09-30': -3.0, '2024-10-31': 0.11, '2024-11-30': -2.75, '2024-12-31': 0.64, '2025-01-31': -1.15, '2025-02-28': -2.1, '2025-03-31': -2.25, '2025-04-30': -3.89, '2025-05-31': 0.56, '2025-06-30': 2.32, '2025-07-31': -1.91, '2025-08-31': 2.19, '2025-09-30': -1.97, '2025-10-31': 0.5, '2025-11-30': -0.16, '2025-12-31': 0.47}",5.567
S30e_Weekend_Gap_Fade,BCH_USDT_USDT,1H,-40.34,-12.14,-1.7339,-3.4522,-0.2805,-43.28,246,0.6123,51.53,-15.3986,262,-0.4286,47.1885,81.9282,0.576,7,6,3.54,-5.21,34.04,"{'2022-02-28': 0.57, '2022-03-31': -0.66, '2022-04-30': -2.61, '2022-05-31': -1.8, '2022-06-30': -1.38, '2022-07-31': -2.18, '2022-08-31': 1.21, '2022-09-30': -2.94, '2022-10-31': -2.58, '2022-11-30': -0.9, '2022-12-31': -2.87, '2023-01-31': -1.0, '2023-02-28': -3.06, '2023-03-31': -3.61, '2023-04-30': 1.93, '2023-05-31': -1.53, '2023-06-30': -1.77, '2023-07-31': -1.27, '2023-08-31': 0.69, '2023-09-30': 1.08, '2023-10-31': 0.7, '2023-11-30': 1.22, '2023-12-31': -5.21, '2024-01-31': -0.25, '2024-02-29': 1.92, '2024-03-31': -3.75, '2024-04-30': -2.84, '2024-05-31': 0.8, '2024-06-30': -0.51, '2024-07-31': -4.58, '2024-08-31': -1.87, '2024-09-30': -5.03, '2024-10-31': 1.27, '2024-11-30': -1.75, '2024-12-31': -0.82, '2025-01-31': -0.58, '2025-02-28': -2.9, '2025-03-31': 0.49, '2025-04-30': -3.56, '2025-05-31': 1.53, '2025-06-30': 0.43, '2025-07-31': 2.18, '2025-08-31': -2.62, '2025-09-30': -2.62, '2025-10-31': -0.44, '2025-11-30': 0.26, '2025-12-31': 3.54}",5.463
S30e_Weekend_Gap_Fade,ATOM_USDT_USDT,1H,-46.6,-14.54,-1.6054,-3.3203,-0.2969,-48.97,274,0.5736,49.09,-16.9457,275,-0.4412,46.4369,78.0646,0.5949,7,10,2.66,-6.38,21.28,"{'2022-02-28': 1.03, '2022-03-31': -3.97, '2022-04-30': -2.94, '2022-05-31': -1.69, '2022-06-30': 0.39, '2022-07-31': 1.0, '2022-08-31': -1.12, '2022-09-30': -1.07, '2022-10-31': -0.64, '2022-11-30': -3.92, '2022-12-31': -2.15, '2023-01-31': -1.28, '2023-02-28': -1.49, '2023-03-31': -1.3, '2023-04-30': 2.6, '2023-05-31': -1.45, '2023-06-30': -0.42, '2023-07-31': -2.56, '2023-08-31': -1.63, '2023-09-30': -0.4, '2023-10-31': -1.38, '2023-11-30': -2.81, '2023-12-31': 0.24, '2024-01-31': 1.16, '2024-02-29': -6.38, '2024-03-31': -3.16, '2024-04-30': -2.98, '2024-05-31': -3.68, '2024-06-30': -0.92, '2024-07-31': -0.1, '2024-08-31': -0.18, '2024-09-30': -6.07, '2024-10-31': -2.61, '2024-11-30': -0.34, '2024-12-31': -2.13, '2025-01-31': -2.19, '2025-02-28': -2.14, '2025-03-31': -2.17, '2025-04-30': -2.46, '2025-05-31': 2.25, '2025-06-30': -0.14, '2025-07-31': -1.3, '2025-08-31': 1.01, '2025-09-30': -1.56, '2025-10-31': 2.66, '2025-11-30': 0.51, '2025-12-31': -0.27}",5.734
S30e_Weekend_Gap_Fade,NEAR_USDT_USDT,1H,-37.36,-11.06,-1.493,-3.1123,-0.2835,-39.01,267,0.6491,51.29,-13.7865,271,-0.5148,49.7237,80.6647,0.6164,6,5,1.99,-5.5,34.04,"{'2022-02-28': 0.01, '2022-03-31': -1.09, '2022-04-30': -3.41, '2022-05-31': -0.98, '2022-06-30': -3.07, '2022-07-31': -0.07, '2022-08-31': -1.13, '2022-09-30': -1.84, '2022-10-31': 0.4, '2022-11-30': -5.5, '2022-12-31': -0.8, '2023-01-31': -2.77, '2023-02-28': 0.97, '2023-03-31': -2.84, '2023-04-30': 1.08, '2023-05-31': -2.02, '2023-06-30': 1.53, '2023-07-31': -0.41, '2023-08-31': -0.52, '2023-09-30': -0.96, '2023-10-31': -4.16, '2023-11-30': 0.02, '2023-12-31': -1.12, '2024-01-31': -5.08, '2024-02-29': 0.57, '2024-03-31': -3.75, '2024-04-30': -1.07, '2024-05-31': -0.1, '2024-06-30': 0.44, '2024-07-31': -1.14, '2024-08-31': 1.69, '2024-09-30': -1.89, '2024-10-31': 0.48, '2024-11-30': -1.33, '2024-12-31': -0.06, '2025-01-31': -2.85, '2025-02-28': 0.71, '2025-03-31': -0.04, '2025-04-30': -2.88, '2025-05-31': 1.69, '2025-06-30': 0.54, '2025-07-31': -1.84, '2025-08-31': 1.99, '2025-09-30': -0.88, '2025-10-31': 1.64, '2025-11-30': -3.47, '2025-12-31': 0.53}",5.65
S30e_Weekend_Gap_Fade,UNI_USDT_USDT,1H,-35.67,-10.46,-1.1673,-2.4686,-0.2628,-39.8,255,0.6704,52.27,-13.5114,264,-0.3493,52.5813,85.8986,0.6121,7,6,1.99,-5.71,34.04,"{'2022-02-28': 1.73, '2022-03-31': -0.47, '2022-04-30': -2.54, '2022-05-31': -3.76, '2022-06-30': -0.3, '2022-07-31': -2.41, '2022-08-31': 1.28, '2022-09-30': -1.85, '2022-10-31': 1.05, '2022-11-30': -2.87, '2022-12-31': -0.92, '2023-01-31': -0.68, '2023-02-28': 1.99, '2023-03-31': -1.24, '2023-04-30': -0.43, '2023-05-31': -5.71, '2023-06-30': -3.19, '2023-07-31': -3.0, '2023-08-31': 0.15, '2023-09-30': -0.45, '2023-10-31': -3.13, '2023-11-30': -1.43, '2023-12-31': 1.71, '2024-01-31': -1.21, '2024-02-29': 1.55, '2024-03-31': -1.4, '2024-04-30': 0.56, '2024-05-31': -0.36, '2024-06-30': 0.95, '2024-07-31': -2.59, '2024-08-31': -4.58, '2024-09-30': -4.62, '2024-10-31': -3.57, '2024-11-30': -0.35, '2024-12-31': 1.02, '2025-01-31': -4.52, '2025-02-28': 1.32, '2025-03-31': -0.1, '2025-04-30': -0.12, '2025-05-31': -1.14, '2025-06-30': 0.89, '2025-07-31': 0.61, '2025-08-31': 0.88, '2025-09-30': 0.82, '2025-10-31': -0.14, '2025-11-30': 0.3, '2025-12-31': -2.45}",5.504
S30e_Weekend_Gap_Fade,OP_USDT_USDT,1H,-31.32,-9.97,-0.9694,-1.914,-0.2883,-34.58,228,0.6908,52.07,-12.9425,242,-0.3551,55.5236,87.3109,0.6359,9,4,3.51,-5.45,28.57,"{'2022-07-31': 0.67, '2022-08-31': 1.41, '2022-09-30': -1.07, '2022-10-31': -0.47, '2022-11-30': -3.42, '2022-12-31': -0.6, '2023-01-31': -2.13, '2023-02-28': 0.73, '2023-03-31': 0.39, '2023-04-30': 0.05, '2023-05-31': -0.85, '2023-06-30': -1.12, '2023-07-31': -1.1, '2023-08-31': -2.6, '2023-09-30': -1.95, '2023-10-31': -4.1, '2023-11-30': -2.46, '2023-12-31': -1.14, '2024-01-31': -3.08, '2024-02-29': 1.6, '2024-03-31': -1.37, '2024-04-30': 0.23, '2024-05-31': -0.44, '2024-06-30': -1.89, '2024-07-31': 0.55, '2024-08-31': -2.15, '2024-09-30': -3.9, '2024-10-31': -2.31, '2024-11-30': -0.31, '2024-12-31': 1.7, '2025-01-31': -5.45, '2025-02-28': -0.35, '2025-03-31': 0.63, '2025-04-30': -1.79, '2025-05-31': 3.51, '2025-06-30': 0.89, '2025-07-31': -0.46, '2025-08-31': -0.76, '2025-09-30': -0.25, '2025-10-31': -0.12, '2025-11-30': -0.75, '2025-12-31': -0.14}",5.628
S30e_Weekend_Gap_Fade,APT_USDT_USDT,1H,-26.29,-9.11,-1.2588,-2.5791,-0.3091,-29.47,191,0.6868,52.33,-13.6197,193,-0.4468,57.0833,91.2394,0.6256,7,5,4.13,-5.28,31.58,"{'2022-11-30': -3.42, '2022-12-31': -1.3, '2023-01-31': -0.42, '2023-02-28': -0.7, '2023-03-31': -2.74, '2023-04-30': 4.13, '2023-05-31': -4.01, '2023-06-30': 0.27, '2023-07-31': -1.38, '2023-08-31': 3.06, '2023-09-30': -0.89, '2023-10-31': -3.59, '2023-11-30': -0.06, '2023-12-31': -1.76, '2024-01-31': -2.41, '2024-02-29': -0.42, '2024-03-31': -0.36, '2024-04-30': 1.0, '2024-05-31': -3.62, '2024-06-30': 0.18, '2024-07-31': -0.17, '2024-08-31': 2.37, '2024-09-30': -5.28, '2024-10-31': -1.78, '2024-11-30': 1.05, '2024-12-31': 1.01, '2025-01-31': -3.18, '2025-02-28': -1.73, '2025-03-31': -1.84, '2025-04-30': -3.49, '2025-05-31': -0.52, '2025-06-30': 1.6, '2025-07-31': -0.85, '2025-08-31': 0.8, '2025-09-30': 1.35, '2025-10-31': -2.07, '2025-11-30': 1.68, '2025-12-31': -1.46}",5.026
S30e_Weekend_Gap_Fade,FIL_USDT_USDT,1H,-36.28,-10.67,-1.3357,-2.376,-0.2856,-37.36,255,0.65,51.55,-14.0602,258,-0.4549,50.6501,82.912,0.6109,8,8,2.8,-7.66,27.66,"{'2022-02-28': -1.09, '2022-03-31': -2.21, '2022-04-30': -1.82, '2022-05-31': -2.42, '2022-06-30': -0.68, '2022-07-31': -0.78, '2022-08-31': -2.78, '2022-09-30': 1.0, '2022-10-31': -0.75, '2022-11-30': -0.77, '2022-12-31': -3.68, '2023-01-31': -1.49, '2023-02-28': 2.77, '2023-03-31': -1.04, '2023-04-30': -1.67, '2023-05-31': -2.6, '2023-06-30': -2.6, '2023-07-31': -0.23, '2023-08-31': -1.72, '2023-09-30': 0.16, '2023-10-31': 0.82, '2023-11-30': -1.15, '2023-12-31': 2.8, '2024-01-31': -2.38, '2024-02-29': -1.49, '2024-03-31': -2.43, '2024-04-30': -3.52, '2024-05-31': 0.66, '2024-06-30': 0.22, '2024-07-31': 1.18, '2024-08-31': -2.24, '2024-09-30': -7.66, '2024-10-31': 0.82, '2024-11-30': 2.44, '2024-12-31': -2.11, '2025-01-31': -1.51, '2025-02-28': 0.63, '2025-03-31': -0.14, '2025-04-30': -0.1, '2025-05-31': -1.17, '2025-06-30': 1.08, '2025-07-31': -0.6, '2025-08-31': -2.93, '2025-09-30': -0.94, '2025-10-31': 1.59, '2025-11-30': -0.71, '2025-12-31': -0.1}",5.379
S30e_Weekend_Gap_Fade,INJ_USDT_USDT,1H,-23.8,-7.76,-0.8862,-1.9135,-0.2827,-27.45,226,0.7422,54.19,-10.4867,227,-0.3287,55.7264,88.7965,0.6276,7,7,3.59,-6.01,37.5,"{'2022-09-30': -0.75, '2022-10-31': -3.82, '2022-11-30': -3.41, '2022-12-31': 2.81, '2023-01-31': -3.52, '2023-02-28': 3.59, '2023-03-31': -6.01, '2023-04-30': 0.38, '2023-05-31': -2.8, '2023-06-30': 1.04, '2023-07-31': -2.66, '2023-08-31': 2.45, '2023-09-30': -0.11, '2023-10-31': -3.61, '2023-11-30': -3.42, '2023-12-31': -1.01, '2024-01-31': -0.34, '2024-02-29': -0.11, '2024-03-31': -3.1, '2024-04-30': 2.08, '2024-05-31': 0.94, '2024-06-30': -1.85, '2024-07-31': -0.08, '2024-08-31': 1.72, '2024-09-30': 0.24, '2024-10-31': 0.24, '2024-11-30': -0.29, '2024-12-31': 1.31, '2025-01-31': -4.12, '2025-02-28': -0.33, '2025-03-31': -0.39, '2025-04-30': -4.48, '2025-05-31': 1.01, '2025-06-30': -0.08, '2025-07-31': -0.76, '2025-08-31': -0.76, '2025-09-30': 1.5, '2025-10-31': 2.3, '2025-11-30': 1.02, '2025-12-31': -1.22}",5.609
S30e_Weekend_Gap_Fade,TRX_USDT_USDT,1H,-31.27,-8.97,-1.4932,-2.3524,-0.2776,-32.31,239,0.6531,58.57,-12.4588,251,-0.2332,40.0524,86.6813,0.4621,10,6,2.18,-4.35,40.43,"{'2022-02-28': 0.8, '2022-03-31': 0.11, '2022-04-30': -4.15, '2022-05-31': -3.16, '2022-06-30': 0.2, '2022-07-31': -1.0, '2022-08-31': 0.52, '2022-09-30': 1.21, '2022-10-31': 1.96, '2022-11-30': -0.24, '2022-12-31': -1.2, '2023-01-31': 2.18, '2023-02-28': 1.71, '2023-03-31': -2.19, '2023-04-30': -1.03, '2023-05-31': -2.76, '2023-06-30': 0.11, '2023-07-31': -2.08, '2023-08-31': 0.08, '2023-09-30': 0.57, '2023-10-31': 0.43, '2023-11-30': -0.2, '2023-12-31': 0.78, '2024-01-31': -2.29, '2024-02-29': -1.37, '2024-03-31': 0.28, '2024-04-30': -0.89, '2024-05-31': 0.01, '2024-06-30': -0.04, '2024-07-31': -2.58, '2024-08-31': -0.7, '2024-09-30': -1.0, '2024-10-31': 0.08, '2024-11-30': -2.8, '2024-12-31': -0.93, '2025-01-31': -4.35, '2025-02-28': 0.96, '2025-03-31': -2.04, '2025-04-30': -2.31, '2025-05-31': -2.17, '2025-06-30': -1.28, '2025-07-31': -3.27, '2025-08-31': -1.34, '2025-09-30': 0.01, '2025-10-31': -0.98, '2025-11-30': 1.2, '2025-12-31': -0.39}",5.233
S30e_Weekend_Gap_Fade,ETC_USDT_USDT,1H,-39.15,-11.7,-1.6017,-3.0289,-0.2834,-41.29,267,0.6209,52.06,-14.6616,267,-0.4306,46.1217,80.6684,0.5717,6,6,2.79,-5.26,36.17,"{'2022-02-28': -0.72, '2022-03-31': 1.36, '2022-04-30': -4.17, '2022-05-31': -4.21, '2022-06-30': 0.01, '2022-07-31': -2.4, '2022-08-31': -1.07, '2022-09-30': -1.77, '2022-10-31': -1.25, '2022-11-30': -2.89, '2022-12-31': 2.79, '2023-01-31': -1.95, '2023-02-28': 0.11, '2023-03-31': -3.35, '2023-04-30': -0.44, '2023-05-31': -4.71, '2023-06-30': 0.58, '2023-07-31': -0.38, '2023-08-31': 0.53, '2023-09-30': 0.67, '2023-10-31': -2.72, '2023-11-30': 0.45, '2023-12-31': -3.01, '2024-01-31': -1.84, '2024-02-29': 0.83, '2024-03-31': -4.14, '2024-04-30': -0.08, '2024-05-31': 1.47, '2024-06-30': -1.02, '2024-07-31': -1.49, '2024-08-31': -2.98, '2024-09-30': -5.26, '2024-10-31': 0.79, '2024-11-30': -1.1, '2024-12-31': -0.51, '2025-01-31': -2.3, '2025-02-28': -1.2, '2025-03-31': 1.61, '2025-04-30': -3.55, '2025-05-31': 0.48, '2025-06-30': 0.41, '2025-07-31': 0.38, '2025-08-31': -1.27, '2025-09-30': -0.51, '2025-10-31': 1.5, '2025-11-30': -0.24, '2025-12-31': 1.41}",5.567
S30e_Weekend_Gap_Fade,XLM_USDT_USDT,1H,-36.37,-10.71,-1.2555,-2.1183,-0.2786,-38.44,240,0.6286,52.78,-14.4337,252,-0.3406,46.2923,82.304,0.5625,6,7,3.8,-4.89,31.91,"{'2022-02-28': -0.76, '2022-03-31': -0.56, '2022-04-30': -4.72, '2022-05-31': -4.89, '2022-06-30': -2.43, '2022-07-31': 0.49, '2022-08-31': 0.84, '2022-09-30': -1.9, '2022-10-31': 3.2, '2022-11-30': -3.01, '2022-12-31': 0.03, '2023-01-31': -4.69, '2023-02-28': -1.58, '2023-03-31': -3.55, '2023-04-30': -2.76, '2023-05-31': -0.79, '2023-06-30': -0.27, '2023-07-31': -1.92, '2023-08-31': -2.11, '2023-09-30': -1.4, '2023-10-31': -1.37, '2023-11-30': 0.84, '2023-12-31': -2.2, '2024-01-31': 3.55, '2024-02-29': -1.13, '2024-03-31': -1.47, '2024-04-30': 0.24, '2024-05-31': -0.46, '2024-06-30': -0.55, '2024-07-31': 3.21, '2024-08-31': -0.98, '2024-09-30': -2.1, '2024-10-31': 1.13, '2024-11-30': 0.56, '2024-12-31': 0.61, '2025-01-31': -4.86, '2025-02-28': -1.47, '2025-03-31': 1.2, '2025-04-30': -2.86, '2025-05-31': -1.23, '2025-06-30': 3.8, '2025-07-31': -4.62, '2025-08-31': -1.46, '2025-09-30': -0.36, '2025-10-31': 0.19, '2025-11-30': 2.34, '2025-12-31': -0.94}",5.254
S30e_Weekend_Gap_Fade,RUNE_USDT_USDT,1H,-28.94,-8.24,-1.081,-1.7358,-0.2428,-33.94,267,0.7211,54.31,-10.84,267,-0.3682,51.599,85.0502,0.6067,7,9,2.71,-4.4,42.55,"{'2022-02-28': 0.35, '2022-03-31': -1.66, '2022-04-30': -1.07, '2022-05-31': -3.0, '2022-06-30': -4.06, '2022-07-31': -1.4, '2022-08-31': -2.19, '2022-09-30': -2.52, '2022-10-31': 0.36, '2022-11-30': 2.19, '2022-12-31': 0.19, '2023-01-31': 0.23, '2023-02-28': 1.98, '2023-03-31': -1.24, '2023-04-30': 0.25, '2023-05-31': -4.25, '2023-06-30': -0.33, '2023-07-31': -3.19, '2023-08-31': -0.7, '2023-09-30': 0.44, '2023-10-31': -0.44, '2023-11-30': 0.37, '2023-12-31': -1.46, '2024-01-31': -0.48, '2024-02-29': 0.87, '2024-03-31': -0.12, '2024-04-30': -3.5, '2024-05-31': -0.81, '2024-06-30': -4.06, '2024-07-31': -3.29, '2024-08-31': 1.71, '2024-09-30': -1.52, '2024-10-31': 1.23, '2024-11-30': 0.38, '2024-12-31': 2.38, '2025-01-31': -0.36, '2025-02-28': -4.4, '2025-03-31': -2.78, '2025-04-30': -2.28, '2025-05-31': 1.72, '2025-06-30': -0.11, '2025-07-31': 0.48, '2025-08-31': 1.45, '2025-09-30': -0.98, '2025-10-31': 2.71, '2025-11-30': 1.32, '2025-12-31': 0.41}",5.567
S30e_Weekend_Gap_Fade,AAVE_USDT_USDT,1H,-40.41,-12.16,-1.2024,-2.6675,-0.278,-43.74,256,0.6104,50.0,-15.6619,258,-0.384,49.0783,80.4021,0.6104,10,8,4.11,-5.87,25.53,"{'2022-02-28': -1.43, '2022-03-31': -2.85, '2022-04-30': -4.13, '2022-05-31': -2.73, '2022-06-30': 0.05, '2022-07-31': 3.57, '2022-08-31': 0.56, '2022-09-30': -2.51, '2022-10-31': -1.71, '2022-11-30': 0.65, '2022-12-31': -2.53, '2023-01-31': -0.75, '2023-02-28': 0.96, '2023-03-31': -0.57, '2023-04-30': -0.94, '2023-05-31': -5.87, '2023-06-30': -0.87, '2023-07-31': -4.01, '2023-08-31': -1.15, '2023-09-30': -2.0, '2023-10-31': -2.93, '2023-11-30': 0.94, '2023-12-31': -1.86, '2024-01-31': -0.55, '2024-02-29': -3.15, '2024-03-31': -4.13, '2024-04-30': -1.79, '2024-05-31': -0.89, '2024-06-30': -1.52, '2024-07-31': -1.21, '2024-08-31': -0.73, '2024-09-30': -2.18, '2024-10-31': -3.03, '2024-11-30': 0.69, '2024-12-31': -0.72, '2025-01-31': -2.83, '2025-02-28': 1.36, '2025-03-31': 0.63, '2025-04-30': -1.4, '2025-05-31': -0.72, '2025-06-30': 2.65, '2025-07-31': -1.2, '2025-08-31': 4.11, '2025-09-30': 0.86, '2025-10-31': -0.13, '2025-11-30': -1.43, '2025-12-31': -1.56}",5.379
S30e_Weekend_Gap_Fade,LDO_USDT_USDT,1H,-26.59,-8.6,-0.9318,-1.9863,-0.2864,-30.03,219,0.7141,53.1,-11.7636,226,-0.3532,55.3267,87.7149,0.6308,7,6,2.86,-7.51,39.02,"{'2022-08-31': 1.1, '2022-09-30': -0.02, '2022-10-31': -2.61, '2022-11-30': -7.51, '2022-12-31': -0.43, '2023-01-31': -2.7, '2023-02-28': 2.86, '2023-03-31': 0.04, '2023-04-30': -1.44, '2023-05-31': -2.9, '2023-06-30': 0.29, '2023-07-31': -0.57, '2023-08-31': 1.62, '2023-09-30': 0.8, '2023-10-31': 1.01, '2023-11-30': -1.76, '2023-12-31': -3.88, '2024-01-31': -0.77, '2024-02-29': -1.19, '2024-03-31': -3.47, '2024-04-30': -1.1, '2024-05-31': 0.33, '2024-06-30': -0.06, '2024-07-31': -1.42, '2024-08-31': -1.76, '2024-09-30': -4.52, '2024-10-31': -0.56, '2024-11-30': 1.06, '2024-12-31': 1.44, '2025-01-31': 0.35, '2025-02-28': 0.43, '2025-03-31': -1.05, '2025-04-30': -2.1, '2025-05-31': -1.04, '2025-06-30': 1.65, '2025-07-31': -0.07, '2025-08-31': -2.43, '2025-09-30': 1.97, '2025-10-31': 1.65, '2025-11-30': 0.99, '2025-12-31': -1.89}",5.464
S30e_Weekend_Gap_Fade,SAND_USDT_USDT,1H,-42.11,-12.8,-1.6771,-2.6382,-0.2813,-45.51,257,0.5814,49.42,-16.3859,257,-0.5954,46.0497,77.3806,0.5951,9,6,3.55,-5.44,27.66,"{'2022-02-28': 0.01, '2022-03-31': -3.53, '2022-04-30': -0.86, '2022-05-31': -2.67, '2022-06-30': -2.35, '2022-07-31': 0.29, '2022-08-31': 0.22, '2022-09-30': -1.83, '2022-10-31': -4.15, '2022-11-30': -1.79, '2022-12-31': -0.31, '2023-01-31': -2.72, '2023-02-28': -1.78, '2023-03-31': -3.48, '2023-04-30': 2.06, '2023-05-31': -2.6, '2023-06-30': -0.16, '2023-07-31': 0.39, '2023-08-31': 1.24, '2023-09-30': 0.18, '2023-10-31': -2.15, '2023-11-30': -3.5, '2023-12-31': -1.11, '2024-01-31': -2.86, '2024-02-29': -4.28, '2024-03-31': -0.75, '2024-04-30': -0.8, '2024-05-31': -2.17, '2024-06-30': -1.37, '2024-07-31': -0.88, '2024-08-31': -0.52, '2024-09-30': -5.44, '2024-10-31': -0.92, '2024-11-30': -0.64, '2024-12-31': -0.0, '2025-01-31': -3.5, '2025-02-28': 0.65, '2025-03-31': -0.46, '2025-04-30': -3.49, '2025-05-31': 2.36, '2025-06-30': 3.55, '2025-07-31': -1.62, '2025-08-31': 0.92, '2025-09-30': 0.18, '2025-10-31': 2.24, '2025-11-30': -0.16, '2025-12-31': -1.28}",5.358
S30e_Weekend_Gap_Fade,MANA_USDT_USDT,1H,-38.52,-11.47,-1.102,-2.0403,-0.2683,-42.75,255,0.6508,51.65,-14.1083,273,-0.344,50.9198,83.5702,0.6093,6,6,3.05,-4.85,25.53,"{'2022-02-28': 1.79, '2022-03-31': 0.54, '2022-04-30': -1.31, '2022-05-31': -1.01, '2022-06-30': -0.64, '2022-07-31': 0.3, '2022-08-31': -2.54, '2022-09-30': -3.6, '2022-10-31': -0.78, '2022-11-30': -2.2, '2022-12-31': -0.61, '2023-01-31': -1.08, '2023-02-28': -2.49, '2023-03-31': -1.78, '2023-04-30': 0.39, '2023-05-31': -2.53, '2023-06-30': -1.24, '2023-07-31': 2.11, '2023-08-31': -1.06, '2023-09-30': 1.38, '2023-10-31': -2.49, '2023-11-30': -2.47, '2023-12-31': -0.5, '2024-01-31': -1.16, '2024-02-29': -1.98, '2024-03-31': -0.73, '2024-04-30': -0.81, '2024-05-31': -2.65, '2024-06-30': -2.06, '2024-07-31': -0.24, '2024-08-31': -1.2, '2024-09-30': -4.85, '2024-10-31': -3.21, '2024-11-30': -1.37, '2024-12-31': -0.02, '2025-01-31': -4.51, '2025-02-28': -1.72, '2025-03-31': 0.19, '2025-04-30': -3.83, '2025-05-31': 2.36, '2025-06-30': 3.05, '2025-07-31': -1.58, '2025-08-31': 0.93, '2025-09-30': -0.83, '2025-10-31': 0.98, '2025-11-30': 1.65, '2025-12-31': -1.28}",5.692
S30e_Weekend_Gap_Fade,CRV_USDT_USDT,1H,-32.7,-9.44,-1.3506,-2.8428,-0.2591,-36.44,224,0.68,51.98,-12.9767,252,-0.5092,53.0548,84.4654,0.6281,9,5,3.41,-5.53,25.53,"{'2022-02-28': -0.01, '2022-03-31': -2.17, '2022-04-30': 3.41, '2022-05-31': -0.32, '2022-06-30': -2.72, '2022-07-31': -0.69, '2022-08-31': -3.45, '2022-09-30': -1.78, '2022-10-31': -0.02, '2022-11-30': -2.11, '2022-12-31': 0.33, '2023-01-31': -4.87, '2023-02-28': 0.32, '2023-03-31': -1.07, '2023-04-30': -2.54, '2023-05-31': -0.94, '2023-06-30': -2.15, '2023-07-31': -2.18, '2023-08-31': -0.25, '2023-09-30': -0.77, '2023-10-31': -0.85, '2023-11-30': -0.06, '2023-12-31': -1.25, '2024-01-31': -0.55, '2024-02-29': 1.32, '2024-03-31': -3.46, '2024-04-30': 0.44, '2024-05-31': -0.46, '2024-06-30': 0.32, '2024-07-31': 1.27, '2024-08-31': -1.72, '2024-09-30': -5.53, '2024-10-31': 1.43, '2024-11-30': -0.36, '2024-12-31': -1.36, '2025-01-31': -1.71, '2025-02-28': -0.63, '2025-03-31': -1.7, '2025-04-30': -1.37, '2025-05-31': 1.72, '2025-06-30': -0.2, '2025-07-31': 1.34, '2025-08-31': 0.29, '2025-09-30': -0.16, '2025-10-31': -0.05, '2025-11-30': 1.7, '2025-12-31': -1.22}",5.254
S30e_Weekend_Gap_Fade,GALA_USDT_USDT,1H,-20.39,-5.55,-0.4408,-0.9023,-0.2239,-24.79,253,0.8033,55.73,-8.0587,253,-0.1766,59.0578,92.5536,0.6381,8,6,2.41,-5.23,40.43,"{'2022-02-28': 0.79, '2022-03-31': -1.75, '2022-04-30': -1.87, '2022-05-31': -2.01, '2022-06-30': -1.36, '2022-07-31': -0.7, '2022-08-31': 2.05, '2022-09-30': -1.87, '2022-10-31': 2.24, '2022-11-30': -1.8, '2022-12-31': 0.86, '2023-01-31': 0.02, '2023-02-28': 2.09, '2023-03-31': 1.77, '2023-04-30': 0.91, '2023-05-31': -2.28, '2023-06-30': -0.1, '2023-07-31': -2.32, '2023-08-31': 2.37, '2023-09-30': -0.75, '2023-10-31': -0.43, '2023-11-30': -0.69, '2023-12-31': -1.79, '2024-01-31': -0.44, '2024-02-29': -5.23, '2024-03-31': -2.38, '2024-04-30': 0.68, '2024-05-31': -1.45, '2024-06-30': -1.85, '2024-07-31': 0.56, '2024-08-31': 0.67, '2024-09-30': -3.82, '2024-10-31': -1.82, '2024-11-30': -1.29, '2024-12-31': 0.01, '2025-01-31': -2.09, '2025-02-28': 0.76, '2025-03-31': -1.08, '2025-04-30': -1.08, '2025-05-31': 2.41, '2025-06-30': 1.88, '2025-07-31': -1.82, '2025-08-31': 0.95, '2025-09-30': 1.34, '2025-10-31': 1.65, '2025-11-30': -0.06, '2025-12-31': -0.56}",5.275
S30e_Weekend_Gap_Fade,APE_USDT_USDT,1H,-22.92,-6.65,-0.8982,-1.4076,-0.2192,-30.34,246,0.7636,55.06,-9.2779,247,-0.3475,54.4393,87.3458,0.6233,8,5,3.41,-4.46,40.0,"{'2022-04-30': 0.02, '2022-05-31': -1.35, '2022-06-30': -4.31, '2022-07-31': -0.69, '2022-08-31': -0.09, '2022-09-30': 1.71, '2022-10-31': 0.36, '2022-11-30': -1.02, '2022-12-31': 0.55, '2023-01-31': -4.3, '2023-02-28': 0.96, '2023-03-31': -1.77, '2023-04-30': -0.23, '2023-05-31': -0.77, '2023-06-30': -3.65, '2023-07-31': -1.65, '2023-08-31': -1.45, '2023-09-30': -2.57, '2023-10-31': -2.97, '2023-11-30': -2.43, '2023-12-31': 1.36, '2024-01-31': 0.57, '2024-02-29': -1.87, '2024-03-31': -0.01, '2024-04-30': -1.8, '2024-05-31': 0.24, '2024-06-30': -2.96, '2024-07-31': 0.51, '2024-08-31': -0.46, '2024-09-30': -0.44, '2024-10-31': -0.71, '2024-11-30': 0.47, '2024-12-31': 2.45, '2025-01-31': -4.46, '2025-02-28': 0.33, '2025-03-31': -1.07, '2025-04-30': 0.97, '2025-05-31': 0.64, '2025-06-30': -0.53, '2025-07-31': 3.34, '2025-08-31': 0.45, '2025-09-30': -0.45, '2025-10-31': 3.41, '2025-11-30': 1.3, '2025-12-31': -0.53}",5.433
S30e_Weekend_Gap_Fade,AXS_USDT_USDT,1H,-35.96,-10.56,-1.3317,-2.4909,-0.2798,-37.74,265,0.6571,52.08,-13.5685,265,-0.4296,49.9209,82.557,0.6047,7,6,3.22,-5.23,34.04,"{'2022-02-28': 0.36, '2022-03-31': 0.97, '2022-04-30': -5.23, '2022-05-31': -0.29, '2022-06-30': -3.04, '2022-07-31': -2.45, '2022-08-31': 0.27, '2022-09-30': -1.18, '2022-10-31': 1.33, '2022-11-30': -1.81, '2022-12-31': 2.03, '2023-01-31': -3.89, '2023-02-28': -0.79, '2023-03-31': -2.9, '2023-04-30': 3.22, '2023-05-31': -3.72, '2023-06-30': 0.33, '2023-07-31': -1.36, '2023-08-31': -0.54, '2023-09-30': -1.94, '2023-10-31': -4.15, '2023-11-30': -1.77, '2023-12-31': -2.76, '2024-01-31': -0.48, '2024-02-29': -0.21, '2024-03-31': -0.75, '2024-04-30': 0.94, '2024-05-31': -3.22, '2024-06-30': -1.32, '2024-07-31': 0.42, '2024-08-31': -0.09, '2024-09-30': -5.09, '2024-10-31': -0.4, '2024-11-30': 0.35, '2024-12-31': 0.65, '2025-01-31': -2.19, '2025-02-28': -2.12, '2025-03-31': -0.09, '2025-04-30': -1.79, '2025-05-31': 2.37, '2025-06-30': 1.84, '2025-07-31': -1.24, '2025-08-31': 0.27, '2025-09-30': -1.88, '2025-10-31': 0.43, '2025-11-30': 1.65, '2025-12-31': -0.55}",5.525
S30e_Weekend_Gap_Fade,GRT_USDT_USDT,1H,-32.87,-9.5,-1.4122,-2.938,-0.2506,-37.91,251,0.6737,52.36,-12.9425,254,-0.4921,51.0406,83.271,0.6129,7,5,3.78,-5.45,38.3,"{'2022-02-28': 1.36, '2022-03-31': -1.75, '2022-04-30': -1.78, '2022-05-31': 0.04, '2022-06-30': -1.65, '2022-07-31': 0.72, '2022-08-31': 1.0, '2022-09-30': 0.29, '2022-10-31': 0.89, '2022-11-30': -3.46, '2022-12-31': 3.78, '2023-01-31': -2.24, '2023-02-28': -2.38, '2023-03-31': -5.45, '2023-04-30': -2.52, '2023-05-31': -4.66, '2023-06-30': -0.23, '2023-07-31': -1.49, '2023-08-31': 1.21, '2023-09-30': -1.99, '2023-10-31': -3.67, '2023-11-30': -0.06, '2023-12-31': -1.09, '2024-01-31': -1.14, '2024-02-29': -3.49, '2024-03-31': -2.41, '2024-04-30': 0.97, '2024-05-31': -0.78, '2024-06-30': -4.0, '2024-07-31': -0.14, '2024-08-31': 1.67, '2024-09-30': -4.94, '2024-10-31': -1.24, '2024-11-30': -1.36, '2024-12-31': 1.71, '2025-01-31': -0.07, '2025-02-28': 1.36, '2025-03-31': -1.14, '2025-04-30': -3.9, '2025-05-31': 1.68, '2025-06-30': 2.23, '2025-07-31': -0.56, '2025-08-31': -0.19, '2025-09-30': 0.77, '2025-10-31': 1.57, '2025-11-30': 1.24, '2025-12-31': 0.41}",5.296
S30e_Weekend_Gap_Fade,CHZ_USDT_USDT,1H,-32.99,-9.54,-1.1865,-2.1909,-0.2528,-37.74,251,0.6864,53.21,-12.4508,265,-0.3711,51.2079,84.8368,0.6036,7,7,1.71,-4.49,36.17,"{'2022-02-28': 0.67, '2022-03-31': 0.69, '2022-04-30': -0.76, '2022-05-31': -1.72, '2022-06-30': -3.07, '2022-07-31': -1.14, '2022-08-31': 1.41, '2022-09-30': -2.4, '2022-10-31': -2.47, '2022-11-30': -0.32, '2022-12-31': -1.9, '2023-01-31': -4.06, '2023-02-28': -0.83, '2023-03-31': -1.54, '2023-04-30': -0.23, '2023-05-31': -3.21, '2023-06-30': 0.81, '2023-07-31': -0.36, '2023-08-31': 0.78, '2023-09-30': -2.47, '2023-10-31': -2.98, '2023-11-30': -1.44, '2023-12-31': -2.33, '2024-01-31': -0.45, '2024-02-29': 0.21, '2024-03-31': -4.11, '2024-04-30': 0.18, '2024-05-31': 0.27, '2024-06-30': -1.2, '2024-07-31': -1.29, '2024-08-31': 0.93, '2024-09-30': -4.49, '2024-10-31': -1.91, '2024-11-30': 1.01, '2024-12-31': 1.71, '2025-01-31': -1.56, '2025-02-28': 0.29, '2025-03-31': -0.1, '2025-04-30': -2.87, '2025-05-31': 1.59, '2025-06-30': 0.97, '2025-07-31': 0.02, '2025-08-31': -1.91, '2025-09-30': -0.34, '2025-10-31': 1.42, '2025-11-30': 1.51, '2025-12-31': -1.26}",5.525
S30e_Weekend_Gap_Fade,1000LUNC_USDT_USDT,1H,-20.34,-6.69,-0.4253,-0.8366,-0.2573,-26.0,206,0.7618,55.45,-9.6414,211,-0.1552,55.5957,90.8408,0.612,6,6,2.7,-5.2,41.03,"{'2022-10-31': 0.59, '2022-11-30': -5.2, '2022-12-31': -1.94, '2023-01-31': -1.2, '2023-02-28': 0.91, '2023-03-31': -1.18, '2023-04-30': 0.18, '2023-05-31': -2.61, '2023-06-30': -1.06, '2023-07-31': -1.96, '2023-08-31': 2.36, '2023-09-30': 1.07, '2023-10-31': -3.04, '2023-11-30': -0.73, '2023-12-31': -3.42, '2024-01-31': -1.77, '2024-02-29': 1.37, '2024-03-31': -4.06, '2024-04-30': -1.81, '2024-05-31': -1.9, '2024-06-30': -0.73, '2024-07-31': 0.58, '2024-08-31': 1.73, '2024-09-30': -2.19, '2024-10-31': 0.25, '2024-11-30': 2.49, '2024-12-31': -0.74, '2025-01-31': -2.63, '2025-02-28': -2.08, '2025-03-31': 2.7, '2025-04-30': -2.52, '2025-05-31': 2.29, '2025-06-30': 1.4, '2025-07-31': 0.3, '2025-08-31': 0.72, '2025-09-30': -1.06, '2025-10-31': -0.18, '2025-11-30': 2.69, '2025-12-31': -0.68}",5.313
S30e_Weekend_Gap_Fade,TWT_USDT_USDT,1H,-7.84,-2.59,-0.1458,-0.2842,-0.2125,-12.19,186,0.8973,59.79,-4.1481,189,-0.0425,60.6032,100.4231,0.6035,7,5,2.7,-4.61,51.35,"{'2022-12-31': -1.74, '2023-01-31': -1.47, '2023-02-28': -0.1, '2023-03-31': 1.69, '2023-04-30': 0.22, '2023-05-31': 0.25, '2023-06-30': -1.99, '2023-07-31': -1.4, '2023-08-31': 0.09, '2023-09-30': -2.68, '2023-10-31': 2.19, '2023-11-30': 0.3, '2023-12-31': -1.84, '2024-01-31': -0.59, '2024-02-29': 2.7, '2024-03-31': -0.73, '2024-04-30': 0.88, '2024-05-31': 1.93, '2024-06-30': -3.48, '2024-07-31': -0.28, '2024-08-31': 1.59, '2024-09-30': -0.57, '2024-10-31': -2.63, '2024-11-30': 1.3, '2024-12-31': -0.49, '2025-01-31': 1.54, '2025-02-28': -0.38, '2025-03-31': 0.92, '2025-04-30': -4.61, '2025-05-31': 0.26, '2025-06-30': 1.55, '2025-07-31': -1.98, '2025-08-31': 1.12, '2025-09-30': 0.89, '2025-10-31': 0.97, '2025-11-30': 0.9, '2025-12-31': -0.29}",5.051
S30e_Weekend_Gap_Fade,ZRX_USDT_USDT,1H,-39.68,-12.6,-1.5447,-2.6925,-0.2973,-42.38,257,0.6185,50.77,-15.2614,260,-0.4761,48.7377,81.2605,0.5998,8,9,3.61,-6.85,28.89,"{'2022-04-30': -4.21, '2022-05-31': -0.66, '2022-06-30': -3.7, '2022-07-31': -0.77, '2022-08-31': 3.39, '2022-09-30': -4.65, '2022-10-31': -1.25, '2022-11-30': -1.81, '2022-12-31': 3.61, '2023-01-31': -5.29, '2023-02-28': 2.73, '2023-03-31': -1.81, '2023-04-30': 0.99, '2023-05-31': -6.85, '2023-06-30': 0.33, '2023-07-31': -0.3, '2023-08-31': -0.96, '2023-09-30': -2.01, '2023-10-31': -1.18, '2023-11-30': -0.03, '2023-12-31': -0.52, '2024-01-31': -0.51, '2024-02-29': -3.6, '2024-03-31': -3.07, '2024-04-30': -3.46, '2024-05-31': 0.26, '2024-06-30': -3.03, '2024-07-31': 0.53, '2024-08-31': 0.98, '2024-09-30': -6.67, '2024-10-31': -3.58, '2024-11-30': -2.08, '2024-12-31': 3.52, '2025-01-31': -1.08, '2025-02-28': -2.08, '2025-03-31': -1.49, '2025-04-30': -1.43, '2025-05-31': 1.62, '2025-06-30': 2.72, '2025-07-31': -2.29, '2025-08-31': -1.9, '2025-09-30': -0.87, '2025-10-31': 2.65, '2025-11-30': 1.69, '2025-12-31': -0.71}",5.76
S30e_Weekend_Gap_Fade,ANKR_USDT_USDT,1H,-26.99,-7.58,-0.9525,-1.9948,-0.2411,-31.44,276,0.7475,55.43,-9.7802,276,-0.2794,52.2199,86.9023,0.6009,10,6,3.27,-5.47,38.3,"{'2022-02-28': -0.47, '2022-03-31': -2.14, '2022-04-30': -0.78, '2022-05-31': -2.04, '2022-06-30': -3.42, '2022-07-31': 0.98, '2022-08-31': -0.76, '2022-09-30': -1.62, '2022-10-31': -0.31, '2022-11-30': -0.1, '2022-12-31': 0.11, '2023-01-31': -3.18, '2023-02-28': 0.33, '2023-03-31': -2.19, '2023-04-30': 0.27, '2023-05-31': -4.79, '2023-06-30': -0.25, '2023-07-31': 0.97, '2023-08-31': -0.05, '2023-09-30': 1.0, '2023-10-31': -2.86, '2023-11-30': 1.62, '2023-12-31': -1.19, '2024-01-31': -0.56, '2024-02-29': -1.48, '2024-03-31': -0.35, '2024-04-30': 1.42, '2024-05-31': 0.22, '2024-06-30': 2.15, '2024-07-31': 0.28, '2024-08-31': -0.79, '2024-09-30': -5.47, '2024-10-31': -3.08, '2024-11-30': 1.35, '2024-12-31': 2.71, '2025-01-31': -2.14, '2025-02-28': -2.44, '2025-03-31': -2.91, '2025-04-30': -0.76, '2025-05-31': -0.11, '2025-06-30': 1.62, '2025-07-31': -1.22, '2025-08-31': 0.83, '2025-09-30': 1.4, '2025-10-31': 3.27, '2025-11-30': 1.59, '2025-12-31': -2.42}",5.754
S30e_Weekend_Gap_Fade,STX_USDT_USDT,1H,-32.8,-9.48,-1.3772,-2.5316,-0.2517,-37.67,257,0.6724,52.53,-12.7614,257,-0.4787,49.8563,82.0514,0.6076,9,6,2.85,-5.16,31.91,"{'2022-02-28': -1.8, '2022-03-31': -1.82, '2022-04-30': -4.01, '2022-05-31': -1.09, '2022-06-30': -0.66, '2022-07-31': -0.11, '2022-08-31': -0.85, '2022-09-30': 0.53, '2022-10-31': 1.74, '2022-11-30': -3.94, '2022-12-31': 0.24, '2023-01-31': -1.28, '2023-02-28': -1.29, '2023-03-31': -0.64, '2023-04-30': -1.13, '2023-05-31': -2.6, '2023-06-30': 0.9, '2023-07-31': -3.51, '2023-08-31': 2.38, '2023-09-30': -2.61, '2023-10-31': -1.49, '2023-11-30': -1.8, '2023-12-31': -2.04, '2024-01-31': -0.03, '2024-02-29': -2.48, '2024-03-31': 2.81, '2024-04-30': -2.47, '2024-05-31': -3.14, '2024-06-30': 1.36, '2024-07-31': -5.16, '2024-08-31': -0.05, '2024-09-30': -3.31, '2024-10-31': 2.71, '2024-11-30': -1.02, '2024-12-31': -0.4, '2025-01-31': -1.56, '2025-02-28': -1.07, '2025-03-31': -0.04, '2025-04-30': -1.74, '2025-05-31': 0.62, '2025-06-30': 2.85, '2025-07-31': 0.15, '2025-08-31': 1.51, '2025-09-30': -1.53, '2025-10-31': 1.61, '2025-11-30': 0.97, '2025-12-31': 0.01}",5.358
S30e_Weekend_Gap_Fade,EGLD_USDT_USDT,1H,-34.05,-9.9,-1.2048,-2.5228,-0.2476,-39.99,271,0.6718,53.14,-12.5638,271,-0.3502,48.4083,81.6976,0.5925,10,8,3.31,-5.62,36.17,"{'2022-02-28': -0.01, '2022-03-31': -2.5, '2022-04-30': -0.21, '2022-05-31': -4.13, '2022-06-30': -3.45, '2022-07-31': 0.32, '2022-08-31': -0.11, '2022-09-30': 0.87, '2022-10-31': -1.31, '2022-11-30': -5.62, '2022-12-31': 1.98, '2023-01-31': -1.9, '2023-02-28': 3.31, '2023-03-31': 0.49, '2023-04-30': -4.51, '2023-05-31': -3.17, '2023-06-30': 1.49, '2023-07-31': -0.9, '2023-08-31': 2.3, '2023-09-30': -1.97, '2023-10-31': -5.12, '2023-11-30': 1.71, '2023-12-31': -2.72, '2024-01-31': -0.92, '2024-02-29': -2.6, '2024-03-31': -2.45, '2024-04-30': -1.78, '2024-05-31': -4.27, '2024-06-30': -1.43, '2024-07-31': -0.91, '2024-08-31': 0.55, '2024-09-30': -4.34, '2024-10-31': -1.34, '2024-11-30': -0.35, '2024-12-31': 1.72, '2025-01-31': -0.47, '2025-02-28': -0.39, '2025-03-31': -2.19, '2025-04-30': -0.72, '2025-05-31': 1.66, '2025-06-30': 1.48, '2025-07-31': 0.03, '2025-08-31': -1.26, '2025-09-30': 3.15, '2025-10-31': 2.73, '2025-11-30': 0.96, '2025-12-31': 0.44}",5.65
S30e_Weekend_Gap_Fade,MINA_USDT_USDT,1H,-28.01,-8.44,-1.0058,-2.1482,-0.2721,-31.02,239,0.7093,53.56,-11.7178,239,-0.3585,53.3813,86.7871,0.6151,6,5,3.44,-4.22,40.91,"{'2022-05-31': -1.7, '2022-06-30': -1.33, '2022-07-31': -0.06, '2022-08-31': 0.27, '2022-09-30': 0.89, '2022-10-31': -0.76, '2022-11-30': -3.48, '2022-12-31': 0.6, '2023-01-31': -2.1, '2023-02-28': 0.4, '2023-03-31': -2.76, '2023-04-30': 0.21, '2023-05-31': -2.44, '2023-06-30': 2.14, '2023-07-31': -2.48, '2023-08-31': 0.68, '2023-09-30': 1.77, '2023-10-31': -2.62, '2023-11-30': -3.12, '2023-12-31': -1.04, '2024-01-31': -3.42, '2024-02-29': 1.65, '2024-03-31': 0.02, '2024-04-30': 1.63, '2024-05-31': -2.11, '2024-06-30': -2.95, '2024-07-31': -2.25, '2024-08-31': 0.6, '2024-09-30': -4.22, '2024-10-31': -1.81, '2024-11-30': -0.32, '2024-12-31': 1.71, '2025-01-31': -0.15, '2025-02-28': -1.42, '2025-03-31': -1.16, '2025-04-30': -2.84, '2025-05-31': 3.44, '2025-06-30': 1.72, '2025-07-31': -1.87, '2025-08-31': -0.16, '2025-09-30': -1.98, '2025-10-31': 0.94, '2025-11-30': 1.82, '2025-12-31': 0.5}",5.334
S30e_Weekend_Gap_Fade,ZEN_USDT_USDT,1H,-31.91,-9.18,-0.9808,-1.7867,-0.2799,-32.8,229,0.6841,52.1,-13.4086,238,-0.3856,55.7221,88.6034,0.6289,7,7,2.82,-5.26,25.53,"{'2022-02-28': -0.71, '2022-03-31': -0.03, '2022-04-30': -3.26, '2022-05-31': -3.43, '2022-06-30': -0.66, '2022-07-31': -0.72, '2022-08-31': -1.77, '2022-09-30': 1.65, '2022-10-31': -2.38, '2022-11-30': 1.26, '2022-12-31': -1.42, '2023-01-31': 0.59, '2023-02-28': 1.75, '2023-03-31': -0.73, '2023-04-30': 2.19, '2023-05-31': -3.17, '2023-06-30': -0.05, '2023-07-31': 0.6, '2023-08-31': -1.6, '2023-09-30': 2.1, '2023-10-31': -2.38, '2023-11-30': -0.76, '2023-12-31': -1.44, '2024-01-31': -1.76, '2024-02-29': -0.8, '2024-03-31': -2.08, '2024-04-30': -0.13, '2024-05-31': -1.48, '2024-06-30': -5.26, '2024-07-31': 1.45, '2024-08-31': -0.75, '2024-09-30': -3.76, '2024-10-31': -1.16, '2024-11-30': -2.73, '2024-12-31': -1.68, '2025-01-31': -1.04, '2025-02-28': 0.74, '2025-03-31': 2.82, '2025-04-30': -4.46, '2025-05-31': 1.01, '2025-06-30': -0.45, '2025-07-31': -0.07, '2025-08-31': 1.96, '2025-09-30': -2.14, '2025-10-31': -0.31, '2025-11-30': -0.29, '2025-12-31': -1.1}",4.962
S30e_Weekend_Gap_Fade,ALICE_USDT_USDT,1H,-31.27,-9.01,-1.1627,-2.4524,-0.2479,-36.34,252,0.6823,52.38,-12.4104,252,-0.4429,50.881,82.031,0.6203,6,8,2.99,-5.2,40.43,"{'2022-02-28': 0.04, '2022-03-31': -3.46, '2022-04-30': -0.08, '2022-05-31': -4.7, '2022-06-30': -1.34, '2022-07-31': 0.98, '2022-08-31': -2.47, '2022-09-30': -5.2, '2022-10-31': -1.43, '2022-11-30': -0.76, '2022-12-31': 1.95, '2023-01-31': 0.24, '2023-02-28': 1.38, '2023-03-31': -2.81, '2023-04-30': 0.29, '2023-05-31': -3.59, '2023-06-30': -1.28, '2023-07-31': -1.43, '2023-08-31': -0.16, '2023-09-30': 0.7, '2023-10-31': -1.13, '2023-11-30': -0.03, '2023-12-31': -0.02, '2024-01-31': 0.86, '2024-02-29': -2.57, '2024-03-31': 0.37, '2024-04-30': 0.99, '2024-05-31': -4.23, '2024-06-30': -3.5, '2024-07-31': 1.34, '2024-08-31': 0.01, '2024-09-30': -3.19, '2024-10-31': -1.82, '2024-11-30': -1.32, '2024-12-31': 0.68, '2025-01-31': -2.6, '2025-02-28': 0.66, '2025-03-31': -0.05, '2025-04-30': -2.79, '2025-05-31': 0.67, '2025-06-30': 0.8, '2025-07-31': -0.11, '2025-08-31': 2.99, '2025-09-30': 2.06, '2025-10-31': 1.8, '2025-11-30': -0.65, '2025-12-31': -1.2}",5.254
S30e_Weekend_Gap_Fade,JST_USDT_USDT,1H,-36.92,-11.31,-1.0874,-1.978,-0.3018,-37.48,252,0.6182,53.57,-14.6505,252,-0.219,44.2891,82.6578,0.5358,7,7,2.81,-5.74,30.43,"{'2022-03-31': -1.52, '2022-04-30': -2.43, '2022-05-31': -1.11, '2022-06-30': -0.72, '2022-07-31': -3.57, '2022-08-31': 0.17, '2022-09-30': -2.01, '2022-10-31': -0.06, '2022-11-30': -0.3, '2022-12-31': 1.3, '2023-01-31': -1.4, '2023-02-28': 2.61, '2023-03-31': -0.79, '2023-04-30': 2.4, '2023-05-31': -2.88, '2023-06-30': 0.2, '2023-07-31': 1.53, '2023-08-31': -0.33, '2023-09-30': -2.13, '2023-10-31': 0.36, '2023-11-30': -2.09, '2023-12-31': -1.58, '2024-01-31': -4.05, '2024-02-29': -2.23, '2024-03-31': -0.25, '2024-04-30': -2.96, '2024-05-31': 0.95, '2024-06-30': 2.35, '2024-07-31': -4.74, '2024-08-31': 0.52, '2024-09-30': -3.11, '2024-10-31': 0.76, '2024-11-30': -2.48, '2024-12-31': -0.72, '2025-01-31': -5.74, '2025-02-28': 0.09, '2025-03-31': -4.07, '2025-04-30': -0.87, '2025-05-31': -3.02, '2025-06-30': 1.56, '2025-07-31': -0.55, '2025-08-31': 2.81, '2025-09-30': -0.9, '2025-10-31': -1.77, '2025-11-30': -1.41, '2025-12-31': -0.81}",5.46
S30e_Weekend_Gap_Fade,SUN_USDT_USDT,1H,-14.64,-4.04,0.191,0.3586,-0.1584,-25.51,238,0.8439,60.57,-5.9521,246,0.0477,53.1152,96.6844,0.5494,16,4,3.06,-4.5,36.96,"{'2022-03-31': 1.69, '2022-04-30': -2.89, '2022-05-31': -1.79, '2022-06-30': 0.02, '2022-07-31': -0.88, '2022-08-31': 0.99, '2022-09-30': -0.34, '2022-10-31': 2.74, '2022-11-30': -2.09, '2022-12-31': 0.21, '2023-01-31': -0.95, '2023-02-28': 3.06, '2023-03-31': -2.96, '2023-04-30': -1.56, '2023-05-31': -1.7, '2023-06-30': -1.26, '2023-07-31': 0.7, '2023-08-31': -0.64, '2023-09-30': -0.06, '2023-10-31': -0.72, '2023-11-30': 2.38, '2023-12-31': -1.73, '2024-01-31': 2.06, '2024-02-29': -1.24, '2024-03-31': -0.88, '2024-04-30': -3.77, '2024-05-31': -0.7, '2024-06-30': -2.85, '2024-07-31': -0.5, '2024-08-31': -0.39, '2024-09-30': -2.16, '2024-10-31': -0.17, '2024-11-30': 2.12, '2024-12-31': 1.95, '2025-01-31': -4.5, '2025-02-28': 0.09, '2025-03-31': -0.77, '2025-04-30': -2.6, '2025-05-31': -2.02, '2025-06-30': -0.61, '2025-07-31': -0.33, '2025-08-31': 1.23, '2025-09-30': 2.69, '2025-10-31': 2.55, '2025-11-30': 1.53, '2025-12-31': 1.29}",5.33
S30e_Weekend_Gap_Fade,ONT_USDT_USDT,1H,-29.76,-9.44,-1.1547,-1.9256,-0.2961,-31.88,196,0.7115,54.25,-12.0499,247,-0.3275,54.7689,91.2864,0.6,10,6,4.05,-5.46,38.1,"{'2022-07-31': 0.27, '2022-08-31': 0.89, '2022-09-30': -2.97, '2022-10-31': -1.05, '2022-11-30': 0.51, '2022-12-31': 4.05, '2023-01-31': 0.24, '2023-02-28': -0.06, '2023-03-31': -3.54, '2023-04-30': 0.55, '2023-05-31': -4.17, '2023-06-30': 1.44, '2023-07-31': 1.57, '2023-08-31': -2.78, '2023-09-30': -1.98, '2023-10-31': -0.66, '2023-11-30': 1.36, '2023-12-31': 0.54, '2024-01-31': -1.19, '2024-02-29': -2.69, '2024-03-31': -1.42, '2024-04-30': -0.03, '2024-05-31': -0.47, '2024-06-30': -0.67, '2024-07-31': -2.96, '2024-08-31': 0.26, '2024-09-30': -5.46, '2024-10-31': -2.45, '2024-11-30': -2.11, '2024-12-31': -3.49, '2025-01-31': -0.4, '2025-02-28': -0.08, '2025-03-31': -0.95, '2025-04-30': -1.88, '2025-05-31': -1.2, '2025-06-30': 0.97, '2025-07-31': -2.27, '2025-08-31': 0.54, '2025-09-30': 0.77, '2025-10-31': 0.92, '2025-11-30': -1.19, '2025-12-31': 0.49}",5.766
S30e_Weekend_Gap_Fade,AGLD_USDT_USDT,1H,-20.29,-5.97,-0.3229,-0.7107,-0.2876,-20.76,236,0.7961,55.6,-8.4172,241,-0.1222,59.0903,92.9592,0.6357,5,4,1.73,-3.95,40.91,"{'2022-05-31': 0.05, '2022-06-30': -2.37, '2022-07-31': -1.39, '2022-08-31': -1.1, '2022-09-30': -1.12, '2022-10-31': 0.44, '2022-11-30': 1.73, '2022-12-31': 0.73, '2023-01-31': 1.19, '2023-02-28': 0.05, '2023-03-31': -0.45, '2023-04-30': -2.46, '2023-05-31': -1.51, '2023-06-30': -3.95, '2023-07-31': 0.71, '2023-08-31': 0.56, '2023-09-30': 0.35, '2023-10-31': -2.91, '2023-11-30': -1.05, '2023-12-31': 1.04, '2024-01-31': -0.73, '2024-02-29': -0.41, '2024-03-31': -3.47, '2024-04-30': -1.81, '2024-05-31': -0.15, '2024-06-30': 0.58, '2024-07-31': 0.51, '2024-08-31': 0.88, '2024-09-30': -0.51, '2024-10-31': 1.2, '2024-11-30': -1.64, '2024-12-31': 1.11, '2025-01-31': -1.69, '2025-02-28': -1.35, '2025-03-31': -0.73, '2025-04-30': -0.04, '2025-05-31': -0.41, '2025-06-30': -0.18, '2025-07-31': -0.11, '2025-08-31': 0.47, '2025-09-30': 0.26, '2025-10-31': -0.18, '2025-11-30': 0.94, '2025-12-31': -2.26}",5.438
S30f_Funding_Rate_Proxy_Cycle,BTC_USDT_USDT,15m,-87.0,-39.98,-7.1271,-16.846,-0.4585,-87.2,784,0.3271,35.45,-11.0552,787,-0.2576,15.1593,25.4525,0.5956,6,16,-1.07,-11.22,0.0,"{'2022-02-28': -11.22, '2022-03-31': -5.54, '2022-04-30': -1.71, '2022-05-31': -2.52, '2022-06-30': -3.23, '2022-07-31': -10.8, '2022-08-31': -6.93, '2022-09-30': -3.41, '2022-10-31': -3.25, '2022-11-30': -3.14, '2022-12-31': -5.11, '2023-01-31': -2.41, '2023-02-28': -6.41, '2023-03-31': -4.71, '2023-04-30': -3.14, '2023-05-31': -1.08, '2023-06-30': -4.71, '2023-07-31': -3.32, '2023-08-31': -5.5, '2023-09-30': -2.96, '2023-10-31': -1.85, '2023-11-30': -2.05, '2023-12-31': -3.5, '2024-01-31': -3.09, '2024-02-29': -6.17, '2024-03-31': -3.0, '2024-04-30': -5.46, '2024-05-31': -6.74, '2024-06-30': -3.6, '2024-07-31': -3.91, '2024-08-31': -6.17, '2024-09-30': -4.9, '2024-10-31': -2.76, '2024-11-30': -2.23, '2024-12-31': -1.07, '2025-01-31': -1.9, '2025-02-28': -3.85, '2025-03-31': -2.46, '2025-04-30': -1.19, '2025-05-31': -5.65, '2025-06-30': -4.01, '2025-07-31': -4.53, '2025-08-31': -3.93, '2025-09-30': -3.75, '2025-10-31': -10.33, '2025-11-30': -4.51, '2025-12-31': -4.17}",16.408
S30f_Funding_Rate_Proxy_Cycle,ETH_USDT_USDT,15m,-87.42,-40.57,-5.1904,-13.3333,-0.4633,-87.57,792,0.4202,38.82,-10.9826,796,-0.2578,20.5078,30.9631,0.6623,9,13,6.37,-14.81,6.38,"{'2022-02-28': -3.77, '2022-03-31': -5.8, '2022-04-30': -5.72, '2022-05-31': -6.16, '2022-06-30': -3.07, '2022-07-31': -14.81, '2022-08-31': -13.08, '2022-09-30': 0.27, '2022-10-31': -3.21, '2022-11-30': -1.67, '2022-12-31': -5.45, '2023-01-31': -9.39, '2023-02-28': -6.87, '2023-03-31': 6.37, '2023-04-30': -2.54, '2023-05-31': -3.17, '2023-06-30': -7.43, '2023-07-31': -5.87, '2023-08-31': -4.11, '2023-09-30': -1.84, '2023-10-31': -2.51, '2023-11-30': -0.58, '2023-12-31': -2.3, '2024-01-31': -2.74, '2024-02-29': -2.06, '2024-03-31': -1.29, '2024-04-30': -4.95, '2024-05-31': -5.23, '2024-06-30': -2.17, '2024-07-31': -3.66, '2024-08-31': -2.53, '2024-09-30': -4.3, '2024-10-31': -0.01, '2024-11-30': 1.73, '2024-12-31': -1.89, '2025-01-31': -4.0, '2025-02-28': -1.48, '2025-03-31': -4.72, '2025-04-30': -1.51, '2025-05-31': -11.02, '2025-06-30': -2.98, '2025-07-31': -0.5, '2025-08-31': -9.08, '2025-09-30': -2.31, '2025-10-31': -11.88, '2025-11-30': -7.46, '2025-12-31': -8.39}",16.596
S30f_Funding_Rate_Proxy_Cycle,SOL_USDT_USDT,15m,-77.28,-31.02,-2.2993,-4.1819,-0.4,-77.55,754,0.6075,43.4,-10.1959,758,-0.1946,36.365,45.9034,0.7922,9,10,5.33,-10.44,17.02,"{'2022-02-28': -1.62, '2022-03-31': -9.76, '2022-04-30': 1.47, '2022-05-31': -0.42, '2022-06-30': -2.16, '2022-07-31': -9.3, '2022-08-31': -8.71, '2022-09-30': 3.85, '2022-10-31': -4.93, '2022-11-30': -4.37, '2022-12-31': -8.12, '2023-01-31': -2.1, '2023-02-28': -4.36, '2023-03-31': -5.97, '2023-04-30': -4.57, '2023-05-31': -2.29, '2023-06-30': -4.44, '2023-07-31': -5.44, '2023-08-31': -6.21, '2023-09-30': -3.76, '2023-10-31': -0.95, '2023-11-30': 4.7, '2023-12-31': -2.5, '2024-01-31': -2.7, '2024-02-29': -0.24, '2024-03-31': -2.22, '2024-04-30': 4.47, '2024-05-31': -1.71, '2024-06-30': -1.54, '2024-07-31': -6.02, '2024-08-31': -7.5, '2024-09-30': 3.57, '2024-10-31': -1.82, '2024-11-30': 5.33, '2024-12-31': 1.1, '2025-01-31': -6.97, '2025-02-28': -1.01, '2025-03-31': -0.93, '2025-04-30': 1.91, '2025-05-31': -5.89, '2025-06-30': -5.92, '2025-07-31': -1.12, '2025-08-31': -4.13, '2025-09-30': -1.04, '2025-10-31': -6.2, '2025-11-30': -4.84, '2025-12-31': -10.44}",15.804
S30f_Funding_Rate_Proxy_Cycle,XRP_USDT_USDT,15m,-67.29,-24.39,-2.5027,-5.5249,-0.3624,-67.3,686,0.5807,45.8,-9.7521,690,-0.1636,29.4862,42.9053,0.6872,8,8,6.07,-12.34,23.4,"{'2022-02-28': -12.34, '2022-03-31': -6.35, '2022-04-30': 1.11, '2022-05-31': -5.91, '2022-06-30': 5.38, '2022-07-31': -5.03, '2022-08-31': -6.67, '2022-09-30': -1.41, '2022-10-31': -4.48, '2022-11-30': -4.53, '2022-12-31': 1.5, '2023-01-31': -3.08, '2023-02-28': -1.61, '2023-03-31': -5.38, '2023-04-30': -3.74, '2023-05-31': -2.77, '2023-06-30': -1.39, '2023-07-31': -6.24, '2023-08-31': -0.56, '2023-09-30': -0.88, '2023-10-31': -3.14, '2023-11-30': 1.28, '2023-12-31': -0.47, '2024-01-31': 0.39, '2024-02-29': 0.61, '2024-03-31': -1.25, '2024-04-30': 0.13, '2024-05-31': -4.96, '2024-06-30': -0.08, '2024-07-31': -6.66, '2024-08-31': -1.82, '2024-09-30': -2.93, '2024-10-31': -3.09, '2024-11-30': -2.56, '2024-12-31': -1.63, '2025-01-31': 4.26, '2025-02-28': 6.07, '2025-03-31': -0.12, '2025-04-30': 1.62, '2025-05-31': -1.07, '2025-06-30': -1.89, '2025-07-31': 1.58, '2025-08-31': -5.08, '2025-09-30': -0.69, '2025-10-31': -5.16, '2025-11-30': -5.31, '2025-12-31': -5.71}",14.386
S30f_Funding_Rate_Proxy_Cycle,DOGE_USDT_USDT,15m,-70.66,-26.41,-2.1636,-6.0654,-0.3723,-70.94,643,0.6506,43.84,-10.6089,666,-0.1687,45.0494,54.0641,0.8333,7,12,6.0,-10.01,21.28,"{'2022-02-28': -0.28, '2022-03-31': -8.33, '2022-04-30': 4.14, '2022-05-31': -3.58, '2022-06-30': -4.31, '2022-07-31': -4.16, '2022-08-31': -8.49, '2022-09-30': 0.04, '2022-10-31': -1.45, '2022-11-30': -5.69, '2022-12-31': 0.54, '2023-01-31': 1.07, '2023-02-28': -2.07, '2023-03-31': 0.31, '2023-04-30': -1.44, '2023-05-31': -0.22, '2023-06-30': -3.82, '2023-07-31': -1.72, '2023-08-31': -1.37, '2023-09-30': -1.78, '2023-10-31': -0.51, '2023-11-30': 2.08, '2023-12-31': 1.43, '2024-01-31': -1.81, '2024-02-29': -0.31, '2024-03-31': -1.57, '2024-04-30': -5.44, '2024-05-31': -6.06, '2024-06-30': -3.18, '2024-07-31': -9.49, '2024-08-31': -3.49, '2024-09-30': -0.94, '2024-10-31': 3.58, '2024-11-30': -0.26, '2024-12-31': 6.0, '2025-01-31': -3.9, '2025-02-28': -0.85, '2025-03-31': -3.49, '2025-04-30': 4.83, '2025-05-31': -10.01, '2025-06-30': -4.27, '2025-07-31': -2.73, '2025-08-31': -8.59, '2025-09-30': -2.97, '2025-10-31': -9.85, '2025-11-30': -5.37, '2025-12-31': -7.68}",13.886
S30f_Funding_Rate_Proxy_Cycle,ADA_USDT_USDT,15m,-80.25,-33.36,-3.4725,-7.9265,-0.413,-80.78,716,0.5407,40.95,-11.1774,718,-0.2376,32.1339,41.2093,0.7798,8,15,3.62,-10.58,12.77,"{'2022-02-28': -2.18, '2022-03-31': -4.14, '2022-04-30': -0.04, '2022-05-31': -6.62, '2022-06-30': 0.74, '2022-07-31': -2.0, '2022-08-31': -2.96, '2022-09-30': -1.19, '2022-10-31': -5.7, '2022-11-30': -0.87, '2022-12-31': -1.7, '2023-01-31': -9.98, '2023-02-28': -6.94, '2023-03-31': -1.04, '2023-04-30': -7.56, '2023-05-31': 1.29, '2023-06-30': -4.64, '2023-07-31': -4.57, '2023-08-31': -5.38, '2023-09-30': -2.15, '2023-10-31': -2.08, '2023-11-30': -2.51, '2023-12-31': -5.96, '2024-01-31': -0.72, '2024-02-29': -8.97, '2024-03-31': -6.57, '2024-04-30': -2.79, '2024-05-31': -9.5, '2024-06-30': -0.93, '2024-07-31': -6.08, '2024-08-31': -3.78, '2024-09-30': -2.4, '2024-10-31': -0.12, '2024-11-30': 2.18, '2024-12-31': 3.62, '2025-01-31': -1.2, '2025-02-28': -4.72, '2025-03-31': -8.16, '2025-04-30': 2.11, '2025-05-31': -1.1, '2025-06-30': -3.17, '2025-07-31': -1.16, '2025-08-31': -7.88, '2025-09-30': -1.55, '2025-10-31': -10.58, '2025-11-30': 2.87, '2025-12-31': -6.81}",14.97
S30f_Funding_Rate_Proxy_Cycle,AVAX_USDT_USDT,15m,-77.84,-31.48,-2.6179,-6.9819,-0.4032,-78.07,799,0.6112,42.75,-9.7295,800,-0.1821,35.7747,43.7087,0.8185,9,13,6.64,-11.42,19.15,"{'2022-02-28': -5.32, '2022-03-31': -7.17, '2022-04-30': -1.23, '2022-05-31': -6.28, '2022-06-30': -5.52, '2022-07-31': -1.48, '2022-08-31': -2.7, '2022-09-30': -2.47, '2022-10-31': -5.58, '2022-11-30': -0.3, '2022-12-31': -3.98, '2023-01-31': 1.27, '2023-02-28': -4.52, '2023-03-31': -1.0, '2023-04-30': -1.33, '2023-05-31': -2.16, '2023-06-30': -7.83, '2023-07-31': -5.26, '2023-08-31': -4.73, '2023-09-30': -2.55, '2023-10-31': 2.73, '2023-11-30': 5.95, '2023-12-31': -3.75, '2024-01-31': 4.74, '2024-02-29': -5.71, '2024-03-31': 0.64, '2024-04-30': 6.64, '2024-05-31': -7.18, '2024-06-30': -3.55, '2024-07-31': -10.61, '2024-08-31': -8.4, '2024-09-30': -1.69, '2024-10-31': -2.48, '2024-11-30': -5.09, '2024-12-31': -0.69, '2025-01-31': -1.18, '2025-02-28': -6.35, '2025-03-31': 2.73, '2025-04-30': 4.66, '2025-05-31': -6.05, '2025-06-30': -3.7, '2025-07-31': 2.53, '2025-08-31': -4.12, '2025-09-30': -2.99, '2025-10-31': -11.42, '2025-11-30': -5.16, '2025-12-31': -7.34}",16.679
S30f_Funding_Rate_Proxy_Cycle,LINK_USDT_USDT,15m,-75.5,-29.71,-3.0024,-8.4996,-0.3916,-75.87,689,0.5708,43.62,-10.9419,690,-0.2076,33.3567,45.2192,0.7377,9,12,8.36,-11.64,17.02,"{'2022-02-28': -3.78, '2022-03-31': -6.46, '2022-04-30': -1.44, '2022-05-31': -7.36, '2022-06-30': -3.89, '2022-07-31': -1.91, '2022-08-31': -3.45, '2022-09-30': -1.54, '2022-10-31': -4.65, '2022-11-30': -2.94, '2022-12-31': -2.32, '2023-01-31': -8.45, '2023-02-28': -3.38, '2023-03-31': -3.83, '2023-04-30': 0.71, '2023-05-31': -0.37, '2023-06-30': -4.41, '2023-07-31': -4.42, '2023-08-31': -6.59, '2023-09-30': -1.57, '2023-10-31': -7.2, '2023-11-30': -0.25, '2023-12-31': 0.88, '2024-01-31': 1.06, '2024-02-29': -0.11, '2024-03-31': 3.1, '2024-04-30': -0.15, '2024-05-31': -7.23, '2024-06-30': 2.37, '2024-07-31': -0.82, '2024-08-31': -2.61, '2024-09-30': -6.87, '2024-10-31': 0.03, '2024-11-30': -3.07, '2024-12-31': 4.09, '2025-01-31': -1.22, '2025-02-28': -5.16, '2025-03-31': -3.44, '2025-04-30': 8.36, '2025-05-31': -2.2, '2025-06-30': -2.58, '2025-07-31': -4.37, '2025-08-31': -4.26, '2025-09-30': -2.32, '2025-10-31': -11.64, '2025-11-30': -1.91, '2025-12-31': -8.42}",14.386
S30f_Funding_Rate_Proxy_Cycle,BNB_USDT_USDT,15m,-79.09,-32.4,-4.6796,-10.4592,-0.4096,-79.1,774,0.447,41.09,-10.2188,774,-0.2015,20.1022,31.3637,0.6409,11,18,3.81,-9.87,14.89,"{'2022-02-28': -1.32, '2022-03-31': -5.62, '2022-04-30': -2.86, '2022-05-31': 1.35, '2022-06-30': -6.43, '2022-07-31': -9.87, '2022-08-31': -6.32, '2022-09-30': -1.67, '2022-10-31': -3.92, '2022-11-30': -2.17, '2022-12-31': -4.53, '2023-01-31': -5.31, '2023-02-28': -3.38, '2023-03-31': -8.3, '2023-04-30': -3.83, '2023-05-31': -3.42, '2023-06-30': -7.36, '2023-07-31': -5.93, '2023-08-31': -3.09, '2023-09-30': -1.79, '2023-10-31': -1.21, '2023-11-30': 3.81, '2023-12-31': 0.65, '2024-01-31': 1.93, '2024-02-29': 0.5, '2024-03-31': -3.64, '2024-04-30': -0.7, '2024-05-31': -6.97, '2024-06-30': -1.86, '2024-07-31': -5.16, '2024-08-31': -5.73, '2024-09-30': -2.51, '2024-10-31': -0.36, '2024-11-30': 1.48, '2024-12-31': -1.91, '2025-01-31': -1.6, '2025-02-28': -0.32, '2025-03-31': -0.9, '2025-04-30': 0.24, '2025-05-31': -5.31, '2025-06-30': -1.84, '2025-07-31': -7.08, '2025-08-31': -1.68, '2025-09-30': -3.27, '2025-10-31': -6.86, '2025-11-30': -5.03, '2025-12-31': -3.79}",16.137
S30f_Funding_Rate_Proxy_Cycle,LTC_USDT_USDT,15m,-74.89,-29.23,-3.2401,-8.0795,-0.3879,-75.35,697,0.5448,42.94,-10.6834,701,-0.1945,29.782,41.1336,0.724,9,10,3.87,-9.82,23.4,"{'2022-02-28': -1.74, '2022-03-31': -7.38, '2022-04-30': -1.5, '2022-05-31': -9.82, '2022-06-30': 0.75, '2022-07-31': -4.28, '2022-08-31': -8.27, '2022-09-30': -2.76, '2022-10-31': -4.46, '2022-11-30': -2.28, '2022-12-31': -1.86, '2023-01-31': -4.69, '2023-02-28': -5.12, '2023-03-31': -0.29, '2023-04-30': 0.62, '2023-05-31': -0.84, '2023-06-30': -6.83, '2023-07-31': -3.14, '2023-08-31': -5.89, '2023-09-30': -2.18, '2023-10-31': 0.38, '2023-11-30': 1.35, '2023-12-31': 1.3, '2024-01-31': 0.87, '2024-02-29': -6.13, '2024-03-31': 2.83, '2024-04-30': 2.63, '2024-05-31': -5.23, '2024-06-30': -3.18, '2024-07-31': -1.75, '2024-08-31': -2.36, '2024-09-30': -4.05, '2024-10-31': -2.57, '2024-11-30': -0.97, '2024-12-31': 3.87, '2025-01-31': -2.74, '2025-02-28': -9.23, '2025-03-31': 1.33, '2025-04-30': 1.4, '2025-05-31': -9.36, '2025-06-30': -1.01, '2025-07-31': -2.54, '2025-08-31': -3.31, '2025-09-30': -0.39, '2025-10-31': -9.27, '2025-11-30': -6.63, '2025-12-31': -3.36}",14.615
S30f_Funding_Rate_Proxy_Cycle,DOT_USDT_USDT,15m,-82.04,-34.97,-3.8078,-10.1889,-0.425,-82.29,714,0.5037,39.72,-11.4737,715,-0.2391,29.3186,38.3531,0.7644,8,10,6.66,-10.63,8.51,"{'2022-02-28': -8.96, '2022-03-31': -4.99, '2022-04-30': -6.15, '2022-05-31': -6.96, '2022-06-30': -2.44, '2022-07-31': -5.06, '2022-08-31': -5.98, '2022-09-30': 0.31, '2022-10-31': -4.56, '2022-11-30': -7.67, '2022-12-31': -0.26, '2023-01-31': -0.71, '2023-02-28': -5.25, '2023-03-31': -1.62, '2023-04-30': -3.29, '2023-05-31': -1.06, '2023-06-30': -4.79, '2023-07-31': -3.15, '2023-08-31': -2.46, '2023-09-30': -0.67, '2023-10-31': -2.2, '2023-11-30': -2.47, '2023-12-31': -0.16, '2024-01-31': 0.86, '2024-02-29': -3.86, '2024-03-31': -0.39, '2024-04-30': -3.49, '2024-05-31': -4.69, '2024-06-30': -3.9, '2024-07-31': -4.67, '2024-08-31': -4.56, '2024-09-30': -1.65, '2024-10-31': -3.9, '2024-11-30': -4.4, '2024-12-31': 6.66, '2025-01-31': -3.24, '2025-02-28': -1.69, '2025-03-31': -3.85, '2025-04-30': 2.08, '2025-05-31': -6.82, '2025-06-30': -1.89, '2025-07-31': -3.34, '2025-08-31': -10.63, '2025-09-30': -1.94, '2025-10-31': -6.97, '2025-11-30': -7.02, '2025-12-31': -9.88}",14.907
S30f_Funding_Rate_Proxy_Cycle,BCH_USDT_USDT,15m,-73.85,-28.55,-3.1243,-6.9959,-0.3851,-74.13,747,0.5643,44.55,-9.8203,752,-0.188,28.5545,40.6489,0.7025,5,7,2.96,-10.04,17.02,"{'2022-02-28': -4.42, '2022-03-31': -2.15, '2022-04-30': -1.84, '2022-05-31': -4.45, '2022-06-30': -4.82, '2022-07-31': -9.91, '2022-08-31': -10.04, '2022-09-30': -5.24, '2022-10-31': -2.53, '2022-11-30': -2.11, '2022-12-31': -0.92, '2023-01-31': -3.77, '2023-02-28': 1.64, '2023-03-31': 0.45, '2023-04-30': -2.08, '2023-05-31': -2.34, '2023-06-30': -5.99, '2023-07-31': -1.07, '2023-08-31': -8.94, '2023-09-30': -3.18, '2023-10-31': 0.12, '2023-11-30': -1.05, '2023-12-31': -1.02, '2024-01-31': -0.91, '2024-02-29': -4.23, '2024-03-31': 1.31, '2024-04-30': -5.96, '2024-05-31': -7.4, '2024-06-30': -1.52, '2024-07-31': -7.62, '2024-08-31': -2.15, '2024-09-30': -0.95, '2024-10-31': -1.42, '2024-11-30': 1.77, '2024-12-31': -0.75, '2025-01-31': -3.9, '2025-02-28': 0.55, '2025-03-31': -2.41, '2025-04-30': 2.96, '2025-05-31': -2.82, '2025-06-30': -0.91, '2025-07-31': -2.29, '2025-08-31': -4.37, '2025-09-30': 0.77, '2025-10-31': -5.09, '2025-11-30': -2.02, '2025-12-31': -4.83}",15.679
S30f_Funding_Rate_Proxy_Cycle,ATOM_USDT_USDT,15m,-70.31,-26.28,-2.4228,-5.8388,-0.3724,-70.56,735,0.6319,44.73,-9.5015,740,-0.1624,36.4636,46.7006,0.7808,11,11,8.4,-10.64,21.28,"{'2022-02-28': -3.19, '2022-03-31': -3.51, '2022-04-30': 0.48, '2022-05-31': -4.87, '2022-06-30': 2.88, '2022-07-31': 0.19, '2022-08-31': -9.51, '2022-09-30': -8.15, '2022-10-31': -6.01, '2022-11-30': -5.8, '2022-12-31': 0.8, '2023-01-31': -2.6, '2023-02-28': -0.98, '2023-03-31': -2.46, '2023-04-30': 0.04, '2023-05-31': -1.55, '2023-06-30': -5.17, '2023-07-31': -3.64, '2023-08-31': -1.63, '2023-09-30': -0.64, '2023-10-31': -3.1, '2023-11-30': 2.43, '2023-12-31': -3.38, '2024-01-31': 1.9, '2024-02-29': -2.4, '2024-03-31': -3.24, '2024-04-30': -4.23, '2024-05-31': -5.8, '2024-06-30': -0.62, '2024-07-31': -3.8, '2024-08-31': -1.8, '2024-09-30': -0.87, '2024-10-31': -0.13, '2024-11-30': 8.4, '2024-12-31': 2.13, '2025-01-31': -2.32, '2025-02-28': -0.2, '2025-03-31': -0.15, '2025-04-30': 4.49, '2025-05-31': -8.04, '2025-06-30': -2.77, '2025-07-31': -3.86, '2025-08-31': -4.41, '2025-09-30': -1.74, '2025-10-31': -10.64, '2025-11-30': -3.51, '2025-12-31': -5.5}",15.428
S30f_Funding_Rate_Proxy_Cycle,NEAR_USDT_USDT,15m,-85.3,-38.16,-3.723,-10.1259,-0.4468,-85.4,717,0.5139,40.03,-11.8967,717,-0.2995,31.4177,40.8066,0.7699,6,16,2.34,-12.0,10.64,"{'2022-02-28': -5.01, '2022-03-31': -11.24, '2022-04-30': -11.99, '2022-05-31': -1.34, '2022-06-30': -0.18, '2022-07-31': -6.35, '2022-08-31': -4.96, '2022-09-30': -4.05, '2022-10-31': -4.97, '2022-11-30': -3.17, '2022-12-31': -2.55, '2023-01-31': -0.25, '2023-02-28': -7.17, '2023-03-31': -1.5, '2023-04-30': -2.95, '2023-05-31': 2.3, '2023-06-30': -4.21, '2023-07-31': -4.84, '2023-08-31': -2.08, '2023-09-30': -0.16, '2023-10-31': -1.78, '2023-11-30': -1.36, '2023-12-31': -9.44, '2024-01-31': 0.05, '2024-02-29': -3.64, '2024-03-31': -7.46, '2024-04-30': -7.29, '2024-05-31': -8.85, '2024-06-30': -4.95, '2024-07-31': -4.65, '2024-08-31': -12.0, '2024-09-30': -1.82, '2024-10-31': 1.98, '2024-11-30': -1.73, '2024-12-31': 2.34, '2025-01-31': -0.98, '2025-02-28': -1.24, '2025-03-31': 0.16, '2025-04-30': -1.01, '2025-05-31': -7.33, '2025-06-30': -2.21, '2025-07-31': -1.08, '2025-08-31': -8.01, '2025-09-30': -0.95, '2025-10-31': -7.06, '2025-11-30': -4.93, '2025-12-31': -6.2}",14.949
S30f_Funding_Rate_Proxy_Cycle,UNI_USDT_USDT,15m,-71.35,-26.85,-1.8343,-5.6338,-0.3715,-72.27,762,0.673,44.78,-9.3143,766,-0.136,42.8015,51.5737,0.8299,6,8,8.87,-10.04,23.4,"{'2022-02-28': -7.19, '2022-03-31': -1.47, '2022-04-30': -1.21, '2022-05-31': 1.48, '2022-06-30': 1.45, '2022-07-31': -4.01, '2022-08-31': 4.44, '2022-09-30': -5.41, '2022-10-31': -2.09, '2022-11-30': -0.28, '2022-12-31': -5.31, '2023-01-31': -3.58, '2023-02-28': -6.15, '2023-03-31': -1.81, '2023-04-30': -4.07, '2023-05-31': -1.88, '2023-06-30': -6.03, '2023-07-31': -4.44, '2023-08-31': -5.95, '2023-09-30': -1.49, '2023-10-31': 1.06, '2023-11-30': 1.89, '2023-12-31': -2.26, '2024-01-31': -2.04, '2024-02-29': 6.09, '2024-03-31': -2.25, '2024-04-30': -3.0, '2024-05-31': -6.32, '2024-06-30': -1.79, '2024-07-31': -5.54, '2024-08-31': 0.75, '2024-09-30': -7.97, '2024-10-31': -4.78, '2024-11-30': 0.5, '2024-12-31': 8.87, '2025-01-31': -3.27, '2025-02-28': 4.16, '2025-03-31': -1.83, '2025-04-30': 1.74, '2025-05-31': -6.97, '2025-06-30': -4.63, '2025-07-31': -2.91, '2025-08-31': -6.62, '2025-09-30': -3.46, '2025-10-31': -10.04, '2025-11-30': -2.88, '2025-12-31': -5.56}",15.971
S30f_Funding_Rate_Proxy_Cycle,OP_USDT_USDT,15m,-60.5,-22.92,-1.5932,-3.7057,-0.3665,-62.54,608,0.7397,45.66,-9.727,622,-0.1526,60.5472,68.774,0.8804,10,9,9.0,-10.2,30.95,"{'2022-07-31': -4.26, '2022-08-31': 0.39, '2022-09-30': -6.5, '2022-10-31': -2.21, '2022-11-30': 1.51, '2022-12-31': 0.19, '2023-01-31': 0.95, '2023-02-28': -1.29, '2023-03-31': -2.46, '2023-04-30': 0.29, '2023-05-31': -2.62, '2023-06-30': 0.34, '2023-07-31': -5.24, '2023-08-31': -4.67, '2023-09-30': -2.42, '2023-10-31': -1.96, '2023-11-30': 0.01, '2023-12-31': -7.95, '2024-01-31': -3.55, '2024-02-29': -2.49, '2024-03-31': 3.12, '2024-04-30': -1.91, '2024-05-31': -3.66, '2024-06-30': -0.49, '2024-07-31': -1.04, '2024-08-31': -2.64, '2024-09-30': -2.83, '2024-10-31': 0.13, '2024-11-30': 2.28, '2024-12-31': 9.0, '2025-01-31': -4.99, '2025-02-28': 0.15, '2025-03-31': -3.12, '2025-04-30': 0.49, '2025-05-31': -1.89, '2025-06-30': -2.82, '2025-07-31': -3.37, '2025-08-31': -9.04, '2025-09-30': -1.5, '2025-10-31': -10.2, '2025-11-30': -5.23, '2025-12-31': -9.16}",14.464
S30f_Funding_Rate_Proxy_Cycle,APT_USDT_USDT,15m,-75.8,-35.96,-3.3109,-8.0983,-0.4686,-76.74,536,0.5489,39.07,-14.038,540,-0.2765,43.7183,51.0792,0.8559,12,13,9.78,-14.82,18.42,"{'2022-11-30': -8.45, '2022-12-31': -6.12, '2023-01-31': -4.94, '2023-02-28': -3.05, '2023-03-31': -6.95, '2023-04-30': -6.41, '2023-05-31': -3.06, '2023-06-30': -3.9, '2023-07-31': -1.08, '2023-08-31': -3.43, '2023-09-30': 0.26, '2023-10-31': 1.01, '2023-11-30': 0.95, '2023-12-31': 3.38, '2024-01-31': 1.71, '2024-02-29': -0.8, '2024-03-31': -5.53, '2024-04-30': -1.41, '2024-05-31': -5.68, '2024-06-30': -0.07, '2024-07-31': -10.57, '2024-08-31': -14.22, '2024-09-30': -1.06, '2024-10-31': -2.3, '2024-11-30': 9.78, '2024-12-31': -4.43, '2025-01-31': -3.55, '2025-02-28': -2.89, '2025-03-31': -1.2, '2025-04-30': 2.48, '2025-05-31': -6.48, '2025-06-30': -5.21, '2025-07-31': -3.46, '2025-08-31': -7.2, '2025-09-30': -2.63, '2025-10-31': -14.82, '2025-11-30': -8.73, '2025-12-31': -7.0}",14.061
S30f_Funding_Rate_Proxy_Cycle,FIL_USDT_USDT,15m,-59.66,-20.35,-1.5288,-3.7814,-0.3251,-62.59,562,0.7367,45.82,-9.235,646,-0.1301,56.3891,64.7343,0.8711,8,15,8.05,-11.93,34.04,"{'2022-02-28': 2.12, '2022-03-31': -0.39, '2022-04-30': 3.07, '2022-05-31': 8.05, '2022-06-30': -0.62, '2022-07-31': -7.89, '2022-08-31': -9.61, '2022-09-30': 2.68, '2022-10-31': -5.65, '2022-11-30': 1.09, '2022-12-31': 4.53, '2023-01-31': -3.54, '2023-02-28': -2.57, '2023-03-31': -1.99, '2023-04-30': -1.75, '2023-05-31': 1.22, '2023-06-30': -2.19, '2023-07-31': -2.97, '2023-08-31': -5.08, '2023-09-30': -0.26, '2023-10-31': 0.78, '2023-11-30': 0.85, '2023-12-31': -0.37, '2024-01-31': 2.69, '2024-02-29': 0.71, '2024-03-31': -2.72, '2024-04-30': -2.51, '2024-05-31': -11.93, '2024-06-30': -1.55, '2024-07-31': -2.2, '2024-08-31': -4.68, '2024-09-30': 0.05, '2024-10-31': -0.32, '2024-11-30': 2.18, '2024-12-31': 4.08, '2025-01-31': -0.33, '2025-02-28': -3.48, '2025-03-31': 0.07, '2025-04-30': 5.08, '2025-05-31': -4.14, '2025-06-30': -1.48, '2025-07-31': -4.69, '2025-08-31': -8.62, '2025-09-30': -3.58, '2025-10-31': -9.89, '2025-11-30': -5.62, '2025-12-31': -6.77}",13.469
S30f_Funding_Rate_Proxy_Cycle,INJ_USDT_USDT,15m,-63.58,-25.88,-2.072,-6.1385,-0.4049,-63.91,572,0.6829,44.17,-11.0569,575,-0.1838,53.9082,62.4623,0.8631,8,11,8.93,-15.44,37.5,"{'2022-09-30': -0.92, '2022-10-31': -7.72, '2022-11-30': -4.38, '2022-12-31': -5.42, '2023-01-31': -4.37, '2023-02-28': -3.57, '2023-03-31': 3.19, '2023-04-30': 0.15, '2023-05-31': 2.27, '2023-06-30': -9.61, '2023-07-31': 1.22, '2023-08-31': -3.58, '2023-09-30': -1.38, '2023-10-31': 1.29, '2023-11-30': 4.78, '2023-12-31': -4.33, '2024-01-31': 0.43, '2024-02-29': -2.67, '2024-03-31': 5.25, '2024-04-30': 3.56, '2024-05-31': -9.73, '2024-06-30': -4.42, '2024-07-31': -6.02, '2024-08-31': -9.27, '2024-09-30': -0.03, '2024-10-31': -1.49, '2024-11-30': 0.69, '2024-12-31': 8.93, '2025-01-31': -4.01, '2025-02-28': -0.47, '2025-03-31': 0.89, '2025-04-30': 0.54, '2025-05-31': -0.59, '2025-06-30': 3.07, '2025-07-31': -2.8, '2025-08-31': -7.82, '2025-09-30': 0.16, '2025-10-31': -15.44, '2025-11-30': -4.29, '2025-12-31': -11.85}",14.207
S30f_Funding_Rate_Proxy_Cycle,TRX_USDT_USDT,15m,-80.46,-33.53,-4.7046,-7.8539,-0.4167,-80.46,859,0.3706,38.42,-9.367,859,-0.1862,14.3587,24.1675,0.5941,8,18,1.77,-10.23,4.26,"{'2022-02-28': -4.06, '2022-03-31': -4.98, '2022-04-30': -1.35, '2022-05-31': -10.23, '2022-06-30': 1.77, '2022-07-31': -3.15, '2022-08-31': -3.39, '2022-09-30': -1.39, '2022-10-31': -2.73, '2022-11-30': -0.93, '2022-12-31': -4.47, '2023-01-31': -2.42, '2023-02-28': -2.79, '2023-03-31': -3.43, '2023-04-30': -1.16, '2023-05-31': -4.73, '2023-06-30': -3.7, '2023-07-31': -4.58, '2023-08-31': -1.2, '2023-09-30': -1.6, '2023-10-31': -1.82, '2023-11-30': -4.18, '2023-12-31': -3.5, '2024-01-31': -2.75, '2024-02-29': -1.38, '2024-03-31': -4.16, '2024-04-30': -3.57, '2024-05-31': -3.73, '2024-06-30': -3.19, '2024-07-31': -3.94, '2024-08-31': -5.66, '2024-09-30': -1.06, '2024-10-31': -2.65, '2024-11-30': -2.99, '2024-12-31': 0.72, '2025-01-31': -6.52, '2025-02-28': -0.81, '2025-03-31': -3.61, '2025-04-30': -1.87, '2025-05-31': -4.59, '2025-06-30': -1.45, '2025-07-31': -3.34, '2025-08-31': -5.41, '2025-09-30': -3.79, '2025-10-31': -6.81, '2025-11-30': -4.24, '2025-12-31': -6.94}",17.91
S30f_Funding_Rate_Proxy_Cycle,ETC_USDT_USDT,15m,-81.11,-34.15,-3.6846,-8.3578,-0.4205,-81.22,714,0.5502,40.17,-11.2344,722,-0.2407,34.2165,41.7454,0.8196,11,13,8.85,-12.38,12.77,"{'2022-02-28': -3.41, '2022-03-31': -3.28, '2022-04-30': 4.64, '2022-05-31': -3.78, '2022-06-30': -3.52, '2022-07-31': -6.51, '2022-08-31': -10.02, '2022-09-30': -7.51, '2022-10-31': -5.23, '2022-11-30': -1.92, '2022-12-31': -1.13, '2023-01-31': -4.75, '2023-02-28': -5.17, '2023-03-31': -1.0, '2023-04-30': -0.71, '2023-05-31': -1.15, '2023-06-30': -6.67, '2023-07-31': -2.27, '2023-08-31': -5.38, '2023-09-30': -2.81, '2023-10-31': -1.39, '2023-11-30': -4.08, '2023-12-31': -0.98, '2024-01-31': -1.08, '2024-02-29': -2.39, '2024-03-31': 0.73, '2024-04-30': -2.68, '2024-05-31': -5.47, '2024-06-30': -0.63, '2024-07-31': -5.29, '2024-08-31': -3.75, '2024-09-30': -5.47, '2024-10-31': 0.06, '2024-11-30': 8.85, '2024-12-31': 3.76, '2025-01-31': -6.23, '2025-02-28': -3.76, '2025-03-31': -2.38, '2025-04-30': -0.22, '2025-05-31': -5.67, '2025-06-30': -2.36, '2025-07-31': -6.46, '2025-08-31': -9.53, '2025-09-30': 2.73, '2025-10-31': -9.92, '2025-11-30': -9.45, '2025-12-31': -12.38}",15.053
S30f_Funding_Rate_Proxy_Cycle,XLM_USDT_USDT,15m,-80.84,-33.85,-3.6576,-7.3683,-0.4183,-80.93,694,0.4154,39.08,-11.6143,696,-0.2355,21.1175,32.6121,0.6475,7,13,7.56,-10.19,14.89,"{'2022-02-28': -8.61, '2022-03-31': -9.04, '2022-04-30': -6.63, '2022-05-31': -2.44, '2022-06-30': -2.12, '2022-07-31': -2.12, '2022-08-31': -10.19, '2022-09-30': -3.65, '2022-10-31': -2.26, '2022-11-30': -3.11, '2022-12-31': -1.47, '2023-01-31': -2.84, '2023-02-28': -4.44, '2023-03-31': -7.27, '2023-04-30': -0.26, '2023-05-31': -1.29, '2023-06-30': -7.4, '2023-07-31': -4.75, '2023-08-31': -5.27, '2023-09-30': -7.14, '2023-10-31': -1.27, '2023-11-30': 0.93, '2023-12-31': -2.64, '2024-01-31': -1.53, '2024-02-29': -3.09, '2024-03-31': -4.84, '2024-04-30': 0.59, '2024-05-31': -3.79, '2024-06-30': -0.11, '2024-07-31': -6.32, '2024-08-31': -6.82, '2024-09-30': -5.06, '2024-10-31': 1.37, '2024-11-30': -6.69, '2024-12-31': -0.35, '2025-01-31': 3.96, '2025-02-28': -1.3, '2025-03-31': 0.26, '2025-04-30': 7.56, '2025-05-31': -3.04, '2025-06-30': -4.16, '2025-07-31': 3.5, '2025-08-31': -7.36, '2025-09-30': -2.74, '2025-10-31': -4.56, '2025-11-30': -2.56, '2025-12-31': -9.55}",14.511
S30f_Funding_Rate_Proxy_Cycle,RUNE_USDT_USDT,15m,-94.3,-51.28,-4.8463,-12.2878,-0.5434,-94.37,906,0.4636,35.97,-10.3741,909,-0.3296,24.9216,30.2052,0.8251,6,13,1.67,-13.36,2.13,"{'2022-02-28': -7.37, '2022-03-31': -4.57, '2022-04-30': -3.06, '2022-05-31': -7.54, '2022-06-30': -9.03, '2022-07-31': -9.71, '2022-08-31': -11.42, '2022-09-30': -2.26, '2022-10-31': -7.76, '2022-11-30': -4.1, '2022-12-31': -4.94, '2023-01-31': -5.81, '2023-02-28': -5.26, '2023-03-31': -4.25, '2023-04-30': -2.3, '2023-05-31': -2.97, '2023-06-30': -3.52, '2023-07-31': -4.36, '2023-08-31': -6.34, '2023-09-30': -3.6, '2023-10-31': -2.04, '2023-11-30': -5.79, '2023-12-31': -1.43, '2024-01-31': -7.67, '2024-02-29': -5.02, '2024-03-31': -3.54, '2024-04-30': -4.04, '2024-05-31': -12.44, '2024-06-30': -2.81, '2024-07-31': -6.94, '2024-08-31': -5.71, '2024-09-30': -7.17, '2024-10-31': -3.9, '2024-11-30': 1.67, '2024-12-31': -4.58, '2025-01-31': -7.71, '2025-02-28': -9.8, '2025-03-31': -10.02, '2025-04-30': -0.26, '2025-05-31': -13.36, '2025-06-30': -4.79, '2025-07-31': -0.38, '2025-08-31': -6.44, '2025-09-30': -2.5, '2025-10-31': -11.68, '2025-11-30': -10.17, '2025-12-31': -7.09}",18.952
S30f_Funding_Rate_Proxy_Cycle,AAVE_USDT_USDT,15m,-76.62,-30.57,-2.5076,-7.0263,-0.3949,-77.41,753,0.5966,42.84,-10.1624,754,-0.183,35.0868,44.0731,0.7961,8,12,3.82,-10.87,14.89,"{'2022-02-28': -8.14, '2022-03-31': -6.68, '2022-04-30': -5.33, '2022-05-31': -10.87, '2022-06-30': -0.68, '2022-07-31': -1.96, '2022-08-31': -4.64, '2022-09-30': -3.31, '2022-10-31': -2.34, '2022-11-30': -1.4, '2022-12-31': -2.03, '2023-01-31': -0.4, '2023-02-28': -7.94, '2023-03-31': -0.96, '2023-04-30': -3.38, '2023-05-31': -2.51, '2023-06-30': -5.38, '2023-07-31': -3.23, '2023-08-31': -4.71, '2023-09-30': -3.08, '2023-10-31': 1.21, '2023-11-30': -1.96, '2023-12-31': -0.26, '2024-01-31': -0.33, '2024-02-29': -0.5, '2024-03-31': 1.18, '2024-04-30': -1.22, '2024-05-31': -3.61, '2024-06-30': 0.44, '2024-07-31': -3.62, '2024-08-31': 0.5, '2024-09-30': -5.17, '2024-10-31': -0.65, '2024-11-30': 3.82, '2024-12-31': 2.06, '2025-01-31': -3.05, '2025-02-28': -0.72, '2025-03-31': -1.54, '2025-04-30': 2.15, '2025-05-31': -1.08, '2025-06-30': -6.48, '2025-07-31': -3.04, '2025-08-31': -7.96, '2025-09-30': -2.99, '2025-10-31': -10.54, '2025-11-30': -3.66, '2025-12-31': -7.97}",15.72
S30f_Funding_Rate_Proxy_Cycle,LDO_USDT_USDT,15m,-68.44,-28.55,-1.9846,-5.5331,-0.4161,-68.62,613,0.6627,43.72,-11.1655,613,-0.1827,50.1827,58.8215,0.8531,6,12,6.18,-9.17,26.83,"{'2022-08-31': -4.53, '2022-09-30': 2.11, '2022-10-31': -0.3, '2022-11-30': -9.17, '2022-12-31': -0.75, '2023-01-31': 2.76, '2023-02-28': 1.85, '2023-03-31': -8.75, '2023-04-30': -4.06, '2023-05-31': -8.23, '2023-06-30': -8.06, '2023-07-31': -1.67, '2023-08-31': -3.36, '2023-09-30': -2.17, '2023-10-31': -2.88, '2023-11-30': 3.12, '2023-12-31': -1.55, '2024-01-31': -3.52, '2024-02-29': -5.5, '2024-03-31': 0.36, '2024-04-30': 1.38, '2024-05-31': -2.95, '2024-06-30': -0.58, '2024-07-31': -2.52, '2024-08-31': -8.6, '2024-09-30': -4.48, '2024-10-31': -1.63, '2024-11-30': 5.09, '2024-12-31': 6.18, '2025-01-31': -7.11, '2025-02-28': 1.83, '2025-03-31': 1.07, '2025-04-30': 2.13, '2025-05-31': -2.84, '2025-06-30': -2.77, '2025-07-31': -6.7, '2025-08-31': -6.4, '2025-09-30': -0.8, '2025-10-31': -8.38, '2025-11-30': -5.13, '2025-12-31': -8.6}",14.821
S30f_Funding_Rate_Proxy_Cycle,SAND_USDT_USDT,15m,-78.02,-31.6,-2.9368,-7.1733,-0.4046,-78.11,731,0.5931,43.25,-10.6443,733,-0.2126,35.8724,46.0909,0.7783,8,10,8.64,-14.68,14.89,"{'2022-02-28': -9.82, '2022-03-31': -3.43, '2022-04-30': -1.13, '2022-05-31': -0.19, '2022-06-30': -4.62, '2022-07-31': -5.64, '2022-08-31': -9.84, '2022-09-30': -1.12, '2022-10-31': -7.5, '2022-11-30': -2.11, '2022-12-31': -1.98, '2023-01-31': -5.81, '2023-02-28': -6.18, '2023-03-31': -0.61, '2023-04-30': -0.94, '2023-05-31': -1.37, '2023-06-30': -6.49, '2023-07-31': -2.4, '2023-08-31': -2.47, '2023-09-30': -0.24, '2023-10-31': -3.7, '2023-11-30': 4.58, '2023-12-31': -1.04, '2024-01-31': 5.1, '2024-02-29': -0.23, '2024-03-31': 4.92, '2024-04-30': -5.55, '2024-05-31': -9.85, '2024-06-30': -2.7, '2024-07-31': -7.1, '2024-08-31': -4.98, '2024-09-30': -3.04, '2024-10-31': -2.9, '2024-11-30': 1.67, '2024-12-31': 4.3, '2025-01-31': 2.2, '2025-02-28': -2.58, '2025-03-31': -0.5, '2025-04-30': 8.64, '2025-05-31': -8.11, '2025-06-30': -5.14, '2025-07-31': -2.45, '2025-08-31': -9.53, '2025-09-30': -0.06, '2025-10-31': -14.68, '2025-11-30': -4.16, '2025-12-31': -10.86}",15.283
S30f_Funding_Rate_Proxy_Cycle,MANA_USDT_USDT,15m,-78.88,-32.28,-3.2136,-7.8265,-0.4047,-79.76,691,0.5799,41.9,-11.2047,704,-0.2285,36.9172,45.9136,0.8041,7,8,2.56,-8.95,12.77,"{'2022-02-28': -8.25, '2022-03-31': -2.98, '2022-04-30': -0.98, '2022-05-31': -7.87, '2022-06-30': 0.85, '2022-07-31': -6.37, '2022-08-31': -5.94, '2022-09-30': -1.15, '2022-10-31': -7.57, '2022-11-30': -0.24, '2022-12-31': -0.35, '2023-01-31': -0.99, '2023-02-28': -5.85, '2023-03-31': -3.78, '2023-04-30': -4.85, '2023-05-31': -1.33, '2023-06-30': -3.35, '2023-07-31': -2.91, '2023-08-31': -5.8, '2023-09-30': -1.09, '2023-10-31': -1.14, '2023-11-30': -2.58, '2023-12-31': -4.0, '2024-01-31': 2.56, '2024-02-29': -0.43, '2024-03-31': 1.46, '2024-04-30': -3.68, '2024-05-31': -7.05, '2024-06-30': 1.71, '2024-07-31': -5.83, '2024-08-31': -4.12, '2024-09-30': -4.75, '2024-10-31': -6.5, '2024-11-30': -3.04, '2024-12-31': 2.45, '2025-01-31': -0.52, '2025-02-28': -4.01, '2025-03-31': -1.82, '2025-04-30': 1.61, '2025-05-31': -4.7, '2025-06-30': -4.54, '2025-07-31': -5.49, '2025-08-31': -8.95, '2025-09-30': -3.28, '2025-10-31': -5.93, '2025-11-30': -4.62, '2025-12-31': -6.63}",14.678
S30f_Funding_Rate_Proxy_Cycle,CRV_USDT_USDT,15m,-68.63,-25.19,-2.1041,-5.6368,-0.3638,-69.24,681,0.7052,45.43,-9.9608,689,-0.1826,52.4554,61.9189,0.8472,10,22,4.15,-19.09,40.43,"{'2022-02-28': -2.36, '2022-03-31': 1.62, '2022-04-30': 0.12, '2022-05-31': -7.57, '2022-06-30': -6.36, '2022-07-31': -3.78, '2022-08-31': -2.64, '2022-09-30': -1.1, '2022-10-31': -3.57, '2022-11-30': 0.97, '2022-12-31': 0.37, '2023-01-31': -3.91, '2023-02-28': 4.15, '2023-03-31': -5.08, '2023-04-30': -1.36, '2023-05-31': 0.46, '2023-06-30': -6.62, '2023-07-31': -3.06, '2023-08-31': -1.02, '2023-09-30': 1.64, '2023-10-31': 0.31, '2023-11-30': 0.84, '2023-12-31': 0.51, '2024-01-31': 1.47, '2024-02-29': -3.18, '2024-03-31': 1.86, '2024-04-30': -0.56, '2024-05-31': -7.36, '2024-06-30': 2.69, '2024-07-31': -5.43, '2024-08-31': 0.57, '2024-09-30': -4.44, '2024-10-31': 2.52, '2024-11-30': 3.9, '2024-12-31': -3.36, '2025-01-31': -3.74, '2025-02-28': -2.88, '2025-03-31': -6.76, '2025-04-30': 1.77, '2025-05-31': -3.31, '2025-06-30': -1.07, '2025-07-31': 1.54, '2025-08-31': -7.6, '2025-09-30': -3.95, '2025-10-31': -19.09, '2025-11-30': 0.51, '2025-12-31': -12.51}",14.365
S30f_Funding_Rate_Proxy_Cycle,GALA_USDT_USDT,15m,-80.58,-33.69,-2.9354,-7.2699,-0.4172,-80.75,704,0.6078,40.91,-11.4457,704,-0.2697,43.3543,49.3841,0.8779,9,9,6.03,-12.3,21.28,"{'2022-02-28': -12.3, '2022-03-31': 3.06, '2022-04-30': -0.92, '2022-05-31': -0.2, '2022-06-30': 2.09, '2022-07-31': -3.62, '2022-08-31': -6.43, '2022-09-30': -0.98, '2022-10-31': -5.94, '2022-11-30': 1.41, '2022-12-31': 3.32, '2023-01-31': -5.25, '2023-02-28': -0.63, '2023-03-31': 0.1, '2023-04-30': -2.38, '2023-05-31': -2.37, '2023-06-30': -8.64, '2023-07-31': -3.86, '2023-08-31': -4.26, '2023-09-30': -3.67, '2023-10-31': -1.35, '2023-11-30': -0.12, '2023-12-31': -3.44, '2024-01-31': 0.03, '2024-02-29': -3.52, '2024-03-31': -8.64, '2024-04-30': -8.67, '2024-05-31': -7.76, '2024-06-30': -2.52, '2024-07-31': 1.26, '2024-08-31': -3.12, '2024-09-30': -2.14, '2024-10-31': 0.22, '2024-11-30': 1.75, '2024-12-31': 6.03, '2025-01-31': -5.92, '2025-02-28': -0.73, '2025-03-31': -3.23, '2025-04-30': -0.62, '2025-05-31': -5.42, '2025-06-30': -5.02, '2025-07-31': -4.84, '2025-08-31': -7.36, '2025-09-30': -0.16, '2025-10-31': -11.35, '2025-11-30': -9.23, '2025-12-31': -8.52}",14.678
S30f_Funding_Rate_Proxy_Cycle,APE_USDT_USDT,15m,-75.07,-30.77,-2.553,-5.2197,-0.4098,-75.08,668,0.5983,43.11,-11.2387,668,-0.2321,38.8236,49.1807,0.7894,6,9,2.71,-10.32,17.78,"{'2022-04-30': -1.8, '2022-05-31': -5.23, '2022-06-30': -6.33, '2022-07-31': -8.15, '2022-08-31': -7.61, '2022-09-30': -3.19, '2022-10-31': -5.41, '2022-11-30': -3.06, '2022-12-31': -0.85, '2023-01-31': 1.13, '2023-02-28': -4.88, '2023-03-31': -3.2, '2023-04-30': -4.29, '2023-05-31': -0.89, '2023-06-30': -1.78, '2023-07-31': -1.65, '2023-08-31': -0.97, '2023-09-30': 0.9, '2023-10-31': 0.16, '2023-11-30': 2.17, '2023-12-31': -2.03, '2024-01-31': 2.71, '2024-02-29': -1.36, '2024-03-31': -0.34, '2024-04-30': -2.51, '2024-05-31': -10.32, '2024-06-30': -1.64, '2024-07-31': -8.25, '2024-08-31': -3.39, '2024-09-30': 2.37, '2024-10-31': -1.18, '2024-11-30': -3.67, '2024-12-31': -0.76, '2025-01-31': -3.21, '2025-02-28': 1.3, '2025-03-31': -1.19, '2025-04-30': 1.46, '2025-05-31': -4.83, '2025-06-30': -0.9, '2025-07-31': -5.17, '2025-08-31': -3.57, '2025-09-30': -2.49, '2025-10-31': -10.19, '2025-11-30': -4.01, '2025-12-31': -8.02}",14.692
S30f_Funding_Rate_Proxy_Cycle,AXS_USDT_USDT,15m,-81.62,-34.6,-3.3962,-7.8481,-0.4232,-81.75,732,0.5515,41.06,-11.1349,733,-0.2464,33.344,42.126,0.7915,8,13,6.04,-14.27,23.4,"{'2022-02-28': -2.53, '2022-03-31': -3.86, '2022-04-30': -4.23, '2022-05-31': 0.66, '2022-06-30': -5.82, '2022-07-31': -8.37, '2022-08-31': -5.03, '2022-09-30': -2.89, '2022-10-31': -8.65, '2022-11-30': 1.87, '2022-12-31': -2.78, '2023-01-31': -9.76, '2023-02-28': -5.15, '2023-03-31': -2.61, '2023-04-30': -6.15, '2023-05-31': 0.01, '2023-06-30': -3.55, '2023-07-31': -3.13, '2023-08-31': -4.82, '2023-09-30': 0.63, '2023-10-31': -3.76, '2023-11-30': 3.94, '2023-12-31': 1.38, '2024-01-31': -2.38, '2024-02-29': 0.13, '2024-03-31': -4.02, '2024-04-30': -3.08, '2024-05-31': -8.53, '2024-06-30': -0.03, '2024-07-31': -8.64, '2024-08-31': -3.14, '2024-09-30': -1.57, '2024-10-31': -0.98, '2024-11-30': 6.04, '2024-12-31': 2.14, '2025-01-31': -4.81, '2025-02-28': -2.81, '2025-03-31': -1.36, '2025-04-30': 4.54, '2025-05-31': -7.54, '2025-06-30': -4.27, '2025-07-31': -4.58, '2025-08-31': -10.07, '2025-09-30': 0.48, '2025-10-31': -14.27, '2025-11-30': -4.23, '2025-12-31': -8.93}",15.283
S30f_Funding_Rate_Proxy_Cycle,GRT_USDT_USDT,15m,-78.57,-32.03,-2.9003,-7.79,-0.4055,-78.98,711,0.6245,42.24,-10.9882,715,-0.2254,43.2602,50.6565,0.854,7,9,7.58,-11.65,17.02,"{'2022-02-28': -5.0, '2022-03-31': 0.42, '2022-04-30': -3.08, '2022-05-31': -1.61, '2022-06-30': -5.47, '2022-07-31': 0.95, '2022-08-31': -9.1, '2022-09-30': -2.09, '2022-10-31': -2.64, '2022-11-30': 2.39, '2022-12-31': -1.65, '2023-01-31': -4.47, '2023-02-28': -3.0, '2023-03-31': 0.4, '2023-04-30': -0.63, '2023-05-31': -1.02, '2023-06-30': -4.17, '2023-07-31': -3.14, '2023-08-31': -3.8, '2023-09-30': -1.22, '2023-10-31': -4.76, '2023-11-30': -4.56, '2023-12-31': -1.7, '2024-01-31': -2.78, '2024-02-29': -3.65, '2024-03-31': -3.9, '2024-04-30': -4.8, '2024-05-31': -11.65, '2024-06-30': 1.25, '2024-07-31': -3.63, '2024-08-31': -3.15, '2024-09-30': -4.0, '2024-10-31': -2.66, '2024-11-30': 1.56, '2024-12-31': 7.58, '2025-01-31': -8.22, '2025-02-28': -0.65, '2025-03-31': -2.19, '2025-04-30': 1.78, '2025-05-31': -5.19, '2025-06-30': -2.44, '2025-07-31': -3.56, '2025-08-31': -9.17, '2025-09-30': -1.82, '2025-10-31': -8.52, '2025-11-30': -6.45, '2025-12-31': -10.72}",14.907
S30f_Funding_Rate_Proxy_Cycle,CHZ_USDT_USDT,15m,-76.42,-30.33,-3.0619,-7.5232,-0.3958,-76.63,673,0.5798,42.33,-11.2717,678,-0.2293,36.7417,46.5142,0.7899,13,9,6.91,-10.88,10.64,"{'2022-02-28': -3.78, '2022-03-31': -3.56, '2022-04-30': -1.74, '2022-05-31': -3.88, '2022-06-30': -0.38, '2022-07-31': -3.53, '2022-08-31': -3.96, '2022-09-30': -4.91, '2022-10-31': -10.88, '2022-11-30': -2.16, '2022-12-31': -4.33, '2023-01-31': -8.18, '2023-02-28': -3.31, '2023-03-31': -0.97, '2023-04-30': -2.16, '2023-05-31': -0.67, '2023-06-30': -7.21, '2023-07-31': -4.45, '2023-08-31': -1.53, '2023-09-30': -1.07, '2023-10-31': -0.11, '2023-11-30': 0.67, '2023-12-31': -0.26, '2024-01-31': 0.06, '2024-02-29': 0.61, '2024-03-31': -2.8, '2024-04-30': -5.41, '2024-05-31': -2.15, '2024-06-30': -0.57, '2024-07-31': -5.77, '2024-08-31': -3.39, '2024-09-30': -3.51, '2024-10-31': -2.41, '2024-11-30': 1.7, '2024-12-31': -2.16, '2025-01-31': -4.21, '2025-02-28': -2.3, '2025-03-31': -3.11, '2025-04-30': 6.91, '2025-05-31': -3.4, '2025-06-30': -2.47, '2025-07-31': -1.99, '2025-08-31': -8.04, '2025-09-30': -1.53, '2025-10-31': -9.0, '2025-11-30': -2.49, '2025-12-31': -6.12}",14.136
S30f_Funding_Rate_Proxy_Cycle,1000LUNC_USDT_USDT,15m,-33.07,-11.42,-0.8539,-1.5462,-0.2796,-40.85,395,0.8354,49.26,-6.9911,473,-0.0915,72.0134,83.6914,0.8605,11,8,9.6,-9.28,41.03,"{'2022-10-31': -2.14, '2022-11-30': 3.19, '2022-12-31': 2.87, '2023-01-31': 1.36, '2023-02-28': 1.08, '2023-03-31': 3.99, '2023-04-30': 2.36, '2023-05-31': -0.73, '2023-06-30': -3.54, '2023-07-31': -1.92, '2023-08-31': -3.25, '2023-09-30': 0.41, '2023-10-31': 2.26, '2023-11-30': -1.7, '2023-12-31': 1.9, '2024-01-31': 1.91, '2024-02-29': 0.03, '2024-03-31': -1.17, '2024-04-30': -2.28, '2024-05-31': -5.2, '2024-06-30': -0.94, '2024-07-31': -0.0, '2024-08-31': -2.01, '2024-09-30': -2.72, '2024-10-31': -1.27, '2024-11-30': 0.84, '2024-12-31': 9.6, '2025-01-31': -6.16, '2025-02-28': 2.35, '2025-03-31': -1.91, '2025-04-30': 2.21, '2025-05-31': -3.67, '2025-06-30': 1.95, '2025-07-31': -0.89, '2025-08-31': -9.11, '2025-09-30': -2.56, '2025-10-31': -9.28, '2025-11-30': -6.34, '2025-12-31': -3.96}",11.909
S30f_Funding_Rate_Proxy_Cycle,TWT_USDT_USDT,15m,-26.08,-9.3,-0.7163,-1.5766,-0.3248,-28.63,452,0.843,50.95,-5.5138,473,-0.054,58.0924,71.5874,0.8115,12,8,4.16,-6.0,45.95,"{'2022-12-31': 2.29, '2023-01-31': -2.11, '2023-02-28': -0.49, '2023-03-31': -1.96, '2023-04-30': -0.74, '2023-05-31': -3.49, '2023-06-30': -0.51, '2023-07-31': 0.88, '2023-08-31': -2.19, '2023-09-30': -3.29, '2023-10-31': 0.05, '2023-11-30': 0.39, '2023-12-31': 1.26, '2024-01-31': 2.39, '2024-02-29': 0.6, '2024-03-31': 2.87, '2024-04-30': 1.19, '2024-05-31': -3.32, '2024-06-30': -3.27, '2024-07-31': -4.42, '2024-08-31': -0.37, '2024-09-30': -0.18, '2024-10-31': 2.12, '2024-11-30': 1.25, '2024-12-31': 0.6, '2025-01-31': 4.16, '2025-02-28': -1.59, '2025-03-31': 2.2, '2025-04-30': 0.5, '2025-05-31': -4.37, '2025-06-30': -4.96, '2025-07-31': 0.06, '2025-08-31': -6.0, '2025-09-30': -2.38, '2025-10-31': 0.7, '2025-11-30': -4.4, '2025-12-31': -3.01}",12.641
S30f_Funding_Rate_Proxy_Cycle,ZRX_USDT_USDT,15m,-78.99,-33.95,-2.9951,-5.9904,-0.4257,-79.76,754,0.5671,41.38,-10.4766,754,-0.2183,33.1739,41.2888,0.8035,6,11,5.62,-9.4,17.78,"{'2022-04-30': -0.8, '2022-05-31': 1.48, '2022-06-30': -5.95, '2022-07-31': -0.78, '2022-08-31': -4.11, '2022-09-30': 0.26, '2022-10-31': -4.72, '2022-11-30': -6.74, '2022-12-31': -9.11, '2023-01-31': -8.49, '2023-02-28': -4.33, '2023-03-31': -1.43, '2023-04-30': 2.51, '2023-05-31': -1.53, '2023-06-30': -3.29, '2023-07-31': -5.06, '2023-08-31': -9.2, '2023-09-30': -0.82, '2023-10-31': -2.32, '2023-11-30': -5.18, '2023-12-31': 0.88, '2024-01-31': -6.76, '2024-02-29': -3.84, '2024-03-31': -3.0, '2024-04-30': -0.19, '2024-05-31': -7.68, '2024-06-30': -5.67, '2024-07-31': -5.66, '2024-08-31': -5.76, '2024-09-30': -5.96, '2024-10-31': -1.5, '2024-11-30': 1.54, '2024-12-31': -1.17, '2025-01-31': -2.42, '2025-02-28': 1.61, '2025-03-31': 2.43, '2025-04-30': 5.62, '2025-05-31': -5.47, '2025-06-30': -1.0, '2025-07-31': -5.39, '2025-08-31': -8.56, '2025-09-30': -4.49, '2025-10-31': -9.4, '2025-11-30': -2.61, '2025-12-31': -3.84}",16.704
S30f_Funding_Rate_Proxy_Cycle,ANKR_USDT_USDT,15m,-71.01,-26.69,-2.3844,-5.7772,-0.3753,-71.12,722,0.6543,44.46,-9.8357,722,-0.1671,41.8676,51.2242,0.8173,6,13,4.04,-10.27,25.53,"{'2022-02-28': 4.04, '2022-03-31': -2.38, '2022-04-30': -7.47, '2022-05-31': -0.49, '2022-06-30': -1.7, '2022-07-31': 0.34, '2022-08-31': -3.2, '2022-09-30': -0.14, '2022-10-31': -3.4, '2022-11-30': 1.43, '2022-12-31': -5.98, '2023-01-31': -5.71, '2023-02-28': -4.39, '2023-03-31': -2.64, '2023-04-30': -2.63, '2023-05-31': -1.1, '2023-06-30': -2.79, '2023-07-31': -1.81, '2023-08-31': -3.7, '2023-09-30': -0.42, '2023-10-31': 2.09, '2023-11-30': 2.86, '2023-12-31': -1.52, '2024-01-31': 2.4, '2024-02-29': -1.26, '2024-03-31': -2.99, '2024-04-30': -5.96, '2024-05-31': -8.42, '2024-06-30': -2.14, '2024-07-31': -7.27, '2024-08-31': -5.66, '2024-09-30': 0.38, '2024-10-31': -1.3, '2024-11-30': 2.45, '2024-12-31': 2.37, '2025-01-31': -7.32, '2025-02-28': 2.71, '2025-03-31': 0.08, '2025-04-30': 1.62, '2025-05-31': -1.72, '2025-06-30': -3.82, '2025-07-31': -5.35, '2025-08-31': -10.27, '2025-09-30': -1.02, '2025-10-31': -8.32, '2025-11-30': -3.1, '2025-12-31': -9.19}",15.053
S30f_Funding_Rate_Proxy_Cycle,STX_USDT_USDT,15m,-73.3,-28.2,-2.2495,-4.9907,-0.3843,-73.38,740,0.6645,45.15,-9.8782,742,-0.1884,43.3439,53.685,0.8074,10,11,7.87,-12.3,36.17,"{'2022-02-28': -8.58, '2022-03-31': 1.94, '2022-04-30': -3.24, '2022-05-31': -0.97, '2022-06-30': -0.74, '2022-07-31': 0.22, '2022-08-31': -4.15, '2022-09-30': 0.72, '2022-10-31': -0.34, '2022-11-30': 4.15, '2022-12-31': 3.05, '2023-01-31': -4.66, '2023-02-28': -2.23, '2023-03-31': -8.64, '2023-04-30': -1.73, '2023-05-31': -3.1, '2023-06-30': 0.25, '2023-07-31': -3.42, '2023-08-31': -1.17, '2023-09-30': 1.15, '2023-10-31': -0.19, '2023-11-30': -2.79, '2023-12-31': -3.22, '2024-01-31': -3.4, '2024-02-29': -9.93, '2024-03-31': -4.77, '2024-04-30': -4.08, '2024-05-31': -10.68, '2024-06-30': -3.86, '2024-07-31': -9.79, '2024-08-31': -12.3, '2024-09-30': 1.29, '2024-10-31': 1.54, '2024-11-30': 1.35, '2024-12-31': 5.49, '2025-01-31': 0.71, '2025-02-28': -5.57, '2025-03-31': 1.19, '2025-04-30': 7.87, '2025-05-31': 1.61, '2025-06-30': -5.01, '2025-07-31': 0.4, '2025-08-31': -5.87, '2025-09-30': 1.2, '2025-10-31': -9.9, '2025-11-30': -8.51, '2025-12-31': -9.75}",15.47
S30f_Funding_Rate_Proxy_Cycle,EGLD_USDT_USDT,15m,-79.85,-33.07,-3.4587,-9.1982,-0.412,-80.26,685,0.5489,40.17,-11.6231,687,-0.2377,35.1998,43.0662,0.8173,7,11,3.82,-11.76,21.28,"{'2022-02-28': 0.09, '2022-03-31': -1.85, '2022-04-30': -7.83, '2022-05-31': -2.8, '2022-06-30': -4.62, '2022-07-31': -5.82, '2022-08-31': -1.49, '2022-09-30': 0.86, '2022-10-31': -4.79, '2022-11-30': -7.48, '2022-12-31': 1.97, '2023-01-31': -4.08, '2023-02-28': -7.5, '2023-03-31': -5.5, '2023-04-30': -4.44, '2023-05-31': 0.88, '2023-06-30': -7.6, '2023-07-31': -3.36, '2023-08-31': -1.39, '2023-09-30': -0.63, '2023-10-31': 0.02, '2023-11-30': -1.21, '2023-12-31': -1.15, '2024-01-31': 2.02, '2024-02-29': -2.0, '2024-03-31': 0.35, '2024-04-30': -1.06, '2024-05-31': -11.76, '2024-06-30': -1.04, '2024-07-31': -9.56, '2024-08-31': -4.23, '2024-09-30': -2.84, '2024-10-31': 1.05, '2024-11-30': -0.17, '2024-12-31': 3.37, '2025-01-31': -5.6, '2025-02-28': -2.62, '2025-03-31': -5.4, '2025-04-30': 3.82, '2025-05-31': -2.47, '2025-06-30': -2.5, '2025-07-31': -3.39, '2025-08-31': -8.57, '2025-09-30': -4.02, '2025-10-31': -7.72, '2025-11-30': -6.25, '2025-12-31': -8.25}",14.323
S30f_Funding_Rate_Proxy_Cycle,MINA_USDT_USDT,15m,-52.82,-18.28,-1.3303,-2.7787,-0.3434,-53.24,593,0.7428,46.49,-8.833,598,-0.1124,54.8838,64.1869,0.8551,9,8,4.64,-9.08,27.27,"{'2022-05-31': 4.62, '2022-06-30': -0.73, '2022-07-31': 1.81, '2022-08-31': -1.23, '2022-09-30': -1.84, '2022-10-31': -5.08, '2022-11-30': -2.02, '2022-12-31': -0.84, '2023-01-31': -6.12, '2023-02-28': -0.55, '2023-03-31': 4.64, '2023-04-30': 0.69, '2023-05-31': -1.37, '2023-06-30': -1.8, '2023-07-31': -3.77, '2023-08-31': -1.25, '2023-09-30': -1.17, '2023-10-31': -1.75, '2023-11-30': 3.37, '2023-12-31': 0.69, '2024-01-31': 4.32, '2024-02-29': -3.19, '2024-03-31': -1.64, '2024-04-30': -3.79, '2024-05-31': -3.81, '2024-06-30': 2.47, '2024-07-31': -5.81, '2024-08-31': -3.99, '2024-09-30': -4.28, '2024-10-31': -1.17, '2024-11-30': -1.33, '2024-12-31': 1.08, '2025-01-31': -2.88, '2025-02-28': 2.68, '2025-03-31': -1.37, '2025-04-30': 1.05, '2025-05-31': -3.4, '2025-06-30': -2.55, '2025-07-31': -2.38, '2025-08-31': -9.08, '2025-09-30': 0.8, '2025-10-31': -7.57, '2025-11-30': -0.18, '2025-12-31': -7.31}",13.345
S30f_Funding_Rate_Proxy_Cycle,ZEN_USDT_USDT,15m,-64.56,-22.87,-1.5177,-3.3044,-0.3415,-66.96,693,0.6749,45.61,-9.289,695,-0.1403,42.2716,52.5289,0.8047,11,9,6.32,-9.22,29.79,"{'2022-02-28': -7.52, '2022-03-31': -1.2, '2022-04-30': -2.19, '2022-05-31': -5.71, '2022-06-30': -2.88, '2022-07-31': -2.36, '2022-08-31': -7.48, '2022-09-30': -1.63, '2022-10-31': -4.64, '2022-11-30': -4.95, '2022-12-31': -6.27, '2023-01-31': -1.41, '2023-02-28': -2.6, '2023-03-31': 0.44, '2023-04-30': -1.32, '2023-05-31': -0.69, '2023-06-30': 0.47, '2023-07-31': -7.77, '2023-08-31': -5.83, '2023-09-30': -5.12, '2023-10-31': 0.57, '2023-11-30': 6.32, '2023-12-31': 2.19, '2024-01-31': 3.98, '2024-02-29': 2.68, '2024-03-31': -5.16, '2024-04-30': -1.93, '2024-05-31': -8.68, '2024-06-30': -1.77, '2024-07-31': -4.04, '2024-08-31': -6.86, '2024-09-30': -0.04, '2024-10-31': -1.55, '2024-11-30': -6.92, '2024-12-31': 3.16, '2025-01-31': 2.91, '2025-02-28': 0.1, '2025-03-31': 2.03, '2025-04-30': 5.75, '2025-05-31': -4.23, '2025-06-30': -2.78, '2025-07-31': -1.21, '2025-08-31': -4.67, '2025-09-30': -2.99, '2025-10-31': -9.22, '2025-11-30': 2.65, '2025-12-31': 0.7}",14.49
S30f_Funding_Rate_Proxy_Cycle,ALICE_USDT_USDT,15m,-74.14,-28.79,-2.4662,-5.8104,-0.3873,-74.34,691,0.6279,43.93,-10.7137,692,-0.2191,41.1464,51.3464,0.8013,7,8,4.54,-11.5,27.66,"{'2022-02-28': -8.3, '2022-03-31': -1.65, '2022-04-30': -3.18, '2022-05-31': 1.8, '2022-06-30': -4.75, '2022-07-31': -5.28, '2022-08-31': -4.82, '2022-09-30': -1.64, '2022-10-31': -3.26, '2022-11-30': -3.18, '2022-12-31': -0.48, '2023-01-31': -1.9, '2023-02-28': -11.5, '2023-03-31': -0.07, '2023-04-30': -1.17, '2023-05-31': 2.67, '2023-06-30': -4.59, '2023-07-31': -1.47, '2023-08-31': -1.22, '2023-09-30': -1.54, '2023-10-31': 0.18, '2023-11-30': -2.37, '2023-12-31': 0.33, '2024-01-31': -4.94, '2024-02-29': -2.29, '2024-03-31': 4.54, '2024-04-30': -1.92, '2024-05-31': -9.66, '2024-06-30': -2.53, '2024-07-31': -4.19, '2024-08-31': -6.45, '2024-09-30': -4.81, '2024-10-31': 0.13, '2024-11-30': -1.11, '2024-12-31': 3.63, '2025-01-31': -9.0, '2025-02-28': 1.84, '2025-03-31': 0.39, '2025-04-30': 2.47, '2025-05-31': 0.13, '2025-06-30': -4.42, '2025-07-31': 1.18, '2025-08-31': -10.18, '2025-09-30': 1.25, '2025-10-31': -5.64, '2025-11-30': -10.35, '2025-12-31': -4.76}",14.428
S30f_Funding_Rate_Proxy_Cycle,JST_USDT_USDT,15m,-81.39,-35.43,-4.5548,-7.0085,-0.4348,-81.49,904,0.446,40.29,-8.9833,906,-0.1904,17.9547,27.1578,0.6611,6,12,0.27,-8.74,2.17,"{'2022-03-31': -5.93, '2022-04-30': -3.39, '2022-05-31': -8.74, '2022-06-30': -6.71, '2022-07-31': -2.07, '2022-08-31': -5.46, '2022-09-30': -3.87, '2022-10-31': -1.2, '2022-11-30': -4.79, '2022-12-31': -5.48, '2023-01-31': -4.93, '2023-02-28': -2.16, '2023-03-31': -2.53, '2023-04-30': -1.72, '2023-05-31': -2.68, '2023-06-30': -1.63, '2023-07-31': -1.88, '2023-08-31': -4.36, '2023-09-30': -4.11, '2023-10-31': -7.73, '2023-11-30': 0.27, '2023-12-31': -2.16, '2024-01-31': -3.6, '2024-02-29': -4.14, '2024-03-31': -7.47, '2024-04-30': -0.81, '2024-05-31': -2.24, '2024-06-30': -0.58, '2024-07-31': -4.27, '2024-08-31': -6.49, '2024-09-30': -1.88, '2024-10-31': -2.62, '2024-11-30': -1.66, '2024-12-31': -3.01, '2025-01-31': -2.66, '2025-02-28': -1.17, '2025-03-31': -2.38, '2025-04-30': -0.29, '2025-05-31': -4.48, '2025-06-30': -2.76, '2025-07-31': -1.0, '2025-08-31': -8.17, '2025-09-30': -3.7, '2025-10-31': -6.14, '2025-11-30': -7.17, '2025-12-31': -1.94}",19.629
S30f_Funding_Rate_Proxy_Cycle,SUN_USDT_USDT,15m,-79.54,-33.8,-3.9107,-5.7783,-0.4238,-79.75,740,0.4758,38.46,-10.7343,741,-0.2359,25.3349,33.2776,0.7613,7,14,1.84,-8.84,10.87,"{'2022-03-31': -1.6, '2022-04-30': -6.59, '2022-05-31': -2.06, '2022-06-30': -2.56, '2022-07-31': -1.11, '2022-08-31': -1.15, '2022-09-30': -1.69, '2022-10-31': 0.71, '2022-11-30': -1.06, '2022-12-31': -2.19, '2023-01-31': -3.44, '2023-02-28': -1.98, '2023-03-31': -3.66, '2023-04-30': -2.73, '2023-05-31': -3.25, '2023-06-30': -4.74, '2023-07-31': -3.04, '2023-08-31': -4.89, '2023-09-30': -2.83, '2023-10-31': 0.33, '2023-11-30': -5.08, '2023-12-31': -5.83, '2024-01-31': -4.3, '2024-02-29': -2.24, '2024-03-31': -2.58, '2024-04-30': -3.99, '2024-05-31': -2.45, '2024-06-30': -2.6, '2024-07-31': -5.07, '2024-08-31': -8.84, '2024-09-30': -4.66, '2024-10-31': -7.26, '2024-11-30': 1.84, '2024-12-31': -1.16, '2025-01-31': -7.34, '2025-02-28': -4.87, '2025-03-31': 0.64, '2025-04-30': 0.3, '2025-05-31': -2.89, '2025-06-30': -0.38, '2025-07-31': -3.1, '2025-08-31': -7.19, '2025-09-30': -6.42, '2025-10-31': -7.99, '2025-11-30': -4.49, '2025-12-31': -6.36}",16.054
S30f_Funding_Rate_Proxy_Cycle,ONT_USDT_USDT,15m,-69.94,-28.64,-3.0287,-7.1196,-0.4059,-70.56,665,0.5524,44.61,-10.4706,668,-0.1796,28.965,42.2323,0.6858,8,12,3.13,-9.34,14.29,"{'2022-07-31': -9.34, '2022-08-31': -2.2, '2022-09-30': -1.87, '2022-10-31': -4.26, '2022-11-30': -0.29, '2022-12-31': -2.89, '2023-01-31': -4.51, '2023-02-28': -1.69, '2023-03-31': 2.87, '2023-04-30': -4.99, '2023-05-31': -5.95, '2023-06-30': -4.72, '2023-07-31': 1.41, '2023-08-31': -4.14, '2023-09-30': -4.1, '2023-10-31': -2.46, '2023-11-30': 2.83, '2023-12-31': -4.41, '2024-01-31': -3.43, '2024-02-29': -1.19, '2024-03-31': -1.87, '2024-04-30': 0.09, '2024-05-31': -3.41, '2024-06-30': -3.36, '2024-07-31': -4.09, '2024-08-31': -6.98, '2024-09-30': -2.74, '2024-10-31': -4.69, '2024-11-30': 3.13, '2024-12-31': -0.51, '2025-01-31': -1.46, '2025-02-28': -5.26, '2025-03-31': -1.29, '2025-04-30': 2.95, '2025-05-31': -3.04, '2025-06-30': -3.05, '2025-07-31': -4.13, '2025-08-31': -4.27, '2025-09-30': -0.02, '2025-10-31': -6.05, '2025-11-30': -0.19, '2025-12-31': -6.22}",15.593
S30f_Funding_Rate_Proxy_Cycle,AGLD_USDT_USDT,15m,-71.99,-29.15,-1.9175,-4.7939,-0.3956,-73.69,615,0.6586,42.9,-10.8744,662,-0.1753,48.9056,55.7885,0.8766,7,16,5.67,-19.17,27.27,"{'2022-05-31': -0.24, '2022-06-30': 0.86, '2022-07-31': 1.53, '2022-08-31': -0.5, '2022-09-30': -2.11, '2022-10-31': -0.87, '2022-11-30': -0.56, '2022-12-31': -5.71, '2023-01-31': -6.14, '2023-02-28': -1.88, '2023-03-31': -7.06, '2023-04-30': -2.51, '2023-05-31': -2.39, '2023-06-30': -9.79, '2023-07-31': 0.13, '2023-08-31': -4.17, '2023-09-30': -6.37, '2023-10-31': -11.99, '2023-11-30': 0.61, '2023-12-31': 1.08, '2024-01-31': 3.64, '2024-02-29': -3.28, '2024-03-31': 2.58, '2024-04-30': -3.61, '2024-05-31': -3.19, '2024-06-30': -2.64, '2024-07-31': -1.94, '2024-08-31': -6.67, '2024-09-30': -0.92, '2024-10-31': -0.06, '2024-11-30': -0.38, '2024-12-31': 2.67, '2025-01-31': -8.34, '2025-02-28': -2.26, '2025-03-31': 0.91, '2025-04-30': 5.67, '2025-05-31': 2.01, '2025-06-30': -4.81, '2025-07-31': -5.83, '2025-08-31': -9.27, '2025-09-30': 0.24, '2025-10-31': -19.17, '2025-11-30': -2.33, '2025-12-31': -5.71}",14.938
S30f_Funding_Rate_Proxy_Cycle,BTC_USDT_USDT,30m,-70.58,-26.38,-4.2431,-10.4671,-0.3729,-70.75,439,0.3879,37.73,-16.041,440,-0.2898,26.9426,42.0821,0.6402,6,12,2.6,-8.88,17.02,"{'2022-02-28': -8.88, '2022-03-31': -6.16, '2022-04-30': -5.01, '2022-05-31': 0.04, '2022-06-30': -6.89, '2022-07-31': -6.12, '2022-08-31': -2.88, '2022-09-30': -3.06, '2022-10-31': -1.15, '2022-11-30': -0.84, '2022-12-31': -1.79, '2023-01-31': -1.03, '2023-02-28': -5.27, '2023-03-31': -3.74, '2023-04-30': -2.42, '2023-05-31': -1.96, '2023-06-30': -3.02, '2023-07-31': -0.29, '2023-08-31': -5.14, '2023-09-30': -0.99, '2023-10-31': -3.31, '2023-11-30': 1.04, '2023-12-31': -4.29, '2024-01-31': -1.74, '2024-02-29': -4.31, '2024-03-31': -0.27, '2024-04-30': -4.27, '2024-05-31': -5.48, '2024-06-30': -2.62, '2024-07-31': -0.68, '2024-08-31': -0.37, '2024-09-30': -2.71, '2024-10-31': -4.55, '2024-11-30': 2.6, '2024-12-31': -3.34, '2025-01-31': 0.19, '2025-02-28': 1.36, '2025-03-31': 0.42, '2025-04-30': 1.35, '2025-05-31': -1.15, '2025-06-30': -0.23, '2025-07-31': -0.71, '2025-08-31': -4.72, '2025-09-30': 0.11, '2025-10-31': -4.5, '2025-11-30': -4.32, '2025-12-31': -3.34}",9.174
S30f_Funding_Rate_Proxy_Cycle,ETH_USDT_USDT,30m,-73.09,-28.07,-3.5473,-9.4902,-0.3827,-73.35,434,0.467,37.7,-16.8022,435,-0.3245,39.0465,50.5999,0.7717,5,15,3.2,-8.22,19.15,"{'2022-02-28': -4.96, '2022-03-31': -7.65, '2022-04-30': -4.39, '2022-05-31': 3.2, '2022-06-30': -7.32, '2022-07-31': -7.41, '2022-08-31': 0.57, '2022-09-30': -1.08, '2022-10-31': -2.47, '2022-11-30': 0.86, '2022-12-31': -2.42, '2023-01-31': -5.14, '2023-02-28': -3.72, '2023-03-31': 1.15, '2023-04-30': -1.53, '2023-05-31': -2.39, '2023-06-30': -6.03, '2023-07-31': -3.26, '2023-08-31': -2.83, '2023-09-30': -1.83, '2023-10-31': -2.31, '2023-11-30': 2.44, '2023-12-31': -5.57, '2024-01-31': -2.55, '2024-02-29': 1.45, '2024-03-31': -0.66, '2024-04-30': -6.43, '2024-05-31': -2.15, '2024-06-30': -0.71, '2024-07-31': -1.35, '2024-08-31': -2.05, '2024-09-30': -2.0, '2024-10-31': -1.87, '2024-11-30': 2.6, '2024-12-31': -4.01, '2025-01-31': -5.45, '2025-02-28': 0.43, '2025-03-31': -2.65, '2025-04-30': 0.08, '2025-05-31': -3.69, '2025-06-30': -3.01, '2025-07-31': -3.41, '2025-08-31': -8.22, '2025-09-30': -1.28, '2025-10-31': -5.79, '2025-11-30': -2.26, '2025-12-31': -4.07}",9.069
S30f_Funding_Rate_Proxy_Cycle,SOL_USDT_USDT,30m,-67.22,-24.42,-2.461,-3.7046,-0.361,-67.64,411,0.5886,39.67,-15.9676,421,-0.3657,57.5936,64.3326,0.8952,7,9,3.77,-7.79,25.53,"{'2022-02-28': -4.42, '2022-03-31': 0.53, '2022-04-30': 0.0, '2022-05-31': 2.06, '2022-06-30': -4.26, '2022-07-31': 3.06, '2022-08-31': -6.58, '2022-09-30': -0.15, '2022-10-31': -4.59, '2022-11-30': -6.21, '2022-12-31': -5.45, '2023-01-31': 0.98, '2023-02-28': -2.55, '2023-03-31': -2.83, '2023-04-30': -1.08, '2023-05-31': -5.24, '2023-06-30': -5.56, '2023-07-31': -2.0, '2023-08-31': -5.38, '2023-09-30': -2.82, '2023-10-31': -2.98, '2023-11-30': 2.11, '2023-12-31': -4.34, '2024-01-31': -0.71, '2024-02-29': -0.43, '2024-03-31': 1.95, '2024-04-30': -4.03, '2024-05-31': 0.62, '2024-06-30': -2.82, '2024-07-31': -5.03, '2024-08-31': -3.75, '2024-09-30': 1.13, '2024-10-31': -2.82, '2024-11-30': -1.14, '2024-12-31': -0.78, '2025-01-31': -4.23, '2025-02-28': -2.89, '2025-03-31': -4.44, '2025-04-30': 1.94, '2025-05-31': 3.77, '2025-06-30': -5.02, '2025-07-31': -2.17, '2025-08-31': -3.33, '2025-09-30': -2.97, '2025-10-31': -7.09, '2025-11-30': 1.35, '2025-12-31': -7.79}",8.778
S30f_Funding_Rate_Proxy_Cycle,XRP_USDT_USDT,30m,-50.9,-16.33,-2.1006,-4.3948,-0.3188,-51.23,328,0.5792,43.16,-15.4698,329,-0.2768,49.332,64.6776,0.7627,8,10,4.46,-6.58,17.02,"{'2022-02-28': -6.58, '2022-03-31': -5.74, '2022-04-30': -2.72, '2022-05-31': -2.53, '2022-06-30': -3.22, '2022-07-31': -1.83, '2022-08-31': -1.55, '2022-09-30': -0.66, '2022-10-31': -0.02, '2022-11-30': 0.58, '2022-12-31': 1.24, '2023-01-31': -2.96, '2023-02-28': -1.62, '2023-03-31': -4.22, '2023-04-30': -0.66, '2023-05-31': -1.76, '2023-06-30': 1.58, '2023-07-31': -0.64, '2023-08-31': -1.68, '2023-09-30': -1.75, '2023-10-31': -0.9, '2023-11-30': -0.23, '2023-12-31': -1.41, '2024-01-31': -1.64, '2024-02-29': -1.44, '2024-03-31': -1.03, '2024-04-30': -0.39, '2024-05-31': -2.73, '2024-06-30': -0.02, '2024-07-31': -2.63, '2024-08-31': -1.42, '2024-09-30': 2.57, '2024-10-31': -1.56, '2024-11-30': -2.16, '2024-12-31': -4.3, '2025-01-31': 0.13, '2025-02-28': -0.62, '2025-03-31': -2.28, '2025-04-30': 0.06, '2025-05-31': 4.46, '2025-06-30': -2.19, '2025-07-31': -0.55, '2025-08-31': -1.3, '2025-09-30': 2.05, '2025-10-31': -2.74, '2025-11-30': -4.09, '2025-12-31': -3.97}",6.859
S30f_Funding_Rate_Proxy_Cycle,DOGE_USDT_USDT,30m,-46.07,-14.32,-1.5526,-3.4568,-0.3048,-46.98,361,0.6891,44.38,-12.623,365,-0.2144,63.0284,72.9951,0.8635,5,9,3.95,-6.18,17.02,"{'2022-02-28': -5.31, '2022-03-31': -0.78, '2022-04-30': -0.38, '2022-05-31': 1.87, '2022-06-30': -2.22, '2022-07-31': -1.31, '2022-08-31': -4.75, '2022-09-30': 1.75, '2022-10-31': -6.16, '2022-11-30': 0.1, '2022-12-31': -1.95, '2023-01-31': -3.01, '2023-02-28': -1.92, '2023-03-31': -2.0, '2023-04-30': 2.08, '2023-05-31': -0.52, '2023-06-30': -0.15, '2023-07-31': 0.92, '2023-08-31': -0.68, '2023-09-30': -0.0, '2023-10-31': -1.3, '2023-11-30': -0.63, '2023-12-31': 3.95, '2024-01-31': -5.24, '2024-02-29': -1.0, '2024-03-31': -0.07, '2024-04-30': -2.77, '2024-05-31': -4.03, '2024-06-30': -0.36, '2024-07-31': -1.12, '2024-08-31': -0.5, '2024-09-30': -3.64, '2024-10-31': -3.02, '2024-11-30': -1.01, '2024-12-31': 2.6, '2025-01-31': -0.1, '2025-02-28': -1.74, '2025-03-31': -0.5, '2025-04-30': 0.19, '2025-05-31': -0.04, '2025-06-30': -1.48, '2025-07-31': -0.9, '2025-08-31': -2.76, '2025-09-30': -0.94, '2025-10-31': -0.13, '2025-11-30': -0.56, '2025-12-31': -6.18}",7.61
S30f_Funding_Rate_Proxy_Cycle,ADA_USDT_USDT,30m,-55.62,-18.39,-1.9079,-4.9319,-0.327,-56.23,373,0.6329,42.4,-14.8308,375,-0.2421,60.302,70.1369,0.8598,5,11,5.09,-8.96,25.53,"{'2022-02-28': -0.78, '2022-03-31': -4.16, '2022-04-30': 5.09, '2022-05-31': -3.18, '2022-06-30': -0.16, '2022-07-31': 0.75, '2022-08-31': -1.8, '2022-09-30': -1.7, '2022-10-31': -3.68, '2022-11-30': 2.06, '2022-12-31': -2.27, '2023-01-31': -3.05, '2023-02-28': 0.66, '2023-03-31': -0.72, '2023-04-30': -3.38, '2023-05-31': 1.64, '2023-06-30': -1.45, '2023-07-31': -0.5, '2023-08-31': -2.83, '2023-09-30': -0.21, '2023-10-31': 1.18, '2023-11-30': -3.3, '2023-12-31': -5.18, '2024-01-31': -3.7, '2024-02-29': -8.96, '2024-03-31': -2.3, '2024-04-30': 2.65, '2024-05-31': -5.42, '2024-06-30': -2.7, '2024-07-31': -1.54, '2024-08-31': 0.82, '2024-09-30': -1.93, '2024-10-31': -5.31, '2024-11-30': -1.09, '2024-12-31': 1.05, '2025-01-31': -2.12, '2025-02-28': -1.61, '2025-03-31': -2.05, '2025-04-30': -1.18, '2025-05-31': 3.11, '2025-06-30': -3.09, '2025-07-31': -0.03, '2025-08-31': -5.5, '2025-09-30': 2.14, '2025-10-31': -4.93, '2025-11-30': 1.93, '2025-12-31': -7.08}",7.818
S30f_Funding_Rate_Proxy_Cycle,AVAX_USDT_USDT,30m,-56.02,-18.61,-1.471,-4.2458,-0.3245,-57.35,435,0.6917,43.58,-12.3943,452,-0.1868,63.7971,71.2559,0.8953,9,9,3.9,-6.92,34.04,"{'2022-02-28': 0.62, '2022-03-31': -5.62, '2022-04-30': 3.9, '2022-05-31': 0.14, '2022-06-30': -2.16, '2022-07-31': 1.75, '2022-08-31': -5.66, '2022-09-30': -1.84, '2022-10-31': -5.54, '2022-11-30': 1.66, '2022-12-31': -1.72, '2023-01-31': -3.58, '2023-02-28': -3.4, '2023-03-31': 1.06, '2023-04-30': 1.57, '2023-05-31': -0.49, '2023-06-30': -2.96, '2023-07-31': -1.59, '2023-08-31': -1.24, '2023-09-30': -2.62, '2023-10-31': -2.78, '2023-11-30': 0.08, '2023-12-31': -0.08, '2024-01-31': 2.22, '2024-02-29': -3.51, '2024-03-31': 1.84, '2024-04-30': 0.23, '2024-05-31': -6.31, '2024-06-30': -6.92, '2024-07-31': -4.33, '2024-08-31': -0.9, '2024-09-30': -2.43, '2024-10-31': -3.52, '2024-11-30': 1.0, '2024-12-31': -1.14, '2025-01-31': 0.01, '2025-02-28': -4.63, '2025-03-31': -1.51, '2025-04-30': 0.27, '2025-05-31': -2.87, '2025-06-30': -2.38, '2025-07-31': -3.39, '2025-08-31': -0.63, '2025-09-30': 0.1, '2025-10-31': -5.19, '2025-11-30': 2.64, '2025-12-31': -6.1}",9.424
S30f_Funding_Rate_Proxy_Cycle,LINK_USDT_USDT,30m,-64.91,-23.09,-2.6069,-6.5946,-0.3491,-66.15,365,0.5473,38.92,-17.5424,370,-0.34,54.4911,63.4398,0.8589,6,12,3.1,-8.8,21.28,"{'2022-02-28': -7.78, '2022-03-31': -0.74, '2022-04-30': -2.19, '2022-05-31': 0.88, '2022-06-30': -3.24, '2022-07-31': -0.31, '2022-08-31': -1.04, '2022-09-30': 0.5, '2022-10-31': -6.12, '2022-11-30': 0.92, '2022-12-31': -1.61, '2023-01-31': -6.0, '2023-02-28': -6.01, '2023-03-31': -0.07, '2023-04-30': -2.69, '2023-05-31': 1.14, '2023-06-30': -5.49, '2023-07-31': -3.79, '2023-08-31': -4.11, '2023-09-30': -2.35, '2023-10-31': -3.96, '2023-11-30': -0.13, '2023-12-31': -1.57, '2024-01-31': 2.02, '2024-02-29': -1.43, '2024-03-31': -0.03, '2024-04-30': -1.37, '2024-05-31': -6.12, '2024-06-30': -2.16, '2024-07-31': -2.44, '2024-08-31': 1.2, '2024-09-30': -6.19, '2024-10-31': -1.5, '2024-11-30': -2.28, '2024-12-31': 1.06, '2025-01-31': -4.51, '2025-02-28': 0.34, '2025-03-31': -0.6, '2025-04-30': -0.22, '2025-05-31': 3.1, '2025-06-30': -2.6, '2025-07-31': -2.09, '2025-08-31': -0.49, '2025-09-30': -0.41, '2025-10-31': -8.8, '2025-11-30': 0.75, '2025-12-31': -7.48}",7.714
S30f_Funding_Rate_Proxy_Cycle,BNB_USDT_USDT,30m,-60.03,-20.5,-2.8103,-6.6562,-0.3402,-60.25,366,0.4689,39.51,-16.3567,367,-0.2533,36.5573,50.9177,0.718,10,14,3.52,-6.16,17.02,"{'2022-02-28': -4.75, '2022-03-31': -4.53, '2022-04-30': 1.4, '2022-05-31': 0.56, '2022-06-30': -6.16, '2022-07-31': -5.78, '2022-08-31': -6.02, '2022-09-30': -1.73, '2022-10-31': -3.42, '2022-11-30': -3.39, '2022-12-31': -3.52, '2023-01-31': -4.8, '2023-02-28': -2.66, '2023-03-31': -0.86, '2023-04-30': -2.32, '2023-05-31': -2.07, '2023-06-30': -2.47, '2023-07-31': -0.17, '2023-08-31': -2.71, '2023-09-30': -0.99, '2023-10-31': -1.52, '2023-11-30': 2.15, '2023-12-31': 3.09, '2024-01-31': 0.56, '2024-02-29': -0.76, '2024-03-31': -2.71, '2024-04-30': 3.52, '2024-05-31': -1.77, '2024-06-30': -1.86, '2024-07-31': -6.06, '2024-08-31': -4.41, '2024-09-30': -0.65, '2024-10-31': -2.47, '2024-11-30': 2.85, '2024-12-31': -1.64, '2025-01-31': -1.14, '2025-02-28': -1.68, '2025-03-31': -0.77, '2025-04-30': 1.08, '2025-05-31': -0.95, '2025-06-30': -0.61, '2025-07-31': -3.59, '2025-08-31': -0.29, '2025-09-30': -3.77, '2025-10-31': -0.06, '2025-11-30': -2.51, '2025-12-31': -3.3}",7.652
S30f_Funding_Rate_Proxy_Cycle,LTC_USDT_USDT,30m,-62.56,-21.83,-2.5693,-6.1826,-0.3468,-62.95,363,0.5484,39.01,-17.1857,364,-0.3045,53.4998,62.399,0.8574,6,9,2.76,-6.61,17.02,"{'2022-02-28': -3.42, '2022-03-31': -4.32, '2022-04-30': 2.0, '2022-05-31': -2.68, '2022-06-30': -0.22, '2022-07-31': -3.7, '2022-08-31': -0.53, '2022-09-30': -2.18, '2022-10-31': -0.22, '2022-11-30': -1.12, '2022-12-31': -4.7, '2023-01-31': -4.11, '2023-02-28': -2.35, '2023-03-31': -1.91, '2023-04-30': -0.34, '2023-05-31': 2.76, '2023-06-30': -6.57, '2023-07-31': 1.53, '2023-08-31': -1.28, '2023-09-30': -2.85, '2023-10-31': -2.92, '2023-11-30': -0.04, '2023-12-31': -1.89, '2024-01-31': -2.39, '2024-02-29': -1.89, '2024-03-31': -1.21, '2024-04-30': -4.58, '2024-05-31': -5.76, '2024-06-30': 1.9, '2024-07-31': -5.08, '2024-08-31': -3.07, '2024-09-30': 0.69, '2024-10-31': -2.44, '2024-11-30': 1.15, '2024-12-31': -1.34, '2025-01-31': -1.14, '2025-02-28': -1.21, '2025-03-31': 1.48, '2025-04-30': -4.62, '2025-05-31': -1.9, '2025-06-30': -2.35, '2025-07-31': -1.86, '2025-08-31': -4.2, '2025-09-30': 1.84, '2025-10-31': -6.61, '2025-11-30': -4.12, '2025-12-31': -4.41}",7.589
S30f_Funding_Rate_Proxy_Cycle,DOT_USDT_USDT,30m,-68.76,-25.3,-3.2102,-7.2378,-0.3647,-69.38,362,0.4981,36.64,-18.9424,363,-0.3899,51.3026,59.5623,0.8613,7,9,2.94,-6.9,14.89,"{'2022-02-28': -6.68, '2022-03-31': -2.34, '2022-04-30': -0.62, '2022-05-31': -3.29, '2022-06-30': 2.94, '2022-07-31': -0.52, '2022-08-31': -6.41, '2022-09-30': 0.96, '2022-10-31': -3.72, '2022-11-30': -2.66, '2022-12-31': 0.64, '2023-01-31': -2.26, '2023-02-28': -5.59, '2023-03-31': 0.58, '2023-04-30': -3.75, '2023-05-31': -0.25, '2023-06-30': -2.88, '2023-07-31': -0.32, '2023-08-31': -1.51, '2023-09-30': -0.59, '2023-10-31': -5.1, '2023-11-30': 0.03, '2023-12-31': -6.57, '2024-01-31': -1.07, '2024-02-29': -2.62, '2024-03-31': -0.04, '2024-04-30': -2.39, '2024-05-31': -3.03, '2024-06-30': -4.42, '2024-07-31': -0.35, '2024-08-31': 0.93, '2024-09-30': -2.21, '2024-10-31': -5.08, '2024-11-30': -3.36, '2024-12-31': -3.12, '2025-01-31': 0.81, '2025-02-28': -4.23, '2025-03-31': -4.31, '2025-04-30': -1.51, '2025-05-31': -1.55, '2025-06-30': -1.76, '2025-07-31': -3.06, '2025-08-31': -1.99, '2025-09-30': -3.27, '2025-10-31': -3.14, '2025-11-30': -2.21, '2025-12-31': -6.9}",7.568
S30f_Funding_Rate_Proxy_Cycle,BCH_USDT_USDT,30m,-67.47,-24.54,-3.1316,-6.8046,-0.3581,-68.52,398,0.4945,38.94,-16.9523,398,-0.3534,42.5765,54.9233,0.7752,6,7,2.72,-6.41,14.89,"{'2022-02-28': -3.21, '2022-03-31': -4.87, '2022-04-30': -5.16, '2022-05-31': -2.35, '2022-06-30': -1.21, '2022-07-31': -6.41, '2022-08-31': -0.72, '2022-09-30': -4.51, '2022-10-31': -4.36, '2022-11-30': 1.98, '2022-12-31': -0.33, '2023-01-31': -1.78, '2023-02-28': 2.72, '2023-03-31': -2.81, '2023-04-30': -1.71, '2023-05-31': -1.5, '2023-06-30': -3.49, '2023-07-31': -2.55, '2023-08-31': -3.29, '2023-09-30': 0.95, '2023-10-31': -4.79, '2023-11-30': -0.83, '2023-12-31': -0.72, '2024-01-31': -2.98, '2024-02-29': 0.41, '2024-03-31': -3.19, '2024-04-30': -3.87, '2024-05-31': -1.13, '2024-06-30': 0.83, '2024-07-31': -5.14, '2024-08-31': -3.12, '2024-09-30': -3.35, '2024-10-31': -1.22, '2024-11-30': 2.13, '2024-12-31': -4.29, '2025-01-31': -4.03, '2025-02-28': -2.32, '2025-03-31': -2.55, '2025-04-30': -1.83, '2025-05-31': -0.45, '2025-06-30': -5.39, '2025-07-31': -1.67, '2025-08-31': -1.01, '2025-09-30': -2.19, '2025-10-31': -4.07, '2025-11-30': -3.4, '2025-12-31': 2.11}",8.298
S30f_Funding_Rate_Proxy_Cycle,ATOM_USDT_USDT,30m,-53.7,-17.53,-1.8518,-4.5579,-0.3169,-55.31,364,0.6468,42.36,-14.3961,373,-0.2404,62.2479,70.7205,0.8802,7,9,6.82,-7.54,23.4,"{'2022-02-28': -3.33, '2022-03-31': -1.29, '2022-04-30': 6.82, '2022-05-31': -0.02, '2022-06-30': 0.05, '2022-07-31': -5.44, '2022-08-31': -7.54, '2022-09-30': 0.86, '2022-10-31': -1.63, '2022-11-30': 2.21, '2022-12-31': -1.54, '2023-01-31': -4.64, '2023-02-28': -0.84, '2023-03-31': -6.23, '2023-04-30': -0.79, '2023-05-31': -1.52, '2023-06-30': -0.18, '2023-07-31': -1.05, '2023-08-31': -2.08, '2023-09-30': -1.51, '2023-10-31': 0.87, '2023-11-30': 2.88, '2023-12-31': 0.5, '2024-01-31': -0.37, '2024-02-29': -0.08, '2024-03-31': -2.43, '2024-04-30': -4.53, '2024-05-31': -4.78, '2024-06-30': -0.75, '2024-07-31': -1.46, '2024-08-31': 0.19, '2024-09-30': -2.63, '2024-10-31': -4.8, '2024-11-30': 0.87, '2024-12-31': -2.19, '2025-01-31': -5.59, '2025-02-28': -5.24, '2025-03-31': -0.84, '2025-04-30': 2.32, '2025-05-31': -1.56, '2025-06-30': -3.84, '2025-07-31': 0.64, '2025-08-31': -0.48, '2025-09-30': -1.78, '2025-10-31': -5.32, '2025-11-30': -2.18, '2025-12-31': -2.22}",7.777
S30f_Funding_Rate_Proxy_Cycle,NEAR_USDT_USDT,30m,-61.6,-21.33,-2.1982,-5.9512,-0.3444,-61.94,354,0.59,38.98,-17.4004,354,-0.3501,64.2199,69.5467,0.9234,5,13,2.29,-8.6,21.28,"{'2022-02-28': -1.25, '2022-03-31': -6.5, '2022-04-30': 2.1, '2022-05-31': 2.29, '2022-06-30': 2.2, '2022-07-31': -2.4, '2022-08-31': -5.77, '2022-09-30': -2.23, '2022-10-31': -2.19, '2022-11-30': -1.48, '2022-12-31': -2.89, '2023-01-31': -3.74, '2023-02-28': -4.0, '2023-03-31': -1.37, '2023-04-30': -2.17, '2023-05-31': 1.95, '2023-06-30': -3.14, '2023-07-31': -1.84, '2023-08-31': -3.43, '2023-09-30': -0.65, '2023-10-31': -0.31, '2023-11-30': -3.18, '2023-12-31': -5.35, '2024-01-31': -0.1, '2024-02-29': -1.58, '2024-03-31': -4.25, '2024-04-30': -8.6, '2024-05-31': 0.66, '2024-06-30': -0.98, '2024-07-31': -2.46, '2024-08-31': -5.16, '2024-09-30': 0.83, '2024-10-31': 0.54, '2024-11-30': 0.89, '2024-12-31': -1.08, '2025-01-31': 0.51, '2025-02-28': 0.98, '2025-03-31': -3.38, '2025-04-30': -2.23, '2025-05-31': -0.51, '2025-06-30': -1.5, '2025-07-31': -0.45, '2025-08-31': -2.86, '2025-09-30': -3.5, '2025-10-31': -3.73, '2025-11-30': -2.17, '2025-12-31': -5.66}",7.381
S30f_Funding_Rate_Proxy_Cycle,UNI_USDT_USDT,30m,-54.1,-17.73,-1.7183,-4.513,-0.3129,-56.66,390,0.6622,43.0,-13.765,393,-0.2409,62.7544,71.4961,0.8777,6,8,4.18,-8.15,25.53,"{'2022-02-28': -1.64, '2022-03-31': -2.48, '2022-04-30': 0.37, '2022-05-31': -0.15, '2022-06-30': -4.12, '2022-07-31': -3.29, '2022-08-31': -0.36, '2022-09-30': -0.26, '2022-10-31': -2.61, '2022-11-30': 1.31, '2022-12-31': 0.13, '2023-01-31': 2.03, '2023-02-28': -1.53, '2023-03-31': 0.56, '2023-04-30': -0.69, '2023-05-31': -1.86, '2023-06-30': -1.11, '2023-07-31': -4.17, '2023-08-31': -4.57, '2023-09-30': 0.07, '2023-10-31': -1.9, '2023-11-30': -4.25, '2023-12-31': -1.72, '2024-01-31': -2.21, '2024-02-29': 2.82, '2024-03-31': -1.37, '2024-04-30': -1.85, '2024-05-31': -4.29, '2024-06-30': 1.88, '2024-07-31': -4.96, '2024-08-31': 2.24, '2024-09-30': -4.0, '2024-10-31': -4.2, '2024-11-30': -1.13, '2024-12-31': -0.05, '2025-01-31': -6.79, '2025-02-28': 1.61, '2025-03-31': -0.31, '2025-04-30': -0.08, '2025-05-31': -0.35, '2025-06-30': -3.27, '2025-07-31': -6.55, '2025-08-31': -8.15, '2025-09-30': -0.86, '2025-10-31': 0.63, '2025-11-30': 4.18, '2025-12-31': -2.68}",8.194
S30f_Funding_Rate_Proxy_Cycle,OP_USDT_USDT,30m,-31.84,-10.19,-0.5762,-1.5383,-0.2725,-37.39,317,0.7934,46.13,-9.8575,323,-0.1105,82.0845,88.5895,0.9266,5,8,3.51,-5.39,33.33,"{'2022-07-31': -1.92, '2022-08-31': 1.1, '2022-09-30': -3.23, '2022-10-31': -5.39, '2022-11-30': 0.02, '2022-12-31': 0.59, '2023-01-31': 2.4, '2023-02-28': -3.29, '2023-03-31': -1.07, '2023-04-30': 2.46, '2023-05-31': 2.48, '2023-06-30': 3.01, '2023-07-31': -1.96, '2023-08-31': -1.21, '2023-09-30': -1.99, '2023-10-31': -3.17, '2023-11-30': -4.14, '2023-12-31': -0.0, '2024-01-31': -2.18, '2024-02-29': -1.15, '2024-03-31': 1.05, '2024-04-30': -2.63, '2024-05-31': -0.17, '2024-06-30': -0.95, '2024-07-31': -0.21, '2024-08-31': 1.16, '2024-09-30': -3.22, '2024-10-31': -3.94, '2024-11-30': -1.07, '2024-12-31': 0.96, '2025-01-31': -1.65, '2025-02-28': -0.29, '2025-03-31': -4.44, '2025-04-30': -3.45, '2025-05-31': -0.35, '2025-06-30': -4.04, '2025-07-31': 1.14, '2025-08-31': -0.99, '2025-09-30': 0.95, '2025-10-31': 0.83, '2025-11-30': 3.51, '2025-12-31': -3.23}",7.511
S30f_Funding_Rate_Proxy_Cycle,APT_USDT_USDT,30m,-52.74,-20.98,-1.7707,-4.6606,-0.3736,-56.16,263,0.6122,39.65,-18.5063,285,-0.2935,73.6795,79.0703,0.9318,4,9,3.17,-9.57,23.68,"{'2022-11-30': 1.19, '2022-12-31': 1.53, '2023-01-31': -0.85, '2023-02-28': -4.58, '2023-03-31': -2.28, '2023-04-30': -2.72, '2023-05-31': 1.12, '2023-06-30': -9.57, '2023-07-31': -2.45, '2023-08-31': -2.77, '2023-09-30': 0.67, '2023-10-31': 1.47, '2023-11-30': -1.22, '2023-12-31': 1.48, '2024-01-31': 2.21, '2024-02-29': -1.66, '2024-03-31': -0.09, '2024-04-30': -4.12, '2024-05-31': -0.94, '2024-06-30': -0.93, '2024-07-31': -3.13, '2024-08-31': -2.71, '2024-09-30': -3.63, '2024-10-31': -5.51, '2024-11-30': 3.17, '2024-12-31': -6.56, '2025-01-31': -5.28, '2025-02-28': -3.32, '2025-03-31': -0.96, '2025-04-30': -1.69, '2025-05-31': -2.67, '2025-06-30': -4.57, '2025-07-31': -0.37, '2025-08-31': -2.63, '2025-09-30': -1.14, '2025-10-31': -8.61, '2025-11-30': 2.2, '2025-12-31': -1.8}",7.421
S30f_Funding_Rate_Proxy_Cycle,FIL_USDT_USDT,30m,-54.28,-17.82,-1.7893,-3.7119,-0.3065,-58.14,291,0.6416,40.65,-16.1075,337,-0.2898,70.9235,75.7238,0.9366,5,8,4.45,-6.96,23.4,"{'2022-02-28': 0.25, '2022-03-31': -1.43, '2022-04-30': 2.91, '2022-05-31': 4.45, '2022-06-30': -1.0, '2022-07-31': -3.27, '2022-08-31': -5.36, '2022-09-30': -1.14, '2022-10-31': -3.17, '2022-11-30': 0.55, '2022-12-31': -0.56, '2023-01-31': 1.95, '2023-02-28': -4.37, '2023-03-31': 1.08, '2023-04-30': 0.96, '2023-05-31': -0.45, '2023-06-30': -1.33, '2023-07-31': -2.13, '2023-08-31': -3.49, '2023-09-30': -1.34, '2023-10-31': -1.56, '2023-11-30': -0.62, '2023-12-31': -3.42, '2024-01-31': 2.05, '2024-02-29': 0.14, '2024-03-31': -0.02, '2024-04-30': -1.23, '2024-05-31': -6.28, '2024-06-30': -2.79, '2024-07-31': -3.14, '2024-08-31': -2.35, '2024-09-30': -2.46, '2024-10-31': -2.86, '2024-11-30': -0.24, '2024-12-31': -1.11, '2025-01-31': -3.62, '2025-02-28': -2.27, '2025-03-31': -2.18, '2025-04-30': 0.83, '2025-05-31': -1.47, '2025-06-30': -3.96, '2025-07-31': -3.79, '2025-08-31': -3.66, '2025-09-30': 0.04, '2025-10-31': -3.27, '2025-11-30': -6.96, '2025-12-31': -1.05}",7.026
S30f_Funding_Rate_Proxy_Cycle,INJ_USDT_USDT,30m,-52.83,-20.03,-2.2012,-6.2313,-0.3715,-53.91,308,0.609,40.58,-17.1528,308,-0.3583,65.8237,73.8308,0.8915,7,11,4.75,-9.54,22.5,"{'2022-09-30': -0.08, '2022-10-31': -5.65, '2022-11-30': 4.29, '2022-12-31': -0.58, '2023-01-31': -4.19, '2023-02-28': -3.24, '2023-03-31': -0.03, '2023-04-30': -2.2, '2023-05-31': 0.5, '2023-06-30': -5.36, '2023-07-31': -1.48, '2023-08-31': -3.46, '2023-09-30': 0.93, '2023-10-31': -4.27, '2023-11-30': -3.36, '2023-12-31': -3.1, '2024-01-31': -2.21, '2024-02-29': -1.34, '2024-03-31': 3.82, '2024-04-30': -2.32, '2024-05-31': -6.44, '2024-06-30': -5.43, '2024-07-31': -1.86, '2024-08-31': -0.96, '2024-09-30': 3.97, '2024-10-31': 2.59, '2024-11-30': -1.13, '2024-12-31': 1.08, '2025-01-31': -9.54, '2025-02-28': -3.29, '2025-03-31': -3.43, '2025-04-30': -3.2, '2025-05-31': -0.17, '2025-06-30': 0.96, '2025-07-31': 4.75, '2025-08-31': -1.45, '2025-09-30': -4.56, '2025-10-31': -4.96, '2025-11-30': -0.05, '2025-12-31': -2.75}",7.61
S30f_Funding_Rate_Proxy_Cycle,TRX_USDT_USDT,30m,-53.56,-17.46,-2.5197,-4.1756,-0.325,-53.73,444,0.5113,43.15,-12.0359,445,-0.1814,29.1838,43.3172,0.6737,9,7,2.44,-4.33,14.89,"{'2022-02-28': 1.2, '2022-03-31': -1.24, '2022-04-30': -3.8, '2022-05-31': -4.33, '2022-06-30': 2.14, '2022-07-31': -3.28, '2022-08-31': -1.19, '2022-09-30': -1.86, '2022-10-31': -1.52, '2022-11-30': 0.64, '2022-12-31': -0.64, '2023-01-31': -0.7, '2023-02-28': -1.7, '2023-03-31': -2.11, '2023-04-30': -0.23, '2023-05-31': -0.73, '2023-06-30': -2.41, '2023-07-31': -3.55, '2023-08-31': -1.48, '2023-09-30': -1.9, '2023-10-31': -1.61, '2023-11-30': 1.06, '2023-12-31': -2.23, '2024-01-31': -1.01, '2024-02-29': -2.15, '2024-03-31': -2.51, '2024-04-30': 0.27, '2024-05-31': -1.84, '2024-06-30': -0.86, '2024-07-31': -3.66, '2024-08-31': -3.3, '2024-09-30': -2.12, '2024-10-31': -1.56, '2024-11-30': -1.53, '2024-12-31': -0.51, '2025-01-31': -3.18, '2025-02-28': -1.76, '2025-03-31': -3.75, '2025-04-30': -1.98, '2025-05-31': -2.0, '2025-06-30': 2.44, '2025-07-31': -1.75, '2025-08-31': -1.89, '2025-09-30': -0.76, '2025-10-31': -2.84, '2025-11-30': 0.44, '2025-12-31': -3.23}",9.278
S30f_Funding_Rate_Proxy_Cycle,ETC_USDT_USDT,30m,-60.14,-20.59,-2.4133,-5.2797,-0.3392,-60.7,368,0.582,40.81,-16.2535,370,-0.3121,55.4593,65.6993,0.8441,6,7,1.79,-6.48,17.02,"{'2022-02-28': -0.36, '2022-03-31': -0.84, '2022-04-30': 0.69, '2022-05-31': -3.21, '2022-06-30': 1.79, '2022-07-31': -3.13, '2022-08-31': -5.37, '2022-09-30': -4.72, '2022-10-31': -3.4, '2022-11-30': -1.31, '2022-12-31': -1.13, '2023-01-31': -3.46, '2023-02-28': -1.31, '2023-03-31': 1.26, '2023-04-30': -0.99, '2023-05-31': -0.73, '2023-06-30': -0.39, '2023-07-31': 1.68, '2023-08-31': -1.58, '2023-09-30': -0.69, '2023-10-31': -2.16, '2023-11-30': -0.69, '2023-12-31': -5.88, '2024-01-31': -2.1, '2024-02-29': 1.61, '2024-03-31': -0.82, '2024-04-30': -1.47, '2024-05-31': -2.46, '2024-06-30': -0.51, '2024-07-31': -5.06, '2024-08-31': -1.03, '2024-09-30': -2.25, '2024-10-31': -2.99, '2024-11-30': 1.15, '2024-12-31': -4.12, '2025-01-31': -3.73, '2025-02-28': -0.88, '2025-03-31': -2.87, '2025-04-30': -1.08, '2025-05-31': 1.63, '2025-06-30': -3.58, '2025-07-31': -1.62, '2025-08-31': -2.97, '2025-09-30': 0.59, '2025-10-31': -6.48, '2025-11-30': -3.9, '2025-12-31': -4.88}",7.714
S30f_Funding_Rate_Proxy_Cycle,XLM_USDT_USDT,30m,-67.44,-24.47,-2.7642,-6.6683,-0.3616,-67.67,335,0.4087,36.61,-20.0709,336,-0.3409,37.9014,53.5478,0.7078,4,9,1.9,-8.34,12.77,"{'2022-02-28': -7.38, '2022-03-31': -3.71, '2022-04-30': -3.94, '2022-05-31': 1.9, '2022-06-30': -1.19, '2022-07-31': -1.89, '2022-08-31': -4.6, '2022-09-30': -4.22, '2022-10-31': -0.71, '2022-11-30': -1.35, '2022-12-31': -2.55, '2023-01-31': -4.02, '2023-02-28': -2.11, '2023-03-31': -2.89, '2023-04-30': -0.29, '2023-05-31': -0.66, '2023-06-30': -6.24, '2023-07-31': -0.5, '2023-08-31': -0.82, '2023-09-30': -5.5, '2023-10-31': -2.97, '2023-11-30': 0.2, '2023-12-31': -2.92, '2024-01-31': -0.62, '2024-02-29': 0.75, '2024-03-31': -0.47, '2024-04-30': -0.11, '2024-05-31': -0.47, '2024-06-30': -1.23, '2024-07-31': -4.2, '2024-08-31': -2.95, '2024-09-30': -0.24, '2024-10-31': -0.96, '2024-11-30': -6.32, '2024-12-31': -2.48, '2025-01-31': -2.05, '2025-02-28': 0.3, '2025-03-31': -1.34, '2025-04-30': -1.88, '2025-05-31': 0.77, '2025-06-30': -3.48, '2025-07-31': -0.61, '2025-08-31': -8.34, '2025-09-30': 1.45, '2025-10-31': -1.63, '2025-11-30': -5.24, '2025-12-31': -3.31}",7.005
S30f_Funding_Rate_Proxy_Cycle,RUNE_USDT_USDT,30m,-71.96,-27.27,-2.432,-5.7984,-0.3756,-72.6,495,0.5996,40.12,-14.5087,496,-0.3293,54.1577,60.5175,0.8949,6,14,5.13,-10.36,21.28,"{'2022-02-28': -7.51, '2022-03-31': -4.09, '2022-04-30': 2.0, '2022-05-31': -4.15, '2022-06-30': -1.1, '2022-07-31': -2.49, '2022-08-31': -3.69, '2022-09-30': -4.03, '2022-10-31': -2.17, '2022-11-30': 5.13, '2022-12-31': -1.66, '2023-01-31': -4.93, '2023-02-28': -1.98, '2023-03-31': 4.3, '2023-04-30': -1.09, '2023-05-31': -2.5, '2023-06-30': -2.14, '2023-07-31': -2.73, '2023-08-31': -5.12, '2023-09-30': -5.96, '2023-10-31': -5.41, '2023-11-30': 0.99, '2023-12-31': -0.36, '2024-01-31': -3.27, '2024-02-29': -0.28, '2024-03-31': 0.47, '2024-04-30': -3.68, '2024-05-31': -7.81, '2024-06-30': -1.13, '2024-07-31': -4.28, '2024-08-31': -2.71, '2024-09-30': -1.44, '2024-10-31': -5.29, '2024-11-30': 3.2, '2024-12-31': -2.45, '2025-01-31': -6.38, '2025-02-28': -7.33, '2025-03-31': 1.85, '2025-04-30': 2.48, '2025-05-31': -10.36, '2025-06-30': -1.88, '2025-07-31': 1.36, '2025-08-31': -7.47, '2025-09-30': -2.75, '2025-10-31': -6.28, '2025-11-30': 0.06, '2025-12-31': -3.0}",10.341
S30f_Funding_Rate_Proxy_Cycle,AAVE_USDT_USDT,30m,-55.46,-18.5,-1.5771,-4.6167,-0.3285,-56.32,399,0.6619,42.64,-13.8293,401,-0.2237,63.4775,71.3052,0.8902,6,12,4.84,-6.74,27.66,"{'2022-02-28': -3.66, '2022-03-31': -3.53, '2022-04-30': -1.01, '2022-05-31': -6.32, '2022-06-30': -1.01, '2022-07-31': -3.35, '2022-08-31': -4.56, '2022-09-30': -1.29, '2022-10-31': -4.95, '2022-11-30': 4.84, '2022-12-31': -3.14, '2023-01-31': 0.0, '2023-02-28': 2.31, '2023-03-31': 1.91, '2023-04-30': -1.46, '2023-05-31': -2.2, '2023-06-30': -1.22, '2023-07-31': -1.88, '2023-08-31': -1.68, '2023-09-30': -0.19, '2023-10-31': 0.77, '2023-11-30': -1.67, '2023-12-31': -4.47, '2024-01-31': 1.03, '2024-02-29': -0.48, '2024-03-31': -3.32, '2024-04-30': -6.37, '2024-05-31': -5.2, '2024-06-30': 3.46, '2024-07-31': 1.09, '2024-08-31': -1.27, '2024-09-30': 0.42, '2024-10-31': -0.83, '2024-11-30': 3.14, '2024-12-31': 1.03, '2025-01-31': -3.71, '2025-02-28': -0.43, '2025-03-31': -3.47, '2025-04-30': 0.85, '2025-05-31': -3.67, '2025-06-30': -2.7, '2025-07-31': -4.79, '2025-08-31': -2.5, '2025-09-30': 1.61, '2025-10-31': -6.04, '2025-11-30': -0.22, '2025-12-31': -6.74}",8.361
S30f_Funding_Rate_Proxy_Cycle,LDO_USDT_USDT,30m,-34.78,-11.71,-1.0973,-2.7641,-0.3276,-35.75,318,0.7757,45.6,-10.9373,318,-0.1938,82.9479,89.6272,0.9255,9,9,5.73,-8.42,39.02,"{'2022-08-31': -4.08, '2022-09-30': -1.03, '2022-10-31': -6.59, '2022-11-30': -3.84, '2022-12-31': 5.73, '2023-01-31': 2.39, '2023-02-28': -2.1, '2023-03-31': 0.01, '2023-04-30': 0.01, '2023-05-31': 1.83, '2023-06-30': -4.39, '2023-07-31': 1.98, '2023-08-31': 0.08, '2023-09-30': -0.05, '2023-10-31': -1.69, '2023-11-30': 3.12, '2023-12-31': -1.51, '2024-01-31': 1.97, '2024-02-29': 2.59, '2024-03-31': 0.52, '2024-04-30': -8.42, '2024-05-31': 1.77, '2024-06-30': 3.79, '2024-07-31': -4.42, '2024-08-31': -0.64, '2024-09-30': -3.57, '2024-10-31': -0.47, '2024-11-30': 0.09, '2024-12-31': -1.04, '2025-01-31': -2.37, '2025-02-28': 2.2, '2025-03-31': -1.14, '2025-04-30': -0.26, '2025-05-31': 1.79, '2025-06-30': -3.69, '2025-07-31': -1.24, '2025-08-31': -4.61, '2025-09-30': -1.44, '2025-10-31': -1.49, '2025-11-30': -1.17, '2025-12-31': -7.21}",7.689
S30f_Funding_Rate_Proxy_Cycle,SAND_USDT_USDT,30m,-71.69,-27.12,-3.0823,-7.1981,-0.3765,-72.04,364,0.5185,35.62,-19.6405,365,-0.425,59.3884,63.3586,0.9373,5,10,6.73,-8.93,14.89,"{'2022-02-28': -7.59, '2022-03-31': -1.44, '2022-04-30': -2.54, '2022-05-31': 6.73, '2022-06-30': -1.03, '2022-07-31': 3.99, '2022-08-31': -5.59, '2022-09-30': -4.32, '2022-10-31': -4.76, '2022-11-30': 2.54, '2022-12-31': -0.41, '2023-01-31': -7.23, '2023-02-28': -5.49, '2023-03-31': -4.06, '2023-04-30': -0.42, '2023-05-31': -0.3, '2023-06-30': -3.18, '2023-07-31': 2.98, '2023-08-31': -1.9, '2023-09-30': -0.32, '2023-10-31': -2.1, '2023-11-30': 1.31, '2023-12-31': -3.06, '2024-01-31': -1.11, '2024-02-29': 0.33, '2024-03-31': -2.18, '2024-04-30': -4.1, '2024-05-31': -2.98, '2024-06-30': -3.15, '2024-07-31': -4.52, '2024-08-31': -1.7, '2024-09-30': -2.24, '2024-10-31': -6.05, '2024-11-30': -5.4, '2024-12-31': -4.21, '2025-01-31': -2.46, '2025-02-28': -4.38, '2025-03-31': -4.39, '2025-04-30': -0.81, '2025-05-31': -5.53, '2025-06-30': -4.17, '2025-07-31': -2.83, '2025-08-31': -2.88, '2025-09-30': 0.51, '2025-10-31': -7.48, '2025-11-30': -1.02, '2025-12-31': -8.93}",7.61
S30f_Funding_Rate_Proxy_Cycle,MANA_USDT_USDT,30m,-55.49,-18.36,-1.7876,-4.4575,-0.3211,-57.18,346,0.6217,41.43,-15.8535,350,-0.2571,62.8949,71.5536,0.879,6,9,2.49,-8.53,25.53,"{'2022-02-28': -8.53, '2022-03-31': -1.6, '2022-04-30': 2.49, '2022-05-31': -2.1, '2022-06-30': 0.96, '2022-07-31': -1.22, '2022-08-31': -2.56, '2022-09-30': -0.99, '2022-10-31': -4.98, '2022-11-30': 2.37, '2022-12-31': 1.31, '2023-01-31': -1.19, '2023-02-28': -3.31, '2023-03-31': -3.13, '2023-04-30': 0.72, '2023-05-31': 1.34, '2023-06-30': -2.09, '2023-07-31': -1.06, '2023-08-31': -1.68, '2023-09-30': -0.78, '2023-10-31': -1.81, '2023-11-30': -2.26, '2023-12-31': 2.47, '2024-01-31': -1.96, '2024-02-29': 1.05, '2024-03-31': -0.04, '2024-04-30': -3.68, '2024-05-31': -5.04, '2024-06-30': -2.56, '2024-07-31': -6.07, '2024-08-31': -0.39, '2024-09-30': -1.31, '2024-10-31': -1.93, '2024-11-30': -3.47, '2024-12-31': 2.11, '2025-01-31': -4.38, '2025-02-28': 0.55, '2025-03-31': -4.26, '2025-04-30': 0.54, '2025-05-31': -3.45, '2025-06-30': -6.12, '2025-07-31': -0.34, '2025-08-31': -3.57, '2025-09-30': -1.67, '2025-10-31': -2.02, '2025-11-30': 0.98, '2025-12-31': -3.26}",7.297
S30f_Funding_Rate_Proxy_Cycle,CRV_USDT_USDT,30m,-51.16,-16.42,-1.7158,-4.5994,-0.3119,-52.65,360,0.6906,42.55,-13.864,369,-0.2835,72.7155,77.9819,0.9325,6,10,3.87,-9.45,25.53,"{'2022-02-28': -9.45, '2022-03-31': -2.79, '2022-04-30': 2.61, '2022-05-31': -3.28, '2022-06-30': -1.07, '2022-07-31': -2.24, '2022-08-31': -3.76, '2022-09-30': -0.19, '2022-10-31': -0.82, '2022-11-30': 1.06, '2022-12-31': 2.85, '2023-01-31': 2.1, '2023-02-28': -3.55, '2023-03-31': -2.36, '2023-04-30': -3.01, '2023-05-31': 1.96, '2023-06-30': -3.97, '2023-07-31': -0.33, '2023-08-31': 3.87, '2023-09-30': -0.36, '2023-10-31': -4.5, '2023-11-30': 2.03, '2023-12-31': -0.95, '2024-01-31': 0.56, '2024-02-29': -0.56, '2024-03-31': 1.01, '2024-04-30': -4.24, '2024-05-31': -8.61, '2024-06-30': -0.88, '2024-07-31': 0.71, '2024-08-31': -2.43, '2024-09-30': 1.88, '2024-10-31': 0.56, '2024-11-30': -5.25, '2024-12-31': -2.07, '2025-01-31': -0.14, '2025-02-28': -2.08, '2025-03-31': -3.38, '2025-04-30': -0.16, '2025-05-31': -1.4, '2025-06-30': -1.6, '2025-07-31': -0.33, '2025-08-31': -2.45, '2025-09-30': -0.64, '2025-10-31': -7.07, '2025-11-30': -1.19, '2025-12-31': -3.25}",7.693
S30f_Funding_Rate_Proxy_Cycle,GALA_USDT_USDT,30m,-56.25,-18.72,-1.631,-4.3321,-0.326,-57.43,365,0.6565,41.26,-15.3701,366,-0.2864,71.2063,76.175,0.9348,5,9,6.98,-7.43,25.53,"{'2022-02-28': -6.22, '2022-03-31': -1.24, '2022-04-30': 2.64, '2022-05-31': 6.98, '2022-06-30': -1.06, '2022-07-31': -0.17, '2022-08-31': -5.49, '2022-09-30': 0.28, '2022-10-31': -2.14, '2022-11-30': 0.61, '2022-12-31': -1.4, '2023-01-31': -2.89, '2023-02-28': -2.46, '2023-03-31': 4.04, '2023-04-30': -0.2, '2023-05-31': 0.17, '2023-06-30': -3.76, '2023-07-31': -4.16, '2023-08-31': -2.25, '2023-09-30': -3.69, '2023-10-31': -3.14, '2023-11-30': 0.93, '2023-12-31': -2.32, '2024-01-31': -0.82, '2024-02-29': -2.6, '2024-03-31': -0.97, '2024-04-30': -2.65, '2024-05-31': -2.55, '2024-06-30': 1.49, '2024-07-31': 0.52, '2024-08-31': -4.69, '2024-09-30': -1.43, '2024-10-31': -4.29, '2024-11-30': -2.18, '2024-12-31': 1.1, '2025-01-31': -5.46, '2025-02-28': 1.93, '2025-03-31': -1.61, '2025-04-30': 1.83, '2025-05-31': -0.32, '2025-06-30': -7.43, '2025-07-31': -1.27, '2025-08-31': -3.93, '2025-09-30': -2.66, '2025-10-31': -4.73, '2025-11-30': -3.23, '2025-12-31': -0.69}",7.631
S30f_Funding_Rate_Proxy_Cycle,APE_USDT_USDT,30m,-44.24,-14.32,-1.0895,-2.337,-0.3053,-46.91,302,0.7192,43.69,-13.6123,325,-0.199,79.7932,86.0909,0.9268,5,13,5.2,-7.71,28.89,"{'2022-04-30': -1.08, '2022-05-31': 1.3, '2022-06-30': -0.9, '2022-07-31': -3.34, '2022-08-31': -2.3, '2022-09-30': -2.16, '2022-10-31': -4.12, '2022-11-30': 5.2, '2022-12-31': 2.3, '2023-01-31': 2.72, '2023-02-28': -3.54, '2023-03-31': -0.21, '2023-04-30': 0.43, '2023-05-31': 2.0, '2023-06-30': 1.59, '2023-07-31': -3.07, '2023-08-31': -2.92, '2023-09-30': 0.68, '2023-10-31': -0.44, '2023-11-30': 0.98, '2023-12-31': -0.15, '2024-01-31': -3.48, '2024-02-29': 0.54, '2024-03-31': -1.1, '2024-04-30': -7.71, '2024-05-31': -4.98, '2024-06-30': -1.56, '2024-07-31': -5.45, '2024-08-31': 0.73, '2024-09-30': -2.41, '2024-10-31': -1.66, '2024-11-30': -1.21, '2024-12-31': 1.11, '2025-01-31': -0.39, '2025-02-28': -2.21, '2025-03-31': -1.2, '2025-04-30': -0.09, '2025-05-31': -3.31, '2025-06-30': -2.44, '2025-07-31': -2.19, '2025-08-31': -1.53, '2025-09-30': -4.8, '2025-10-31': -5.11, '2025-11-30': 1.04, '2025-12-31': -1.45}",7.148
S30f_Funding_Rate_Proxy_Cycle,AXS_USDT_USDT,30m,-69.18,-25.55,-3.1556,-6.8841,-0.368,-69.43,369,0.5129,37.3,-18.6985,370,-0.4397,52.7941,61.2243,0.8623,6,11,4.88,-7.81,21.28,"{'2022-02-28': -6.47, '2022-03-31': -5.41, '2022-04-30': 1.45, '2022-05-31': 0.12, '2022-06-30': -5.27, '2022-07-31': -5.47, '2022-08-31': -5.7, '2022-09-30': -1.49, '2022-10-31': -6.35, '2022-11-30': -1.87, '2022-12-31': 1.25, '2023-01-31': -4.8, '2023-02-28': -2.53, '2023-03-31': 1.13, '2023-04-30': -0.6, '2023-05-31': 0.74, '2023-06-30': -1.85, '2023-07-31': -3.83, '2023-08-31': -2.31, '2023-09-30': 1.43, '2023-10-31': -1.51, '2023-11-30': 3.01, '2023-12-31': 1.83, '2024-01-31': -4.13, '2024-02-29': -0.2, '2024-03-31': -0.07, '2024-04-30': -3.64, '2024-05-31': -1.14, '2024-06-30': -2.53, '2024-07-31': -4.61, '2024-08-31': -0.89, '2024-09-30': -0.6, '2024-10-31': -4.93, '2024-11-30': 4.88, '2024-12-31': -1.12, '2025-01-31': -3.75, '2025-02-28': -1.79, '2025-03-31': -5.35, '2025-04-30': 0.93, '2025-05-31': -4.4, '2025-06-30': -5.16, '2025-07-31': -4.89, '2025-08-31': -5.55, '2025-09-30': -1.65, '2025-10-31': -7.81, '2025-11-30': -1.18, '2025-12-31': -6.12}",7.714
S30f_Funding_Rate_Proxy_Cycle,GRT_USDT_USDT,30m,-58.35,-19.69,-1.98,-5.4131,-0.3302,-59.63,375,0.6496,41.58,-15.3542,380,-0.2863,68.4672,75.0108,0.9128,5,10,3.87,-8.54,36.17,"{'2022-02-28': -8.34, '2022-03-31': -3.14, '2022-04-30': 1.24, '2022-05-31': 2.21, '2022-06-30': 0.06, '2022-07-31': 0.99, '2022-08-31': -4.46, '2022-09-30': -2.19, '2022-10-31': -3.39, '2022-11-30': 1.88, '2022-12-31': 0.39, '2023-01-31': -1.37, '2023-02-28': -2.18, '2023-03-31': 0.92, '2023-04-30': 1.37, '2023-05-31': 2.1, '2023-06-30': -2.44, '2023-07-31': -0.54, '2023-08-31': -2.69, '2023-09-30': 0.21, '2023-10-31': -1.92, '2023-11-30': -2.2, '2023-12-31': -4.5, '2024-01-31': 3.42, '2024-02-29': -0.51, '2024-03-31': -3.2, '2024-04-30': -6.71, '2024-05-31': -7.52, '2024-06-30': 3.87, '2024-07-31': 0.87, '2024-08-31': 3.31, '2024-09-30': 2.43, '2024-10-31': -5.1, '2024-11-30': -2.18, '2024-12-31': 1.01, '2025-01-31': -8.54, '2025-02-28': -3.21, '2025-03-31': -4.38, '2025-04-30': -4.82, '2025-05-31': -4.56, '2025-06-30': -1.79, '2025-07-31': -3.94, '2025-08-31': -7.72, '2025-09-30': -1.06, '2025-10-31': -1.17, '2025-11-30': 0.99, '2025-12-31': -5.16}",7.923
S30f_Funding_Rate_Proxy_Cycle,CHZ_USDT_USDT,30m,-58.25,-19.63,-2.438,-5.7918,-0.3325,-59.03,342,0.5839,40.23,-16.9819,343,-0.3393,59.2356,68.2893,0.8674,7,9,6.08,-7.41,23.4,"{'2022-02-28': -5.21, '2022-03-31': -2.33, '2022-04-30': 6.08, '2022-05-31': -2.3, '2022-06-30': -0.01, '2022-07-31': 0.87, '2022-08-31': -7.41, '2022-09-30': -1.2, '2022-10-31': -3.48, '2022-11-30': 2.34, '2022-12-31': -1.29, '2023-01-31': -1.94, '2023-02-28': 0.36, '2023-03-31': -1.18, '2023-04-30': -0.54, '2023-05-31': 1.14, '2023-06-30': -6.71, '2023-07-31': -0.82, '2023-08-31': -1.53, '2023-09-30': -0.36, '2023-10-31': -2.66, '2023-11-30': -3.86, '2023-12-31': -2.55, '2024-01-31': -3.18, '2024-02-29': 0.81, '2024-03-31': -2.31, '2024-04-30': -3.76, '2024-05-31': -0.64, '2024-06-30': -1.31, '2024-07-31': -5.91, '2024-08-31': 0.03, '2024-09-30': -0.78, '2024-10-31': -2.97, '2024-11-30': -1.16, '2024-12-31': -5.31, '2025-01-31': -2.95, '2025-02-28': 0.26, '2025-03-31': -4.07, '2025-04-30': 4.34, '2025-05-31': -1.15, '2025-06-30': -0.91, '2025-07-31': -3.66, '2025-08-31': -5.99, '2025-09-30': 1.21, '2025-10-31': -1.25, '2025-11-30': 2.02, '2025-12-31': -5.39}",7.151
S30f_Funding_Rate_Proxy_Cycle,1000LUNC_USDT_USDT,30m,-37.29,-13.15,-0.6396,-1.5101,-0.3181,-41.34,225,0.6824,42.06,-16.0054,233,-0.1351,81.7635,86.9783,0.94,6,8,3.89,-6.57,30.77,"{'2022-10-31': 0.55, '2022-11-30': -5.11, '2022-12-31': 3.89, '2023-01-31': -2.3, '2023-02-28': -1.92, '2023-03-31': -0.19, '2023-04-30': 0.0, '2023-05-31': 0.49, '2023-06-30': -2.15, '2023-07-31': 0.18, '2023-08-31': -2.98, '2023-09-30': -1.82, '2023-10-31': -1.13, '2023-11-30': 0.27, '2023-12-31': 0.09, '2024-01-31': -3.22, '2024-02-29': 3.36, '2024-03-31': -0.93, '2024-04-30': -2.6, '2024-05-31': -6.57, '2024-06-30': -2.74, '2024-07-31': -2.42, '2024-08-31': 1.93, '2024-09-30': -1.9, '2024-10-31': -1.56, '2024-11-30': 1.92, '2024-12-31': 3.2, '2025-01-31': -3.43, '2025-02-28': 1.61, '2025-03-31': -4.07, '2025-04-30': 0.57, '2025-05-31': -0.05, '2025-06-30': -2.12, '2025-07-31': -1.27, '2025-08-31': -6.4, '2025-09-30': -2.41, '2025-10-31': -5.83, '2025-11-30': -1.06, '2025-12-31': -1.62}",5.866
S30f_Funding_Rate_Proxy_Cycle,TWT_USDT_USDT,30m,-23.44,-8.34,-0.8397,-1.9256,-0.3558,-23.44,219,0.7594,47.49,-10.7026,219,-0.1258,71.1351,84.7124,0.8397,9,8,5.22,-7.35,37.84,"{'2022-12-31': -7.35, '2023-01-31': 0.62, '2023-02-28': 0.98, '2023-03-31': -0.97, '2023-04-30': -1.53, '2023-05-31': 0.58, '2023-06-30': -4.47, '2023-07-31': 2.25, '2023-08-31': 0.72, '2023-09-30': -0.66, '2023-10-31': 2.53, '2023-11-30': 4.55, '2023-12-31': 0.06, '2024-01-31': 0.38, '2024-02-29': 1.59, '2024-03-31': -1.09, '2024-04-30': -4.22, '2024-05-31': -1.75, '2024-06-30': -0.42, '2024-07-31': -3.8, '2024-08-31': 2.85, '2024-09-30': 5.22, '2024-10-31': -1.42, '2024-11-30': -2.25, '2024-12-31': -1.02, '2025-01-31': 1.55, '2025-02-28': -0.05, '2025-03-31': -0.26, '2025-04-30': -1.48, '2025-05-31': -2.12, '2025-06-30': -4.0, '2025-07-31': -1.44, '2025-08-31': -2.73, '2025-09-30': -0.04, '2025-10-31': -1.31, '2025-11-30': 2.2, '2025-12-31': -4.85}",5.853
S30f_Funding_Rate_Proxy_Cycle,ZRX_USDT_USDT,30m,-53.17,-18.26,-1.8238,-3.8674,-0.3279,-55.68,342,0.6411,41.94,-14.7695,360,-0.2547,62.9094,70.8916,0.8874,7,8,4.29,-6.01,20.0,"{'2022-04-30': -1.81, '2022-05-31': 4.29, '2022-06-30': -1.1, '2022-07-31': -0.22, '2022-08-31': -6.01, '2022-09-30': -1.11, '2022-10-31': -2.34, '2022-11-30': 1.49, '2022-12-31': -1.92, '2023-01-31': -3.75, '2023-02-28': -1.29, '2023-03-31': -1.43, '2023-04-30': -2.91, '2023-05-31': 1.81, '2023-06-30': -0.76, '2023-07-31': -0.07, '2023-08-31': -5.28, '2023-09-30': -1.53, '2023-10-31': -1.05, '2023-11-30': -0.94, '2023-12-31': -1.81, '2024-01-31': -5.01, '2024-02-29': 1.02, '2024-03-31': -0.94, '2024-04-30': -4.68, '2024-05-31': -4.44, '2024-06-30': 0.59, '2024-07-31': -1.46, '2024-08-31': 1.53, '2024-09-30': -1.95, '2024-10-31': -2.93, '2024-11-30': -1.37, '2024-12-31': -4.31, '2025-01-31': -3.81, '2025-02-28': -1.2, '2025-03-31': -3.16, '2025-04-30': 1.82, '2025-05-31': -2.82, '2025-06-30': -2.57, '2025-07-31': -5.76, '2025-08-31': -0.68, '2025-09-30': -1.33, '2025-10-31': 0.16, '2025-11-30': 0.21, '2025-12-31': -4.35}",7.976
S30f_Funding_Rate_Proxy_Cycle,ANKR_USDT_USDT,30m,-33.89,-9.86,-0.8404,-2.1355,-0.273,-36.12,351,0.7855,47.03,-9.6019,353,-0.1192,74.7932,84.5195,0.8849,6,9,5.8,-6.12,29.79,"{'2022-02-28': 0.84, '2022-03-31': -2.38, '2022-04-30': -1.85, '2022-05-31': -1.11, '2022-06-30': 2.17, '2022-07-31': -2.28, '2022-08-31': 3.22, '2022-09-30': -4.35, '2022-10-31': -2.37, '2022-11-30': 2.31, '2022-12-31': -3.2, '2023-01-31': 2.09, '2023-02-28': 1.71, '2023-03-31': -2.38, '2023-04-30': 0.85, '2023-05-31': 1.77, '2023-06-30': -0.98, '2023-07-31': -0.06, '2023-08-31': -2.44, '2023-09-30': -0.2, '2023-10-31': -0.15, '2023-11-30': 1.24, '2023-12-31': -0.43, '2024-01-31': -2.62, '2024-02-29': -1.12, '2024-03-31': -1.29, '2024-04-30': -5.41, '2024-05-31': -1.77, '2024-06-30': -0.75, '2024-07-31': -2.79, '2024-08-31': 0.09, '2024-09-30': -1.17, '2024-10-31': 0.07, '2024-11-30': 5.8, '2024-12-31': -1.34, '2025-01-31': -6.12, '2025-02-28': 2.46, '2025-03-31': -1.06, '2025-04-30': 2.23, '2025-05-31': -1.5, '2025-06-30': -4.15, '2025-07-31': -3.96, '2025-08-31': -0.11, '2025-09-30': -0.2, '2025-10-31': -1.98, '2025-11-30': -0.79, '2025-12-31': -2.99}",7.36
S30f_Funding_Rate_Proxy_Cycle,STX_USDT_USDT,30m,-43.96,-13.51,-1.2893,-3.1978,-0.2929,-46.12,271,0.719,44.79,-12.3838,355,-0.2102,70.7371,79.8136,0.8863,8,9,7.28,-9.22,36.17,"{'2022-02-28': -5.15, '2022-03-31': 0.49, '2022-04-30': -1.14, '2022-05-31': 6.09, '2022-06-30': -0.05, '2022-07-31': 0.25, '2022-08-31': 3.7, '2022-09-30': -1.18, '2022-10-31': -1.06, '2022-11-30': 1.11, '2022-12-31': 1.91, '2023-01-31': -4.25, '2023-02-28': -2.76, '2023-03-31': -9.22, '2023-04-30': -2.49, '2023-05-31': -6.88, '2023-06-30': 1.02, '2023-07-31': 0.99, '2023-08-31': -0.84, '2023-09-30': 1.44, '2023-10-31': 0.58, '2023-11-30': -0.59, '2023-12-31': 2.26, '2024-01-31': -0.27, '2024-02-29': -5.21, '2024-03-31': -1.07, '2024-04-30': -6.84, '2024-05-31': -4.16, '2024-06-30': -0.82, '2024-07-31': -1.37, '2024-08-31': -3.63, '2024-09-30': 0.68, '2024-10-31': -0.18, '2024-11-30': 0.92, '2024-12-31': -2.67, '2025-01-31': -3.42, '2025-02-28': -4.69, '2025-03-31': -5.43, '2025-04-30': 1.77, '2025-05-31': 7.28, '2025-06-30': -4.45, '2025-07-31': 1.76, '2025-08-31': -1.29, '2025-09-30': -1.04, '2025-10-31': 0.94, '2025-11-30': -0.09, '2025-12-31': -2.25}",7.402
S30f_Funding_Rate_Proxy_Cycle,EGLD_USDT_USDT,30m,-59.78,-20.4,-2.1596,-5.7615,-0.3357,-60.77,335,0.5823,39.35,-17.6871,338,-0.2941,62.6648,69.8178,0.8975,6,25,3.57,-13.01,25.53,"{'2022-02-28': -3.42, '2022-03-31': -4.68, '2022-04-30': -3.11, '2022-05-31': -1.2, '2022-06-30': 3.28, '2022-07-31': -3.66, '2022-08-31': 0.61, '2022-09-30': 0.08, '2022-10-31': -2.02, '2022-11-30': 0.7, '2022-12-31': 0.92, '2023-01-31': -3.71, '2023-02-28': -2.54, '2023-03-31': -2.17, '2023-04-30': -1.75, '2023-05-31': 1.85, '2023-06-30': -1.94, '2023-07-31': -0.31, '2023-08-31': -1.02, '2023-09-30': -1.87, '2023-10-31': -0.16, '2023-11-30': -0.08, '2023-12-31': -0.79, '2024-01-31': -1.72, '2024-02-29': -0.22, '2024-03-31': -1.03, '2024-04-30': -3.44, '2024-05-31': -9.93, '2024-06-30': 0.4, '2024-07-31': -4.26, '2024-08-31': 0.84, '2024-09-30': 0.43, '2024-10-31': -2.82, '2024-11-30': -0.59, '2024-12-31': -0.55, '2025-01-31': -4.22, '2025-02-28': 3.57, '2025-03-31': -5.98, '2025-04-30': 0.87, '2025-05-31': -3.67, '2025-06-30': -1.23, '2025-07-31': -4.28, '2025-08-31': -13.01, '2025-09-30': -4.36, '2025-10-31': 0.53, '2025-11-30': -2.62, '2025-12-31': -3.82}",7.047
S30f_Funding_Rate_Proxy_Cycle,MINA_USDT_USDT,30m,-42.3,-13.69,-0.8093,-2.0195,-0.2989,-45.8,273,0.6625,42.81,-15.2162,278,-0.1435,69.7735,78.8248,0.8852,6,9,4.74,-7.78,27.27,"{'2022-05-31': 0.09, '2022-06-30': -0.12, '2022-07-31': 2.91, '2022-08-31': -4.29, '2022-09-30': -4.26, '2022-10-31': -0.95, '2022-11-30': -0.15, '2022-12-31': 0.74, '2023-01-31': -0.86, '2023-02-28': -1.06, '2023-03-31': -0.03, '2023-04-30': -0.32, '2023-05-31': 1.63, '2023-06-30': -3.34, '2023-07-31': -3.87, '2023-08-31': -1.39, '2023-09-30': -0.73, '2023-10-31': -0.03, '2023-11-30': 2.2, '2023-12-31': -3.16, '2024-01-31': -1.2, '2024-02-29': -0.09, '2024-03-31': 0.74, '2024-04-30': -7.16, '2024-05-31': 1.96, '2024-06-30': -0.73, '2024-07-31': -6.23, '2024-08-31': -2.47, '2024-09-30': -2.29, '2024-10-31': -1.05, '2024-11-30': 1.86, '2024-12-31': -0.01, '2025-01-31': -7.78, '2025-02-28': 1.59, '2025-03-31': -0.89, '2025-04-30': 1.89, '2025-05-31': -2.5, '2025-06-30': -0.88, '2025-07-31': -3.93, '2025-08-31': -3.99, '2025-09-30': 0.15, '2025-10-31': -4.18, '2025-11-30': 4.74, '2025-12-31': -1.3}",6.204
S30f_Funding_Rate_Proxy_Cycle,ZEN_USDT_USDT,30m,-59.66,-20.37,-1.6709,-4.3462,-0.3289,-61.93,361,0.6004,39.78,-16.4803,362,-0.2847,62.2591,68.4916,0.909,7,7,4.55,-5.93,21.28,"{'2022-02-28': -0.42, '2022-03-31': -2.34, '2022-04-30': -0.92, '2022-05-31': 1.06, '2022-06-30': 0.05, '2022-07-31': -5.72, '2022-08-31': -3.55, '2022-09-30': -1.26, '2022-10-31': -2.98, '2022-11-30': -3.77, '2022-12-31': -3.03, '2023-01-31': -4.3, '2023-02-28': -4.37, '2023-03-31': 1.46, '2023-04-30': -1.12, '2023-05-31': 1.14, '2023-06-30': -3.25, '2023-07-31': -5.45, '2023-08-31': -1.16, '2023-09-30': -0.66, '2023-10-31': -1.4, '2023-11-30': 2.87, '2023-12-31': 0.63, '2024-01-31': -1.0, '2024-02-29': -2.21, '2024-03-31': -4.37, '2024-04-30': -5.38, '2024-05-31': -3.43, '2024-06-30': 4.18, '2024-07-31': -0.73, '2024-08-31': 1.76, '2024-09-30': -0.34, '2024-10-31': -2.57, '2024-11-30': -3.35, '2024-12-31': -2.02, '2025-01-31': -4.31, '2025-02-28': -4.28, '2025-03-31': -3.49, '2025-04-30': 2.97, '2025-05-31': -4.53, '2025-06-30': -5.93, '2025-07-31': -2.47, '2025-08-31': -2.67, '2025-09-30': -2.92, '2025-10-31': -1.98, '2025-11-30': 4.55, '2025-12-31': -0.63}",7.547
S30f_Funding_Rate_Proxy_Cycle,ALICE_USDT_USDT,30m,-51.81,-16.74,-1.4317,-4.1296,-0.3066,-54.6,333,0.6373,41.92,-15.512,334,-0.2593,65.0116,73.6218,0.883,4,9,3.2,-8.45,29.79,"{'2022-02-28': -8.45, '2022-03-31': -1.24, '2022-04-30': 0.81, '2022-05-31': 1.15, '2022-06-30': 0.05, '2022-07-31': -4.4, '2022-08-31': -4.56, '2022-09-30': -2.18, '2022-10-31': -3.2, '2022-11-30': 1.4, '2022-12-31': -0.07, '2023-01-31': -3.25, '2023-02-28': -3.49, '2023-03-31': -1.38, '2023-04-30': -2.02, '2023-05-31': 3.18, '2023-06-30': -4.19, '2023-07-31': -1.15, '2023-08-31': 0.01, '2023-09-30': -2.28, '2023-10-31': 2.0, '2023-11-30': 2.72, '2023-12-31': -0.16, '2024-01-31': -1.31, '2024-02-29': -2.6, '2024-03-31': -0.01, '2024-04-30': -2.5, '2024-05-31': -5.3, '2024-06-30': -2.11, '2024-07-31': -2.48, '2024-08-31': -0.29, '2024-09-30': -2.39, '2024-10-31': -0.68, '2024-11-30': 1.74, '2024-12-31': -2.22, '2025-01-31': -6.55, '2025-02-28': 0.22, '2025-03-31': -1.89, '2025-04-30': 0.29, '2025-05-31': -6.64, '2025-06-30': -2.35, '2025-07-31': -2.25, '2025-08-31': -2.49, '2025-09-30': 0.27, '2025-10-31': 3.2, '2025-11-30': 2.2, '2025-12-31': -1.46}",6.964
S30f_Funding_Rate_Proxy_Cycle,JST_USDT_USDT,30m,-36.29,-11.07,-0.8981,-1.683,-0.2873,-38.53,397,0.7269,50.57,-8.3427,435,-0.0798,43.9073,61.8078,0.7104,9,7,4.92,-5.81,30.43,"{'2022-03-31': 3.58, '2022-04-30': -2.51, '2022-05-31': -3.3, '2022-06-30': 4.92, '2022-07-31': -0.27, '2022-08-31': -2.7, '2022-09-30': -2.7, '2022-10-31': -0.01, '2022-11-30': -0.64, '2022-12-31': -1.02, '2023-01-31': -2.02, '2023-02-28': 0.26, '2023-03-31': -1.72, '2023-04-30': 1.63, '2023-05-31': 0.88, '2023-06-30': -3.87, '2023-07-31': 0.76, '2023-08-31': 0.81, '2023-09-30': -0.14, '2023-10-31': -2.22, '2023-11-30': 3.51, '2023-12-31': -1.57, '2024-01-31': -0.53, '2024-02-29': -1.03, '2024-03-31': -5.81, '2024-04-30': -1.78, '2024-05-31': -1.55, '2024-06-30': 0.07, '2024-07-31': -3.65, '2024-08-31': -4.06, '2024-09-30': -1.17, '2024-10-31': -2.28, '2024-11-30': 3.11, '2024-12-31': 0.48, '2025-01-31': -3.19, '2025-02-28': 0.46, '2025-03-31': -0.3, '2025-04-30': 2.45, '2025-05-31': -0.48, '2025-06-30': -1.77, '2025-07-31': 0.5, '2025-08-31': -0.99, '2025-09-30': -2.6, '2025-10-31': -2.44, '2025-11-30': -4.0, '2025-12-31': -3.71}",9.424
S30f_Funding_Rate_Proxy_Cycle,SUN_USDT_USDT,30m,-54.44,-18.48,-2.1889,-3.3333,-0.3239,-57.05,317,0.5453,41.19,-15.4658,352,-0.2621,45.028,57.8406,0.7785,6,9,6.34,-8.54,17.39,"{'2022-03-31': -0.27, '2022-04-30': 1.26, '2022-05-31': -1.02, '2022-06-30': 6.34, '2022-07-31': -1.04, '2022-08-31': -2.4, '2022-09-30': -3.18, '2022-10-31': -1.3, '2022-11-30': -0.61, '2022-12-31': -1.97, '2023-01-31': -0.48, '2023-02-28': -1.92, '2023-03-31': 0.96, '2023-04-30': 0.79, '2023-05-31': -1.11, '2023-06-30': -2.62, '2023-07-31': -2.73, '2023-08-31': -1.81, '2023-09-30': -1.56, '2023-10-31': -0.48, '2023-11-30': -2.19, '2023-12-31': -2.04, '2024-01-31': -4.76, '2024-02-29': -2.58, '2024-03-31': 1.76, '2024-04-30': -6.34, '2024-05-31': -1.84, '2024-06-30': 0.11, '2024-07-31': -2.89, '2024-08-31': -8.54, '2024-09-30': -1.0, '2024-10-31': -3.18, '2024-11-30': -0.22, '2024-12-31': -0.65, '2025-01-31': -0.96, '2025-02-28': -3.19, '2025-03-31': 0.38, '2025-04-30': -0.11, '2025-05-31': -0.33, '2025-06-30': 0.04, '2025-07-31': -2.43, '2025-08-31': -3.44, '2025-09-30': -3.18, '2025-10-31': -4.5, '2025-11-30': -4.36, '2025-12-31': -4.02}",7.626
S30f_Funding_Rate_Proxy_Cycle,ONT_USDT_USDT,30m,-52.85,-19.03,-1.6176,-4.288,-0.3458,-55.03,345,0.6096,41.6,-15.0558,351,-0.1952,56.5103,66.0249,0.8559,7,11,4.77,-7.14,23.81,"{'2022-07-31': -3.19, '2022-08-31': -2.91, '2022-09-30': -0.64, '2022-10-31': -4.44, '2022-11-30': 1.83, '2022-12-31': -0.33, '2023-01-31': -1.72, '2023-02-28': -1.67, '2023-03-31': -3.33, '2023-04-30': -6.15, '2023-05-31': -2.94, '2023-06-30': -2.18, '2023-07-31': 2.09, '2023-08-31': -1.88, '2023-09-30': -3.5, '2023-10-31': -1.72, '2023-11-30': 4.77, '2023-12-31': -2.16, '2024-01-31': -4.23, '2024-02-29': 0.03, '2024-03-31': 0.74, '2024-04-30': 2.45, '2024-05-31': -1.27, '2024-06-30': -3.07, '2024-07-31': -5.7, '2024-08-31': -1.87, '2024-09-30': -0.05, '2024-10-31': -7.14, '2024-11-30': -4.3, '2024-12-31': 0.87, '2025-01-31': -2.15, '2025-02-28': -1.06, '2025-03-31': -3.24, '2025-04-30': 1.19, '2025-05-31': -1.7, '2025-06-30': -3.69, '2025-07-31': -4.31, '2025-08-31': -2.49, '2025-09-30': 1.45, '2025-10-31': -4.78, '2025-11-30': 1.92, '2025-12-31': -1.6}",8.194
S30f_Funding_Rate_Proxy_Cycle,AGLD_USDT_USDT,30m,-56.98,-20.45,-1.5559,-3.2859,-0.3331,-61.4,310,0.6531,40.45,-16.0064,356,-0.2817,74.5116,77.4904,0.9616,7,10,7.67,-6.4,22.73,"{'2022-05-31': 2.19, '2022-06-30': 0.25, '2022-07-31': 0.01, '2022-08-31': 2.99, '2022-09-30': -0.78, '2022-10-31': 0.97, '2022-11-30': -1.5, '2022-12-31': 1.73, '2023-01-31': -4.01, '2023-02-28': -2.11, '2023-03-31': -2.32, '2023-04-30': -5.47, '2023-05-31': -2.43, '2023-06-30': -2.7, '2023-07-31': -5.29, '2023-08-31': -1.26, '2023-09-30': -1.05, '2023-10-31': -3.22, '2023-11-30': -0.04, '2023-12-31': -0.58, '2024-01-31': -5.31, '2024-02-29': -2.61, '2024-03-31': -2.33, '2024-04-30': -5.29, '2024-05-31': -5.46, '2024-06-30': -1.83, '2024-07-31': -2.94, '2024-08-31': -4.63, '2024-09-30': -0.73, '2024-10-31': -1.75, '2024-11-30': -0.08, '2024-12-31': 0.1, '2025-01-31': -6.4, '2025-02-28': 4.07, '2025-03-31': -3.57, '2025-04-30': 7.67, '2025-05-31': 1.73, '2025-06-30': -4.29, '2025-07-31': -4.23, '2025-08-31': -6.13, '2025-09-30': -2.91, '2025-10-31': -5.82, '2025-11-30': -1.11, '2025-12-31': -6.15}",8.033
